﻿"플레이스보고서(2024.12.01.~2024.12.31.),spogym04:naver"
"캠페인유형",캠페인,광고그룹,PC/모바일 매체,검색어,노출수,클릭수,"평균클릭비용(VAT포함,원)","총비용(VAT포함,원)",평균노출순위
"파워링크",헬스,mo 1위,모바일,24시여의도헬스장,2,0,0,0,1
"파워링크",헬스,mo 1위,모바일,GX헬스여의도,1,0,0,0,1
"파워링크",헬스,mo 1위,모바일,IFC피트니스,2,0,0,0,2.5
"파워링크",헬스,mo 1위,모바일,IFC휘트니스,1,0,0,0,2
"파워링크",헬스,mo 1위,모바일,그룹PT여의도,3,0,0,0,2
"파워링크",헬스,mo 1위,모바일,금호리첸시아여의도휘트니스,1,0,0,0,1
"파워링크",헬스,mo 1위,모바일,대방동헬스장,82,0,0,0,3.2
"파워링크",헬스,mo 1위,모바일,대방동휘트니스,1,0,0,0,3
"파워링크",헬스,mo 1위,모바일,대방역헬스장,27,1,"2,079","2,079",3.7
"파워링크",헬스,mo 1위,모바일,대치동스포짐GX시간표,1,0,0,0,1
"파워링크",헬스,mo 1위,모바일,선유도역헬스,37,0,0,0,3.2
"파워링크",헬스,mo 1위,모바일,스포짐,"3,674",54,672,"36,300",1
"파워링크",헬스,mo 1위,모바일,스포짐.트레이너,1,0,0,0,3
"파워링크",헬스,mo 1위,모바일,스포짐PT결제,1,0,0,0,1
"파워링크",헬스,mo 1위,모바일,스포짐PT비용,1,0,0,0,1
"파워링크",헬스,mo 1위,모바일,스포짐PT회당,1,0,0,0,1
"파워링크",헬스,mo 1위,모바일,스포짐대치GX,1,0,0,0,1
"파워링크",헬스,mo 1위,모바일,스포짐서울,1,0,0,0,3
"파워링크",헬스,mo 1위,모바일,스포짐여의도,189,0,0,0,1.3
"파워링크",헬스,mo 1위,모바일,스포짐여의도점휴일,1,0,0,0,1
"파워링크",헬스,mo 1위,모바일,스포짐여의도회원권,1,1,77,77,1
"파워링크",헬스,mo 1위,모바일,스포짐영업시간,1,1,77,77,1
"파워링크",헬스,mo 1위,모바일,스포짐예약,1,0,0,0,2
"파워링크",헬스,mo 1위,모바일,스포짐용산천국의계단,1,0,0,0,2
"파워링크",헬스,mo 1위,모바일,스포짐트레이너,1,0,0,0,1
"파워링크",헬스,mo 1위,모바일,스포짐헬스사우나,1,0,0,0,1
"파워링크",헬스,mo 1위,모바일,스포짐휘트니스GX,1,0,0,0,3
"파워링크",헬스,mo 1위,모바일,스포짐휘트니스사우나,1,0,0,0,2
"파워링크",헬스,mo 1위,모바일,신길동피트니스,4,0,0,0,3
"파워링크",헬스,mo 1위,모바일,신길동헬스장,256,2,"5,775","11,550",2.9
"파워링크",헬스,mo 1위,모바일,신길동휘트니스,7,0,0,0,2.7
"파워링크",헬스,mo 1위,모바일,여의도.피트니스,2,0,0,0,2
"파워링크",헬스,mo 1위,모바일,여의도1일헬스,1,0,0,0,1
"파워링크",헬스,mo 1위,모바일,여의도1회휘트니스,1,0,0,0,3
"파워링크",헬스,mo 1위,모바일,여의도3대1필라테스,1,0,0,0,1
"파워링크",헬스,mo 1위,모바일,여의도GYM,4,1,220,220,2.5
"파워링크",헬스,mo 1위,모바일,여의도PT,242,2,"15,147","30,294",3.7
"파워링크",헬스,mo 1위,모바일,여의도PT빌딩,1,0,0,0,1
"파워링크",헬스,mo 1위,모바일,여의도골프와헬스,1,1,363,363,2
"파워링크",헬스,mo 1위,모바일,여의도금호리첸시아스포짐,1,0,0,0,1
"파워링크",헬스,mo 1위,모바일,여의도리첸시아스포짐,2,0,0,0,1
"파워링크",헬스,mo 1위,모바일,여의도리첸시아피트니스,1,1,77,77,1
"파워링크",헬스,mo 1위,모바일,여의도뷰헬스장,2,0,0,0,3
"파워링크",헬스,mo 1위,모바일,여의도사우나있는헬스,1,1,132,132,1
"파워링크",헬스,mo 1위,모바일,여의도사우나헬스장,2,0,0,0,1.5
"파워링크",헬스,mo 1위,모바일,여의도서울의달주차장,1,0,0,0,1
"파워링크",헬스,mo 1위,모바일,여의도스포짐,127,0,0,0,1.3
"파워링크",헬스,mo 1위,모바일,여의도스포짐.줌바,1,0,0,0,1
"파워링크",헬스,mo 1위,모바일,여의도스포짐1일권,1,1,77,77,1
"파워링크",헬스,mo 1위,모바일,여의도스포짐1회권,1,0,0,0,1
"파워링크",헬스,mo 1위,모바일,여의도스포짐GX,1,0,0,0,1
"파워링크",헬스,mo 1위,모바일,여의도스포짐운영,1,1,77,77,1
"파워링크",헬스,mo 1위,모바일,여의도스포짐줌바,1,0,0,0,1
"파워링크",헬스,mo 1위,모바일,여의도아일렉스PT,1,0,0,0,1
"파워링크",헬스,mo 1위,모바일,여의도역3번4번출구헬스,1,0,0,0,3
"파워링크",헬스,mo 1위,모바일,여의도역PT,5,0,0,0,2.6
"파워링크",헬스,mo 1위,모바일,여의도역스포짐,1,0,0,0,1
"파워링크",헬스,mo 1위,모바일,여의도역피트니스,2,1,"7,183","7,183",2
"파워링크",헬스,mo 1위,모바일,여의도역헬스,24,5,"5,223","26,114",1.5
"파워링크",헬스,mo 1위,모바일,여의도역헬스장,98,8,"7,094","56,749",2.5
"파워링크",헬스,mo 1위,모바일,여의도역휘트니스,2,0,0,0,2
"파워링크",헬스,mo 1위,모바일,여의도줌바,34,0,0,0,1
"파워링크",헬스,mo 1위,모바일,여의도짐,49,0,0,0,1.8
"파워링크",헬스,mo 1위,모바일,여의도피트니스,35,3,"5,819","17,457",3.7
"파워링크",헬스,mo 1위,모바일,여의도피트니스센터,6,0,0,0,2.8
"파워링크",헬스,mo 1위,모바일,여의도피티,70,1,"13,992","13,992",1.9
"파워링크",헬스,mo 1위,모바일,여의도피티샵,3,0,0,0,2.7
"파워링크",헬스,mo 1위,모바일,여의도필라테스헬스,1,1,110,110,2
"파워링크",헬스,mo 1위,모바일,여의도헬스,338,11,"13,659","150,249",1.6
"파워링크",헬스,mo 1위,모바일,여의도헬스1일권,2,0,0,0,1.5
"파워링크",헬스,mo 1위,모바일,여의도헬스GX,1,1,319,319,1
"파워링크",헬스,mo 1위,모바일,여의도헬스골프,1,0,0,0,3
"파워링크",헬스,mo 1위,모바일,여의도헬스사우나,4,0,0,0,1
"파워링크",헬스,mo 1위,모바일,여의도헬스사우나골프,1,0,0,0,1
"파워링크",헬스,mo 1위,모바일,여의도헬스예약,1,0,0,0,2
"파워링크",헬스,mo 1위,모바일,여의도헬스일일권,5,1,121,121,1
"파워링크",헬스,mo 1위,모바일,여의도헬스장,"1,883",54,"11,461","618,882",2.3
"파워링크",헬스,mo 1위,모바일,여의도헬스장1일권,4,1,77,77,1
"파워링크",헬스,mo 1위,모바일,여의도헬스장24시간,1,0,0,0,2
"파워링크",헬스,mo 1위,모바일,여의도헬스장사우나,3,1,154,154,1.3
"파워링크",헬스,mo 1위,모바일,여의도헬스장시간,1,0,0,0,2
"파워링크",헬스,mo 1위,모바일,여의도헬스장일일,1,0,0,0,1
"파워링크",헬스,mo 1위,모바일,여의도헬스장일일권,12,0,0,0,1.1
"파워링크",헬스,mo 1위,모바일,여의도헬스장주차,1,0,0,0,2
"파워링크",헬스,mo 1위,모바일,여의도헬스장줌바,1,0,0,0,1
"파워링크",헬스,mo 1위,모바일,여의도헬스천국의계단,1,0,0,0,2
"파워링크",헬스,mo 1위,모바일,여의도헬스천국의계단보유,1,0,0,0,1
"파워링크",헬스,mo 1위,모바일,여의도휘트니스,31,1,"4,994","4,994",2.2
"파워링크",헬스,mo 1위,모바일,여의도휘트니스호텔,1,0,0,0,1
"파워링크",헬스,mo 1위,모바일,영등포구스포짐헬스,2,1,77,77,1
"파워링크",헬스,mo 1위,모바일,영등포사우나좋은헬스장,1,0,0,0,1
"파워링크",헬스,mo 1위,모바일,영등포헬스장.일일권,1,0,0,0,1
"파워링크",헬스,mo 1위,모바일,영등포헬스장그룹PT,1,0,0,0,1
"파워링크",헬스,mo 1위,모바일,이마트스포짐,3,0,0,0,2
"파워링크",헬스,mo 1위,모바일,줌바여의도,3,0,0,0,1
"파워링크",헬스,mo 1위,모바일,피트니스1일권영등포,1,0,0,0,1
"파워링크",헬스,mo 1위,모바일,헬스네비휘트니스여의도,1,0,0,0,1
"파워링크",헬스,mo 1위,모바일,헬스장1일권여의도,1,0,0,0,1
"파워링크",헬스,mo 1위,모바일,헬스장여의도,2,0,0,0,2.5
"파워링크",헬스,mo 1위,모바일,호텔피트니스회원권여의도,1,0,0,0,2
"파워링크",헬스,pc2위,PC,IFC휘트니스,1,0,0,0,2
"파워링크",헬스,pc2위,PC,구산스포짐,1,0,0,0,3
"파워링크",헬스,pc2위,PC,그룹PT여의도,1,0,0,0,1
"파워링크",헬스,pc2위,PC,대방동피트니스,1,0,0,0,2
"파워링크",헬스,pc2위,PC,대방동헬스장,90,1,"3,058","3,058",1.5
"파워링크",헬스,pc2위,PC,대방역헬스장,47,0,0,0,3.8
"파워링크",헬스,pc2위,PC,선유도역헬스,31,0,0,0,1.8
"파워링크",헬스,pc2위,PC,스포짐,"5,479",4,644,"2,574",1.2
"파워링크",헬스,pc2위,PC,스포짐그룹PT,2,0,0,0,1
"파워링크",헬스,pc2위,PC,스포짐대치GX,1,0,0,0,1
"파워링크",헬스,pc2위,PC,스포짐여의도,21,0,0,0,1.2
"파워링크",헬스,pc2위,PC,스포짐여의도점운영시간,1,0,0,0,1
"파워링크",헬스,pc2위,PC,스포짐일일헬스,1,0,0,0,1
"파워링크",헬스,pc2위,PC,스포짐헬스골프,1,0,0,0,2
"파워링크",헬스,pc2위,PC,스포짐휘트니스사우나,2,0,0,0,3
"파워링크",헬스,pc2위,PC,신길동피트니스,2,0,0,0,1.5
"파워링크",헬스,pc2위,PC,신길동헬스장,153,1,"5,005","5,005",2.6
"파워링크",헬스,pc2위,PC,신길동휘트니스,3,0,0,0,1.7
"파워링크",헬스,pc2위,PC,여의도.PT,1,0,0,0,1
"파워링크",헬스,pc2위,PC,여의도FITNESS,1,0,0,0,1
"파워링크",헬스,pc2위,PC,여의도GYM,2,0,0,0,3
"파워링크",헬스,pc2위,PC,여의도PT,335,1,"13,695","13,695",3.7
"파워링크",헬스,pc2위,PC,여의도PT빌딩,1,0,0,0,2
"파워링크",헬스,pc2위,PC,여의도골프헬스,1,0,0,0,3
"파워링크",헬스,pc2위,PC,여의도리첸시아스포짐,1,0,0,0,1
"파워링크",헬스,pc2위,PC,여의도리첸시아휘트니스,1,0,0,0,1
"파워링크",헬스,pc2위,PC,여의도뷰헬스장,1,0,0,0,2
"파워링크",헬스,pc2위,PC,여의도스포짐,24,1,77,77,1.1
"파워링크",헬스,pc2위,PC,여의도역PT,6,0,0,0,2.7
"파워링크",헬스,pc2위,PC,여의도역피트니스,1,0,0,0,1
"파워링크",헬스,pc2위,PC,여의도역피트니스센터,1,0,0,0,1
"파워링크",헬스,pc2위,PC,여의도역헬스,10,0,0,0,1.1
"파워링크",헬스,pc2위,PC,여의도역헬스장,40,1,"3,784","3,784",1.9
"파워링크",헬스,pc2위,PC,여의도역휘트니스,1,0,0,0,1
"파워링크",헬스,pc2위,PC,여의도재활운동PT,1,0,0,0,2
"파워링크",헬스,pc2위,PC,여의도줌바,6,0,0,0,1
"파워링크",헬스,pc2위,PC,여의도짐,4,0,0,0,2.5
"파워링크",헬스,pc2위,PC,여의도피트니스,23,1,"4,312","4,312",5.5
"파워링크",헬스,pc2위,PC,여의도피트니스머신,1,0,0,0,2
"파워링크",헬스,pc2위,PC,여의도피트니스센터,1,0,0,0,2
"파워링크",헬스,pc2위,PC,여의도피티,57,0,0,0,2.2
"파워링크",헬스,pc2위,PC,여의도필라테스헬스,2,0,0,0,1.5
"파워링크",헬스,pc2위,PC,여의도헬스,226,4,"12,570","50,281",4
"파워링크",헬스,pc2위,PC,여의도헬스1회권가격,1,0,0,0,1
"파워링크",헬스,pc2위,PC,여의도헬스1회체험권,1,0,0,0,1
"파워링크",헬스,pc2위,PC,여의도헬스골프,4,0,0,0,2.5
"파워링크",헬스,pc2위,PC,여의도헬스일일권,2,0,0,0,1
"파워링크",헬스,pc2위,PC,여의도헬스장,"1,195",7,"12,141","84,986",2.9
"파워링크",헬스,pc2위,PC,여의도헬스장.,1,0,0,0,2
"파워링크",헬스,pc2위,PC,여의도헬스장24시간,1,0,0,0,2
"파워링크",헬스,pc2위,PC,여의도헬스장GX,1,0,0,0,1
"파워링크",헬스,pc2위,PC,여의도헬스장사우나,1,0,0,0,1
"파워링크",헬스,pc2위,PC,여의도헬스장사우나함께,1,0,0,0,1
"파워링크",헬스,pc2위,PC,여의도헬스장일일권,4,0,0,0,1
"파워링크",헬스,pc2위,PC,여의도헬스장하루권,1,0,0,0,1
"파워링크",헬스,pc2위,PC,여의도헬스필라테스,1,0,0,0,2
"파워링크",헬스,pc2위,PC,여의도휘트니스,19,0,0,0,4
"파워링크",헬스,pc2위,PC,여의도휘트니스일일권,1,0,0,0,1
"파워링크",헬스,pc2위,PC,영등포구사우나있는헬스장,1,0,0,0,1
"파워링크",헬스,pc2위,PC,영등포헬스장있는찜질방,1,0,0,0,1
"파워링크",헬스,pc2위,PC,이마트스포짐,2,0,0,0,3
"파워링크",헬스,pc2위,PC,줌바여의도,1,1,209,209,1
"파워링크",헬스,pc2위,PC,헬스장스포짐,1,0,0,0,3
"파워링크",필라테스,mo 2위,모바일,1:1필라테스여의도,1,0,0,0,3
"파워링크",필라테스,mo 2위,모바일,기구필라테스여의도,1,0,0,0,1
"파워링크",필라테스,mo 2위,모바일,대방역필라테스,287,0,0,0,2.3
"파워링크",필라테스,mo 2위,모바일,샛강3번출구,1,0,0,0,1
"파워링크",필라테스,mo 2위,모바일,샛강여의도,17,0,0,0,1.4
"파워링크",필라테스,mo 2위,모바일,샛강여의도거리,1,0,0,0,2
"파워링크",필라테스,mo 2위,모바일,샛강역1번출구,1,0,0,0,1
"파워링크",필라테스,mo 2위,모바일,샛강역3번출구,45,0,0,0,1
"파워링크",필라테스,mo 2위,모바일,샛강역3출구,1,0,0,0,1
"파워링크",필라테스,mo 2위,모바일,샛강역GYM,2,0,0,0,1
"파워링크",필라테스,mo 2위,모바일,샛강역여의도4주차장,1,0,0,0,1
"파워링크",필라테스,mo 2위,모바일,샛강역여의도방향출구,1,0,0,0,1
"파워링크",필라테스,mo 2위,모바일,샛강역여의도출구,1,0,0,0,2
"파워링크",필라테스,mo 2위,모바일,샛강역출구,42,0,0,0,1
"파워링크",필라테스,mo 2위,모바일,샛강역필라테스,23,0,0,0,2.3
"파워링크",필라테스,mo 2위,모바일,스포짐GX요가,1,0,0,0,1
"파워링크",필라테스,mo 2위,모바일,스포짐광화문점PT예약스포짐광화문점PT예약,1,0,0,0,2
"파워링크",필라테스,mo 2위,모바일,스포짐용산점그룹필라테스,1,0,0,0,3
"파워링크",필라테스,mo 2위,모바일,스포짐필라테스,33,0,0,0,1.7
"파워링크",필라테스,mo 2위,모바일,스포짐필라테스1:1,1,0,0,0,1
"파워링크",필라테스,mo 2위,모바일,스포짐필라테스가격,3,0,0,0,1.7
"파워링크",필라테스,mo 2위,모바일,스포짐필라테스시간표,1,0,0,0,1
"파워링크",필라테스,mo 2위,모바일,여의도.리첸시아,1,0,0,0,2
"파워링크",필라테스,mo 2위,모바일,여의도.샛강,2,0,0,0,2
"파워링크",필라테스,mo 2위,모바일,여의도3번출구필라테스,1,0,0,0,1
"파워링크",필라테스,mo 2위,모바일,여의도객실안헬스장,1,0,0,0,2
"파워링크",필라테스,mo 2위,모바일,여의도기구필라테스,10,0,0,0,2.2
"파워링크",필라테스,mo 2위,모바일,여의도다이어트.,1,0,0,0,2
"파워링크",필라테스,mo 2위,모바일,여의도리첸시아필라테스,2,0,0,0,1
"파워링크",필라테스,mo 2위,모바일,여의도리첸시아헬스장,2,0,0,0,1
"파워링크",필라테스,mo 2위,모바일,여의도머신좋은피트니스,2,0,0,0,1
"파워링크",필라테스,mo 2위,모바일,여의도모두의주차휴일이용권,1,0,0,0,1
"파워링크",필라테스,mo 2위,모바일,여의도바빌론필라테스,1,0,0,0,3
"파워링크",필라테스,mo 2위,모바일,여의도바빌론필라테스후기,2,0,0,0,3
"파워링크",필라테스,mo 2위,모바일,여의도백반집밥샛강역금호리첸시아,1,0,0,0,1
"파워링크",필라테스,mo 2위,모바일,여의도상가필라테스,1,0,0,0,1
"파워링크",필라테스,mo 2위,모바일,여의도샛강PT,1,0,0,0,2
"파워링크",필라테스,mo 2위,모바일,여의도샛강뷰,1,0,0,0,1
"파워링크",필라테스,mo 2위,모바일,여의도샛강역1번출구,3,0,0,0,1
"파워링크",필라테스,mo 2위,모바일,여의도샛강역3번출구,1,0,0,0,1
"파워링크",필라테스,mo 2위,모바일,여의도샛강역사우나,1,0,0,0,1
"파워링크",필라테스,mo 2위,모바일,여의도샛강역주차,1,0,0,0,1
"파워링크",필라테스,mo 2위,모바일,여의도샛강역주차장,1,0,0,0,1
"파워링크",필라테스,mo 2위,모바일,여의도샛강역줌바,1,0,0,0,1
"파워링크",필라테스,mo 2위,모바일,여의도샛강역헬스장,2,0,0,0,2
"파워링크",필라테스,mo 2위,모바일,여의도샛강지하상가,1,0,0,0,1
"파워링크",필라테스,mo 2위,모바일,여의도샛강헬스,1,0,0,0,1
"파워링크",필라테스,mo 2위,모바일,여의도샛강헬스장,1,0,0,0,2
"파워링크",필라테스,mo 2위,모바일,여의도성모병원장례식장샛강생태공원주차장,1,0,0,0,1
"파워링크",필라테스,mo 2위,모바일,여의도스포짐필라테스,1,0,0,0,1
"파워링크",필라테스,mo 2위,모바일,여의도시설좋은피트니스,1,0,0,0,1
"파워링크",필라테스,mo 2위,모바일,여의도역저렴한필라테스,1,0,0,0,2
"파워링크",필라테스,mo 2위,모바일,여의도역필라테스,246,0,0,0,3.8
"파워링크",필라테스,mo 2위,모바일,여의도요가,622,7,"6,481","45,364",3.7
"파워링크",필라테스,mo 2위,모바일,여의도요가천국의계단,1,0,0,0,1
"파워링크",필라테스,mo 2위,모바일,여의도운동,188,0,0,0,2.1
"파워링크",필라테스,mo 2위,모바일,여의도재활,11,0,0,0,2.8
"파워링크",필라테스,mo 2위,모바일,여의도재활운동,13,0,0,0,2
"파워링크",필라테스,mo 2위,모바일,여의도천국의계단헬스장,1,0,0,0,2
"파워링크",필라테스,mo 2위,모바일,여의도체형관리,6,0,0,0,2.7
"파워링크",필라테스,mo 2위,모바일,여의도체형운동,2,0,0,0,2.5
"파워링크",필라테스,mo 2위,모바일,여의도필라테스,"2,234",16,"6,815","109,032",3.9
"파워링크",필라테스,mo 2위,모바일,여의도필라테스.천국의.계단,1,0,0,0,1
"파워링크",필라테스,mo 2위,모바일,여의도필라테스GX,1,0,0,0,1
"파워링크",필라테스,mo 2위,모바일,여의도필라테스멤버십,1,0,0,0,2
"파워링크",필라테스,mo 2위,모바일,여의도필라테스상가,1,0,0,0,1
"파워링크",필라테스,mo 2위,모바일,여의도필라테스샤워,4,0,0,0,1.8
"파워링크",필라테스,mo 2위,모바일,여의도필라테스지도,1,0,0,0,1
"파워링크",필라테스,mo 2위,모바일,여의도헬스장샤워,1,0,0,0,2
"파워링크",필라테스,mo 2위,모바일,여의도헬스장좋은곳,1,0,0,0,2
"파워링크",필라테스,mo 2위,모바일,요가람여의도,11,0,0,0,1.5
"파워링크",필라테스,mo 2위,모바일,요가온샛강역,1,0,0,0,1
"파워링크",필라테스,mo 2위,모바일,테스여의도점,4,0,0,0,1
"파워링크",필라테스,mo 2위,모바일,한강필라테스,2,0,0,0,1.5
"파워링크",필라테스,pc2위,PC,대방역필라테스,22,0,0,0,2.6
"파워링크",필라테스,pc2위,PC,리첸시아여의도헬스장,1,0,0,0,1
"파워링크",필라테스,pc2위,PC,뷰좋은여의도헬스장,1,0,0,0,1
"파워링크",필라테스,pc2위,PC,샛강역3번출구에서,1,0,0,0,1
"파워링크",필라테스,pc2위,PC,샛강역여의도4주차장,1,0,0,0,1
"파워링크",필라테스,pc2위,PC,샛강역지하상가,2,0,0,0,1
"파워링크",필라테스,pc2위,PC,샛강역필라테스,10,0,0,0,3
"파워링크",필라테스,pc2위,PC,샛강역헬스장일일권,1,0,0,0,1
"파워링크",필라테스,pc2위,PC,스포짐필라테스,9,1,396,396,1.6
"파워링크",필라테스,pc2위,PC,스포짐필라테스가격,2,0,0,0,1
"파워링크",필라테스,pc2위,PC,여의도기구필라테스,7,0,0,0,2
"파워링크",필라테스,pc2위,PC,여의도리첸시아운동,1,0,0,0,1
"파워링크",필라테스,pc2위,PC,여의도리첸시아헬스장,3,1,77,77,1
"파워링크",필라테스,pc2위,PC,여의도머신좋은헬스장,1,0,0,0,3
"파워링크",필라테스,pc2위,PC,여의도샛강1주차장,2,0,0,0,1
"파워링크",필라테스,pc2위,PC,여의도샛강역가든,1,0,0,0,1
"파워링크",필라테스,pc2위,PC,여의도샛강역주차,1,0,0,0,1
"파워링크",필라테스,pc2위,PC,여의도샛강역주차장,2,0,0,0,1
"파워링크",필라테스,pc2위,PC,여의도샛강헬스장,1,0,0,0,2
"파워링크",필라테스,pc2위,PC,여의도성모병원앞샛강1공영주차장,1,0,0,0,1
"파워링크",필라테스,pc2위,PC,여의도스포짐필라테스,1,0,0,0,1
"파워링크",필라테스,pc2위,PC,여의도역기구좋은헬스장,1,0,0,0,2
"파워링크",필라테스,pc2위,PC,여의도역필라테스,75,0,0,0,5
"파워링크",필라테스,pc2위,PC,여의도요가,354,0,0,0,4.5
"파워링크",필라테스,pc2위,PC,여의도운동,60,0,0,0,4.3
"파워링크",필라테스,pc2위,PC,여의도운동인,1,0,0,0,3
"파워링크",필라테스,pc2위,PC,여의도재활,10,0,0,0,2.8
"파워링크",필라테스,pc2위,PC,여의도재활운동,5,0,0,0,2.4
"파워링크",필라테스,pc2위,PC,여의도체형관리,3,0,0,0,1.7
"파워링크",필라테스,pc2위,PC,여의도필라테스,"1,269",1,"13,596","13,596",6.1
"파워링크",필라테스,pc2위,PC,여의도필라테스바론짐PT필라테스여의도점127,1,0,0,0,1
"파워링크",필라테스,pc2위,PC,여의도필라테스새벽레슨도가능했어요!,1,0,0,0,2
"파워링크",필라테스,pc2위,PC,여의도헬스장뉴텍,1,0,0,0,1
"파워링크",필라테스,pc2위,PC,여의도헬스장오시는길,1,0,0,0,2
"파워링크",필라테스,pc2위,PC,요가람여의도,3,0,0,0,3
"파워링크",골프,mo 2위,모바일,%여의도,1,0,0,0,1
"파워링크",골프,mo 2위,모바일,GDR골프영등포,1,0,0,0,1
"파워링크",골프,mo 2위,모바일,GDR아카데미스포짐,1,0,0,0,1
"파워링크",골프,mo 2위,모바일,GDR아카데미여의도,2,0,0,0,1
"파워링크",골프,mo 2위,모바일,GDR여의도,2,0,0,0,1
"파워링크",골프,mo 2위,모바일,달리기레슨여의도,1,0,0,0,1
"파워링크",골프,mo 2위,모바일,당산동헬스장스포짐,1,0,0,0,1
"파워링크",골프,mo 2위,모바일,당산동헬스장스포짐영등포,133,2,77,154,1
"파워링크",골프,mo 2위,모바일,당산역GDR,2,0,0,0,2
"파워링크",골프,mo 2위,모바일,당산헬스장스포짐,2,0,0,0,1
"파워링크",골프,mo 2위,모바일,당산헬스장스포짐PT,2,0,0,0,1
"파워링크",골프,mo 2위,모바일,당산헬스장스포짐영등포,1,0,0,0,1
"파워링크",골프,mo 2위,모바일,당산헬스장스포짐예약,1,0,0,0,1
"파워링크",골프,mo 2위,모바일,당산헬스장스포짐전화,1,0,0,0,1
"파워링크",골프,mo 2위,모바일,대방동GDR,15,0,0,0,2
"파워링크",골프,mo 2위,모바일,대방동골프,17,0,0,0,1.9
"파워링크",골프,mo 2위,모바일,대방동골프아카데미,3,0,0,0,3
"파워링크",골프,mo 2위,모바일,대방동골프장,5,0,0,0,2
"파워링크",골프,mo 2위,모바일,대방동실내골프연습장,1,0,0,0,1
"파워링크",골프,mo 2위,모바일,리첸시아스포짐,1,0,0,0,1
"파워링크",골프,mo 2위,모바일,리첸시아스포짐골프,1,1,77,77,1
"파워링크",골프,mo 2위,모바일,리첸시아영등포,1,0,0,0,1
"파워링크",골프,mo 2위,모바일,마포골프아카데미,4,0,0,0,2.8
"파워링크",골프,mo 2위,모바일,마포스포짐,2,0,0,0,1
"파워링크",골프,mo 2위,모바일,마포실내골프,3,0,0,0,2
"파워링크",골프,mo 2위,모바일,문래GDR,33,0,0,0,2
"파워링크",골프,mo 2위,모바일,문래스포짐,4,0,0,0,1
"파워링크",골프,mo 2위,모바일,문래헬스장트레이너,2,0,0,0,1
"파워링크",골프,mo 2위,모바일,서울시영등포구여의동로213,2,0,0,0,1
"파워링크",골프,mo 2위,모바일,서울영등포구여의동로213여의도금호리첸시아,1,0,0,0,1
"파워링크",골프,mo 2위,모바일,스포짐,"1,200",23,628,"14,454",1
"파워링크",골프,mo 2위,모바일,스포짐GDR,9,1,198,198,1.2
"파워링크",골프,mo 2위,모바일,스포짐GDR아카데미,2,0,0,0,1
"파워링크",골프,mo 2위,모바일,스포짐골프,26,0,0,0,1.5
"파워링크",골프,mo 2위,모바일,스포짐다른헬스장,1,0,0,0,1
"파워링크",골프,mo 2위,모바일,스포짐당산점,2,0,0,0,1
"파워링크",골프,mo 2위,모바일,스포짐리첸시아,1,0,0,0,1
"파워링크",골프,mo 2위,모바일,스포짐마포,5,0,0,0,1
"파워링크",골프,mo 2위,모바일,스포짐마포점,1,0,0,0,2
"파워링크",골프,mo 2위,모바일,스포짐문래점,1,0,0,0,1
"파워링크",골프,mo 2위,모바일,스포짐양평점골프레슨,1,0,0,0,1
"파워링크",골프,mo 2위,모바일,스포짐여의도,17,0,0,0,1
"파워링크",골프,mo 2위,모바일,스포짐여의도가격,5,1,77,77,1
"파워링크",골프,mo 2위,모바일,스포짐여의도골프,2,0,0,0,1
"파워링크",골프,mo 2위,모바일,스포짐여의도점가격,1,0,0,0,1
"파워링크",골프,mo 2위,모바일,스포짐여의도점골프,2,1,77,77,1
"파워링크",골프,mo 2위,모바일,스포짐영등포,76,0,0,0,1.1
"파워링크",골프,mo 2위,모바일,스포짐영등포가격,1,0,0,0,1
"파워링크",골프,mo 2위,모바일,스포짐영등포구,4,0,0,0,1
"파워링크",골프,mo 2위,모바일,스포짐용산GDR,1,0,0,0,1
"파워링크",골프,mo 2위,모바일,스포짐용산골프아카데미,1,0,0,0,1
"파워링크",골프,mo 2위,모바일,스포짐키움골프,2,0,0,0,1
"파워링크",골프,mo 2위,모바일,스포짐트레이너,1,0,0,0,1
"파워링크",골프,mo 2위,모바일,스포짐헬스골프,2,0,0,0,3
"파워링크",골프,mo 2위,모바일,신길동GDR,2,0,0,0,1
"파워링크",골프,mo 2위,모바일,여의도#,1,0,0,0,1
"파워링크",골프,mo 2위,모바일,여의도.금호리첸시아,1,0,0,0,1
"파워링크",골프,mo 2위,모바일,여의도GDR,18,1,"2,431","2,431",1.8
"파워링크",골프,mo 2위,모바일,여의도GDR아카데미,1,1,143,143,1
"파워링크",골프,mo 2위,모바일,여의도GDR플러스,1,0,0,0,1
"파워링크",골프,mo 2위,모바일,여의도PT새로오픈,1,0,0,0,2
"파워링크",골프,mo 2위,모바일,여의도\,1,0,0,0,1
"파워링크",골프,mo 2위,모바일,여의도골프,827,10,"7,205","72,050",1.1
"파워링크",골프,mo 2위,모바일,여의도골프.,1,0,0,0,1
"파워링크",골프,mo 2위,모바일,여의도골프레슨,589,6,"6,298","37,785",2
"파워링크",골프,mo 2위,모바일,여의도골프연습장,266,5,"4,970","24,849",1
"파워링크",골프,mo 2위,모바일,여의도골프장,11,0,0,0,1.7
"파워링크",골프,mo 2위,모바일,여의도골프헬스,17,2,325,649,1
"파워링크",골프,mo 2위,모바일,여의도리첸시아스크린,1,0,0,0,1
"파워링크",골프,mo 2위,모바일,여의도먹지,1,0,0,0,1
"파워링크",골프,mo 2위,모바일,여의도메리어트GDR,1,0,0,0,1
"파워링크",골프,mo 2위,모바일,여의도소근육,1,0,0,0,1
"파워링크",골프,mo 2위,모바일,여의도스크린골프,486,0,0,0,1.9
"파워링크",골프,mo 2위,모바일,여의도스포짐,16,0,0,0,1
"파워링크",골프,mo 2위,모바일,여의도스포짐PT가격,2,0,0,0,1
"파워링크",골프,mo 2위,모바일,여의도스포짐가격,7,0,0,0,1
"파워링크",골프,mo 2위,모바일,여의도스포짐골프,3,0,0,0,1
"파워링크",골프,mo 2위,모바일,여의도스포짐골프레슨,1,0,0,0,1
"파워링크",골프,mo 2위,모바일,여의도스포짐락커,1,0,0,0,1
"파워링크",골프,mo 2위,모바일,여의도스포짐락커비용,1,0,0,0,1
"파워링크",골프,mo 2위,모바일,여의도실내골프연습장,9,0,0,0,2.8
"파워링크",골프,mo 2위,모바일,여의도여의도골프,4,0,0,0,1
"파워링크",골프,mo 2위,모바일,여의도역골프,11,0,0,0,3.4
"파워링크",골프,mo 2위,모바일,여의도영등포구,1,0,0,0,1
"파워링크",골프,mo 2위,모바일,여의도일일권헬스장,1,0,0,0,1
"파워링크",골프,mo 2위,모바일,여의도주변테니스레슨,2,0,0,0,1
"파워링크",골프,mo 2위,모바일,여의도피트니스헬스장,3,0,0,0,2
"파워링크",골프,mo 2위,모바일,여의도헬스+골프레슨,2,1,748,748,1
"파워링크",골프,mo 2위,모바일,여의도헬스골프,13,3,601,"1,804",1.8
"파워링크",골프,mo 2위,모바일,여의도헬스레슨+골프레슨,1,0,0,0,1
"파워링크",골프,mo 2위,모바일,여의도헬스와골프,1,0,0,0,1
"파워링크",골프,mo 2위,모바일,여의도헬스장리첸시아,1,1,77,77,1
"파워링크",골프,mo 2위,모바일,여의도헬스장머신,3,0,0,0,2
"파워링크",골프,mo 2위,모바일,여의도헬스장장,1,0,0,0,2
"파워링크",골프,mo 2위,모바일,여의도헬스장피트니스,1,0,0,0,2
"파워링크",골프,mo 2위,모바일,여의도헬스장회원권,1,0,0,0,1
"파워링크",골프,mo 2위,모바일,여의도헬스좋은습관,1,0,0,0,2
"파워링크",골프,mo 2위,모바일,영등포GDR,12,0,0,0,3.1
"파워링크",골프,mo 2위,모바일,영등포골프,81,0,0,0,2.2
"파워링크",골프,mo 2위,모바일,영등포골프레슨,107,1,"6,336","6,336",1.2
"파워링크",골프,mo 2위,모바일,영등포구리첸시아,1,0,0,0,1
"파워링크",골프,mo 2위,모바일,영등포구여의도금호리첸시아,1,0,0,0,1
"파워링크",골프,mo 2위,모바일,영등포구여의도동26헬스장,1,0,0,0,1
"파워링크",골프,mo 2위,모바일,영등포리첸시아,3,0,0,0,1
"파워링크",골프,mo 2위,모바일,영등포스포짐,59,0,0,0,1
"파워링크",골프,mo 2위,모바일,영등포스포짐가격,1,0,0,0,1
"파워링크",골프,mo 2위,모바일,영등포실내골프,1,0,0,0,2
"파워링크",골프,mo 2위,모바일,영등포여의도점,1,0,0,0,1
"파워링크",골프,mo 2위,모바일,헬스여의도골프,1,0,0,0,1
"파워링크",골프,mo 2위,모바일,휘트니스메리어트여의도휴회,1,0,0,0,1
"파워링크",골프,mo 2위,모바일,휘트니스여의도,1,0,0,0,2
"파워링크",골프,pc 2-3위,PC,골프연습장여의도,2,0,0,0,1
"파워링크",골프,pc 2-3위,PC,대방동GDR,2,0,0,0,2
"파워링크",골프,pc 2-3위,PC,대방동골프,10,0,0,0,1.9
"파워링크",골프,pc 2-3위,PC,대방동골프장,1,0,0,0,2
"파워링크",골프,pc 2-3위,PC,마포골프아카데미,7,0,0,0,3.7
"파워링크",골프,pc 2-3위,PC,마포실내골프연습장,2,0,0,0,2
"파워링크",골프,pc 2-3위,PC,문래GDR,18,0,0,0,3
"파워링크",골프,pc 2-3위,PC,서울시영등포구여의도동로213,1,0,0,0,1
"파워링크",골프,pc 2-3위,PC,서울영등포구여의동로213여의도금호리첸시아,2,0,0,0,1
"파워링크",골프,pc 2-3위,PC,서울특별시영등포구여의도동지하1층(여의도동),1,0,0,0,1
"파워링크",골프,pc 2-3위,PC,스포짐,"1,093",0,0,0,1.9
"파워링크",골프,pc 2-3위,PC,스포짐GDR,2,0,0,0,1
"파워링크",골프,pc 2-3위,PC,스포짐GDR아카데미,1,0,0,0,2
"파워링크",골프,pc 2-3위,PC,스포짐골프,3,0,0,0,1.7
"파워링크",골프,pc 2-3위,PC,스포짐서울,1,0,0,0,1
"파워링크",골프,pc 2-3위,PC,스포짐여의도요금,1,0,0,0,1
"파워링크",골프,pc 2-3위,PC,스포짐여의도회원권,1,0,0,0,1
"파워링크",골프,pc 2-3위,PC,스포짐영등포,9,0,0,0,1.2
"파워링크",골프,pc 2-3위,PC,스포짐영등포구,1,0,0,0,1
"파워링크",골프,pc 2-3위,PC,스포짐영등포역,2,0,0,0,1
"파워링크",골프,pc 2-3위,PC,스포짐은어디서나헬스가능해?,1,0,0,0,1
"파워링크",골프,pc 2-3위,PC,여의도GDR,6,2,"2,431","4,862",1.2
"파워링크",골프,pc 2-3위,PC,여의도GDR아카데미,1,0,0,0,1
"파워링크",골프,pc 2-3위,PC,여의도골프,"1,312",4,"6,933","27,731",1.7
"파워링크",골프,pc 2-3위,PC,여의도골프레슨,279,3,"5,636","16,907",2.2
"파워링크",골프,pc 2-3위,PC,여의도골프레슨헬스,1,0,0,0,2
"파워링크",골프,pc 2-3위,PC,여의도골프스크린,1,0,0,0,1
"파워링크",골프,pc 2-3위,PC,여의도골프연습장,126,0,0,0,2.7
"파워링크",골프,pc 2-3위,PC,여의도골프장,20,0,0,0,1.2
"파워링크",골프,pc 2-3위,PC,여의도스크린골프,155,0,0,0,1.9
"파워링크",골프,pc 2-3위,PC,여의도스포짐가격,4,0,0,0,1
"파워링크",골프,pc 2-3위,PC,여의도스포짐골프,3,2,77,154,1.3
"파워링크",골프,pc 2-3위,PC,여의도스포짐회원가격,1,0,0,0,1
"파워링크",골프,pc 2-3위,PC,여의도실내골프연습장,2,0,0,0,3
"파워링크",골프,pc 2-3위,PC,여의도실내연습장,2,1,77,77,1
"파워링크",골프,pc 2-3위,PC,여의도역골프,2,0,0,0,4
"파워링크",골프,pc 2-3위,PC,여의도연습장,1,0,0,0,2
"파워링크",골프,pc 2-3위,PC,여의도점스포짐가격,1,0,0,0,1
"파워링크",골프,pc 2-3위,PC,여의도호텔사우나만이용가능,1,0,0,0,1
"파워링크",골프,pc 2-3위,PC,영등포GDR,14,0,0,0,3
"파워링크",골프,pc 2-3위,PC,영등포골프,54,0,0,0,1.7
"파워링크",골프,pc 2-3위,PC,영등포골프레슨,80,0,0,0,1.9
"파워링크",골프,pc 2-3위,PC,영등포골프인,1,0,0,0,1
"파워링크",골프,pc 2-3위,PC,영등포구여의도동로213,1,0,0,0,1
"파워링크",골프,pc 2-3위,PC,영등포구여의도동샛강역,1,0,0,0,1
"파워링크",골프,pc 2-3위,PC,영등포구여의도동샛강역1번출구앞,1,0,0,0,1
"파워링크",골프,pc 2-3위,PC,영등포구헬스장스포짐,1,0,0,0,1
"파워링크",골프,pc 2-3위,PC,영등포스포짐,4,0,0,0,1
"파워링크",골프,pc 2-3위,PC,영등포역GDR,1,0,0,0,2
"파워링크",골프,pc 2-3위,PC,영등포헬스장스포짐예약,2,0,0,0,1
"플레이스",플레이스,플레이스_광고그룹#1,PC,-,1,0,0,0,1
"플레이스",플레이스,플레이스_광고그룹#1,PC,59스포츠,5,0,0,0,2
"플레이스",플레이스,플레이스_광고그룹#1,PC,IFC몰헬스장,8,0,0,0,1.3
"플레이스",플레이스,플레이스_광고그룹#1,PC,근처헬스장,30,3,"3,461","10,384",1.5
"플레이스",플레이스,플레이스_광고그룹#1,PC,노량진역헬스,4,0,0,0,1
"플레이스",플레이스,플레이스_광고그룹#1,PC,노량진역헬스장,23,0,0,0,1
"플레이스",플레이스,플레이스_광고그룹#1,PC,대방역운동,4,0,0,0,2
"플레이스",플레이스,플레이스_광고그룹#1,PC,대방역헬스,9,0,0,0,1
"플레이스",플레이스,플레이스_광고그룹#1,PC,대방역헬스장,47,1,"2,310","2,310",1.1
"플레이스",플레이스,플레이스_광고그룹#1,PC,리첸시아헬스장,3,0,0,0,1
"플레이스",플레이스,플레이스_광고그룹#1,PC,서울클럽,1,0,0,0,6
"플레이스",플레이스,플레이스_광고그룹#1,PC,서울헬스장,11,0,0,0,5.2
"플레이스",플레이스,플레이스_광고그룹#1,PC,송림스포츠,5,0,0,0,2.2
"플레이스",플레이스,플레이스_광고그룹#1,PC,스포츠센터,10,0,0,0,1.2
"플레이스",플레이스,플레이스_광고그룹#1,PC,여의도스포츠센터,3,0,0,0,1
"플레이스",플레이스,플레이스_광고그룹#1,PC,여의도운동,9,0,0,0,2.8
"플레이스",플레이스,플레이스_광고그룹#1,PC,여의도피트니스,19,1,"3,476","3,476",1.5
"플레이스",플레이스,플레이스_광고그룹#1,PC,여의도헬스,176,5,"2,957","14,784",1.3
"플레이스",플레이스,플레이스_광고그룹#1,PC,여의도헬스장,475,11,"3,304","36,344",1.2
"플레이스",플레이스,플레이스_광고그룹#1,PC,여의도휘트니스,4,0,0,0,1
"플레이스",플레이스,플레이스_광고그룹#1,PC,영등포구스포츠센터,20,0,0,0,1.5
"플레이스",플레이스,플레이스_광고그룹#1,PC,영등포구스포츠클럽,20,0,0,0,1.4
"플레이스",플레이스,플레이스_광고그룹#1,PC,영등포구헬스장,4,0,0,0,1.5
"플레이스",플레이스,플레이스_광고그룹#1,PC,영등포스포츠센터,115,0,0,0,1.4
"플레이스",플레이스,플레이스_광고그룹#1,PC,영등포운동,2,0,0,0,5.5
"플레이스",플레이스,플레이스_광고그룹#1,PC,영등포피트니스,1,0,0,0,2
"플레이스",플레이스,플레이스_광고그룹#1,PC,영등포헬스,24,0,0,0,2
"플레이스",플레이스,플레이스_광고그룹#1,PC,영등포헬스장,271,1,"4,136","4,136",1.5
"플레이스",플레이스,플레이스_광고그룹#1,PC,운동,10,2,"3,339","6,677",2.7
"플레이스",플레이스,플레이스_광고그룹#1,PC,운동센터,1,0,0,0,1
"플레이스",플레이스,플레이스_광고그룹#1,PC,장미상가헬스장,5,0,0,0,1
"플레이스",플레이스,플레이스_광고그룹#1,PC,제로페이가맹점,2,0,0,0,8
"플레이스",플레이스,플레이스_광고그룹#1,PC,키움센터,8,0,0,0,2
"플레이스",플레이스,플레이스_광고그룹#1,PC,피트니스,22,3,"1,789","5,368",1.3
"플레이스",플레이스,플레이스_광고그룹#1,PC,피트니스센터,1,0,0,0,2
"플레이스",플레이스,플레이스_광고그룹#1,PC,헬스,83,5,"3,322","16,610",1.3
"플레이스",플레이스,플레이스_광고그룹#1,PC,헬스장,231,13,"3,375","43,879",1.3
"플레이스",플레이스,플레이스_광고그룹#1,PC,헬스장영등포,1,0,0,0,1
"플레이스",플레이스,플레이스_광고그룹#1,PC,헬스클럽,6,0,0,0,1.3
"플레이스",플레이스,플레이스_광고그룹#1,PC,헬쓰,1,0,0,0,1
"플레이스",플레이스,플레이스_광고그룹#1,PC,휘트니스,7,0,0,0,1.6
"플레이스",플레이스,플레이스_광고그룹#1,모바일,-,25,1,"3,311","3,311",1.7
"플레이스",플레이스,플레이스_광고그룹#1,모바일,59스포츠,4,0,0,0,4
"플레이스",플레이스,플레이스_광고그룹#1,모바일,IFC몰헬스장,20,1,"3,421","3,421",2.5
"플레이스",플레이스,플레이스_광고그룹#1,모바일,가까운헬스장,5,0,0,0,1
"플레이스",플레이스,플레이스_광고그룹#1,모바일,근처운동,4,0,0,0,6
"플레이스",플레이스,플레이스_광고그룹#1,모바일,근처헬스장,70,3,"3,120","9,361",1.5
"플레이스",플레이스,플레이스_광고그룹#1,모바일,내근처헬스장,6,0,0,0,2.3
"플레이스",플레이스,플레이스_광고그룹#1,모바일,노량진역헬스,18,1,"1,749","1,749",1
"플레이스",플레이스,플레이스_광고그룹#1,모바일,노량진역헬스장,91,3,"2,332","6,996",1
"플레이스",플레이스,플레이스_광고그룹#1,모바일,대방역운동,17,1,"2,970","2,970",1.2
"플레이스",플레이스,플레이스_광고그룹#1,모바일,대방역헬스,14,0,0,0,1
"플레이스",플레이스,플레이스_광고그룹#1,모바일,대방역헬스장,103,3,"2,416","7,249",1.1
"플레이스",플레이스,플레이스_광고그룹#1,모바일,리첸시아헬스,5,0,0,0,1
"플레이스",플레이스,플레이스_광고그룹#1,모바일,리첸시아헬스장,7,0,0,0,1
"플레이스",플레이스,플레이스_광고그룹#1,모바일,메가스터디타워헬스장,25,0,0,0,1.6
"플레이스",플레이스,플레이스_광고그룹#1,모바일,샛강역헬스장,3,0,0,0,2.7
"플레이스",플레이스,플레이스_광고그룹#1,모바일,서울클럽,1,0,0,0,8
"플레이스",플레이스,플레이스_광고그룹#1,모바일,서울피트니스,1,0,0,0,10
"플레이스",플레이스,플레이스_광고그룹#1,모바일,서울헬스장,7,0,0,0,9
"플레이스",플레이스,플레이스_광고그룹#1,모바일,서울휘트니스,1,0,0,0,3
"플레이스",플레이스,플레이스_광고그룹#1,모바일,송림스포츠,5,0,0,0,3.8
"플레이스",플레이스,플레이스_광고그룹#1,모바일,수정헬스장,3,0,0,0,4
"플레이스",플레이스,플레이스_광고그룹#1,모바일,스포츠센타,2,0,0,0,6
"플레이스",플레이스,플레이스_광고그룹#1,모바일,스포츠센터,36,1,"3,344","3,344",2.9
"플레이스",플레이스,플레이스_광고그룹#1,모바일,스포츠클럽,1,0,0,0,2
"플레이스",플레이스,플레이스_광고그룹#1,모바일,여의도운동,35,0,0,0,3.7
"플레이스",플레이스,플레이스_광고그룹#1,모바일,여의도제로페이,1,0,0,0,4
"플레이스",플레이스,플레이스_광고그룹#1,모바일,여의도피트니스,80,4,"3,127","12,507",1.9
"플레이스",플레이스,플레이스_광고그룹#1,모바일,여의도헬스,236,2,"3,427","6,853",1.8
"플레이스",플레이스,플레이스_광고그룹#1,모바일,여의도헬스장,944,53,"3,087","163,592",1.7
"플레이스",플레이스,플레이스_광고그룹#1,모바일,여의도휘트니스,35,3,"2,985","8,954",1.4
"플레이스",플레이스,플레이스_광고그룹#1,모바일,영등포구스포츠센터,12,0,0,0,3.1
"플레이스",플레이스,플레이스_광고그룹#1,모바일,영등포구스포츠클럽,4,0,0,0,2.5
"플레이스",플레이스,플레이스_광고그룹#1,모바일,영등포구헬스장,2,0,0,0,1.5
"플레이스",플레이스,플레이스_광고그룹#1,모바일,영등포스포츠센터,117,1,"3,465","3,465",2.2
"플레이스",플레이스,플레이스_광고그룹#1,모바일,영등포운동,4,0,0,0,8
"플레이스",플레이스,플레이스_광고그룹#1,모바일,영등포피트니스,2,0,0,0,3
"플레이스",플레이스,플레이스_광고그룹#1,모바일,영등포헬스,87,0,0,0,1.9
"플레이스",플레이스,플레이스_광고그룹#1,모바일,영등포헬스장,546,14,"3,150","44,099",2
"플레이스",플레이스,플레이스_광고그룹#1,모바일,영등포휘트니스,5,0,0,0,2.6
"플레이스",플레이스,플레이스_광고그룹#1,모바일,운동,186,2,"3,828","7,656",3.5
"플레이스",플레이스,플레이스_광고그룹#1,모바일,운동센터,1,0,0,0,6
"플레이스",플레이스,플레이스_광고그룹#1,모바일,장미상가헬스장,14,1,"3,025","3,025",1.3
"플레이스",플레이스,플레이스_광고그룹#1,모바일,제로페이가맹점,1,0,0,0,10
"플레이스",플레이스,플레이스_광고그룹#1,모바일,주변헬스장,1,0,0,0,1
"플레이스",플레이스,플레이스_광고그룹#1,모바일,키움센터,18,0,0,0,5.4
"플레이스",플레이스,플레이스_광고그룹#1,모바일,피트니스,99,2,"3,366","6,732",2.2
"플레이스",플레이스,플레이스_광고그룹#1,모바일,피트니스센터,4,0,0,0,1.5
"플레이스",플레이스,플레이스_광고그룹#1,모바일,헬스,650,7,"2,780","19,459",1.9
"플레이스",플레이스,플레이스_광고그룹#1,모바일,헬스장,"1,808",29,"3,196","92,697",1.9
"플레이스",플레이스,플레이스_광고그룹#1,모바일,헬스장영등포,13,0,0,0,2.3
"플레이스",플레이스,플레이스_광고그룹#1,모바일,헬스클럽,5,0,0,0,3.2
"플레이스",플레이스,플레이스_광고그룹#1,모바일,헬쓰,2,0,0,0,1.5
"플레이스",플레이스,플레이스_광고그룹#1,모바일,헬쓰장,3,0,0,0,2.7
"플레이스",플레이스,플레이스_광고그룹#1,모바일,휘트니스,44,0,0,0,2.2
"플레이스",플레이스,플레이스_광고그룹#1,모바일,휘트니스센터,1,0,0,0,2
"플레이스",플레이스,광고2,PC,-,2,0,0,0,1.5
"플레이스",플레이스,광고2,PC,근처헬스장,9,1,"3,091","3,091",1.2
"플레이스",플레이스,광고2,PC,노량진역헬스,3,0,0,0,1
"플레이스",플레이스,광고2,PC,노량진역헬스장,17,1,"2,783","2,783",1
"플레이스",플레이스,광고2,PC,대방역운동,2,0,0,0,2
"플레이스",플레이스,광고2,PC,대방역헬스,4,0,0,0,1.5
"플레이스",플레이스,광고2,PC,대방역헬스장,23,0,0,0,1.3
"플레이스",플레이스,광고2,PC,리첸시아헬스,1,0,0,0,2
"플레이스",플레이스,광고2,PC,서울헬스장,3,0,0,0,3
"플레이스",플레이스,광고2,PC,송림스포츠,3,0,0,0,1.7
"플레이스",플레이스,광고2,PC,수정헬스장,1,0,0,0,2
"플레이스",플레이스,광고2,PC,스포츠센터,4,0,0,0,1.3
"플레이스",플레이스,광고2,PC,스포츠클럽,1,0,0,0,2
"플레이스",플레이스,광고2,PC,여의도스포츠센터,5,1,"3,289","3,289",1.2
"플레이스",플레이스,광고2,PC,여의도운동,1,0,0,0,7
"플레이스",플레이스,광고2,PC,여의도피트니스,11,1,"2,189","2,189",1.9
"플레이스",플레이스,광고2,PC,여의도헬스,53,0,0,0,1.6
"플레이스",플레이스,광고2,PC,여의도헬스장,302,5,"2,391","11,957",1.7
"플레이스",플레이스,광고2,PC,여의도휘트니스,9,0,0,0,1.7
"플레이스",플레이스,광고2,PC,영등포구스포츠센터,10,0,0,0,1.5
"플레이스",플레이스,광고2,PC,영등포구스포츠클럽,6,0,0,0,1.7
"플레이스",플레이스,광고2,PC,영등포구헬스장,11,0,0,0,1.7
"플레이스",플레이스,광고2,PC,영등포스포츠센터,64,0,0,0,1.5
"플레이스",플레이스,광고2,PC,영등포헬스,9,0,0,0,1.9
"플레이스",플레이스,광고2,PC,영등포헬스장,122,0,0,0,2
"플레이스",플레이스,광고2,PC,운동,2,0,0,0,4
"플레이스",플레이스,광고2,PC,장미상가헬스장,1,0,0,0,1
"플레이스",플레이스,광고2,PC,피트니스,6,0,0,0,2
"플레이스",플레이스,광고2,PC,헬스,24,0,0,0,1.5
"플레이스",플레이스,광고2,PC,헬스장,142,9,"2,688","24,189",1.6
"플레이스",플레이스,광고2,PC,헬스클럽,4,0,0,0,2
"플레이스",플레이스,광고2,PC,휘트니스,3,0,0,0,1.3
"플레이스",플레이스,광고2,PC,휘트니스센터,1,1,"3,267","3,267",2
"플레이스",플레이스,광고2,모바일,-,7,0,0,0,1.4
"플레이스",플레이스,광고2,모바일,59스포츠,4,0,0,0,3.3
"플레이스",플레이스,광고2,모바일,IFC몰헬스장,2,1,"3,289","3,289",2
"플레이스",플레이스,광고2,모바일,근처헬스장,50,0,0,0,2.3
"플레이스",플레이스,광고2,모바일,내근처헬스,1,0,0,0,2
"플레이스",플레이스,광고2,모바일,내근처헬스장,6,0,0,0,2.5
"플레이스",플레이스,광고2,모바일,노량진역헬스,8,0,0,0,1
"플레이스",플레이스,광고2,모바일,노량진역헬스장,38,6,"2,147","12,881",1
"플레이스",플레이스,광고2,모바일,대방역헬스,13,0,0,0,1.1
"플레이스",플레이스,광고2,모바일,대방역헬스장,53,2,"2,365","4,730",1
"플레이스",플레이스,광고2,모바일,리첸시아헬스,4,0,0,0,1.5
"플레이스",플레이스,광고2,모바일,리첸시아헬스장,11,2,"2,222","4,444",1.5
"플레이스",플레이스,광고2,모바일,메가스터디타워헬스장,7,0,0,0,1.1
"플레이스",플레이스,광고2,모바일,서울헬스장,6,0,0,0,8.7
"플레이스",플레이스,광고2,모바일,송림스포츠,7,0,0,0,4.3
"플레이스",플레이스,광고2,모바일,수정헬스장,1,0,0,0,3
"플레이스",플레이스,광고2,모바일,스포츠센터,11,0,0,0,2.8
"플레이스",플레이스,광고2,모바일,신도림헬스장,2,0,0,0,1
"플레이스",플레이스,광고2,모바일,여의도운동,9,0,0,0,4.6
"플레이스",플레이스,광고2,모바일,여의도제로페이,1,0,0,0,8
"플레이스",플레이스,광고2,모바일,여의도피트니스,37,0,0,0,2
"플레이스",플레이스,광고2,모바일,여의도헬스,100,1,"2,277","2,277",1.7
"플레이스",플레이스,광고2,모바일,여의도헬스장,554,21,"2,609","54,791",1.8
"플레이스",플레이스,광고2,모바일,여의도휘트니스,5,0,0,0,2.2
"플레이스",플레이스,광고2,모바일,영등포구스포츠센터,9,0,0,0,2.2
"플레이스",플레이스,광고2,모바일,영등포구헬스장,4,0,0,0,1.5
"플레이스",플레이스,광고2,모바일,영등포스포츠센터,36,0,0,0,2.7
"플레이스",플레이스,광고2,모바일,영등포운동,5,0,0,0,6.2
"플레이스",플레이스,광고2,모바일,영등포피트니스,1,0,0,0,2
"플레이스",플레이스,광고2,모바일,영등포헬스,51,2,"2,899","5,797",2.9
"플레이스",플레이스,광고2,모바일,영등포헬스장,295,5,"3,003","15,015",2.2
"플레이스",플레이스,광고2,모바일,영등포휘트니스,2,0,0,0,4
"플레이스",플레이스,광고2,모바일,운동,78,0,0,0,3.8
"플레이스",플레이스,광고2,모바일,피트니스,55,1,"2,288","2,288",2
"플레이스",플레이스,광고2,모바일,헬스,351,2,"3,080","6,160",2.4
"플레이스",플레이스,광고2,모바일,헬스장,"1,143",17,"2,694","45,793",2.3
"플레이스",플레이스,광고2,모바일,헬스클럽,14,1,"3,036","3,036",2.8
"플레이스",플레이스,광고2,모바일,헬쓰,2,0,0,0,3.5
"플레이스",플레이스,광고2,모바일,휘트니스,27,0,0,0,2.8
"플레이스",플레이스,광고2,모바일,휘트니스클럽,3,0,0,0,3
"플레이스",플레이스,지소상,PC,-,36,1,19,19.25,1
"플레이스",플레이스,지소상,모바일,-,"13,446",28,261,"7,319.4",1
