﻿"플레이스보고서(2024.12.01.~2024.12.31.),acrogym11:naver"
"캠페인유형",캠페인,광고그룹,PC/모바일 매체,검색어,노출수,클릭수,"평균클릭비용(VAT포함,원)","총비용(VAT포함,원)",평균노출순위
"파워링크",아크로짐 돌곶이점,모 3위,모바일,광운대PT,3,0,0,0,3
"파워링크",아크로짐 돌곶이점,모 3위,모바일,광운대역헬스장,7,1,77,77,4
"파워링크",아크로짐 돌곶이점,모 3위,모바일,광운대피티,4,0,0,0,2.8
"파워링크",아크로짐 돌곶이점,모 3위,모바일,광운대헬스장,68,1,594,594,2.2
"파워링크",아크로짐 돌곶이점,모 3위,모바일,돈암아크로짐헬스,1,1,165,165,1
"파워링크",아크로짐 돌곶이점,모 3위,모바일,돈암점아크로짐,1,0,0,0,1
"파워링크",아크로짐 돌곶이점,모 3위,모바일,돌곶이.헬스장,1,0,0,0,1
"파워링크",아크로짐 돌곶이점,모 3위,모바일,돌곶이24시간헬스장,3,1,77,77,1
"파워링크",아크로짐 돌곶이점,모 3위,모바일,돌곶이24시헬스장,4,2,77,154,1
"파워링크",아크로짐 돌곶이점,모 3위,모바일,돌곶이PT,2,0,0,0,3
"파워링크",아크로짐 돌곶이점,모 3위,모바일,돌곶이래미안헬스장,1,0,0,0,1
"파워링크",아크로짐 돌곶이점,모 3위,모바일,돌곶이아크로,1,0,0,0,1
"파워링크",아크로짐 돌곶이점,모 3위,모바일,돌곶이아크로짐,54,6,77,462,1
"파워링크",아크로짐 돌곶이점,모 3위,모바일,돌곶이아크로짐새벽PT,1,0,0,0,1
"파워링크",아크로짐 돌곶이점,모 3위,모바일,돌곶이역아크로짐,20,4,77,308,1
"파워링크",아크로짐 돌곶이점,모 3위,모바일,돌곶이점아크로짐,1,0,0,0,1
"파워링크",아크로짐 돌곶이점,모 3위,모바일,돌곶이피트니스,2,0,0,0,3
"파워링크",아크로짐 돌곶이점,모 3위,모바일,돌곶이피티,2,0,0,0,2.5
"파워링크",아크로짐 돌곶이점,모 3위,모바일,돌곶이헬스,13,0,0,0,1.8
"파워링크",아크로짐 돌곶이점,모 3위,모바일,돌곶이헬스장,114,0,0,0,3
"파워링크",아크로짐 돌곶이점,모 3위,모바일,돌곶이헬스장머신,1,0,0,0,1
"파워링크",아크로짐 돌곶이점,모 3위,모바일,돌곶이휘트니스,1,0,0,0,3
"파워링크",아크로짐 돌곶이점,모 3위,모바일,석계PT,6,0,0,0,2
"파워링크",아크로짐 돌곶이점,모 3위,모바일,석계아크로짐,3,0,0,0,1
"파워링크",아크로짐 돌곶이점,모 3위,모바일,석계역아크로짐,3,0,0,0,1
"파워링크",아크로짐 돌곶이점,모 3위,모바일,석계역피트니스,1,0,0,0,1
"파워링크",아크로짐 돌곶이점,모 3위,모바일,석계역헬스,12,0,0,0,2.5
"파워링크",아크로짐 돌곶이점,모 3위,모바일,석계역헬스장,149,3,359,"1,078",2.5
"파워링크",아크로짐 돌곶이점,모 3위,모바일,석계역휘트니스,2,0,0,0,1
"파워링크",아크로짐 돌곶이점,모 3위,모바일,석계피티,2,0,0,0,3
"파워링크",아크로짐 돌곶이점,모 3위,모바일,석계헬스짐,1,0,0,0,1
"파워링크",아크로짐 돌곶이점,모 3위,모바일,석관동헬스,16,1,561,561,1.6
"파워링크",아크로짐 돌곶이점,모 3위,모바일,성북구PT,9,1,"2,013","2,013",2.4
"파워링크",아크로짐 돌곶이점,모 3위,모바일,성북구피티,2,0,0,0,2
"파워링크",아크로짐 돌곶이점,모 3위,모바일,성북구헬스,2,0,0,0,3
"파워링크",아크로짐 돌곶이점,모 3위,모바일,아크로짐,124,0,0,0,2.6
"파워링크",아크로짐 돌곶이점,모 3위,모바일,아크로짐.돈암점,1,0,0,0,1
"파워링크",아크로짐 돌곶이점,모 3위,모바일,아크로짐.돌곶이,2,0,0,0,1
"파워링크",아크로짐 돌곶이점,모 3위,모바일,아크로짐24시,1,0,0,0,3
"파워링크",아크로짐 돌곶이점,모 3위,모바일,아크로짐24시간,1,0,0,0,1
"파워링크",아크로짐 돌곶이점,모 3위,모바일,아크로짐24시헬스,2,0,0,0,3
"파워링크",아크로짐 돌곶이점,모 3위,모바일,아크로짐24시헬스석관,1,1,77,77,1
"파워링크",아크로짐 돌곶이점,모 3위,모바일,아크로짐기구,1,0,0,0,1
"파워링크",아크로짐 돌곶이점,모 3위,모바일,아크로짐논현점,1,0,0,0,2
"파워링크",아크로짐 돌곶이점,모 3위,모바일,아크로짐돈암점,6,0,0,0,1
"파워링크",아크로짐 돌곶이점,모 3위,모바일,아크로짐돌곶이,336,21,93,"1,958",1
"파워링크",아크로짐 돌곶이점,모 3위,모바일,아크로짐돌곶이PT비용,1,0,0,0,1
"파워링크",아크로짐 돌곶이점,모 3위,모바일,아크로짐돌곶이역,3,2,143,286,1
"파워링크",아크로짐 돌곶이점,모 3위,모바일,아크로짐돌곶이운영시간,1,0,0,0,1
"파워링크",아크로짐 돌곶이점,모 3위,모바일,아크로짐돌곶이점,39,3,389,"1,166",1
"파워링크",아크로짐 돌곶이점,모 3위,모바일,아크로짐돌곶이주차,1,0,0,0,1
"파워링크",아크로짐 돌곶이점,모 3위,모바일,아크로짐돌곶이피티,2,0,0,0,1
"파워링크",아크로짐 돌곶이점,모 3위,모바일,아크로짐돌곶이해머스트렝스,1,0,0,0,1
"파워링크",아크로짐 돌곶이점,모 3위,모바일,아크로짐돌곶이헬스,2,0,0,0,1
"파워링크",아크로짐 돌곶이점,모 3위,모바일,아크로짐미아샤워부스,1,0,0,0,1
"파워링크",아크로짐 돌곶이점,모 3위,모바일,아크로짐미아점시간,1,0,0,0,1
"파워링크",아크로짐 돌곶이점,모 3위,모바일,아크로짐발산점,3,0,0,0,2.7
"파워링크",아크로짐 돌곶이점,모 3위,모바일,아크로짐석계,6,1,77,77,1
"파워링크",아크로짐 돌곶이점,모 3위,모바일,아크로짐외대점,1,0,0,0,3
"파워링크",아크로짐 돌곶이점,모 3위,모바일,아크로짐중랑역점,50,0,0,0,1.9
"파워링크",아크로짐 돌곶이점,모 3위,모바일,아크로짐천호역24시,1,0,0,0,1
"파워링크",아크로짐 돌곶이점,모 3위,모바일,아크로짐천호역점24시,3,0,0,0,1
"파워링크",아크로짐 돌곶이점,모 3위,모바일,아크로짐천호역점24시헬스,3,0,0,0,1
"파워링크",아크로짐 돌곶이점,모 3위,모바일,아크로짐천호역점24시헬스&PT,208,1,121,121,1
"파워링크",아크로짐 돌곶이점,모 3위,모바일,아크로짐천호역점24시헬스&PT],4,0,0,0,1
"파워링크",아크로짐 돌곶이점,모 3위,모바일,아크로짐천호역점24시휘트니스,1,0,0,0,2
"파워링크",아크로짐 돌곶이점,모 3위,모바일,아크로짐피티,1,0,0,0,1
"파워링크",아크로짐 돌곶이점,모 3위,모바일,아크로짐헬스장미아사거리,1,0,0,0,1
"파워링크",아크로짐 돌곶이점,모 3위,모바일,아크로짐휘트니스,1,0,0,0,1
"파워링크",아크로짐 돌곶이점,모 3위,모바일,아크로짐휘트니스미아점,2,0,0,0,1
"파워링크",아크로짐 돌곶이점,모 3위,모바일,아크로휘트니스짐,1,0,0,0,2
"파워링크",아크로짐 돌곶이점,모 3위,모바일,업타운휘트니스돌곶이PT가격,1,0,0,0,1
"파워링크",아크로짐 돌곶이점,모 3위,모바일,외대PT,1,0,0,0,3
"파워링크",아크로짐 돌곶이점,모 3위,모바일,외대피트니스,1,0,0,0,3
"파워링크",아크로짐 돌곶이점,모 3위,모바일,외대피티,6,0,0,0,3.8
"파워링크",아크로짐 돌곶이점,모 3위,모바일,외대헬스,4,1,781,781,3.5
"파워링크",아크로짐 돌곶이점,모 3위,모바일,외대헬스장,133,2,"2,613","5,225",4.2
"파워링크",아크로짐 돌곶이점,모 3위,모바일,외대휘트니스,1,0,0,0,3
"파워링크",아크로짐 돌곶이점,모 3위,모바일,이문동PT,3,1,"4,807","4,807",2
"파워링크",아크로짐 돌곶이점,모 3위,모바일,이문동아크로짐헬스장,1,0,0,0,1
"파워링크",아크로짐 돌곶이점,모 3위,모바일,이문동피트니스,1,0,0,0,2
"파워링크",아크로짐 돌곶이점,모 3위,모바일,이문동헬스,8,0,0,0,3.9
"파워링크",아크로짐 돌곶이점,모 3위,모바일,이문동헬스장,30,1,990,990,4
"파워링크",아크로짐 돌곶이점,모 3위,모바일,장위동헬스,3,1,869,869,4
"파워링크",아크로짐 돌곶이점,모 3위,모바일,장위동헬스장,13,0,0,0,4
"파워링크",아크로짐 돌곶이점,모 3위,모바일,중랑아크로짐헬스,1,0,0,0,1
"파워링크",아크로짐 돌곶이점,모 3위,모바일,천호역24시헬스장아크로짐,1,0,0,0,1
"파워링크",아크로짐 돌곶이점,모 3위,모바일,천호역24헬스장아크로짐,1,0,0,0,1
"파워링크",아크로짐 돌곶이점,모 3위,모바일,천호역아크로짐24시PT,1,0,0,0,1
"파워링크",아크로짐 돌곶이점,모 3위,모바일,천호역아크로짐헬스장천호역점,1,0,0,0,1
"파워링크",아크로짐 돌곶이점,모 3위,모바일,헬스돌곶이,1,0,0,0,1
"파워링크",아크로짐 돌곶이점,모 3위,모바일,헬스장아크로짐중랑역점,3,0,0,0,1
"파워링크",아크로짐 돌곶이점,PC 4위,PC,광운대역헬스장,13,0,0,0,5.7
"파워링크",아크로짐 돌곶이점,PC 4위,PC,광운대피티,1,0,0,0,3
"파워링크",아크로짐 돌곶이점,PC 4위,PC,광운대헬스장,20,0,0,0,4.6
"파워링크",아크로짐 돌곶이점,PC 4위,PC,구의아크로짐,3,0,0,0,2
"파워링크",아크로짐 돌곶이점,PC 4위,PC,돈암아크로짐,1,0,0,0,1
"파워링크",아크로짐 돌곶이점,PC 4위,PC,돌곶이아크로짐,13,3,77,231,1
"파워링크",아크로짐 돌곶이점,PC 4위,PC,돌곶이아크로짐\,1,0,0,0,1
"파워링크",아크로짐 돌곶이점,PC 4위,PC,돌곶이아크로짐주차장,1,0,0,0,1
"파워링크",아크로짐 돌곶이점,PC 4위,PC,돌곶이역헬스장\,1,0,0,0,1
"파워링크",아크로짐 돌곶이점,PC 4위,PC,돌곶이헬스,3,0,0,0,3
"파워링크",아크로짐 돌곶이점,PC 4위,PC,미아아크로짐,1,0,0,0,1
"파워링크",아크로짐 돌곶이점,PC 4위,PC,발산아크로짐,4,0,0,0,2
"파워링크",아크로짐 돌곶이점,PC 4위,PC,석계역헬스,1,0,0,0,6
"파워링크",아크로짐 돌곶이점,PC 4위,PC,석계역헬스장,41,1,209,209,4.1
"파워링크",아크로짐 돌곶이점,PC 4위,PC,석관동헬스,7,0,0,0,1
"파워링크",아크로짐 돌곶이점,PC 4위,PC,성북구PT,7,0,0,0,2.9
"파워링크",아크로짐 돌곶이점,PC 4위,PC,성북구피티,1,0,0,0,6
"파워링크",아크로짐 돌곶이점,PC 4위,PC,성북구헬스,5,0,0,0,4.2
"파워링크",아크로짐 돌곶이점,PC 4위,PC,아크로점24시휘트니스미아점,1,0,0,0,1
"파워링크",아크로짐 돌곶이점,PC 4위,PC,아크로짐,28,0,0,0,2.5
"파워링크",아크로짐 돌곶이점,PC 4위,PC,아크로짐24시,1,0,0,0,2
"파워링크",아크로짐 돌곶이점,PC 4위,PC,아크로짐24휘트니스미아점,2,0,0,0,1
"파워링크",아크로짐 돌곶이점,PC 4위,PC,아크로짐24휘트니스미아점PT가격,2,0,0,0,1
"파워링크",아크로짐 돌곶이점,PC 4위,PC,아크로짐구리역점,3,0,0,0,2
"파워링크",아크로짐 돌곶이점,PC 4위,PC,아크로짐구리점,1,0,0,0,1
"파워링크",아크로짐 돌곶이점,PC 4위,PC,아크로짐구의,13,0,0,0,1.8
"파워링크",아크로짐 돌곶이점,PC 4위,PC,아크로짐길음,2,0,0,0,1
"파워링크",아크로짐 돌곶이점,PC 4위,PC,아크로짐논현점,2,0,0,0,2
"파워링크",아크로짐 돌곶이점,PC 4위,PC,아크로짐돈암,10,0,0,0,1
"파워링크",아크로짐 돌곶이점,PC 4위,PC,아크로짐돈암점,6,0,0,0,1
"파워링크",아크로짐 돌곶이점,PC 4위,PC,아크로짐돈암점헬스,1,0,0,0,1
"파워링크",아크로짐 돌곶이점,PC 4위,PC,아크로짐돌곶이,55,10,77,770,1
"파워링크",아크로짐 돌곶이점,PC 4위,PC,아크로짐돌곶이PT가격,1,0,0,0,1
"파워링크",아크로짐 돌곶이점,PC 4위,PC,아크로짐돌곶이역,1,0,0,0,1
"파워링크",아크로짐 돌곶이점,PC 4위,PC,아크로짐돌곶이점,13,1,132,132,1
"파워링크",아크로짐 돌곶이점,PC 4위,PC,아크로짐돌곶이점가격,1,0,0,0,1
"파워링크",아크로짐 돌곶이점,PC 4위,PC,아크로짐돌곶이점주차,4,0,0,0,1
"파워링크",아크로짐 돌곶이점,PC 4위,PC,아크로짐돌곶이점주차장,1,0,0,0,1
"파워링크",아크로짐 돌곶이점,PC 4위,PC,아크로짐돌곶이점주차장이용,1,0,0,0,1
"파워링크",아크로짐 돌곶이점,PC 4위,PC,아크로짐마곡점,2,0,0,0,2.5
"파워링크",아크로짐 돌곶이점,PC 4위,PC,아크로짐미아,4,0,0,0,1
"파워링크",아크로짐 돌곶이점,PC 4위,PC,아크로짐미아사거리점,1,0,0,0,1
"파워링크",아크로짐 돌곶이점,PC 4위,PC,아크로짐미아점,7,0,0,0,1
"파워링크",아크로짐 돌곶이점,PC 4위,PC,아크로짐발산역3점,1,0,0,0,1
"파워링크",아크로짐 돌곶이점,PC 4위,PC,아크로짐발산점,1,0,0,0,1
"파워링크",아크로짐 돌곶이점,PC 4위,PC,아크로짐성북,1,0,0,0,1
"파워링크",아크로짐 돌곶이점,PC 4위,PC,아크로짐외대,5,1,77,77,1
"파워링크",아크로짐 돌곶이점,PC 4위,PC,아크로짐외대점,7,0,0,0,2
"파워링크",아크로짐 돌곶이점,PC 4위,PC,아크로짐중,1,0,0,0,2
"파워링크",아크로짐 돌곶이점,PC 4위,PC,아크로짐중랑,9,1,77,77,1
"파워링크",아크로짐 돌곶이점,PC 4위,PC,아크로짐중랑역점,16,0,0,0,1.6
"파워링크",아크로짐 돌곶이점,PC 4위,PC,외대PT,1,0,0,0,4
"파워링크",아크로짐 돌곶이점,PC 4위,PC,외대헬스,21,0,0,0,6.8
"파워링크",아크로짐 돌곶이점,PC 4위,PC,외대헬스장,53,0,0,0,5
"파워링크",아크로짐 돌곶이점,PC 4위,PC,월계동헬스,1,0,0,0,17
"파워링크",아크로짐 돌곶이점,PC 4위,PC,월계동헬스장,18,0,0,0,13.1
"파워링크",아크로짐 돌곶이점,PC 4위,PC,월계헬스장,7,0,0,0,6.4
"파워링크",아크로짐 돌곶이점,PC 4위,PC,이문동PT,4,0,0,0,5
"파워링크",아크로짐 돌곶이점,PC 4위,PC,이문동헬스,5,0,0,0,4.2
"파워링크",아크로짐 돌곶이점,PC 4위,PC,이문동헬스장,17,2,"1,029","2,057",4.1
"파워링크",아크로짐 돌곶이점,PC 4위,PC,장위동PT,4,0,0,0,7
"파워링크",아크로짐 돌곶이점,PC 4위,PC,장위동헬스,8,0,0,0,6
"파워링크",아크로짐 돌곶이점,PC 4위,PC,장위동헬스장,38,1,891,891,6.7
"파워링크",아크로짐 돌곶이점,PC 4위,PC,중랑아크로짐,3,0,0,0,1
"파워링크",아크로짐 돌곶이점,PC 4위,PC,헬스장돌곶이,1,0,0,0,1
"플레이스",플레이스#1,플레이스,PC,-,1,0,0,0,2
"플레이스",플레이스#1,플레이스,PC,광운대헬스장,17,0,0,0,1
"플레이스",플레이스#1,플레이스,PC,근처헬스장,4,0,0,0,2
"플레이스",플레이스#1,플레이스,PC,돌곶이역운동,2,0,0,0,1
"플레이스",플레이스#1,플레이스,PC,돌곶이역헬스,4,1,77,77,1
"플레이스",플레이스#1,플레이스,PC,돌곶이역헬스장,25,4,77,308,1
"플레이스",플레이스#1,플레이스,PC,서울24시헬스장,1,0,0,0,1
"플레이스",플레이스#1,플레이스,PC,석계역운동,4,0,0,0,1
"플레이스",플레이스#1,플레이스,PC,석계역헬스,5,0,0,0,1
"플레이스",플레이스#1,플레이스,PC,석계역헬스장,33,1,209,209,1
"플레이스",플레이스#1,플레이스,PC,석관동헬스,5,0,0,0,1
"플레이스",플레이스#1,플레이스,PC,석관동헬스장,2,0,0,0,1
"플레이스",플레이스#1,플레이스,PC,성북구스포츠센터,6,0,0,0,1
"플레이스",플레이스#1,플레이스,PC,성북구헬스,3,0,0,0,1
"플레이스",플레이스#1,플레이스,PC,성북구헬스장,35,2,"2,079","4,158",1.2
"플레이스",플레이스#1,플레이스,PC,성북구화랑로,14,0,0,0,1.6
"플레이스",플레이스#1,플레이스,PC,성북스포츠센터,18,0,0,0,1.2
"플레이스",플레이스#1,플레이스,PC,스포츠센터,1,0,0,0,1
"플레이스",플레이스#1,플레이스,PC,외대헬스,15,1,"2,200","2,200",1.8
"플레이스",플레이스#1,플레이스,PC,외대헬스장,12,0,0,0,1.9
"플레이스",플레이스#1,플레이스,PC,운동,2,1,"1,694","1,694",1
"플레이스",플레이스#1,플레이스,PC,피트니스,3,0,0,0,1.7
"플레이스",플레이스#1,플레이스,PC,헬스,16,1,"1,958","1,958",1.2
"플레이스",플레이스#1,플레이스,PC,헬스장,156,15,"1,306","19,591",1.3
"플레이스",플레이스#1,플레이스,PC,헬스클럽,2,1,"1,980","1,980",2
"플레이스",플레이스#1,플레이스,PC,휘트니스,1,0,0,0,1
"플레이스",플레이스#1,플레이스,모바일,-,7,0,0,0,1.4
"플레이스",플레이스#1,플레이스,모바일,광운대헬스,4,0,0,0,1.8
"플레이스",플레이스#1,플레이스,모바일,광운대헬스장,39,3,"1,870","5,610",1.5
"플레이스",플레이스#1,플레이스,모바일,근처헬스,2,0,0,0,2
"플레이스",플레이스#1,플레이스,모바일,근처헬스장,29,3,"1,804","5,412",2.1
"플레이스",플레이스#1,플레이스,모바일,내근처헬스장,6,0,0,0,2.5
"플레이스",플레이스#1,플레이스,모바일,돌곶이역운동,3,0,0,0,2
"플레이스",플레이스#1,플레이스,모바일,돌곶이역헬스,5,1,77,77,1
"플레이스",플레이스#1,플레이스,모바일,돌곶이역헬스장,104,23,77,"1,771",1.3
"플레이스",플레이스#1,플레이스,모바일,미아사거리헬스,2,1,77,77,1
"플레이스",플레이스#1,플레이스,모바일,상월곡역헬스장,4,0,0,0,2.3
"플레이스",플레이스#1,플레이스,모바일,서울24시헬스장,30,0,0,0,2.8
"플레이스",플레이스#1,플레이스,모바일,서울ACRO,2,0,0,0,2
"플레이스",플레이스#1,플레이스,모바일,석계역운동,13,0,0,0,1.9
"플레이스",플레이스#1,플레이스,모바일,석계역피트니스,2,0,0,0,1
"플레이스",플레이스#1,플레이스,모바일,석계역헬스,7,0,0,0,1.3
"플레이스",플레이스#1,플레이스,모바일,석계역헬스장,79,12,204,"2,453",1.3
"플레이스",플레이스#1,플레이스,모바일,석관동헬스,4,1,77,77,1
"플레이스",플레이스#1,플레이스,모바일,석관동헬스장,13,4,77,308,1.5
"플레이스",플레이스#1,플레이스,모바일,성북구스포츠센터,18,2,"1,788","3,575",1.3
"플레이스",플레이스#1,플레이스,모바일,성북구헬스,4,1,"1,650","1,650",1
"플레이스",플레이스#1,플레이스,모바일,성북구헬스장,44,2,"1,804","3,608",1.3
"플레이스",플레이스#1,플레이스,모바일,성북구화랑로,33,0,0,0,1.9
"플레이스",플레이스#1,플레이스,모바일,성북스포츠센터,50,0,0,0,1.3
"플레이스",플레이스#1,플레이스,모바일,스포츠센타,1,0,0,0,1
"플레이스",플레이스#1,플레이스,모바일,스포츠센터,10,0,0,0,2.7
"플레이스",플레이스#1,플레이스,모바일,외대헬스,8,1,"1,562","1,562",2.3
"플레이스",플레이스#1,플레이스,모바일,외대헬스장,66,3,"1,786","5,357",2.6
"플레이스",플레이스#1,플레이스,모바일,운동,41,1,"2,013","2,013",4.4
"플레이스",플레이스#1,플레이스,모바일,운동센터,1,0,0,0,2
"플레이스",플레이스#1,플레이스,모바일,피트니스,19,0,0,0,1.9
"플레이스",플레이스#1,플레이스,모바일,피트니스센터,2,0,0,0,2
"플레이스",플레이스#1,플레이스,모바일,한국외대헬스장,1,0,0,0,1
"플레이스",플레이스#1,플레이스,모바일,헬스,206,6,"1,764","10,582",1.9
"플레이스",플레이스#1,플레이스,모바일,헬스장,"1,762",97,"1,621","157,278",1.8
"플레이스",플레이스#1,플레이스,모바일,헬스클럽,3,0,0,0,4
"플레이스",플레이스#1,플레이스,모바일,휘트니스,6,0,0,0,2.7
"플레이스",플레이스#2,지역 소상공인,PC,-,7,0,0,3.85,1
"플레이스",플레이스#2,지역 소상공인,모바일,-,"6,247",25,136,"3,394.05",1
"플레이스",플레이스2,베타2,PC,-,3,0,0,0,1.3
"플레이스",플레이스2,베타2,PC,광운대헬스장,14,1,"1,969","1,969",1
"플레이스",플레이스2,베타2,PC,근처헬스장,7,0,0,0,1.3
"플레이스",플레이스2,베타2,PC,돌곶이역운동,1,1,"1,452","1,452",1
"플레이스",플레이스2,베타2,PC,돌곶이역헬스,3,0,0,0,1
"플레이스",플레이스2,베타2,PC,돌곶이역헬스장,44,9,77,693,1
"플레이스",플레이스2,베타2,PC,상월곡역헬스장,5,1,"2,200","2,200",1.8
"플레이스",플레이스2,베타2,PC,서울24시헬스장,7,0,0,0,3
"플레이스",플레이스2,베타2,PC,서울ACRO,1,0,0,0,2
"플레이스",플레이스2,베타2,PC,석계역운동,4,0,0,0,1
"플레이스",플레이스2,베타2,PC,석계역헬스,8,0,0,0,1
"플레이스",플레이스2,베타2,PC,석계역헬스장,47,3,205,616,1
"플레이스",플레이스2,베타2,PC,석관동헬스,9,3,77,231,1
"플레이스",플레이스2,베타2,PC,석관동헬스장,20,2,77,154,1
"플레이스",플레이스2,베타2,PC,성북구스포츠,1,0,0,0,2
"플레이스",플레이스2,베타2,PC,성북구스포츠센터,6,0,0,0,1.3
"플레이스",플레이스2,베타2,PC,성북구헬스,5,0,0,0,1
"플레이스",플레이스2,베타2,PC,성북구헬스장,28,0,0,0,1.1
"플레이스",플레이스2,베타2,PC,성북구화랑로,18,0,0,0,1.6
"플레이스",플레이스2,베타2,PC,성북스포츠센터,27,0,0,0,1.3
"플레이스",플레이스2,베타2,PC,스포츠센터,5,0,0,0,1.2
"플레이스",플레이스2,베타2,PC,외대헬스,40,0,0,0,1.9
"플레이스",플레이스2,베타2,PC,외대헬스장,46,0,0,0,1.8
"플레이스",플레이스2,베타2,PC,운동,4,0,0,0,1.5
"플레이스",플레이스2,베타2,PC,월곡역헬스장,1,1,671,671,1
"플레이스",플레이스2,베타2,PC,피트니스,5,0,0,0,1.6
"플레이스",플레이스2,베타2,PC,피트니스센터,1,0,0,0,2
"플레이스",플레이스2,베타2,PC,헬스,51,2,319,638,1.1
"플레이스",플레이스2,베타2,PC,헬스클럽,3,0,0,0,1.7
"플레이스",플레이스2,베타2,PC,헬쓰,1,0,0,0,1
"플레이스",플레이스2,베타2,PC,휘트니스,3,0,0,0,1
"플레이스",플레이스2,베타2,모바일,-,19,0,0,0,1.5
"플레이스",플레이스2,베타2,모바일,광운대헬스,10,0,0,0,1.6
"플레이스",플레이스2,베타2,모바일,광운대헬스장,71,3,"1,782","5,346",1.3
"플레이스",플레이스2,베타2,모바일,근처운동,3,0,0,0,5.3
"플레이스",플레이스2,베타2,모바일,근처클럽,1,0,0,0,2
"플레이스",플레이스2,베타2,모바일,근처헬스,1,0,0,0,2
"플레이스",플레이스2,베타2,모바일,근처헬스장,43,3,"1,716","5,148",1.8
"플레이스",플레이스2,베타2,모바일,내근처헬스장,14,3,"1,731","5,192",1.9
"플레이스",플레이스2,베타2,모바일,돌곶이역운동,4,0,0,0,2
"플레이스",플레이스2,베타2,모바일,돌곶이역헬스,11,1,77,77,1.2
"플레이스",플레이스2,베타2,모바일,돌곶이역헬스장,210,53,77,"4,081",1.2
"플레이스",플레이스2,베타2,모바일,상월곡역헬스장,8,1,"1,441","1,441",2.5
"플레이스",플레이스2,베타2,모바일,서울24시헬스장,28,1,"1,617","1,617",2.6
"플레이스",플레이스2,베타2,모바일,서울ACRO,4,0,0,0,2
"플레이스",플레이스2,베타2,모바일,석계역운동,10,0,0,0,1.6
"플레이스",플레이스2,베타2,모바일,석계역헬스,19,5,209,"1,045",1.2
"플레이스",플레이스2,베타2,모바일,석계역헬스장,154,10,211,"2,112",1.2
"플레이스",플레이스2,베타2,모바일,석관동헬스,22,4,77,308,1
"플레이스",플레이스2,베타2,모바일,석관동헬스장,31,10,77,770,1.2
"플레이스",플레이스2,베타2,모바일,성북구스포츠,1,0,0,0,2
"플레이스",플레이스2,베타2,모바일,성북구스포츠센터,43,0,0,0,1.3
"플레이스",플레이스2,베타2,모바일,성북구운동,4,0,0,0,4.5
"플레이스",플레이스2,베타2,모바일,성북구헬스,11,0,0,0,1.1
"플레이스",플레이스2,베타2,모바일,성북구헬스장,73,5,"1,778","8,888",1.3
"플레이스",플레이스2,베타2,모바일,성북구화랑로,42,1,"1,705","1,705",1.9
"플레이스",플레이스2,베타2,모바일,성북스포츠센터,89,3,"1,731","5,192",1.2
"플레이스",플레이스2,베타2,모바일,스포츠센터,34,1,"1,969","1,969",2.4
"플레이스",플레이스2,베타2,모바일,외대운동,2,1,"2,068","2,068",5.5
"플레이스",플레이스2,베타2,모바일,외대헬스,16,0,0,0,2
"플레이스",플레이스2,베타2,모바일,외대헬스장,160,5,"1,681","8,404",1.9
"플레이스",플레이스2,베타2,모바일,운동,153,4,"1,185","4,741",3.8
"플레이스",플레이스2,베타2,모바일,피트니스,25,0,0,0,2
"플레이스",플레이스2,베타2,모바일,피트니스센터,2,0,0,0,2
"플레이스",플레이스2,베타2,모바일,한국외대헬스장,1,0,0,0,1
"플레이스",플레이스2,베타2,모바일,헬스,535,27,"1,752","47,300",1.7
"플레이스",플레이스2,베타2,모바일,헬스클럽,5,0,0,0,2
"플레이스",플레이스2,베타2,모바일,헬쓰,1,0,0,0,3
"플레이스",플레이스2,베타2,모바일,화랑대역헬스,1,0,0,0,1
"플레이스",플레이스2,베타2,모바일,휘트니스,26,1,"1,947","1,947",1.9
