﻿"파워링크보고서(2024.12.01.~2024.12.31.),ablegym32:naver"
"캠페인유형",캠페인,광고그룹,키워드,PC/모바일 매체,노출수,클릭수,"평균클릭비용(VAT포함,원)","총비용(VAT포함,원)",방문당 평균페이지뷰,방문당 평균체류시간(초),전환수,전환매출액(원)
"파워링크",에이블짐_구디(NEW),에이블짐_세부키워드,구디24시간헬스장,PC,2,0,0,0,0,0,0,0
"파워링크",에이블짐_구디(NEW),에이블짐_세부키워드,구디24시간헬스장,모바일,1,0,0,0,0,0,0,0
"파워링크",에이블짐_구디(NEW),에이블짐_세부키워드,구디24시헬스장,PC,3,0,0,0,0,0,0,0
"파워링크",에이블짐_구디(NEW),에이블짐_세부키워드,구디24시헬스장,모바일,4,0,0,0,0,0,0,0
"파워링크",에이블짐_구디(NEW),에이블짐_세부키워드,구디PT추천,모바일,1,0,0,0,0,0,0,0
"파워링크",에이블짐_구디(NEW),에이블짐_세부키워드,구디근처헬스장,모바일,1,0,0,0,0,0,0,0
"파워링크",에이블짐_구디(NEW),에이블짐_세부키워드,구디역24시간헬스장,모바일,1,0,0,0,0,0,0,0
"파워링크",에이블짐_구디(NEW),에이블짐_세부키워드,구디역24시헬스장,모바일,2,0,0,0,0,0,0,0
"파워링크",에이블짐_구디(NEW),에이블짐_세부키워드,구디피트니스,모바일,1,0,0,0,0,0,0,0
"파워링크",에이블짐_구디(NEW),에이블짐_세부키워드,구디피트니스PT,모바일,18,0,0,0,0,0,0,0
"파워링크",에이블짐_구디(NEW),에이블짐_세부키워드,구디피트니스추천,모바일,1,0,0,0,0,0,0,0
"파워링크",에이블짐_구디(NEW),에이블짐_세부키워드,구디헬스장추천,PC,5,0,0,0,0,0,0,0
"파워링크",에이블짐_구디(NEW),에이블짐_세부키워드,구디헬스장추천,모바일,3,0,0,0,0,0,0,0
"파워링크",에이블짐_구디(NEW),에이블짐_세부키워드,구로24시간헬스장,모바일,8,0,0,0,0,0,0,0
"파워링크",에이블짐_구디(NEW),에이블짐_세부키워드,구로24시헬스장,PC,1,0,0,0,0,0,0,0
"파워링크",에이블짐_구디(NEW),에이블짐_세부키워드,구로24시헬스장,모바일,7,0,0,0,0,0,0,0
"파워링크",에이블짐_구디(NEW),에이블짐_세부키워드,구로근처헬스장,모바일,1,0,0,0,0,0,0,0
"파워링크",에이블짐_구디(NEW),에이블짐_세부키워드,구로동바디프로필,모바일,2,0,0,0,0,0,0,0
"파워링크",에이블짐_구디(NEW),에이블짐_세부키워드,구로동피트니스,PC,58,0,0,0,0,0,0,0
"파워링크",에이블짐_구디(NEW),에이블짐_세부키워드,구로동피트니스,모바일,4,0,0,0,0,0,0,0
"파워링크",에이블짐_구디(NEW),에이블짐_세부키워드,구로디지털단지24시간헬스장,PC,2,0,0,0,0,0,0,0
"파워링크",에이블짐_구디(NEW),에이블짐_세부키워드,구로디지털단지24시헬스장,PC,1,1,77,77,0,0,0,0
"파워링크",에이블짐_구디(NEW),에이블짐_세부키워드,구로디지털단지24시헬스장,모바일,3,0,0,0,0,0,0,0
"파워링크",에이블짐_구디(NEW),에이블짐_세부키워드,구로디지털단지근처헬스,PC,2,0,0,0,0,0,0,0
"파워링크",에이블짐_구디(NEW),에이블짐_세부키워드,구로디지털단지역1대1PT,모바일,1,0,0,0,0,0,0,0
"파워링크",에이블짐_구디(NEW),에이블짐_세부키워드,구로디지털단지역24시간헬스장,모바일,4,0,0,0,0,0,0,0
"파워링크",에이블짐_구디(NEW),에이블짐_세부키워드,구로디지털단지역24시헬스장,PC,1,0,0,0,0,0,0,0
"파워링크",에이블짐_구디(NEW),에이블짐_세부키워드,구로디지털단지역24시헬스장,모바일,2,0,0,0,0,0,0,0
"파워링크",에이블짐_구디(NEW),에이블짐_세부키워드,구로디지털단지역근처헬스장,PC,5,0,0,0,0,0,0,0
"파워링크",에이블짐_구디(NEW),에이블짐_세부키워드,구로디지털단지역주변헬스장,모바일,1,0,0,0,0,0,0,0
"파워링크",에이블짐_구디(NEW),에이블짐_세부키워드,구로디지털단지역피트니스,PC,1,0,0,0,0,0,0,0
"파워링크",에이블짐_구디(NEW),에이블짐_세부키워드,구로디지털단지역피트니스PT,PC,1,0,0,0,0,0,0,0
"파워링크",에이블짐_구디(NEW),에이블짐_세부키워드,구로디지털단지역피트니스PT,모바일,1,0,0,0,0,0,0,0
"파워링크",에이블짐_구디(NEW),에이블짐_세부키워드,구로바디프로필,PC,1,0,0,0,0,0,0,0
"파워링크",에이블짐_구디(NEW),에이블짐_세부키워드,구로바디프로필,모바일,2,0,0,0,0,0,0,0
"파워링크",에이블짐_구디(NEW),에이블짐_세부키워드,구로피트니스,PC,1,0,0,0,0,0,0,0
"파워링크",에이블짐_구디(NEW),에이블짐_세부키워드,구로피트니스,모바일,2,0,0,0,0,0,0,0
"파워링크",에이블짐_구디(NEW),mo-1위,구디PT,모바일,352,5,"10,036","50,182",0,0,0,0
"파워링크",에이블짐_구디(NEW),mo-1위,구디역PT,모바일,11,1,"1,991","1,991",0,0,0,0
"파워링크",에이블짐_구디(NEW),mo-1위,구디역피티,모바일,4,0,0,0,0,0,0,0
"파워링크",에이블짐_구디(NEW),mo-1위,구디역헬스,모바일,41,2,"1,953","3,905",0,0,0,0
"파워링크",에이블짐_구디(NEW),mo-1위,구디역헬스장,모바일,72,4,"1,895","7,579",0,0,0,0
"파워링크",에이블짐_구디(NEW),mo-1위,구디피티,모바일,76,6,"9,623","57,739",0,0,0,0
"파워링크",에이블짐_구디(NEW),mo-1위,구디헬스,모바일,123,6,"8,714","52,283",0,0,0,0
"파워링크",에이블짐_구디(NEW),mo-1위,구디헬스장,모바일,965,43,"7,586","326,194",0,0,0,0
"파워링크",에이블짐_구디(NEW),mo-1위,구로디지털단지역PT,모바일,78,0,0,0,0,0,0,0
"파워링크",에이블짐_구디(NEW),mo-1위,구로디지털단지역헬스장,모바일,246,12,"8,256","99,066",0,0,0,0
"파워링크",에이블짐_구디(NEW),pc-1위,구디PT,PC,254,0,0,0,0,0,0,0
"파워링크",에이블짐_구디(NEW),pc-1위,구디역PT,PC,14,0,0,0,0,0,0,0
"파워링크",에이블짐_구디(NEW),pc-1위,구디역피티,PC,1,0,0,0,0,0,0,0
"파워링크",에이블짐_구디(NEW),pc-1위,구디역헬스,PC,33,2,"5,440","10,879",0,0,0,0
"파워링크",에이블짐_구디(NEW),pc-1위,구디역헬스장,PC,41,1,"2,057","2,057",0,0,0,0
"파워링크",에이블짐_구디(NEW),pc-1위,구디피티,PC,36,0,0,0,0,0,0,0
"파워링크",에이블짐_구디(NEW),pc-1위,구디헬스,PC,94,2,"7,326","14,652",0,0,0,0
"파워링크",에이블짐_구디(NEW),pc-1위,구디헬스장,PC,672,14,"7,188","100,628",0,0,0,0
"파워링크",에이블짐_구디(NEW),pc-1위,구로디지털단지역PT,PC,30,1,"7,249","7,249",0,0,0,0
"파워링크",에이블짐_구디(NEW),pc-1위,구로디지털단지역헬스장,PC,119,7,"7,922","55,451",0,0,0,0
"플레이스",플레이스#1,플레이스#1_광고그룹#1,-,PC,"1,183",45,"3,172","142,725",0,0,0,0
"플레이스",플레이스#1,플레이스#1_광고그룹#1,-,모바일,"2,546",130,"2,783","361,746",0,0,0,0
