﻿"쇼핑검색보고서(2024.12.01.~2024.12.31.),lib7878:naver"
"캠페인유형",검색어,PC/모바일 매체,노출수,클릭수,"평균클릭비용(VAT포함,원)","총비용(VAT포함,원)",평균노출순위,방문당 평균페이지뷰,방문당 평균체류시간(초),전환수,전환매출액(원)
"파워링크",C2M눈썹,PC,3,2,77,154,1,1.5,1.5,1,"13,900"
"파워링크",C2M눈썹,모바일,10,1,77,77,1,1.67,2.33,1,"13,900"
"파워링크",C2M눈썹염색,모바일,5,0,0,0,1,0,0,0,0
"파워링크",C2M눈썹탈색,PC,3,0,0,0,1,0,0,0,0
"파워링크",C2M눈썹탈색,모바일,15,0,0,0,1,0,0,0,0
"파워링크",C2M눈썹탈색시간,PC,3,0,0,0,1,0,0,0,0
"파워링크",C2M눈썹탈색시간,모바일,2,0,0,0,1,0,0,0,0
"파워링크",C2M눈썹탈색약,모바일,2,0,0,0,1,0,0,0,0
"파워링크",C2M셀리한센,모바일,1,0,0,0,1,0,0,0,0
"파워링크",C2M크림염색,모바일,1,1,198,198,1,1,0,1,"13,900"
"파워링크",C2M크림헤어,모바일,2,0,0,0,1,0,0,0,0
"파워링크",C2M크림헤어블리치눈썹염색,모바일,2,0,0,0,1,0,0,0,0
"파워링크",C2M크림헤어블리치셀리한센,모바일,1,0,0,0,1,0,0,0,0
"파워링크",C2M크림헤어블리치셀리한센탈색약,모바일,1,0,0,0,1,0,0,0,0
"파워링크",C2M탈색,PC,2,0,0,0,1,0,0,0,0
"파워링크",C2M탈색,모바일,9,0,0,0,1,0,0,0,0
"파워링크",C2M탈색약,모바일,2,0,0,0,1,0,0,0,0
"파워링크",C2M헤어크림,모바일,1,0,0,0,1,0,0,0,0
"파워링크",N.Y눈썹,모바일,1,0,0,0,1,0,0,0,0
"파워링크",NY눈썹,PC,1,0,0,0,1,0,0,0,0
"파워링크",NY눈썹,모바일,3,0,0,0,1,0,0,0,0
"파워링크",눈섭염색제,PC,1,0,0,0,1,0,0,0,0
"파워링크",눈썹.염색약,모바일,1,0,0,0,3,0,0,0,0
"파워링크",눈썹.탈색,모바일,12,0,0,0,1,0,0,0,0
"파워링크",눈썹.탈색제,모바일,1,0,0,0,1,0,0,0,0
"파워링크",눈썹문신염색약위험,모바일,1,0,0,0,1,0,0,0,0
"파워링크",눈썹문신하고탈색,PC,1,0,0,0,1,0,0,0,0
"파워링크",눈썹문신하고탈색,모바일,2,0,0,0,1,0,0,0,0
"파워링크",눈썹문신하기전에탈색,모바일,1,0,0,0,1,0,0,0,0
"파워링크",눈썹문신하면눈썹탈색,PC,2,0,0,0,1,0,0,0,0
"파워링크",눈썹문신한눈썹탈색,모바일,1,0,0,0,1,0,0,0,0
"파워링크",눈썹문신한사람탈색,모바일,1,0,0,0,1,0,0,0,0
"파워링크",눈썹문신했는데눈썹탈색,모바일,1,0,0,0,1,0,0,0,0
"파워링크",눈썹문신했는데셀프탈색,모바일,2,0,0,0,1,0,0,0,0
"파워링크",눈썹문신했는데탈색,모바일,5,0,0,0,1,0,0,0,0
"파워링크",눈썹문신했는데탈색되나요,모바일,1,0,0,0,1,0,0,0,0
"파워링크",눈썹브로우염색,모바일,3,0,0,0,2.3,0,0,0,0
"파워링크",눈썹블리치탈색,PC,2,0,0,0,1,0,0,0,0
"파워링크",눈썹블리치탈색,모바일,1,0,0,0,1,0,0,0,0
"파워링크",눈썹셀프염색약,모바일,1,0,0,0,1,0,0,0,0
"파워링크",눈썹셀프탈색약,모바일,1,0,0,0,1,0,0,0,0
"파워링크",눈썹약,PC,4,0,0,0,4.3,0,0,0,0
"파워링크",눈썹약,모바일,14,0,0,0,4.6,0,0,0,0
"파워링크",눈썹에염색약,모바일,5,0,0,0,1,0,0,0,0
"파워링크",눈썹에염색을,모바일,1,0,0,0,1,0,0,0,0
"파워링크",눈썹연하게탈색없이,모바일,1,0,0,0,1,0,0,0,0
"파워링크",눈썹염모제,모바일,1,0,0,0,1,0,0,0,0
"파워링크",눈썹염색,PC,"1,156",3,462,"1,386",5.4,1.6,18.2,1,"13,900"
"파워링크",눈썹염색,모바일,"8,235",71,565,"40,128",3.9,1.55,13.24,6,"83,400"
"파워링크",눈썹염색C2M,모바일,3,0,0,0,1,0,0,0,0
"파워링크",눈썹염색눈썹탈색,모바일,1,0,0,0,1,0,0,0,0
"파워링크",눈썹염색방법,PC,4,0,0,0,1,0,0,0,0
"파워링크",눈썹염색방법,모바일,13,0,0,0,1,0,0,0,0
"파워링크",눈썹염색법,모바일,2,0,0,0,2,0,0,0,0
"파워링크",눈썹염색블리치,PC,1,0,0,0,1,0,0,0,0
"파워링크",눈썹염색블리치,모바일,8,0,0,0,1,0,0,0,0
"파워링크",눈썹염색색,모바일,1,0,0,0,1,0,0,0,0
"파워링크",눈썹염색셀프블리치,모바일,1,0,0,0,2,0,0,0,0
"파워링크",눈썹염색아론염색약,모바일,2,0,0,0,1,0,0,0,0
"파워링크",눈썹염색약,PC,543,8,421,"3,366",2.7,1.22,4.44,0,0
"파워링크",눈썹염색약,모바일,"3,457",58,376,"21,824",2.1,1.49,11.65,3,"41,700"
"파워링크",눈썹염색약.,모바일,1,0,0,0,3,0,0,0,0
"파워링크",눈썹염색약비교,모바일,1,0,0,0,1,0,0,0,0
"파워링크",눈썹염색약셀프,모바일,1,0,0,0,1,0,0,0,0
"파워링크",눈썹염색약으로,모바일,1,0,0,0,1,0,0,0,0
"파워링크",눈썹염색약크림,모바일,1,0,0,0,1,0,0,0,0
"파워링크",눈썹염색약탈색약,모바일,1,0,0,0,1,0,0,0,0
"파워링크",눈썹염색약토니모리,PC,1,0,0,0,1,0,0,0,0
"파워링크",눈썹염색염색약,모바일,3,0,0,0,1,0,0,0,0
"파워링크",눈썹염색염색약으로,모바일,1,0,0,0,2,0,0,0,0
"파워링크",눈썹염색제블리치,모바일,1,0,0,0,1,0,0,0,0
"파워링크",눈썹염색크림,모바일,4,1,429,429,1,1,0,0,0
"파워링크",눈썹염색탈색,PC,3,0,0,0,1,0,0,0,0
"파워링크",눈썹염색탈색,모바일,18,0,0,0,1,0,0,0,0
"파워링크",눈썹염색탈색셀프,PC,1,0,0,0,1,0,0,0,0
"파워링크",눈썹염색탈색약,모바일,1,0,0,0,3,0,0,0,0
"파워링크",눈썹염색펜,모바일,4,0,0,0,2.8,0,0,0,0
"파워링크",눈썹염색헤어염색약으로?,PC,1,0,0,0,2,0,0,0,0
"파워링크",눈썹잔흔탈색,모바일,1,0,0,0,1,0,0,0,0
"파워링크",눈썹컷트,모바일,1,0,0,0,1,0,0,0,0
"파워링크",눈썹크림탈색,모바일,2,0,0,0,1,0,0,0,0
"파워링크",눈썹타투눈썹탈색,모바일,1,0,0,0,1,0,0,0,0
"파워링크",눈썹타투탈색,모바일,6,0,0,0,1,0,0,0,0
"파워링크",눈썹탈색,PC,"1,840",2,292,583,2.8,1,0,0,0
"파워링크",눈썹탈색,모바일,"8,675",23,394,"9,053",2.3,1.36,6.67,1,"13,900"
"파워링크",눈썹탈색',PC,1,0,0,0,1,0,0,0,0
"파워링크",눈썹탈색.추천,모바일,1,0,0,0,1,0,0,0,0
"파워링크",눈썹탈색?,모바일,1,0,0,0,1,0,0,0,0
"파워링크",눈썹탈색C2M,PC,1,0,0,0,1,0,0,0,0
"파워링크",눈썹탈색C2M,모바일,3,0,0,0,1,0,0,0,0
"파워링크",눈썹탈색],PC,2,0,0,0,1,0,0,0,0
"파워링크",눈썹탈색검정색으로염색,모바일,1,0,0,0,1,0,0,0,0
"파워링크",눈썹탈색눈썹염색,모바일,1,0,0,0,1,0,0,0,0
"파워링크",눈썹탈색블리치,모바일,16,0,0,0,1,0,0,0,0
"파워링크",눈썹탈색샐리,모바일,1,0,0,0,1,0,0,0,0
"파워링크",눈썹탈색셀리한센,PC,1,0,0,0,1,0,0,0,0
"파워링크",눈썹탈색셀프,PC,1,0,0,0,1,0,0,0,0
"파워링크",눈썹탈색셀프,모바일,2,0,0,0,1,0,0,0,0
"파워링크",눈썹탈색약,PC,286,1,341,341,1.1,2,4,0,0
"파워링크",눈썹탈색약,모바일,"2,663",0,0,0,2,0,0,0,0
"파워링크",눈썹탈색약C2M,모바일,1,0,0,0,1,0,0,0,0
"파워링크",눈썹탈색약블리치,PC,2,0,0,0,1,0,0,0,0
"파워링크",눈썹탈색약블리치,모바일,1,0,0,0,1,0,0,0,0
"파워링크",눈썹탈색약시간,모바일,2,0,0,0,1,0,0,0,0
"파워링크",눈썹탈색약염색약,모바일,1,0,0,0,1,0,0,0,0
"파워링크",눈썹탈색약제조,모바일,1,0,0,0,1,0,0,0,0
"파워링크",눈썹탈색약추천,모바일,2,0,0,0,1,0,0,0,0
"파워링크",눈썹탈색약토니모리,모바일,2,0,0,0,1,0,0,0,0
"파워링크",눈썹탈색약하기,모바일,1,0,0,0,1,0,0,0,0
"파워링크",눈썹탈색염색,PC,2,0,0,0,1,0,0,0,0
"파워링크",눈썹탈색염색,모바일,25,0,0,0,1,0,0,0,0
"파워링크",눈썹탈색염색약,PC,1,0,0,0,1,0,0,0,0
"파워링크",눈썹탈색염색약,모바일,11,0,0,0,1,0,0,0,0
"파워링크",눈썹탈색염색약2제,PC,1,0,0,0,2,0,0,0,0
"파워링크",눈썹탈색염색약으로,모바일,1,0,0,0,1,0,0,0,0
"파워링크",눈썹탈색염색제,PC,1,0,0,0,1,0,0,0,0
"파워링크",눈썹탈색용,모바일,1,0,0,0,1,0,0,0,0
"파워링크",눈썹탈색크림,모바일,1,0,0,0,1,0,0,0,0
"파워링크",눈썹탈색타투,모바일,2,0,0,0,1,0,0,0,0
"파워링크",눈썹탈색탈색약,모바일,2,0,0,0,1,0,0,0,0
"파워링크",눈썹탈색펜,모바일,1,0,0,0,1,0,0,0,0
"파워링크",눈썹탈색하고염색,PC,1,0,0,0,1,0,0,0,0
"파워링크",눈썹탈색하고염색,모바일,1,0,0,0,1,0,0,0,0
"파워링크",눈썹하얗게탈색하는법,모바일,1,0,0,0,1,0,0,0,0
"파워링크",두피마사지,PC,1,0,0,0,20,0,0,0,0
"파워링크",문신한눈썹탈색,모바일,4,0,0,0,1.3,0,0,0,0
"파워링크",미국눈썹탈색약,모바일,2,0,0,0,1,0,0,0,0
"파워링크",미용실눈썹염색약,모바일,1,0,0,0,2,0,0,0,0
"파워링크",바디오일,모바일,2,0,0,0,31,0,0,0,0
"파워링크",반영구염색제,모바일,2,0,0,0,1.5,0,0,0,0
"파워링크",반영구탈색약,모바일,1,0,0,0,1,0,0,0,0
"파워링크",브로우.염색,모바일,1,0,0,0,1,0,0,0,0
"파워링크",브로우염색,모바일,1,0,0,0,1,0,0,0,0
"파워링크",브로우염색약,PC,1,0,0,0,2,0,0,0,0
"파워링크",브로우염색약,모바일,5,0,0,0,1,0,0,0,0
"파워링크",브로우염색제,모바일,3,0,0,0,1.3,0,0,0,0
"파워링크",브로우염색탈색,모바일,1,0,0,0,1,0,0,0,0
"파워링크",브로우탈색제,모바일,1,0,0,0,1,0,0,0,0
"파워링크",블리치.눈썹탈색,모바일,1,0,0,0,1,0,0,0,0
"파워링크",블리치눈썹약,모바일,2,0,0,0,1,0,0,0,0
"파워링크",블리치눈썹염색,PC,1,0,0,0,1,0,0,0,0
"파워링크",블리치눈썹염색,모바일,15,0,0,0,1,0,0,0,0
"파워링크",블리치눈썹탈색,모바일,55,0,0,0,1,0,0,0,0
"파워링크",블리치눈썹탈색눈썹탈색,모바일,1,0,0,0,1,0,0,0,0
"파워링크",블리치눈썹탈색시간,모바일,1,0,0,0,1,0,0,0,0
"파워링크",블리치눈썹탈색약,모바일,2,0,0,0,1,0,0,0,0
"파워링크",블리치로눈썹탈색,모바일,1,0,0,0,1,0,0,0,0
"파워링크",블리치셀프눈썹탈색,모바일,1,0,0,0,1,0,0,0,0
"파워링크",블리치셀프탈색약,PC,1,0,0,0,2,0,0,0,0
"파워링크",블리치탈색눈썹,모바일,1,0,0,0,1,0,0,0,0
"파워링크",블리치탈색눈썹염색,모바일,1,0,0,0,1,0,0,0,0
"파워링크",블리치탈색약눈썹,모바일,1,0,0,0,1,0,0,0,0
"파워링크",블리치탈색약눈썹염색,모바일,1,0,0,0,1,0,0,0,0
"파워링크",블리치탈색약눈썹탈색,PC,1,0,0,0,1,0,0,0,0
"파워링크",블리치탈색약으로눈썹염색,모바일,1,0,0,0,1,0,0,0,0
"파워링크",블리치탈색약트리트먼트,모바일,1,0,0,0,1,0,0,0,0
"파워링크",샐리아이브로우,모바일,2,0,0,0,1,0,0,0,0
"파워링크",샐리탈색,모바일,2,0,0,0,1,0,0,0,0
"파워링크",샐리한센눈썹,모바일,2,0,0,0,1,0,0,0,0
"파워링크",샐리한센눈썹염색,모바일,1,0,0,0,1,0,0,0,0
"파워링크",샐리한센눈썹탈색,모바일,1,0,0,0,1,0,0,0,0
"파워링크",샐리한센눈썹탈색시간,PC,1,0,0,0,1,0,0,0,0
"파워링크",샐리한센블리치,모바일,5,1,176,176,1,2,4,0,0
"파워링크",샐리한센블리치크림,모바일,1,0,0,0,1,0,0,0,0
"파워링크",샐리한센인중탈색,모바일,2,0,0,0,1,0,0,0,0
"파워링크",샐리한센크림,모바일,1,0,0,0,1,0,0,0,0
"파워링크",샐리한센크림블리치,모바일,"4,797",7,242,"1,694",1.3,1.2,0.8,0,0
"파워링크",샐리한센탈색,모바일,1,0,0,0,1,0,0,0,0
"파워링크",셀리눈썹염색약,모바일,1,0,0,0,2,0,0,0,0
"파워링크",셀리온루미너스크림,모바일,1,0,0,0,3,0,0,0,0
"파워링크",셀리한센.눈썹시간,모바일,1,0,0,0,1,0,0,0,0
"파워링크",셀리한센눈썹,PC,1,0,0,0,1,0,0,0,0
"파워링크",셀리한센눈썹,모바일,4,0,0,0,1,0,0,0,0
"파워링크",셀리한센눈썹염색,모바일,3,0,0,0,1,0,0,0,0
"파워링크",셀리한센눈썹염색약,모바일,1,0,0,0,1,0,0,0,0
"파워링크",셀리한센눈썹탈색,모바일,1,0,0,0,1,0,0,0,0
"파워링크",셀리한센눈썹탈색제,모바일,1,0,0,0,1,0,0,0,0
"파워링크",셀리한센탈색약,PC,2,0,0,0,1,0,0,0,0
"파워링크",셀리한센탈색약,모바일,1,0,0,0,1,0,0,0,0
"파워링크",셀리한센헤어블리치,모바일,2,0,0,0,1,0,0,0,0
"파워링크",셀프.눈썹.탈색,모바일,1,0,0,0,1,0,0,0,0
"파워링크",셀프눈썹염색탈색,모바일,1,0,0,0,1,0,0,0,0
"파워링크",셀프눈썹탈색블리치,모바일,1,0,0,0,1,0,0,0,0
"파워링크",셀프눈썹탈색약,모바일,1,0,0,0,1,0,0,0,0
"파워링크",셀프눈썹탈색약추천,모바일,1,0,0,0,1,0,0,0,0
"파워링크",셀프염색약눈썹,모바일,1,0,0,0,3,0,0,0,0
"파워링크",셀프탈색눈썹,모바일,1,0,0,0,1,0,0,0,0
"파워링크",셀프탈색약크림,모바일,1,0,0,0,1,0,0,0,0
"파워링크",속눈썹염색,PC,1,0,0,0,1,0,0,0,0
"파워링크",속눈썹염색,모바일,9,0,0,0,1,0,0,0,0
"파워링크",속눈썹탈색제,모바일,1,0,0,0,1,0,0,0,0
"파워링크",씨투엠눈썹염색,모바일,1,0,0,0,1,0,0,0,0
"파워링크",아기마사지,PC,3,0,0,0,1.3,0,0,0,0
"파워링크",아기마사지,모바일,26,0,0,0,1.1,0,0,0,0
"파워링크",아기발진,PC,1,0,0,0,2,0,0,0,0
"파워링크",아이브로우염색,PC,17,0,0,0,5.9,0,0,0,0
"파워링크",아이브로우염색,모바일,37,0,0,0,3.9,0,0,0,0
"파워링크",아이브로우염색약,PC,2,0,0,0,2.5,0,0,0,0
"파워링크",아이브로우염색약,모바일,7,0,0,0,2.1,0,0,0,0
"파워링크",아이브로우탈색,PC,3,0,0,0,2.7,0,0,0,0
"파워링크",아이브로우탈색,모바일,26,1,638,638,3.2,2,7,0,0
"파워링크",아이브로우탈색모,모바일,1,0,0,0,1,0,0,0,0
"파워링크",아이브로우탈색약,모바일,2,0,0,0,2,0,0,0,0
"파워링크",안전한눈썹염색약,모바일,2,1,165,165,2,1,0,0,0
"파워링크",안전한눈썹탈색,모바일,1,0,0,0,1,0,0,0,0
"파워링크",안전한눈썹탈색약,PC,1,0,0,0,1,0,0,0,0
"파워링크",염색눈썹,PC,2,0,0,0,3,0,0,0,0
"파워링크",염색눈썹,모바일,14,0,0,0,2.4,0,0,0,0
"파워링크",염색눈썹탈색,모바일,2,0,0,0,1,0,0,0,0
"파워링크",염색약눈썹,PC,9,0,0,0,1.4,0,0,0,0
"파워링크",염색약눈썹,모바일,81,0,0,0,1.2,0,0,0,0
"파워링크",염색약눈썹에,모바일,2,0,0,0,1,0,0,0,0
"파워링크",염색약눈썹염색,모바일,3,0,0,0,1.3,0,0,0,0
"파워링크",염색약눈썹탈색,모바일,4,0,0,0,1,0,0,0,0
"파워링크",염색약셀프눈썹탈색,모바일,1,0,0,0,2,0,0,0,0
"파워링크",염색약으로눈썹,PC,1,0,0,0,2,0,0,0,0
"파워링크",염색약으로눈썹,모바일,34,0,0,0,1,0,0,0,0
"파워링크",염색약으로눈썹염색,PC,4,0,0,0,1,0,0,0,0
"파워링크",염색약으로눈썹염색,모바일,34,0,0,0,1,0,0,0,0
"파워링크",염색약으로눈썹탈색,모바일,1,0,0,0,1,0,0,0,0
"파워링크",염색약으로속눈썹,모바일,1,0,0,0,2,0,0,0,0
"파워링크",염색약탈색약눈썹,PC,1,0,0,0,1,0,0,0,0
"파워링크",영아마사지,모바일,1,0,0,0,1,0,0,0,0
"파워링크",유아마사지,PC,1,0,0,0,2,0,0,0,0
"파워링크",유아마사지,모바일,3,0,0,0,1,0,0,0,0
"파워링크",이마염색,모바일,2,0,0,0,1,0,0,0,0
"파워링크",인중탈색,PC,16,0,0,0,1.4,2,2,0,0
"파워링크",인중탈색,모바일,75,2,264,528,1,1.86,5,1,"13,900"
"파워링크",자연스러운눈썹탈색,모바일,4,0,0,0,1,0,0,0,0
"파워링크",자연스러운눈썹탈색약,PC,1,0,0,0,1,0,0,0,0
"파워링크",존슨즈베이비오일,PC,5,0,0,0,6.6,0,0,0,0
"파워링크",존슨즈베이비오일,모바일,1,0,0,0,15,0,0,0,0
"파워링크",크림눈썹탈색시간,모바일,1,0,0,0,1,0,0,0,0
"파워링크",크림블리치,PC,21,0,0,0,1.8,0,0,0,0
"파워링크",크림블리치,모바일,144,1,77,77,1.5,2,7,0,0
"파워링크",크림블리치C2M,모바일,2,1,143,143,1,1.5,1,0,0
"파워링크",크림블리치눈썹탈색약,모바일,2,0,0,0,1,0,0,0,0
"파워링크",크림블리치염색약,모바일,1,0,0,0,1,0,0,0,0
"파워링크",크림블리치탈색약,모바일,4,1,209,209,1,1,0,0,0
"파워링크",크림헤어눈썹염색약,모바일,1,0,0,0,1,0,0,0,0
"파워링크",크림헤어블리치샐리한센,모바일,2,1,253,253,1,1,0,0,0
"파워링크",타투탈색,PC,1,0,0,0,1,0,0,0,0
"파워링크",타투탈색,모바일,3,0,0,0,1,0,0,0,0
"파워링크",타투탈색약,모바일,1,0,0,0,1,0,0,0,0
"파워링크",타투펜순위,PC,2,0,0,0,1,0,0,0,0
"파워링크",타투펜순위,모바일,1,0,0,0,1,0,0,0,0
"파워링크",타투펜아이브로우순위,PC,1,0,0,0,1,0,0,0,0
"파워링크",탈색+염색,모바일,2,0,0,0,2,0,0,0,0
"파워링크",탈색.염색,모바일,1,0,0,0,3,0,0,0,0
"파워링크",탈색눈썹,PC,5,0,0,0,1,0,0,0,0
"파워링크",탈색눈썹,모바일,93,0,0,0,1,0,0,0,0
"파워링크",탈색눈썹염색,모바일,6,0,0,0,1,0,0,0,0
"파워링크",탈색눈썹탈색,모바일,1,0,0,0,1,0,0,0,0
"파워링크",탈색눈썹펜,모바일,2,0,0,0,1,0,0,0,0
"파워링크",탈색눈썹화장,모바일,3,0,0,0,1,0,0,0,0
"파워링크",탈색모눈썹탈색약,모바일,1,0,0,0,1,0,0,0,0
"파워링크",탈색아이브로우,PC,1,0,0,0,1,0,0,0,0
"파워링크",탈색아이브로우,모바일,2,0,0,0,1,0,0,0,0
"파워링크",탈색약눈썹,PC,1,0,0,0,1,0,0,0,0
"파워링크",탈색약눈썹,모바일,23,0,0,0,1,0,0,0,0
"파워링크",탈색약눈썹염색,모바일,6,0,0,0,1,0,0,0,0
"파워링크",탈색약눈썹탈색,모바일,5,0,0,0,1,0,0,0,0
"파워링크",탈색약눈썹하기,모바일,1,0,0,0,1,0,0,0,0
"파워링크",탈색약블리치,모바일,3,0,0,0,2,0,0,0,0
"파워링크",탈색약순위,모바일,1,0,0,0,1,0,0,0,0
"파워링크",탈색약에염색약,모바일,1,0,0,0,2,0,0,0,0
"파워링크",탈색약으로눈썹,모바일,3,0,0,0,1,0,0,0,0
"파워링크",탈색약으로눈썹염색,모바일,1,0,0,0,1,0,0,0,0
"파워링크",탈색약으로눈썹탈색,모바일,5,0,0,0,1,0,0,0,0
"파워링크",탈색약크림,모바일,2,0,0,0,1,0,0,0,0
"파워링크",탈색염색],PC,1,0,0,0,2,0,0,0,0
"파워링크",탈색염색약추천,PC,1,0,0,0,2,0,0,0,0
"파워링크",탈색염색약추천,모바일,3,0,0,0,1.7,0,0,0,0
"파워링크",탈색제눈썹염색,PC,1,0,0,0,1,0,0,0,0
"파워링크",탈색제속눈썹,모바일,1,0,0,0,1,0,0,0,0
"파워링크",토니모리눈썹염색블리치,모바일,1,0,0,0,1,0,0,0,0
"파워링크",토니모리눈썹탈색약,PC,1,0,0,0,1,0,0,0,0
"파워링크",토니모리탈색약눈썹탈색,모바일,1,0,0,0,1,0,0,0,0
"파워링크",페이스오일,모바일,7,0,0,0,26.7,0,0,0,0
"파워링크",한센눈썹탈색,모바일,1,0,0,0,1,0,0,0,0
"파워링크",헤어블리치탈색약,모바일,9,0,0,0,1.4,0,0,0,0
"파워링크",헤어염색약으로눈썹,모바일,1,0,0,0,2,0,0,0,0
"파워링크",헤어염색약으로눈썹염색,모바일,2,0,0,0,2,0,0,0,0
"파워링크",헤어탈색약눈썹,모바일,2,0,0,0,1,0,0,0,0
"파워링크",헤어탈색약눈썹탈색,모바일,1,0,0,0,1,0,0,0,0
"파워링크",헤어탈색약으로눈썹탈색,모바일,2,0,0,0,1,0,0,0,0
"파워링크",호호바오일,PC,1,0,0,0,23,0,0,0,0
"쇼핑검색",-,PC,798,5,471,"2,354",4.1,1,0,0,0
"쇼핑검색",-,모바일,"8,718",49,762,"37,334",4.4,1.37,7.08,5,"85,600"
"쇼핑검색",1+1골드캐비어염색약,모바일,1,0,0,0,8,0,0,0,0
"쇼핑검색",10AB눈썹염색,모바일,4,0,0,0,4,0,0,0,0
"쇼핑검색",1회용눈썹탈색,모바일,2,0,0,0,1.5,0,0,0,0
"쇼핑검색",1회용눈썹탈색약,모바일,2,0,0,0,2.5,0,0,0,0
"쇼핑검색",9%백발탈색약,모바일,1,0,0,0,9,0,0,0,0
"쇼핑검색",ATC탈색약,모바일,1,0,0,0,8,0,0,0,0
"쇼핑검색",ATS탈색,모바일,1,0,0,0,13,0,0,0,0
"쇼핑검색",ATX탈색약,모바일,4,0,0,0,6.8,0,0,0,0
"쇼핑검색",BIOLANE,모바일,1,0,0,0,14,0,0,0,0
"쇼핑검색",BLEACH눈썹탈색,모바일,2,0,0,0,3.5,0,0,0,0
"쇼핑검색",BQCO탈색약,모바일,2,0,0,0,6.5,0,0,0,0
"쇼핑검색",C/솝베리염색약,PC,1,0,0,0,2,0,0,0,0
"쇼핑검색",C2M,PC,22,1,682,682,1.1,1,0,0,0
"쇼핑검색",C2M,모바일,30,0,0,0,1.3,0,0,0,0
"쇼핑검색",C2M눈썹,모바일,3,0,0,0,1,0,0,0,0
"쇼핑검색",C2M눈썹염색,PC,2,0,0,0,1,0,0,0,0
"쇼핑검색",C2M눈썹염색,모바일,1,1,55,55,1,1,0,0,0
"쇼핑검색",C2M눈썹탈색,모바일,2,0,0,0,1,0,0,0,0
"쇼핑검색",C2M눈썹탈색약,모바일,1,0,0,0,1,0,0,0,0
"쇼핑검색",C2M염색시즌2,모바일,2,0,0,0,1,0,0,0,0
"쇼핑검색",C2M염색약,모바일,13,0,0,0,2.3,0,0,0,0
"쇼핑검색",C2M크림블리치,PC,5,0,0,0,1,0,0,0,0
"쇼핑검색",C2M크림블리치,모바일,34,2,55,110,1.1,1,0,0,0
"쇼핑검색",C2M크림헤어블리치,PC,6,0,0,0,1,0,0,0,0
"쇼핑검색",C2M크림헤어블리치,모바일,17,3,502,"1,507",1.3,1,0,1,"13,900"
"쇼핑검색",CLOROX블리치펜,모바일,2,0,0,0,1,0,0,0,0
"쇼핑검색",DHI눈썹,모바일,7,0,0,0,2.4,0,0,0,0
"쇼핑검색",DHI크림블리치,PC,1,0,0,0,1,0,0,0,0
"쇼핑검색",DHI크림블리치,모바일,8,0,0,0,2,0,0,0,0
"쇼핑검색",DHI탈색,모바일,4,0,0,0,2,0,0,0,0
"쇼핑검색",DH눈썹탈색,모바일,4,0,0,0,3.5,0,0,0,0
"쇼핑검색",JOLEN,PC,1,0,0,0,1,0,0,0,0
"쇼핑검색",JOLEN,모바일,23,0,0,0,2.4,0,0,0,0
"쇼핑검색",LED골프티,모바일,1,0,0,0,1,0,0,0,0
"쇼핑검색",LINDA탈색약,모바일,2,0,0,0,6.5,0,0,0,0
"쇼핑검색",LONDA탈색약,모바일,2,0,0,0,6.5,0,0,0,0
"쇼핑검색",MAKEMEBOX눈썹염색,모바일,2,0,0,0,3,0,0,0,0
"쇼핑검색",NS홈쇼핑헤어타투,모바일,1,0,0,0,4,0,0,0,0
"쇼핑검색",OREDEVE탈색약,PC,1,0,0,0,6,0,0,0,0
"쇼핑검색",SELLY'S,PC,5,0,0,0,3.2,0,0,0,0
"쇼핑검색",SELLY'S,모바일,3,0,0,0,3.7,0,0,0,0
"쇼핑검색",SNOW탈색약,PC,2,0,0,0,9,0,0,0,0
"쇼핑검색",가렵지않은염색약,모바일,1,0,0,0,9,0,0,0,0
"쇼핑검색",가성비탈색약,모바일,2,0,0,0,9.5,0,0,0,0
"쇼핑검색",간단염색펜,모바일,1,0,0,0,2,0,0,0,0
"쇼핑검색",간단한펜염색약,PC,1,0,0,0,3,0,0,0,0
"쇼핑검색",간편눈썹염색,PC,2,0,0,0,2.5,0,0,0,0
"쇼핑검색",감곡헤어타투,모바일,1,0,0,0,10,0,0,0,0
"쇼핑검색",강력한헤어커버타투틴트,모바일,1,0,0,0,10,0,0,0,0
"쇼핑검색",거품염색약1+1,모바일,1,0,0,0,9,0,0,0,0
"쇼핑검색",검정염색약1+1,모바일,1,0,0,0,18,0,0,0,0
"쇼핑검색",고무염색펜,모바일,2,0,0,0,5,0,0,0,0
"쇼핑검색",골든유기농베이비호호바오일,모바일,1,0,0,0,7,0,0,0,0
"쇼핑검색",골프LED티걸이,모바일,2,0,0,0,1,0,0,0,0
"쇼핑검색",골프나무롱티,모바일,2,0,0,0,24.5,0,0,0,0
"쇼핑검색",골프나무티,PC,4,0,0,0,28.5,0,0,0,0
"쇼핑검색",골프나무티,모바일,32,0,0,0,14.8,0,0,0,0
"쇼핑검색",골프나무티눈금,PC,1,0,0,0,8,0,0,0,0
"쇼핑검색",골프눈금나무티,모바일,1,0,0,0,8,0,0,0,0
"쇼핑검색",골프눈금롱나무티,모바일,1,0,0,0,9,0,0,0,0
"쇼핑검색",골프눈금롱티,모바일,1,0,0,0,14,0,0,0,0
"쇼핑검색",골프눈금티,모바일,1,0,0,0,1,0,0,0,0
"쇼핑검색",골프눈금티걸이,모바일,1,0,0,0,2,0,0,0,0
"쇼핑검색",골프대나무티,PC,1,0,0,0,8,0,0,0,0
"쇼핑검색",골프대나무티,모바일,6,0,0,0,5,0,0,0,0
"쇼핑검색",골프롱티,PC,1,0,0,0,19,0,0,0,0
"쇼핑검색",골프롱티,모바일,4,0,0,0,25,0,0,0,0
"쇼핑검색",골프롱티83,PC,1,0,0,0,16,0,0,0,0
"쇼핑검색",골프방향티,모바일,3,0,0,0,1,0,0,0,0
"쇼핑검색",골프에이밍,PC,1,0,0,0,21,0,0,0,0
"쇼핑검색",골프용,모바일,1,0,0,0,76,0,0,0,0
"쇼핑검색",골프용품,모바일,4,0,0,0,4.5,0,0,0,0
"쇼핑검색",골프용품TEE,모바일,2,0,0,0,25,0,0,0,0
"쇼핑검색",골프우드티,모바일,1,0,0,0,2,0,0,0,0
"쇼핑검색",골프티,PC,4,0,0,0,35.5,0,0,0,0
"쇼핑검색",골프티,모바일,23,1,847,847,11.3,1,0,0,0
"쇼핑검색",골프티걸이인형,모바일,1,0,0,0,1,0,0,0,0
"쇼핑검색",골프티꽂이,모바일,14,0,0,0,11.5,0,0,0,0
"쇼핑검색",골프티눈금,PC,3,0,0,0,3,0,0,0,0
"쇼핑검색",골프티눈금,모바일,2,0,0,0,8,0,0,0,0
"쇼핑검색",구렛나루염색펜,모바일,1,0,0,0,2,0,0,0,0
"쇼핑검색",그리모헤어타투,모바일,2,0,0,0,4,0,0,0,0
"쇼핑검색",길이조절나무티,모바일,1,0,0,0,5,0,0,0,0
"쇼핑검색",꽁뜨탈색약,모바일,2,0,0,0,6,0,0,0,0
"쇼핑검색",나무골프티,PC,2,0,0,0,26,0,0,0,0
"쇼핑검색",나무골프티,모바일,6,0,0,0,32.8,0,0,0,0
"쇼핑검색",나무눈금티,모바일,1,1,220,220,7,1,0,0,0
"쇼핑검색",나무롱티,모바일,4,0,0,0,4,0,0,0,0
"쇼핑검색",나무티,PC,2,0,0,0,9,0,0,0,0
"쇼핑검색",나무티,모바일,23,1,891,891,6.3,1,0,0,0
"쇼핑검색",나무티50,모바일,1,0,0,0,12,0,0,0,0
"쇼핑검색",남유네오일,모바일,2,0,0,0,15,0,0,0,0
"쇼핑검색",남유네호호바오일,모바일,1,0,0,0,15,0,0,0,0
"쇼핑검색",남자흑채,모바일,1,0,0,0,12,0,0,0,0
"쇼핑검색",네이처카인드헤어틴트,모바일,2,0,0,0,5,0,0,0,0
"쇼핑검색",네츄레메디호호바오일,모바일,3,0,0,0,15,0,0,0,0
"쇼핑검색",노란기없는탈색약,모바일,2,0,0,0,8,0,0,0,0
"쇼핑검색",높이조절골프티,모바일,2,0,0,0,9.5,0,0,0,0
"쇼핑검색",높이조절나무티,PC,2,0,0,0,18.5,0,0,0,0
"쇼핑검색",높이조절눈금티,모바일,1,0,0,0,14,0,0,0,0
"쇼핑검색",높이조절대나무티,모바일,1,0,0,0,6,0,0,0,0
"쇼핑검색",높이조절하는나무티,모바일,1,0,0,0,5,0,0,0,0
"쇼핑검색",눈금골프티,PC,1,1,440,440,4,1,0,0,0
"쇼핑검색",눈금골프티,모바일,6,0,0,0,1,0,0,0,0
"쇼핑검색",눈금나무티,PC,1,0,0,0,8,0,0,0,0
"쇼핑검색",눈금나무티,모바일,2,0,0,0,3.5,0,0,0,0
"쇼핑검색",눈금롱티,PC,1,0,0,0,10,0,0,0,0
"쇼핑검색",눈금티,모바일,1,0,0,0,2,0,0,0,0
"쇼핑검색",눈섭염색,PC,5,0,0,0,2.8,0,0,0,0
"쇼핑검색",눈섭염색,모바일,5,0,0,0,3.2,0,0,0,0
"쇼핑검색",눈섭염색약,모바일,8,0,0,0,2.9,0,0,0,0
"쇼핑검색",눈썹.탈색,모바일,2,1,572,572,3.5,1,0,0,0
"쇼핑검색",눈썹검정염색,모바일,2,0,0,0,4,0,0,0,0
"쇼핑검색",눈썹국소부위염색약,모바일,2,0,0,0,3,0,0,0,0
"쇼핑검색",눈썹방수크림스타일링크림,모바일,6,0,0,0,1.8,0,0,0,0
"쇼핑검색",눈썹브라운염색,모바일,4,0,0,0,3.8,0,0,0,0
"쇼핑검색",눈썹블랙염색,PC,1,0,0,0,2,0,0,0,0
"쇼핑검색",눈썹블랙염색,모바일,5,0,0,0,1.6,0,0,0,0
"쇼핑검색",눈썹블리치,PC,4,1,814,814,1.5,2,88,0,0
"쇼핑검색",눈썹블리치,모바일,6,0,0,0,1.5,0,0,0,0
"쇼핑검색",눈썹새치,모바일,1,0,0,0,5,0,0,0,0
"쇼핑검색",눈썹새치염색약,PC,1,0,0,0,5,0,0,0,0
"쇼핑검색",눈썹셀프염색,PC,20,0,0,0,1.4,0,0,0,0
"쇼핑검색",눈썹셀프염색,모바일,70,0,0,0,1.7,0,0,0,0
"쇼핑검색",눈썹수염염색약,모바일,2,0,0,0,3.5,0,0,0,0
"쇼핑검색",눈썹씨투엠,모바일,3,1,55,55,1,1,0,1,"13,900"
"쇼핑검색",눈썹연하게염색,PC,2,0,0,0,1.5,0,0,0,0
"쇼핑검색",눈썹염모제,모바일,6,0,0,0,2.5,0,0,0,0
"쇼핑검색",눈썹염색,PC,"1,554",16,439,"7,029",2,1,0,1,"13,900"
"쇼핑검색",눈썹염색,모바일,"12,785",197,455,"89,551",2.6,1.12,3.99,35,"546,100"
"쇼핑검색",눈썹염색-탈색,모바일,2,0,0,0,2.5,0,0,0,0
"쇼핑검색",눈썹염색1주,모바일,2,0,0,0,4,0,0,0,0
"쇼핑검색",눈썹염색검정,PC,2,0,0,0,3,0,0,0,0
"쇼핑검색",눈썹염색검정,모바일,6,0,0,0,3.3,0,0,0,0
"쇼핑검색",눈썹염색로레알,모바일,2,0,0,0,5,0,0,0,0
"쇼핑검색",눈썹염색마지렐,모바일,4,0,0,0,3.5,0,0,0,0
"쇼핑검색",눈썹염색블랙,모바일,11,0,0,0,3.4,0,0,0,0
"쇼핑검색",눈썹염색블리치,PC,2,0,0,0,1.5,0,0,0,0
"쇼핑검색",눈썹염색비교,모바일,2,0,0,0,5.5,0,0,0,0
"쇼핑검색",눈썹염색소분,모바일,6,0,0,0,2.8,0,0,0,0
"쇼핑검색",눈썹염색시간,모바일,2,0,0,0,4.5,0,0,0,0
"쇼핑검색",눈썹염색약,PC,483,7,357,"2,497",1.5,1,0,0,0
"쇼핑검색",눈썹염색약,모바일,"6,143",116,441,"51,194",1.8,1.11,7.07,9,"169,800"
"쇼핑검색",눈썹염색약1회용,PC,2,0,0,0,4,0,0,0,0
"쇼핑검색",눈썹염색약\,PC,4,0,0,0,3,0,0,0,0
"쇼핑검색",눈썹염색약브라운,모바일,2,0,0,0,4,0,0,0,0
"쇼핑검색",눈썹염색약엔트로피,모바일,2,0,0,0,3.5,0,0,0,0
"쇼핑검색",눈썹염색약추천,모바일,4,0,0,0,2.5,0,0,0,0
"쇼핑검색",눈썹염색제,PC,55,1,308,308,1.5,1,0,0,0
"쇼핑검색",눈썹염색제,모바일,992,47,420,"19,734",2.4,1.08,1.13,8,"111,200"
"쇼핑검색",눈썹염색제추천,모바일,2,1,825,825,2.5,1,0,0,0
"쇼핑검색",눈썹염색컬러,모바일,4,0,0,0,3,0,0,0,0
"쇼핑검색",눈썹염색크림헤어블리치,모바일,2,0,0,0,2.5,0,0,0,0
"쇼핑검색",눈썹염색흑색,모바일,2,0,0,0,4.5,0,0,0,0
"쇼핑검색",눈썹전용염색제,모바일,2,0,0,0,3,0,0,0,0
"쇼핑검색",눈썹전용탈색약,모바일,7,0,0,0,1.7,0,0,0,0
"쇼핑검색",눈썹크림,PC,2,0,0,0,1,0,0,0,0
"쇼핑검색",눈썹크림탈색,모바일,2,0,0,0,1.5,0,0,0,0
"쇼핑검색",눈썹타투염색약,모바일,1,0,0,0,1,0,0,0,0
"쇼핑검색",눈썹탈모약,모바일,2,0,0,0,3.5,0,0,0,0
"쇼핑검색",눈썹탈색,PC,"2,269",14,369,"5,159",1.6,1.19,12.5,0,0
"쇼핑검색",눈썹탈색,모바일,"23,572",374,385,"143,836",2.2,1.07,2.32,56,"876,800"
"쇼핑검색",눈썹탈색1회용,모바일,2,0,0,0,3.5,0,0,0,0
"쇼핑검색",눈썹탈색로레알,모바일,4,0,0,0,4,0,0,0,0
"쇼핑검색",눈썹탈색약,PC,577,10,388,"3,883",1.7,1,0,0,0
"쇼핑검색",눈썹탈색약,모바일,"5,561",157,371,"58,190",2.3,1.04,2.23,20,"352,500"
"쇼핑검색",눈썹탈색약1회,PC,2,0,0,0,2.5,0,0,0,0
"쇼핑검색",눈썹탈색약소분,PC,2,0,0,0,2.5,0,0,0,0
"쇼핑검색",눈썹탈색약엔트로피,모바일,2,0,0,0,2.5,0,0,0,0
"쇼핑검색",눈썹탈색약추천,모바일,2,0,0,0,2.5,0,0,0,0
"쇼핑검색",눈썹탈색약카키브라운,모바일,2,0,0,0,2.5,0,0,0,0
"쇼핑검색",눈썹탈색엔트로피,모바일,2,1,517,517,2.5,1,0,0,0
"쇼핑검색",눈썹탈색일회용,모바일,2,0,0,0,2.5,0,0,0,0
"쇼핑검색",눈썹탈색제,PC,1,0,0,0,1,1,0,0,0
"쇼핑검색",눈썹탈색제,모바일,19,0,0,0,2.9,0,0,0,0
"쇼핑검색",눈썹탈색제품,모바일,2,0,0,0,2.5,0,0,0,0
"쇼핑검색",눈썹탈색졸렌,모바일,2,0,0,0,3,0,0,0,0
"쇼핑검색",눈썹헤어스트록,모바일,2,0,0,0,5,0,0,0,0
"쇼핑검색",눈썹헤어타투,모바일,2,0,0,0,2,0,0,0,0
"쇼핑검색",뉴앙셀위드보태니컬익스트랙트,모바일,1,0,0,0,14,0,0,0,0
"쇼핑검색",닥터아토지아,모바일,3,0,0,0,13.3,0,0,0,0
"쇼핑검색",대나무골프티,모바일,15,0,0,0,5,0,0,0,0
"쇼핑검색",대나무티,PC,2,0,0,0,9,0,0,0,0
"쇼핑검색",대나무티,모바일,7,0,0,0,5,0,0,0,0
"쇼핑검색",대용량탈색약,모바일,1,0,0,0,1,0,0,0,0
"쇼핑검색",더블하트베이비오일,모바일,1,0,0,0,12,0,0,0,0
"쇼핑검색",더블하트오일,모바일,3,0,0,0,14,0,0,0,0
"쇼핑검색",더블하트크리미오일,모바일,1,0,0,0,2,0,0,0,0
"쇼핑검색",더호호바컴퍼니,PC,3,0,0,0,1,0,0,0,0
"쇼핑검색",더호호바컴퍼니,모바일,17,1,473,473,1,1,0,0,0
"쇼핑검색",더호호바컴퍼니베이비오일,모바일,1,0,0,0,1,0,0,0,0
"쇼핑검색",더호호바컴퍼니오일,모바일,4,0,0,0,1,0,0,0,0
"쇼핑검색",더호호바컴퍼니유기농호호바오일,모바일,2,0,0,0,3.5,0,0,0,0
"쇼핑검색",더호호바컴퍼니호호바오일,PC,1,0,0,0,1,0,0,0,0
"쇼핑검색",더호호바컴퍼니호호바오일,모바일,9,0,0,0,1,0,0,0,0
"쇼핑검색",데르마타투크림,모바일,1,0,0,0,6,0,0,0,0
"쇼핑검색",독일아기화장품,모바일,1,0,0,0,47,0,0,0,0
"쇼핑검색",독일유아유기농호호바오일,모바일,1,0,0,0,9,0,0,0,0
"쇼핑검색",두피염색펜,모바일,1,0,0,0,2,0,0,0,0
"쇼핑검색",두피용타투염색약,모바일,1,0,0,0,3,0,0,0,0
"쇼핑검색",드라이버나무티,PC,1,0,0,0,1,0,0,0,0
"쇼핑검색",라본느탈색약,모바일,5,0,0,0,8.2,0,0,0,0
"쇼핑검색",레드와인염색약,모바일,1,0,0,0,13,0,0,0,0
"쇼핑검색",로레알눈썹염색,PC,1,0,0,0,3,0,0,0,0
"쇼핑검색",로레알눈썹염색,모바일,8,1,506,506,4.5,1,0,0,0
"쇼핑검색",로레알눈썹탈색약,모바일,7,0,0,0,3.1,0,0,0,0
"쇼핑검색",로레알마지렐,모바일,1,0,0,0,3,0,0,0,0
"쇼핑검색",로레알마지렐마지커버10,모바일,2,0,0,0,4,0,0,0,0
"쇼핑검색",로레알마지커버,PC,1,0,0,0,4,0,0,0,0
"쇼핑검색",로레알마지커버10,PC,2,0,0,0,1.5,0,0,0,0
"쇼핑검색",로레알마지커버10,모바일,68,0,0,0,2.7,0,0,0,0
"쇼핑검색",로레알마지커버10금색,모바일,1,0,0,0,8,0,0,0,0
"쇼핑검색",로레알마지패션13,모바일,1,0,0,0,5,0,0,0,0
"쇼핑검색",로레알염색약,모바일,10,0,0,0,3.6,0,0,0,0
"쇼핑검색",로레알염색약눈썹,모바일,1,0,0,0,5,0,0,0,0
"쇼핑검색",로레알플래티넘탈색,모바일,1,0,0,0,16,0,0,0,0
"쇼핑검색",로하스베베오일,모바일,7,0,0,0,13.9,0,0,0,0
"쇼핑검색",롱눈금나무티,모바일,1,0,0,0,7,0,0,0,0
"쇼핑검색",롱티나무티,모바일,2,0,0,0,9.5,0,0,0,0
"쇼핑검색",리이마탈색약,모바일,2,0,0,0,9,0,0,0,0
"쇼핑검색",마스카라염색,모바일,1,0,0,0,5,0,0,0,0
"쇼핑검색",마지렐,모바일,1,0,0,0,4,0,0,0,0
"쇼핑검색",마지렐눈썹염색,모바일,8,0,0,0,4.3,0,0,0,0
"쇼핑검색",마지커버10,모바일,3,0,0,0,3.7,0,0,0,0
"쇼핑검색",맥미눈썹염색제,모바일,2,0,0,0,4.5,0,0,0,0
"쇼핑검색",맥미컬러눈썹염색제,PC,11,0,0,0,2.1,0,0,0,0
"쇼핑검색",맥미컬러눈썹염색제,모바일,5,0,0,0,2.8,0,0,0,0
"쇼핑검색",머리염색타투,모바일,1,0,0,0,3,0,0,0,0
"쇼핑검색",머리염색펜,모바일,2,0,0,0,1,0,0,0,0
"쇼핑검색",머리카락염색펜,모바일,2,0,0,0,2,0,0,0,0
"쇼핑검색",머리타투염색,모바일,3,0,0,0,3,0,0,0,0
"쇼핑검색",머리탈색약,모바일,6,0,0,0,8.2,0,0,0,0
"쇼핑검색",머리틴트,모바일,1,0,0,0,5,0,0,0,0
"쇼핑검색",메이샤탈색약,모바일,4,0,0,0,6.8,0,0,0,0
"쇼핑검색",모레모탈색약,모바일,1,0,0,0,3,0,0,0,0
"쇼핑검색",모발염색펜,PC,1,0,0,0,2,0,0,0,0
"쇼핑검색",몽디에스,모바일,17,0,0,0,12.9,0,0,0,0
"쇼핑검색",몽디에스베이비오일,모바일,1,0,0,0,11,0,0,0,0
"쇼핑검색",몽디에스오일,모바일,17,0,0,0,12.3,0,0,0,0
"쇼핑검색",무스텔라베이비오일,모바일,1,0,0,0,10,0,0,0,0
"쇼핑검색",무스텔라오일,모바일,2,0,0,0,14,0,0,0,0
"쇼핑검색",미용탈색,모바일,4,0,0,0,11.5,0,0,0,0
"쇼핑검색",미용탈색페이퍼,모바일,2,0,0,0,9.5,0,0,0,0
"쇼핑검색",미장센염색약블랙,모바일,1,0,0,0,12,0,0,0,0
"쇼핑검색",미장센헬로크림,모바일,1,0,0,0,14,0,0,0,0
"쇼핑검색",미쟝센뉴헬로크림,모바일,1,0,0,0,15,0,0,0,0
"쇼핑검색",미쟝센블랙,모바일,1,0,0,0,13,0,0,0,0
"쇼핑검색",바디오일아기,모바일,1,0,0,0,22,0,0,0,0
"쇼핑검색",바를,모바일,1,0,0,0,13,0,0,0,0
"쇼핑검색",바를아기호호바오일,모바일,1,0,0,0,4,0,0,0,0
"쇼핑검색",밝은탈색약,모바일,2,0,0,0,6.5,0,0,0,0
"쇼핑검색",백발탈색약,모바일,1,0,0,0,9,0,0,0,0
"쇼핑검색",베드타임오일,모바일,1,0,0,0,12,0,0,0,0
"쇼핑검색",베베드블랑,모바일,2,0,0,0,14,0,0,0,0
"쇼핑검색",베베드블랑오일,모바일,1,0,0,0,2,0,0,0,0
"쇼핑검색",베베드블랑호호바오일,모바일,4,0,0,0,6.8,0,0,0,0
"쇼핑검색",베베뮤오일,모바일,1,0,0,0,14,0,0,0,0
"쇼핑검색",베비루미오일,모바일,1,0,0,0,14,0,0,0,0
"쇼핑검색",베이비마사지오일,모바일,3,0,0,0,14.7,0,0,0,0
"쇼핑검색",베이비바디오일,모바일,8,0,0,0,16.8,0,0,0,0
"쇼핑검색",베이비오일,PC,20,0,0,0,10.8,1,0,0,0
"쇼핑검색",베이비오일,모바일,304,0,0,0,13.8,0,0,0,0
"쇼핑검색",베이비오일250ML,모바일,1,0,0,0,2,0,0,0,0
"쇼핑검색",베이비오일골든호호바오일250ML,모바일,2,0,0,0,2,0,0,0,0
"쇼핑검색",베이비오일추천,모바일,2,0,0,0,13.5,0,0,0,0
"쇼핑검색",베이비존슨오일,모바일,4,0,0,0,13.5,0,0,0,0
"쇼핑검색",베이비존슨즈오일,모바일,1,0,0,0,15,0,0,0,0
"쇼핑검색",베이비호호바오일,모바일,26,2,737,"1,474",4.4,1,0,0,0
"쇼핑검색",벨레다카렌듈라오일,모바일,3,0,0,0,15,0,0,0,0
"쇼핑검색",보스타나염색제,모바일,1,0,0,0,11,0,0,0,0
"쇼핑검색",보타니컬테라피베이비오일,모바일,1,0,0,0,11,0,0,0,0
"쇼핑검색",보타니컬테라피오일,모바일,13,0,0,0,13.3,0,0,0,0
"쇼핑검색",부분염색약,모바일,4,0,0,0,4.3,0,0,0,0
"쇼핑검색",부분탈색,모바일,1,0,0,0,3,0,0,0,0
"쇼핑검색",분홍색탈색약,모바일,2,0,0,0,7,0,0,0,0
"쇼핑검색",브로우탈색,PC,12,2,319,638,1.7,1,0,0,0
"쇼핑검색",브로우탈색,모바일,20,1,352,352,2.1,1,0,0,0
"쇼핑검색",블랙눈썹염색약,모바일,2,0,0,0,4.5,0,0,0,0
"쇼핑검색",블랙빼기,모바일,2,0,0,0,2,0,0,0,0
"쇼핑검색",블랙빼기눈썹탈색,모바일,2,0,0,0,1.5,0,0,0,0
"쇼핑검색",블랙빼기약,모바일,3,0,0,0,15,0,0,0,0
"쇼핑검색",블랙빼기염색약,모바일,1,0,0,0,3,0,0,0,0
"쇼핑검색",블랙빼기이지엔,모바일,1,0,0,0,4,0,0,0,0
"쇼핑검색",블랙헤어눈썹염색,모바일,4,0,0,0,3.5,0,0,0,0
"쇼핑검색",블로우블리치,모바일,1,0,0,0,1,0,0,0,0
"쇼핑검색",블리치1/1,모바일,1,0,0,0,1,0,0,0,0
"쇼핑검색",블리치눈썹,PC,1,0,0,0,2,0,0,0,0
"쇼핑검색",블리치눈썹,모바일,46,2,605,"1,210",2.1,1,0,0,0
"쇼핑검색",블리치블랙빼기,PC,2,0,0,0,2,0,0,0,0
"쇼핑검색",블리치블랙빼기,모바일,32,0,0,0,2.3,0,0,0,0
"쇼핑검색",블리치셀프탈색약,PC,2,0,0,0,5.5,0,0,0,0
"쇼핑검색",블리치스타일링BRAVISM,PC,1,0,0,0,5,0,0,0,0
"쇼핑검색",블리치약,모바일,2,0,0,0,4,0,0,0,0
"쇼핑검색",블리치염색,모바일,4,0,0,0,6,0,0,0,0
"쇼핑검색",블리치염색약,모바일,4,0,0,0,6,0,0,0,0
"쇼핑검색",블리치크림,PC,2,0,0,0,1.5,0,0,0,0
"쇼핑검색",블리치크림,모바일,5,0,0,0,1.4,0,0,0,0
"쇼핑검색",블리치탈색,모바일,34,0,0,0,2.4,0,0,0,0
"쇼핑검색",블리치탈색약,모바일,14,0,0,0,3.1,0,0,0,0
"쇼핑검색",비올란,모바일,4,0,0,0,15,0,0,0,0
"쇼핑검색",비올란아몬드오일,모바일,2,0,0,0,15,0,0,0,0
"쇼핑검색",비올란오일,모바일,21,0,0,0,12.2,0,0,0,0
"쇼핑검색",뿌리탈색약,모바일,2,0,0,0,7.5,0,0,0,0
"쇼핑검색",쁘리마쥬마사지오일,모바일,1,0,0,0,10,0,0,0,0
"쇼핑검색",쁘리마쥬베이비오일,모바일,3,0,0,0,13,0,0,0,0
"쇼핑검색",쁘리마쥬오일,모바일,152,0,0,0,12.8,0,0,0,0
"쇼핑검색",사노산오일,모바일,3,0,0,0,14,0,0,0,0
"쇼핑검색",사이오스올레오크림,모바일,1,0,0,0,11,0,0,0,0
"쇼핑검색",삼보탈색약,모바일,2,0,0,0,9.5,0,0,0,0
"쇼핑검색",상하지않는탈색약,모바일,4,0,0,0,8.5,0,0,0,0
"쇼핑검색",새치눈썹염색,모바일,5,0,0,0,2.4,0,0,0,0
"쇼핑검색",새치마스카라,모바일,1,0,0,0,4,0,0,0,0
"쇼핑검색",새치머리염색,모바일,1,0,0,0,5,0,0,0,0
"쇼핑검색",새치머리염색약,모바일,1,0,0,0,5,0,0,0,0
"쇼핑검색",새치부분염색,모바일,1,0,0,0,4,0,0,0,0
"쇼핑검색",새치부분염색약,모바일,1,0,0,0,5,0,0,0,0
"쇼핑검색",새치염색,모바일,2,0,0,0,12.5,0,0,0,0
"쇼핑검색",새치염색애쉬,모바일,2,0,0,0,3.5,0,0,0,0
"쇼핑검색",새치커버마스카라,모바일,1,0,0,0,4,0,0,0,0
"쇼핑검색",새치커버마스카라추천,모바일,1,0,0,0,5,0,0,0,0
"쇼핑검색",새치커버셀프염색눈썹,모바일,2,0,0,0,4,0,0,0,0
"쇼핑검색",새치타투,모바일,1,0,0,0,5,0,0,0,0
"쇼핑검색",새치헤어타투펜,모바일,1,0,0,0,1,0,0,0,0
"쇼핑검색",샐리한센염색,모바일,1,0,0,0,1,0,0,0,0
"쇼핑검색",샐리한센탈색,모바일,2,0,0,0,1,0,0,0,0
"쇼핑검색",샴푸형탈색,모바일,2,0,0,0,6.5,0,0,0,0
"쇼핑검색",세븐에이트새치커버틴트,모바일,1,0,0,0,13,0,0,0,0
"쇼핑검색",세화탈색약,모바일,2,0,0,0,8.5,0,0,0,0
"쇼핑검색",셀리한센눈썹,PC,2,0,0,0,1,0,0,0,0
"쇼핑검색",셀리한센눈썹,모바일,16,1,55,55,1,1,0,0,0
"쇼핑검색",셀리한센눈썹염색,모바일,2,0,0,0,1,0,0,0,0
"쇼핑검색",셀리한센눈썹탈색약,모바일,1,0,0,0,1,0,0,0,0
"쇼핑검색",셀리한센블리치,모바일,4,0,0,0,1,0,0,0,0
"쇼핑검색",셀리한센크림,PC,1,0,0,0,1,0,0,0,0
"쇼핑검색",셀리한센크림,모바일,5,1,55,55,1,1,0,2,"27,800"
"쇼핑검색",셀리한센크림블리치,모바일,5,1,55,55,1,1,0,0,0
"쇼핑검색",셀리한센크림헤어블리치,모바일,12,1,55,55,1,1,0,1,"13,900"
"쇼핑검색",셀리한센탈색,PC,2,0,0,0,1,0,0,0,0
"쇼핑검색",셀리한센탈색,모바일,20,3,55,165,1.1,1,0,2,"27,800"
"쇼핑검색",셀리한센탈색약,모바일,1,1,55,55,1,1,0,0,0
"쇼핑검색",셀프.눈썹.탈색,모바일,2,0,0,0,2.5,0,0,0,0
"쇼핑검색",셀프눈썹염색,PC,77,3,363,"1,089",1.5,1,0,0,0
"쇼핑검색",셀프눈썹염색,모바일,693,14,387,"5,423",2.2,1.08,1.29,1,"13,900"
"쇼핑검색",셀프눈썹염색약,PC,30,0,0,0,3.4,0,0,0,0
"쇼핑검색",셀프눈썹염색약,모바일,7,0,0,0,2.9,0,0,0,0
"쇼핑검색",셀프눈썹탈색,모바일,6,0,0,0,2.7,0,0,0,0
"쇼핑검색",셀프눈썹탈색약,모바일,4,0,0,0,3.5,0,0,0,0
"쇼핑검색",셀프브라운염색약,모바일,2,0,0,0,33.5,0,0,0,0
"쇼핑검색",셀프염색,PC,4,0,0,0,34.5,0,0,0,0
"쇼핑검색",셀프염색,모바일,17,0,0,0,23.6,0,0,0,0
"쇼핑검색",셀프염색약,PC,8,0,0,0,39.8,0,0,0,0
"쇼핑검색",셀프염색약,모바일,15,0,0,0,26.7,0,0,0,0
"쇼핑검색",셀프염색약추천,모바일,3,0,0,0,39.3,0,0,0,0
"쇼핑검색",셀프염색추천,모바일,2,0,0,0,19.5,0,0,0,0
"쇼핑검색",셀프탈색,PC,7,0,0,0,5.4,0,0,0,0
"쇼핑검색",셀프탈색,모바일,374,4,946,"3,784",3.1,1,0,0,0
"쇼핑검색",셀프탈색약,PC,12,0,0,0,5.5,0,0,0,0
"쇼핑검색",셀프탈색약,모바일,251,4,946,"3,784",3.7,1,0,0,0
"쇼핑검색",셀프탈색약버블,모바일,4,0,0,0,6.5,0,0,0,0
"쇼핑검색",셀프탈색약추천,PC,4,0,0,0,8.5,0,0,0,0
"쇼핑검색",셀프탈색약추천,모바일,7,0,0,0,3.7,0,0,0,0
"쇼핑검색",셀프탈색약크림,모바일,2,0,0,0,9,0,0,0,0
"쇼핑검색",셀프헤어매니큐어,모바일,1,0,0,0,10,0,0,0,0
"쇼핑검색",셀프헤어타투,모바일,1,1,770,770,3,1,0,0,0
"쇼핑검색",손상모탈색약,모바일,2,0,0,0,6,0,0,0,0
"쇼핑검색",솜털염색,모바일,2,0,0,0,4,0,0,0,0
"쇼핑검색",송채환타투염색약,모바일,1,0,0,0,5,0,0,0,0
"쇼핑검색",송채환헤어타투,모바일,1,0,0,0,3,0,0,0,0
"쇼핑검색",수안향장염모제,모바일,4,0,0,0,7.5,0,0,0,0
"쇼핑검색",수안향장염색약,모바일,5,0,0,0,24.2,0,0,0,0
"쇼핑검색",순수염색약와인브라운,모바일,1,0,0,0,8,0,0,0,0
"쇼핑검색",슈바츠코프탈색약,모바일,1,0,0,0,12,0,0,0,0
"쇼핑검색",슈보컬러링,모바일,2,0,0,0,10,0,0,0,0
"쇼핑검색",신생아두피오일,모바일,2,0,0,0,14.5,0,0,0,0
"쇼핑검색",신생아마사지오일,모바일,5,0,0,0,14,0,0,0,0
"쇼핑검색",신생아바디오일,모바일,3,0,0,0,15,0,0,0,0
"쇼핑검색",신생아베이비오일,모바일,2,0,0,0,10,0,0,0,0
"쇼핑검색",신생아오일,모바일,74,0,0,0,12.9,0,0,0,0
"쇼핑검색",신생아오일추천,모바일,1,0,0,0,15,0,0,0,0
"쇼핑검색",신생아호호바오일,모바일,1,0,0,0,15,0,0,0,0
"쇼핑검색",신생아화장품,모바일,4,0,0,0,14.8,0,0,0,0
"쇼핑검색",씨투엠,PC,3,0,0,0,4.7,0,0,0,0
"쇼핑검색",씨투엠,모바일,4,0,0,0,2,0,0,0,0
"쇼핑검색",씨투엠에프에프,모바일,2,0,0,0,1,0,0,0,0
"쇼핑검색",씨투엠염색,모바일,4,1,836,836,2,1,0,0,0
"쇼핑검색",씨투엠염색약,모바일,5,0,0,0,1.4,0,0,0,0
"쇼핑검색",아가오일,모바일,2,0,0,0,20.5,0,0,0,0
"쇼핑검색",아기두피오일,모바일,17,0,0,0,13.4,0,0,0,0
"쇼핑검색",아기마사지오일,모바일,3,0,0,0,10,0,0,0,0
"쇼핑검색",아기바디오일,PC,1,0,0,0,15,0,0,0,0
"쇼핑검색",아기바디오일,모바일,37,0,0,0,15.6,0,0,0,0
"쇼핑검색",아기오일,PC,5,0,0,0,15.6,0,0,0,0
"쇼핑검색",아기오일,모바일,133,0,0,0,14.6,0,0,0,0
"쇼핑검색",아기오일26300원,모바일,1,0,0,0,5,0,0,0,0
"쇼핑검색",아기오일26900원,모바일,6,0,0,0,5.3,0,0,0,0
"쇼핑검색",아기오일호호바,모바일,2,0,0,0,7,0,0,0,0
"쇼핑검색",아기유기농호호바오일,모바일,3,0,0,0,5,0,0,0,0
"쇼핑검색",아기지루성두피염오일,모바일,1,0,0,0,25,0,0,0,0
"쇼핑검색",아기호호바오일,PC,33,0,0,0,5.4,0,0,0,0
"쇼핑검색",아기호호바오일,모바일,506,10,661,"6,611",4.8,1,0,0,0
"쇼핑검색",아기호호바오일바를,모바일,2,0,0,0,4,0,0,0,0
"쇼핑검색",아기호호바오일추천,모바일,1,0,0,0,8,0,0,0,0
"쇼핑검색",아로즈타투헤어폼,모바일,1,0,0,0,3,0,0,0,0
"쇼핑검색",아세스프리탈색약,모바일,2,0,0,0,10.5,0,0,0,0
"쇼핑검색",아이보들오일,모바일,1,0,0,0,15,0,0,0,0
"쇼핑검색",아이보들호호바오일,모바일,3,0,0,0,14.3,0,0,0,0
"쇼핑검색",아토오겔베이비오일,모바일,1,0,0,0,11,0,0,0,0
"쇼핑검색",아토오겔오일,모바일,3,0,0,0,14.7,0,0,0,0
"쇼핑검색",아토팜오일,모바일,6,0,0,0,14.5,0,0,0,0
"쇼핑검색",아토팜크림마사지오일,모바일,2,0,0,0,14.5,0,0,0,0
"쇼핑검색",아토피바디오일,모바일,7,0,0,0,11.4,0,0,0,0
"쇼핑검색",아토피오일,모바일,8,0,0,0,11.8,0,0,0,0
"쇼핑검색",안산탈색약파는곳,모바일,2,0,0,0,9.5,0,0,0,0
"쇼핑검색",안전한염색약,모바일,3,0,0,0,9,0,0,0,0
"쇼핑검색",애쉬매트브라운염색약,모바일,2,0,0,0,3,0,0,0,0
"쇼핑검색",애쉬브라운눈썹탈색셀프,모바일,4,0,0,0,3.5,0,0,0,0
"쇼핑검색",애쉬브라운염색,모바일,5,0,0,0,3,0,0,0,0
"쇼핑검색",약눈썹염색,모바일,2,0,0,0,3,0,0,0,0
"쇼핑검색",어린이바디오일,모바일,3,0,0,0,15,0,0,0,0
"쇼핑검색",어린이오일,모바일,1,0,0,0,3,0,0,0,0
"쇼핑검색",에뛰드팡팡헤어,모바일,1,0,0,0,1,0,0,0,0
"쇼핑검색",에비뉴탈색약,모바일,2,0,0,0,5.5,0,0,0,0
"쇼핑검색",에스파염색약,모바일,1,0,0,0,6,0,0,0,0
"쇼핑검색",에이밍티,모바일,1,0,0,0,10,0,0,0,0
"쇼핑검색",에이티에스탈색약,모바일,4,0,0,0,6.5,0,0,0,0
"쇼핑검색",엑셀랑스크림1+1,모바일,2,0,0,0,4,0,0,0,0
"쇼핑검색",엔트로피눈썹염색,PC,3,0,0,0,1,0,0,0,0
"쇼핑검색",엔트로피눈썹염색,모바일,79,0,0,0,2.5,0,0,0,0
"쇼핑검색",엔트로피눈썹탈색,모바일,1,0,0,0,3,0,0,0,0
"쇼핑검색",엔트로피브로우,모바일,1,0,0,0,3,0,0,0,0
"쇼핑검색",엔트로피블로우블리치,모바일,1,0,0,0,3,0,0,0,0
"쇼핑검색",엔트로피블리치,모바일,2,0,0,0,3,0,0,0,0
"쇼핑검색",엔트로피염색,PC,1,0,0,0,1,0,0,0,0
"쇼핑검색",엔트로피염색,모바일,5,0,0,0,2.4,0,0,0,0
"쇼핑검색",엔트로피염색눈썹,모바일,2,0,0,0,2,0,0,0,0
"쇼핑검색",엔트로피탈색,PC,2,0,0,0,2.5,0,0,0,0
"쇼핑검색",엔트로피탈색,모바일,18,0,0,0,2.8,0,0,0,0
"쇼핑검색",염색,모바일,4,0,0,0,2,0,0,0,0
"쇼핑검색",염색눈썹,모바일,4,0,0,0,2.5,0,0,0,0
"쇼핑검색",염색머리타투,모바일,2,0,0,0,3,0,0,0,0
"쇼핑검색",염색약,PC,16,0,0,0,64.9,2,1,0,0
"쇼핑검색",염색약,모바일,653,1,924,924,7.5,1,0,0,0
"쇼핑검색",염색약1+1,모바일,3,0,0,0,11.7,0,0,0,0
"쇼핑검색",염색약가격,모바일,1,0,0,0,2,0,0,0,0
"쇼핑검색",염색약블루1+1,모바일,1,0,0,0,9,0,0,0,0
"쇼핑검색",염색약셀프눈썹탈색,모바일,2,0,0,0,2.5,0,0,0,0
"쇼핑검색",염색약소분,모바일,3,0,0,0,2.7,0,0,0,0
"쇼핑검색",염색약추천,모바일,46,0,0,0,3.3,0,0,0,0
"쇼핑검색",염색약크림,모바일,1,0,0,0,15,0,0,0,0
"쇼핑검색",염색약펜,모바일,1,0,0,0,2,0,0,0,0
"쇼핑검색",염색잘되는염색약,PC,1,0,0,0,5,0,0,0,0
"쇼핑검색",염색제,모바일,1,0,0,0,1,0,0,0,0
"쇼핑검색",염색크림,PC,4,0,0,0,24.3,0,0,0,0
"쇼핑검색",염색크림,모바일,9,0,0,0,24.2,0,0,0,0
"쇼핑검색",염색타투,모바일,4,0,0,0,4,0,0,0,0
"쇼핑검색",염색펜타입,모바일,1,0,0,0,2,0,0,0,0
"쇼핑검색",염색펜헤어,모바일,1,0,0,0,2,0,0,0,0
"쇼핑검색",옆머리새치,모바일,1,0,0,0,3,0,0,0,0
"쇼핑검색",오가본씨앗품은오일,모바일,2,0,0,0,12.5,0,0,0,0
"쇼핑검색",오가본영양오일,모바일,2,0,0,0,15,0,0,0,0
"쇼핑검색",오가본오일,모바일,24,0,0,0,14.1,0,0,0,0
"쇼핑검색",오눅눈썹염색,PC,2,0,0,0,1.5,0,0,0,0
"쇼핑검색",오릭스바디오일,모바일,3,0,0,0,13.3,0,0,0,0
"쇼핑검색",오릭스오일,모바일,1,0,0,0,15,0,0,0,0
"쇼핑검색",올라가눈썹염색,모바일,2,0,0,0,4,0,0,0,0
"쇼핑검색",올리브영눈썹염색,모바일,7,0,0,0,2.1,0,0,0,0
"쇼핑검색",올리브영눈썹탈색,모바일,3,0,0,0,2.3,0,0,0,0
"쇼핑검색",올리브영염색약,모바일,7,0,0,0,1.6,0,0,0,0
"쇼핑검색",올리브영졸렌,PC,3,0,0,0,1,0,0,0,0
"쇼핑검색",올리브영졸렌,모바일,2,0,0,0,1,0,0,0,0
"쇼핑검색",올리브영탈색약,모바일,9,0,0,0,2.3,0,0,0,0
"쇼핑검색",외국탈색약,모바일,2,0,0,0,8.5,0,0,0,0
"쇼핑검색",웰라염색약,모바일,2,0,0,0,12,0,0,0,0
"쇼핑검색",웰라탈색약,모바일,14,0,0,0,12.6,0,0,0,0
"쇼핑검색",유기농베이비바디오일,모바일,1,0,0,0,24,0,0,0,0
"쇼핑검색",유기농아기오일,모바일,2,0,0,0,8,0,0,0,0
"쇼핑검색",유기농호호바오일베이비,PC,2,0,0,0,4,0,0,0,0
"쇼핑검색",유아마사지오일,모바일,2,0,0,0,12.5,0,0,0,0
"쇼핑검색",유아바디오일,PC,2,0,0,0,18.5,0,0,0,0
"쇼핑검색",유아바디오일,모바일,6,0,0,0,18.7,0,0,0,0
"쇼핑검색",유아베이비오일,모바일,1,0,0,0,20,0,0,0,0
"쇼핑검색",유아보습오일,모바일,1,0,0,0,15,0,0,0,0
"쇼핑검색",유아오일,모바일,24,0,0,0,17.9,0,0,0,0
"쇼핑검색",유아오일추천,모바일,2,0,0,0,5,0,0,0,0
"쇼핑검색",유아용호호바오일,모바일,1,0,0,0,8,0,0,0,0
"쇼핑검색",유아유기농호호바오일,모바일,4,0,0,0,6.8,0,0,0,0
"쇼핑검색",유아호호바,모바일,1,0,0,0,7,0,0,0,0
"쇼핑검색",유아호호바오일,PC,8,0,0,0,5.5,0,0,0,0
"쇼핑검색",유아호호바오일,모바일,277,9,669,"6,017",4.4,1.4,7.2,1,"30,000"
"쇼핑검색",유통기한탈색약,모바일,2,0,0,0,4.5,0,0,0,0
"쇼핑검색",이고라블리치피우더,모바일,2,0,0,0,4.5,0,0,0,0
"쇼핑검색",이로즈타투벌벳크림,모바일,1,0,0,0,8,0,0,0,0
"쇼핑검색",이지엔블랙빼기,모바일,4,0,0,0,2.5,0,0,0,0
"쇼핑검색",이지엔탈색,모바일,2,0,0,0,3,0,0,0,0
"쇼핑검색",이지엔헤어블리치,모바일,3,0,0,0,2,0,0,0,0
"쇼핑검색",이희새치커버,모바일,1,0,0,0,3,0,0,0,0
"쇼핑검색",인중염색,모바일,21,0,0,0,2.5,0,0,0,0
"쇼핑검색",인중염색약,모바일,2,0,0,0,1.5,0,0,0,0
"쇼핑검색",일본눈썹염색,PC,2,0,0,0,2.5,0,0,0,0
"쇼핑검색",일제탈색약,모바일,4,0,0,0,9,0,0,0,0
"쇼핑검색",저가탈색약,모바일,6,0,0,0,11.8,0,0,0,0
"쇼핑검색",저손상탈색약,모바일,2,0,0,0,6,0,0,0,0
"쇼핑검색",저자극탈색약,모바일,2,0,0,0,4.5,0,0,0,0
"쇼핑검색",전문가용탈색약,모바일,3,0,0,0,8,0,0,0,0
"쇼핑검색",전소미탈색염색약,모바일,2,0,0,0,8.5,0,0,0,0
"쇼핑검색",제키드탈색,모바일,2,0,0,0,7.5,0,0,0,0
"쇼핑검색",조렌,모바일,11,0,0,0,2,0,0,0,0
"쇼핑검색",존슨앤존슨바디오일,모바일,1,0,0,0,13,0,0,0,0
"쇼핑검색",존슨앤존슨베이비오일,모바일,9,0,0,0,12.2,0,0,0,0
"쇼핑검색",존슨앤존슨오일,모바일,4,0,0,0,13.3,0,0,0,0
"쇼핑검색",존슨즈바디오일,모바일,9,0,0,0,13.8,0,0,0,0
"쇼핑검색",존슨즈베드타임베이비오일,모바일,1,0,0,0,12,0,0,0,0
"쇼핑검색",존슨즈베드타임오일,모바일,12,0,0,0,12.5,0,0,0,0
"쇼핑검색",존슨즈베이비베드타임오일,모바일,3,0,0,0,6.7,0,0,0,0
"쇼핑검색",존슨즈베이비오일,모바일,102,0,0,0,13.3,0,0,0,0
"쇼핑검색",존슨즈오일,모바일,2,0,0,0,2,0,0,0,0
"쇼핑검색",존슨즈핸드크림,모바일,1,0,0,0,3,0,0,0,0
"쇼핑검색",졸렌,PC,4,0,0,0,1,0,0,0,0
"쇼핑검색",졸렌,모바일,34,0,0,0,2.4,0,0,0,0
"쇼핑검색",졸렌눈썹,모바일,6,0,0,0,1,0,0,0,0
"쇼핑검색",졸렌눈썹탈색,PC,4,0,0,0,1,0,0,0,0
"쇼핑검색",졸렌눈썹탈색,모바일,100,0,0,0,1.3,0,0,0,0
"쇼핑검색",졸렌눈썹탈색약,모바일,1,0,0,0,1,0,0,0,0
"쇼핑검색",졸렌블리치,PC,1,0,0,0,2,0,0,0,0
"쇼핑검색",졸렌블리치,모바일,8,0,0,0,2.8,0,0,0,0
"쇼핑검색",졸렌염색약,모바일,4,0,0,0,3,0,0,0,0
"쇼핑검색",졸렌크림,PC,1,0,0,0,1,0,0,0,0
"쇼핑검색",졸렌크림,모바일,12,0,0,0,2.9,0,0,0,0
"쇼핑검색",졸렌크림블리치,모바일,36,0,0,0,2.3,0,0,0,0
"쇼핑검색",졸렌크림블리치마일드,PC,1,0,0,0,1,0,0,0,0
"쇼핑검색",졸렌크림블리치마일드,모바일,5,0,0,0,1.6,0,0,0,0
"쇼핑검색",졸렌크림블리치마일드탈색제,PC,2,0,0,0,2.5,0,0,0,0
"쇼핑검색",졸렌크림블리치마일드탈색제,모바일,1,0,0,0,3,0,0,0,0
"쇼핑검색",졸렌탈색,PC,1,0,0,0,1,0,0,0,0
"쇼핑검색",졸렌탈색,모바일,2,0,0,0,1.5,0,0,0,0
"쇼핑검색",졸렘크림블리치,모바일,2,1,880,880,1.5,1,0,0,0
"쇼핑검색",중티,모바일,1,0,0,0,10,0,0,0,0
"쇼핑검색",차홍염색약,모바일,6,0,0,0,3,0,0,0,0
"쇼핑검색",캐리셀리스타일링,모바일,6,0,0,0,2,0,0,0,0
"쇼핑검색",컬리쉬탈색약,모바일,1,0,0,0,9,0,0,0,0
"쇼핑검색",케라시스오일염색약,모바일,1,0,0,0,1,0,0,0,0
"쇼핑검색",코스트코염색약,모바일,2,0,0,0,11,0,0,0,0
"쇼핑검색",코토리베이지염색약,모바일,3,0,0,0,1,0,0,0,0
"쇼핑검색",쿨브라운염색약,모바일,1,0,0,0,3,0,0,0,0
"쇼핑검색",크렘브리치,모바일,1,0,0,0,3,0,0,0,0
"쇼핑검색",크림브리치,모바일,2,1,880,880,1.5,1,0,0,0
"쇼핑검색",크림블리치,PC,15,2,765,"1,529",1.6,1,0,2,"69,500"
"쇼핑검색",크림블리치,모바일,192,18,926,"16,676",1.4,1.04,1.24,6,"98,300"
"쇼핑검색",크림염색,모바일,1,0,0,0,17,0,0,0,0
"쇼핑검색",크림염색약,모바일,7,0,0,0,16,0,0,0,0
"쇼핑검색",크림탈색약,모바일,65,3,898,"2,695",2.1,1,0,0,0
"쇼핑검색",크림헤어블리치,PC,17,1,902,902,1.6,1,0,0,0
"쇼핑검색",크림헤어블리치,모바일,466,41,907,"37,191",1.4,1.38,10.38,18,"264,100"
"쇼핑검색",크림헤어블리치눈썹탈색약,모바일,16,0,0,0,1.5,0,0,0,0
"쇼핑검색",크림형태염색약,모바일,1,0,0,0,11,0,0,0,0
"쇼핑검색",클럽카메론티,모바일,3,0,0,0,10,0,0,0,0
"쇼핑검색",키즈바디오일,모바일,5,0,0,0,15,0,0,0,0
"쇼핑검색",키즈오일,모바일,1,0,0,0,15,0,0,0,0
"쇼핑검색",타투그리모2,모바일,1,0,0,0,4,0,0,0,0
"쇼핑검색",타투그리모셀프,모바일,1,0,0,0,5,0,0,0,0
"쇼핑검색",타투그리모염색,모바일,2,0,0,0,3.5,0,0,0,0
"쇼핑검색",타투새치염색,모바일,2,0,0,0,3.5,0,0,0,0
"쇼핑검색",타투약으로헤어부분염색,모바일,2,0,0,0,5,0,0,0,0
"쇼핑검색",타투염색,모바일,44,0,0,0,3.4,0,0,0,0
"쇼핑검색",타투염색모델,모바일,2,0,0,0,4,0,0,0,0
"쇼핑검색",타투염색약,모바일,6,0,0,0,4.2,0,0,0,0
"쇼핑검색",타투염색약추천,모바일,3,0,0,0,2,0,0,0,0
"쇼핑검색",타투염색제,PC,1,0,0,0,2,0,0,0,0
"쇼핑검색",타투틴트새치커버,모바일,1,0,0,0,5,0,0,0,0
"쇼핑검색",타투헤어,모바일,4,0,0,0,4,0,0,0,0
"쇼핑검색",탈색,PC,4,0,0,0,6,0,0,0,0
"쇼핑검색",탈색,모바일,85,0,0,0,7.2,0,0,0,0
"쇼핑검색",탈색가격,모바일,3,0,0,0,9,0,0,0,0
"쇼핑검색",탈색눈썹,모바일,2,0,0,0,1.5,0,0,0,0
"쇼핑검색",탈색모염색약,모바일,3,0,0,0,8.7,0,0,0,0
"쇼핑검색",탈색약,PC,61,0,0,0,6.3,0,0,0,0
"쇼핑검색",탈색약,모바일,"1,140",4,886,"3,542",6.1,1,0,0,0
"쇼핑검색",탈색약1.5%,모바일,6,0,0,0,8,0,0,0,0
"쇼핑검색",탈색약1000,모바일,2,0,0,0,5.5,0,0,0,0
"쇼핑검색",탈색약11%,모바일,2,0,0,0,8.5,0,0,0,0
"쇼핑검색",탈색약3%,모바일,2,0,0,0,6.5,0,0,0,0
"쇼핑검색",탈색약가격,모바일,2,0,0,0,10,0,0,0,0
"쇼핑검색",탈색약나배산,모바일,2,0,0,0,20.5,0,0,0,0
"쇼핑검색",탈색약단백질,모바일,2,0,0,0,7.5,0,0,0,0
"쇼핑검색",탈색약대용량,모바일,1,0,0,0,9,0,0,0,0
"쇼핑검색",탈색약슈가초코프,모바일,6,0,0,0,8.8,0,0,0,0
"쇼핑검색",탈색약중화재,모바일,2,0,0,0,8.5,0,0,0,0
"쇼핑검색",탈색약추천,PC,5,0,0,0,5.4,0,0,0,0
"쇼핑검색",탈색약추천,모바일,41,0,0,0,6.3,0,0,0,0
"쇼핑검색",탈색없이염색제,모바일,2,0,0,0,10,0,0,0,0
"쇼핑검색",탈색염색약,모바일,25,0,0,0,6.1,0,0,0,0
"쇼핑검색",탈색제,PC,2,0,0,0,1,0,0,0,0
"쇼핑검색",탈색크림,모바일,20,0,0,0,1.5,0,0,0,0
"쇼핑검색",탈색파우터ㅓ,모바일,2,0,0,0,9.5,0,0,0,0
"쇼핑검색",탈색파지,PC,3,0,0,0,11.7,0,0,0,0
"쇼핑검색",탈색헤어씽,모바일,2,0,0,0,9,0,0,0,0
"쇼핑검색",토니모리눈썹염색,모바일,1,0,0,0,2,0,0,0,0
"쇼핑검색",토니모리눈썹탈색,모바일,1,0,0,0,2,0,0,0,0
"쇼핑검색",토니모리헤어블리치,모바일,2,0,0,0,2,0,0,0,0
"쇼핑검색",티높이티,모바일,1,0,0,0,38,0,0,0,0
"쇼핑검색",티욘드티욘드대나무골프티83MM롱티,PC,4,0,0,0,6,0,0,0,0
"쇼핑검색",파랑통탈색약,모바일,2,0,0,0,7.5,0,0,0,0
"쇼핑검색",파이모아스킨프로텍터,모바일,2,0,0,0,14,0,0,0,0
"쇼핑검색",펜염색,모바일,2,0,0,0,2,0,0,0,0
"쇼핑검색",편강율바디오일,모바일,1,0,0,0,14,0,0,0,0
"쇼핑검색",편강율오일,모바일,5,0,0,0,15,0,0,0,0
"쇼핑검색",퓨토오일,모바일,1,0,0,0,3,0,0,0,0
"쇼핑검색",퓨토오일겔,모바일,1,0,0,0,3,0,0,0,0
"쇼핑검색",프리모팩토리,모바일,1,0,0,0,3,0,0,0,0
"쇼핑검색",플라스틱골프티,모바일,1,0,0,0,1,0,0,0,0
"쇼핑검색",플라스틱롱티,PC,1,0,0,0,1,0,0,0,0
"쇼핑검색",핑크염색,모바일,1,0,0,0,3,0,0,0,0
"쇼핑검색",하이라이트헤어블리치,모바일,2,0,0,0,2,0,0,0,0
"쇼핑검색",헤나레드와인,모바일,1,0,0,0,14,0,0,0,0
"쇼핑검색",헤어라이너,모바일,1,0,0,0,3,0,0,0,0
"쇼핑검색",헤어라인염색타투펜,모바일,1,0,0,0,1,0,0,0,0
"쇼핑검색",헤어브리치,모바일,2,1,825,825,4.5,1,0,0,0
"쇼핑검색",헤어블리치,PC,2,0,0,0,5.5,0,0,0,0
"쇼핑검색",헤어블리치,모바일,100,1,825,825,2.5,15,436,1,"28,800"
"쇼핑검색",헤어블리치눈썹염색약,모바일,4,0,0,0,4.3,0,0,0,0
"쇼핑검색",헤어블리치탈색,모바일,2,0,0,0,5.5,0,0,0,0
"쇼핑검색",헤어블리치탈색약,모바일,6,0,0,0,6.8,0,0,0,0
"쇼핑검색",헤어염색타투,모바일,1,0,0,0,3,0,0,0,0
"쇼핑검색",헤어염색펜,PC,3,0,0,0,2,0,0,0,0
"쇼핑검색",헤어염색펜,모바일,23,0,0,0,1.8,0,0,0,0
"쇼핑검색",헤어젬펜,모바일,2,0,0,0,2,0,0,0,0
"쇼핑검색",헤어커버헤어타투,PC,1,0,0,0,3,0,0,0,0
"쇼핑검색",헤어크림블리치,모바일,8,0,0,0,1.5,0,0,0,0
"쇼핑검색",헤어타투,PC,13,0,0,0,3.4,0,0,0,0
"쇼핑검색",헤어타투,모바일,197,1,858,858,3.6,1,0,0,0
"쇼핑검색",헤어타투그리모,모바일,1,0,0,0,3,0,0,0,0
"쇼핑검색",헤어타투염색,모바일,1,0,0,0,3,0,0,0,0
"쇼핑검색",헤어타투와인색,모바일,1,0,0,0,3,0,0,0,0
"쇼핑검색",헤어타투추천,모바일,1,0,0,0,2,0,0,0,0
"쇼핑검색",헤어타투펜,PC,13,0,0,0,1,0,0,0,0
"쇼핑검색",헤어타투펜,모바일,33,0,0,0,1,0,0,0,0
"쇼핑검색",헤어타투홈쇼핑상품,PC,1,0,0,0,8,0,0,0,0
"쇼핑검색",헤어탈색,모바일,4,0,0,0,6,0,0,0,0
"쇼핑검색",헤어틴트타투,모바일,1,0,0,0,5,0,0,0,0
"쇼핑검색",헤어팡팡,모바일,2,0,0,0,2,0,0,0,0
"쇼핑검색",헤어펜,모바일,2,0,0,0,1.5,0,0,0,0
"쇼핑검색",헬로버블밀크티그레이,모바일,1,0,0,0,14,0,0,0,0
"쇼핑검색",호호바베이비오일,모바일,7,3,550,"1,650",4.4,1,0,2,"57,500"
"쇼핑검색",호호바아기오일,모바일,64,0,0,0,6.1,0,0,0,0
"쇼핑검색",호호바오일아기,모바일,17,1,583,583,4.6,1,0,0,0
"쇼핑검색",호호바컴퍼니,모바일,2,0,0,0,1,0,0,0,0
"쇼핑검색",호호에미오일,모바일,4,0,0,0,14.5,0,0,0,0
"쇼핑검색",홈앤쇼핑타투그리모,모바일,3,0,0,0,3,0,0,0,0
"쇼핑검색",화산재탈색약,모바일,4,0,0,0,6.5,0,0,0,0
"쇼핑검색",황금눈썹염색,모바일,2,0,0,0,2.5,0,0,0,0
"쇼핑검색",흰눈썹염색,PC,5,0,0,0,2.8,0,0,0,0
"쇼핑검색",흰눈썹염색,모바일,40,0,0,0,5.1,0,0,0,0
"쇼핑검색",흰머리염색,모바일,1,0,0,0,5,0,0,0,0
"쇼핑검색",흰색눈썹염색,모바일,4,0,0,0,5,0,0,0,0
"쇼핑검색",흰색탈색약,모바일,2,0,0,0,8,0,0,0,0
