﻿"쇼핑검색보고서(2024.12.01.~2024.12.31.),bheater"
"캠페인유형",검색어,PC/모바일 매체,노출수,클릭수,"평균클릭비용(VAT포함,원)","총비용(VAT포함,원)",평균노출순위,방문당 평균페이지뷰,방문당 평균체류시간(초),전환수,전환매출액(원)
"파워링크",(주)BYT,PC,6,0,0,0,1,0,0,0,0
"파워링크",(주)범용테크놀러지,PC,9,0,0,0,1,0,0,0,0
"파워링크",(주)범용테크놀러지,모바일,2,0,0,0,1,0,0,0,0
"파워링크",(주)범용테크놀러지기본정보,PC,1,0,0,0,1,0,0,0,0
"파워링크",16K타입온도센서,PC,1,1,121,121,3,0,0,0,0
"파워링크",2인치히터,PC,8,0,0,0,1.8,0,0,0,0
"파워링크",2인치히터,모바일,4,0,0,0,1.8,0,0,0,0
"파워링크",304센서,PC,1,0,0,0,1,0,0,0,0
"파워링크",316온도센서,모바일,1,0,0,0,1,0,0,0,0
"파워링크",AI센서사람감지기,모바일,1,0,0,0,1,0,0,0,0
"파워링크",AI온도측정센서,PC,1,0,0,0,3,0,0,0,0
"파워링크",BCHA,모바일,144,0,0,0,2.9,0,0,0,0
"파워링크",BCHB,모바일,1,0,0,0,1,0,0,0,0
"파워링크",BCHC,PC,1,0,0,0,2,0,0,0,0
"파워링크",BCHC,모바일,9,0,0,0,1,0,0,0,0
"파워링크",BCHE,PC,2,0,0,0,2,0,0,0,0
"파워링크",BCHE,모바일,4,0,0,0,2,0,0,0,0
"파워링크",BCHN,PC,1,0,0,0,2,0,0,0,0
"파워링크",BCHN,모바일,3,0,0,0,1,0,0,0,0
"파워링크",BCHS,PC,3,0,0,0,1.3,0,0,0,0
"파워링크",BCHS,모바일,8,0,0,0,1.9,0,0,0,0
"파워링크",BKCB,PC,2,0,0,0,2,0,0,0,0
"파워링크",BKCF,PC,1,0,0,0,3,0,0,0,0
"파워링크",BKCH,PC,11,0,0,0,2,0,0,0,0
"파워링크",BKCH,모바일,21,0,0,0,1.9,0,0,0,0
"파워링크",BKCQ,PC,1,0,0,0,2,0,0,0,0
"파워링크",BKLF,PC,1,0,0,0,1,0,0,0,0
"파워링크",BKSH,모바일,1,0,0,0,1,0,0,0,0
"파워링크",BKSN,PC,1,0,0,0,3,0,0,0,0
"파워링크",BKSQ-K,PC,1,0,0,0,2,0,0,0,0
"파워링크",BPAD,PC,1,0,0,0,2,0,0,0,0
"파워링크",BPAD,모바일,2,0,0,0,1,0,0,0,0
"파워링크",BPCF,PC,1,0,0,0,1,0,0,0,0
"파워링크",BPCM,PC,3,0,0,0,1,0,0,0,0
"파워링크",BPCM,모바일,1,0,0,0,1,0,0,0,0
"파워링크",BPCQ센서,PC,1,0,0,0,1,0,0,0,0
"파워링크",BPFS,PC,1,0,0,0,2,0,0,0,0
"파워링크",BPTS,PC,409,0,0,0,2,0,0,0,0
"파워링크",BPTS,모바일,155,0,0,0,2,0,0,0,0
"파워링크",BYT,PC,166,0,0,0,2.4,0,0,0,0
"파워링크",BYT,모바일,215,1,77,77,2.2,0,0,0,0
"파워링크",BYT.AI,모바일,1,0,0,0,1,0,0,0,0
"파워링크",BYTK타입열전대온도센서,PC,2,0,0,0,1,0,0,0,0
"파워링크",CAK열전대,PC,1,0,0,0,1,0,0,0,0
"파워링크",CARTRIDGEHEATER,PC,8,0,0,0,3.3,0,0,0,0
"파워링크",CARTRIDGEHEATER,모바일,2,0,0,0,5,0,0,0,0
"파워링크",CASENSOR,PC,3,0,0,0,1.3,0,0,0,0
"파워링크",CATYPE열전대,모바일,1,0,0,0,1,0,0,0,0
"파워링크",CA센서,PC,31,2,88,176,4.5,0,0,0,0
"파워링크",CA센서,모바일,11,0,0,0,3.4,0,0,0,0
"파워링크",CA열전대,PC,1,0,0,0,2,0,0,0,0
"파워링크",CA열전대,모바일,1,0,0,0,1,0,0,0,0
"파워링크",CA온도센서,PC,1,0,0,0,4,0,0,0,0
"파워링크",CA온도센서,모바일,1,0,0,0,3,0,0,0,0
"파워링크",CERAMICHEATER,PC,4,0,0,0,3.5,0,0,0,0
"파워링크",FAN히터,PC,2,0,0,0,2,0,0,0,0
"파워링크",FLANGE히터,PC,1,0,0,0,1,0,0,0,0
"파워링크",IRHEATER,PC,33,2,143,286,2.6,0,0,0,0
"파워링크",IRHEATER,모바일,3,1,198,198,2.3,0,0,0,0
"파워링크",IR난로,PC,1,0,0,0,2,0,0,0,0
"파워링크",IR세라믹히터,PC,1,0,0,0,3,0,0,0,0
"파워링크",IR히터,PC,132,11,217,"2,387",2.2,0,0,0,0
"파워링크",IR히터,모바일,69,2,204,407,1.7,0,0,0,0
"파워링크",IR히터건조기,PC,2,0,0,0,1,0,0,0,0
"파워링크",IR히터기,모바일,1,0,0,0,1,0,0,0,0
"파워링크",K-TYPE,PC,4,0,0,0,5,0,0,0,0
"파워링크",K-TYPE,모바일,1,0,0,0,3,0,0,0,0
"파워링크",K-TYPESENSOR,PC,1,0,0,0,2,0,0,0,0
"파워링크",K-TYPE센서,PC,1,0,0,0,2,0,0,0,0
"파워링크",K-TYPE센서,모바일,1,0,0,0,4,0,0,0,0
"파워링크",KSENSOR,모바일,1,0,0,0,1,0,0,0,0
"파워링크",KTYPE,PC,12,0,0,0,3.9,0,0,0,0
"파워링크",KTYPE,모바일,6,0,0,0,3.2,0,0,0,0
"파워링크",KTYPESENSOR,모바일,1,0,0,0,3,0,0,0,0
"파워링크",KTYPE센서,PC,1,1,264,264,3,0,0,0,0
"파워링크",KTYPE열전대,PC,40,0,0,0,2.8,0,0,0,0
"파워링크",KTYPE열전대,모바일,15,0,0,0,2.1,0,0,0,0
"파워링크",KTYPE열전대고온,PC,1,0,0,0,3,0,0,0,0
"파워링크",KTYPE온도센서,PC,11,1,341,341,5,0,0,0,0
"파워링크",KTYPE온도센서,모바일,7,0,0,0,2,0,0,0,0
"파워링크",KTYPE온도센서모듈,PC,1,0,0,0,1,0,0,0,0
"파워링크",K센서,PC,3,0,0,0,2.3,0,0,0,0
"파워링크",K센서,모바일,1,0,0,0,4,0,0,0,0
"파워링크",K센서온도센서,PC,1,0,0,0,1,0,0,0,0
"파워링크",K열전대,PC,31,0,0,0,5.7,0,0,0,0
"파워링크",K열전대,모바일,2,0,0,0,3.5,0,0,0,0
"파워링크",K온도센서,PC,7,0,0,0,3,0,0,0,0
"파워링크",K온도센서,모바일,10,0,0,0,1.6,0,0,0,0
"파워링크",K접촉식온도센서,PC,1,1,77,77,3,0,0,0,0
"파워링크",K타입,PC,8,0,0,0,4.9,0,0,0,0
"파워링크",K타입,모바일,4,0,0,0,3.8,0,0,0,0
"파워링크",K타입센서,PC,11,1,231,231,1.8,0,0,0,0
"파워링크",K타입센서,모바일,2,0,0,0,3,0,0,0,0
"파워링크",K타입써모커플,PC,2,0,0,0,2.5,0,0,0,0
"파워링크",K타입써모커플,모바일,1,0,0,0,2,0,0,0,0
"파워링크",K타입열전대,PC,28,1,462,462,6.4,0,0,0,0
"파워링크",K타입열전대,모바일,3,1,451,451,1.7,0,0,0,0
"파워링크",K타입열전대컨트롤러,PC,1,0,0,0,3,0,0,0,0
"파워링크",K타입온도센서,PC,10,0,0,0,5.4,0,0,0,0
"파워링크",K타입온도센서,모바일,3,0,0,0,3,0,0,0,0
"파워링크",K타입온도센서방수,PC,1,0,0,0,2,0,0,0,0
"파워링크",M6SENSOR,PC,1,0,0,0,2,0,0,0,0
"파워링크",M6온도센서PT100,PC,1,0,0,0,3,0,0,0,0
"파워링크",M6온도센서RTD,PC,1,0,0,0,1,0,0,0,0
"파워링크",PIPEHEATER,PC,2,0,0,0,6.5,0,0,0,0
"파워링크",PT100,PC,213,2,"1,172","2,343",11.5,0,0,0,0
"파워링크",PT100,모바일,4,0,0,0,11.5,0,0,0,0
"파워링크",PT100K타입,PC,1,0,0,0,1,0,0,0,0
"파워링크",PT100K타입,모바일,1,0,0,0,2,0,0,0,0
"파워링크",PT100OHM,PC,11,1,77,77,2.1,0,0,0,0
"파워링크",PT100SENSOR,PC,3,0,0,0,3,0,0,0,0
"파워링크",PT100SUS온도센서,PC,1,0,0,0,3,0,0,0,0
"파워링크",PT100TYPE,PC,1,0,0,0,1,0,0,0,0
"파워링크",PT100센서,PC,25,0,0,0,5.6,0,0,0,0
"파워링크",PT100센서,모바일,4,0,0,0,5.5,0,0,0,0
"파워링크",PT100열전대,PC,1,0,0,0,1,0,0,0,0
"파워링크",PT100온도센서,PC,41,1,"1,166","1,166",6.8,0,0,0,0
"파워링크",PT100온도센서,모바일,18,1,946,946,4.7,0,0,0,0
"파워링크",PT100온도컨트롤,PC,1,0,0,0,3,0,0,0,0
"파워링크",PT100옴,PC,191,8,"1,419","11,352",4.4,0,0,0,0
"파워링크",PT100옴,모바일,71,3,895,"2,684",3.1,0,0,0,0
"파워링크",PT100옴K타입,PC,1,0,0,0,1,0,0,0,0
"파워링크",PT100옴센서,PC,17,2,946,"1,892",5.8,0,0,0,0
"파워링크",PT100옴센서,모바일,11,0,0,0,4.4,0,0,0,0
"파워링크",PT100옴열전대,PC,2,0,0,0,1,0,0,0,0
"파워링크",PT100옴온도,PC,1,0,0,0,2,0,0,0,0
"파워링크",PT100옴온도,모바일,2,0,0,0,1.5,0,0,0,0
"파워링크",PT100옴온도센서,PC,12,0,0,0,6.3,0,0,0,0
"파워링크",PT100옴온도콘트롤러,PC,1,0,0,0,1,0,0,0,0
"파워링크",PT100옴이란,PC,1,0,0,0,1,0,0,0,0
"파워링크",PT100옴컨트롤러,PC,1,0,0,0,1,0,0,0,0
"파워링크",PT100옴컨트롤러,모바일,1,0,0,0,1,0,0,0,0
"파워링크",PT100옴타입,PC,1,0,0,0,1,0,0,0,0
"파워링크",PT100옴타입,모바일,1,0,0,0,3,0,0,0,0
"파워링크",PT100타입,모바일,1,0,0,0,3,0,0,0,0
"파워링크",PT100헤드,PC,2,0,0,0,3,0,0,0,0
"파워링크",PT100헤드,모바일,1,0,0,0,2,0,0,0,0
"파워링크",PT100헤드타입,PC,2,1,143,143,2.5,0,0,0,0
"파워링크",PT100헤드타입,모바일,1,0,0,0,2,0,0,0,0
"파워링크",PTSENSOR,PC,6,0,0,0,3.8,0,0,0,0
"파워링크",PTSENSOR,모바일,2,0,0,0,3,0,0,0,0
"파워링크",PTTYPE,PC,3,0,0,0,2,0,0,0,0
"파워링크",PTTYPE,모바일,3,0,0,0,2,0,0,0,0
"파워링크",PT센서,PC,19,1,154,154,4.9,0,0,0,0
"파워링크",PT센서,모바일,7,0,0,0,2.9,0,0,0,0
"파워링크",PT열전대,PC,1,0,0,0,3,0,0,0,0
"파워링크",PT열전대,모바일,4,0,0,0,2,0,0,0,0
"파워링크",PT온도센서,PC,22,0,0,0,2.4,0,0,0,0
"파워링크",PT온도센서,모바일,12,0,0,0,1.3,0,0,0,0
"파워링크",PT타입,PC,9,0,0,0,2,0,0,0,0
"파워링크",PT타입,모바일,9,0,0,0,2.9,0,0,0,0
"파워링크",RTD'PT100,모바일,1,0,0,0,3,0,0,0,0
"파워링크",RTDM6온도센서,PC,1,0,0,0,1,0,0,0,0
"파워링크",RTDPT100옴,PC,3,0,0,0,2.7,0,0,0,0
"파워링크",RTDPT100옴,모바일,1,0,0,0,3,0,0,0,0
"파워링크",RTDPT100옴센서,PC,2,0,0,0,3,0,0,0,0
"파워링크",RTDPT100옴센서점검,PC,2,0,0,0,2.5,0,0,0,0
"파워링크",RTDPT100옴차이,PC,1,0,0,0,1,0,0,0,0
"파워링크",RTDSENSOR,PC,11,0,0,0,3.5,0,0,0,0
"파워링크",RTD고온,PC,1,0,0,0,2,0,0,0,0
"파워링크",RTD센서,PC,55,0,0,0,11.7,0,0,0,0
"파워링크",RTD센서,모바일,2,0,0,0,2,0,0,0,0
"파워링크",RTD온도센서,PC,3,0,0,0,14.3,0,0,0,0
"파워링크",RTD온도센서사용처,PC,1,0,0,0,2,0,0,0,0
"파워링크",SENSORPT100OHM,PC,1,0,0,0,1,0,0,0,0
"파워링크",SENSORPT100옴,PC,1,0,0,0,2,0,0,0,0
"파워링크",SILICONHEATER,PC,1,0,0,0,2,0,0,0,0
"파워링크",SUS시즈히터,PC,1,0,0,0,2,0,0,0,0
"파워링크",TCK타입센서열전대,모바일,1,0,0,0,2,0,0,0,0
"파워링크",TEMPERATURESENSOR,PC,56,1,"1,419","1,419",6,0,0,0,0
"파워링크",TEMPERATURESENSOR,모바일,4,0,0,0,2,0,0,0,0
"파워링크",TIS테크놀러지,PC,1,0,0,0,1,0,0,0,0
"파워링크",TI테크놀러지,모바일,1,0,0,0,1,0,0,0,0
"파워링크",TI히터,PC,1,0,0,0,1,0,0,0,0
"파워링크",TYPE센서,PC,2,0,0,0,2,0,0,0,0
"파워링크",UL인증히터,모바일,1,0,0,0,1,0,0,0,0
"파워링크",UL히타,PC,1,0,0,0,1,0,0,0,0
"파워링크",UL히타,모바일,2,0,0,0,1,0,0,0,0
"파워링크",UL히터,PC,5,0,0,0,2.2,0,0,0,0
"파워링크",UL히터,모바일,1,0,0,0,2,0,0,0,0
"파워링크",\열전대센서,PC,1,0,0,0,2,0,0,0,0
"파워링크",건조기히타,PC,1,0,0,0,1,0,0,0,0
"파워링크",고온온도센서브라켓,PC,1,0,0,0,1,0,0,0,0
"파워링크",고온용온도센서,PC,1,0,0,0,15,0,0,0,0
"파워링크",고온측정용센서,PC,1,0,0,0,2,0,0,0,0
"파워링크",고온형히타,모바일,79,1,77,77,3.7,0,0,0,0
"파워링크",고온히터,PC,4,0,0,0,11,0,0,0,0
"파워링크",고온히터,모바일,10,1,77,77,8.6,0,0,0,0
"파워링크",공기가열히터,PC,4,0,0,0,2.8,0,0,0,0
"파워링크",공기가열히터,모바일,6,0,0,0,2,0,0,0,0
"파워링크",공기온도센서전압타입,PC,1,1,77,77,1,0,0,0,0
"파워링크",공업시즈히터,PC,2,1,99,99,2,0,0,0,0
"파워링크",공업용난로,PC,225,0,0,0,12.2,0,0,0,0
"파워링크",공업용난로,모바일,117,1,"2,585","2,585",4.2,0,0,0,0
"파워링크",공업용원적외선히터,PC,1,0,0,0,6,0,0,0,0
"파워링크",공업용원적외선히터,모바일,1,0,0,0,3,0,0,0,0
"파워링크",공업용전기난로,PC,9,0,0,0,6.7,0,0,0,0
"파워링크",공업용전기난로,모바일,3,0,0,0,10,0,0,0,0
"파워링크",공업용전기히터,PC,106,1,902,902,3.8,0,0,0,0
"파워링크",공업용전기히터,모바일,91,1,671,671,3.7,0,0,0,0
"파워링크",공업용카트리지히터,PC,1,0,0,0,1,0,0,0,0
"파워링크",공업용테프론히터,PC,1,0,0,0,2,0,0,0,0
"파워링크",공업용테프론히터,모바일,2,0,0,0,2,0,0,0,0
"파워링크",공업용히타,PC,4,1,682,682,3,0,0,0,0
"파워링크",공업용히타,모바일,3,0,0,0,1.7,0,0,0,0
"파워링크",공업용히터,PC,387,4,"2,585","10,340",9.5,0,0,0,0
"파워링크",공업용히터,모바일,255,0,0,0,4,0,0,0,0
"파워링크",공업용히터제작,PC,3,0,0,0,1.7,0,0,0,0
"파워링크",공업용히터회사,PC,1,1,110,110,2,0,0,0,0
"파워링크",공업용히팅,모바일,1,0,0,0,3,0,0,0,0
"파워링크",공조용온도센서,PC,2,1,77,77,1,0,0,0,0
"파워링크",금형히터,PC,4,0,0,0,7.8,0,0,0,0
"파워링크",금형히터,모바일,1,0,0,0,10,0,0,0,0
"파워링크",기술시즈,PC,1,0,0,0,1,0,0,0,0
"파워링크",도금용히타,PC,1,0,0,0,2,0,0,0,0
"파워링크",도금용히터,PC,5,0,0,0,2,0,0,0,0
"파워링크",도금용히터,모바일,4,0,0,0,2,0,0,0,0
"파워링크",드럼난로,PC,3,0,0,0,2.7,0,0,0,0
"파워링크",드럼난로,모바일,9,0,0,0,3,0,0,0,0
"파워링크",드럼용히터,PC,12,1,121,121,2.4,0,0,0,0
"파워링크",드럼용히터,모바일,12,0,0,0,1.4,0,0,0,0
"파워링크",드럼히터,PC,79,5,341,"1,705",5.2,0,0,0,0
"파워링크",드럼히터,모바일,55,1,451,451,3.5,0,0,0,0
"파워링크",디지털온도센서,PC,10,0,0,0,8,0,0,0,0
"파워링크",디지털온도센서,모바일,3,1,"1,804","1,804",5.7,0,0,0,0
"파워링크",물공기센서,PC,1,0,0,0,1,0,0,0,0
"파워링크",물용센서,PC,1,0,0,0,2,0,0,0,0
"파워링크",물용온도센서,PC,4,2,77,154,1,0,0,0,0
"파워링크",반도체HEATER,모바일,3,0,0,0,2.3,0,0,0,0
"파워링크",반도체테크놀러지,PC,1,0,0,0,1,0,0,0,0
"파워링크",반도체히터,PC,48,0,0,0,4.6,0,0,0,0
"파워링크",반도체히터,모바일,30,1,737,737,3.5,0,0,0,0
"파워링크",방수K온도센서,PC,1,0,0,0,2,0,0,0,0
"파워링크",방수RTD센서,PC,1,0,0,0,1,0,0,0,0
"파워링크",방수온도센서,PC,12,0,0,0,2.9,0,0,0,0
"파워링크",방수온도센서,모바일,13,0,0,0,1,0,0,0,0
"파워링크",방수형K타입온도센서,PC,1,0,0,0,2,0,0,0,0
"파워링크",방수형온도센서,PC,1,0,0,0,3,0,0,0,0
"파워링크",배관온도센서,PC,41,1,297,297,3.7,0,0,0,0
"파워링크",배관온도센서,모바일,39,6,308,"1,848",1,0,0,0,0
"파워링크",배관온도센서PT100,PC,1,0,0,0,3,0,0,0,0
"파워링크",범용IR,PC,1,0,0,0,1,0,0,0,0
"파워링크",범용IR,모바일,1,0,0,0,1,0,0,0,0
"파워링크",범용센서,모바일,3,0,0,0,2,0,0,0,0
"파워링크",범용전기히터,PC,1,1,88,88,1,0,0,0,0
"파워링크",범용전기히터,모바일,1,0,0,0,1,0,0,0,0
"파워링크",범용전열,PC,10,0,0,0,1,0,0,0,0
"파워링크",범용테크,PC,9,0,0,0,2,0,0,0,0
"파워링크",범용테크,모바일,3,0,0,0,1,0,0,0,0
"파워링크",범용테크놀러지,PC,93,3,88,264,2,0,0,0,0
"파워링크",범용테크놀러지,모바일,3,0,0,0,2.7,0,0,0,0
"파워링크",범용테크놀러지온도센서,PC,1,0,0,0,1,0,0,0,0
"파워링크",범용테크놀로지,PC,8,0,0,0,2.9,0,0,0,0
"파워링크",범용테크놀로지컨트롤러,PC,1,1,77,77,1,0,0,0,0
"파워링크",범용히터,PC,2,1,77,77,1,0,0,0,0
"파워링크",범용히터,모바일,2,0,0,0,1,0,0,0,0
"파워링크",볼트형온도센서,모바일,1,0,0,0,2,0,0,0,0
"파워링크",브라켓카트리지히터,PC,2,0,0,0,2,0,0,0,0
"파워링크",비열.,모바일,1,0,0,0,2,0,0,0,0
"파워링크",비접촉고온온도센서,PC,1,0,0,0,1,0,0,0,0
"파워링크",비접촉온도센서물,PC,1,0,0,0,1,0,0,0,0
"파워링크",비접촉온도센서물온도,PC,3,0,0,0,1,0,0,0,0
"파워링크",산업용난로,PC,315,0,0,0,11.8,0,0,0,0
"파워링크",산업용난로,모바일,41,0,0,0,4.8,0,0,0,0
"파워링크",산업용온도센서,PC,1,0,0,0,7,0,0,0,0
"파워링크",산업용전기난로,PC,44,0,0,0,4.7,0,0,0,0
"파워링크",산업용전기난로,모바일,162,4,"1,999","7,997",4.3,0,0,0,0
"파워링크",산업용전기히타,PC,4,1,847,847,3.8,0,0,0,0
"파워링크",산업용전기히타,모바일,4,0,0,0,2,0,0,0,0
"파워링크",산업용전기히터,PC,284,3,"2,332","6,996",4.6,0,0,0,0
"파워링크",산업용전기히터,모바일,578,8,"2,035","16,280",3.9,0,0,0,0
"파워링크",산업용카트리지히터,PC,2,0,0,0,1.5,0,0,0,0
"파워링크",산업용히타,PC,11,0,0,0,7.5,0,0,0,0
"파워링크",산업용히타,모바일,15,0,0,0,3.6,0,0,0,0
"파워링크",산업용히터,PC,620,5,"2,633","13,167",9.3,0,0,0,0
"파워링크",산업용히터,모바일,159,2,"1,133","2,266",4.6,0,0,0,0
"파워링크",산업용히터IR,모바일,1,0,0,0,1,0,0,0,0
"파워링크",서머커플,PC,41,4,"1,018","4,070",4.5,0,0,0,0
"파워링크",서머커플,모바일,6,1,913,913,2.3,0,0,0,0
"파워링크",서모커플,PC,51,3,330,990,4,0,0,0,0
"파워링크",서모커플,모바일,9,0,0,0,2.6,0,0,0,0
"파워링크",서미스터온도센서,PC,149,2,"1,260","2,519",4.5,0,0,0,0
"파워링크",서미스터온도센서,모바일,91,2,"1,084","2,167",2.8,0,0,0,0
"파워링크",서미스터온도센서기업,PC,1,0,0,0,2,0,0,0,0
"파워링크",서미스터와PT100RTD,모바일,1,0,0,0,1,0,0,0,0
"파워링크",섬머커플,PC,3,1,88,88,3.3,0,0,0,0
"파워링크",섬머커플,모바일,2,0,0,0,3.5,0,0,0,0
"파워링크",세라믹온도센서,PC,2,0,0,0,3.5,0,0,0,0
"파워링크",세라믹온도센서,모바일,11,0,0,0,2.5,0,0,0,0
"파워링크",세라믹카트리지히터,PC,1,0,0,0,1,0,0,0,0
"파워링크",세라믹카트리지히터,모바일,1,0,0,0,1,0,0,0,0
"파워링크",세라믹플레이트히터,PC,11,0,0,0,2.9,0,0,0,0
"파워링크",세라믹플레이트히터,모바일,2,0,0,0,3,0,0,0,0
"파워링크",세라믹히타,PC,8,0,0,0,5.1,0,0,0,0
"파워링크",세라믹히타,모바일,6,0,0,0,5,0,0,0,0
"파워링크",센서BYT,모바일,1,0,0,0,1,0,0,0,0
"파워링크",센서PT100옴,모바일,1,0,0,0,3,0,0,0,0
"파워링크",센서등감지기모듈,모바일,3,0,0,0,2.7,0,0,0,0
"파워링크",센서보호관,모바일,1,0,0,0,2,0,0,0,0
"파워링크",센서헤드고온타입,PC,1,0,0,0,3,0,0,0,0
"파워링크",센서히터,PC,6,0,0,0,2,0,0,0,0
"파워링크",센서히터,모바일,14,0,0,0,1.6,0,0,0,0
"파워링크",수중온도센서,PC,8,0,0,0,1.9,0,0,0,0
"파워링크",수중온도센서,모바일,8,0,0,0,1.6,0,0,0,0
"파워링크",수중히터온도센서,모바일,1,0,0,0,1,0,0,0,0
"파워링크",시즈핀히터,PC,1,0,0,0,1,0,0,0,0
"파워링크",시즈히타,PC,4,0,0,0,2.5,0,0,0,0
"파워링크",시즈히타,모바일,1,0,0,0,4,0,0,0,0
"파워링크",시즈히터,PC,115,7,"1,463","10,241",7.1,0,0,0,0
"파워링크",시즈히터,모바일,23,2,"1,474","2,948",5.7,0,0,0,0
"파워링크",시즈히터\,PC,1,0,0,0,2,0,0,0,0
"파워링크",시즈히터기,PC,1,0,0,0,1,0,0,0,0
"파워링크",실내기온도센서,PC,1,0,0,0,1,0,0,0,0
"파워링크",실내기온도센서,모바일,5,0,0,0,1.6,0,0,0,0
"파워링크",실내온도센서,PC,40,0,0,0,3,0,0,0,0
"파워링크",실내온도센서,모바일,65,1,539,539,1.9,0,0,0,0
"파워링크",실내온도센서기,PC,1,0,0,0,2,0,0,0,0
"파워링크",실리콘난로,PC,2,0,0,0,2,0,0,0,0
"파워링크",실리콘난로,모바일,4,0,0,0,3,0,0,0,0
"파워링크",실리콘라바히터,PC,21,3,158,473,5.4,0,0,0,0
"파워링크",실리콘라바히터,모바일,4,0,0,0,3.3,0,0,0,0
"파워링크",실리콘라버히터,PC,1,0,0,0,1,0,0,0,0
"파워링크",실리콘러버히터,PC,34,0,0,0,5.6,0,0,0,0
"파워링크",실리콘러버히터,모바일,8,1,825,825,5,0,0,0,0
"파워링크",실리콘밴드히터,PC,12,1,110,110,3.9,0,0,0,0
"파워링크",실리콘밴드히터,모바일,6,0,0,0,2.5,0,0,0,0
"파워링크",실리콘온풍기,모바일,1,0,0,0,1,0,0,0,0
"파워링크",실리콘히타,PC,1,0,0,0,1,0,0,0,0
"파워링크",실리콘히터,PC,128,11,866,"9,526",2,0,0,0,0
"파워링크",실리콘히터,모바일,85,2,605,"1,210",3.5,0,0,0,0
"파워링크",써머커플,PC,54,1,"1,067","1,067",5.3,0,0,0,0
"파워링크",써머커플,모바일,29,0,0,0,3.1,0,0,0,0
"파워링크",써머커플K,PC,2,0,0,0,2,0,0,0,0
"파워링크",써모커플,PC,42,1,"1,177","1,177",4.7,0,0,0,0
"파워링크",써모커플,모바일,29,0,0,0,2.8,0,0,0,0
"파워링크",써모커플K,PC,1,0,0,0,3,0,0,0,0
"파워링크",써모커플K,모바일,1,0,0,0,3,0,0,0,0
"파워링크",써모커플KTYPE,PC,1,0,0,0,3,0,0,0,0
"파워링크",써모커플K타입,PC,10,0,0,0,3.4,0,0,0,0
"파워링크",써모커플K타입,모바일,3,0,0,0,6,0,0,0,0
"파워링크",썸머커플,PC,21,0,0,0,13.3,0,0,0,0
"파워링크",액체가열용히터,PC,4,0,0,0,2,0,0,0,0
"파워링크",액체가열용히터,모바일,3,0,0,0,1,0,0,0,0
"파워링크",열전대,PC,628,2,"2,211","4,422",4,0,0,0,0
"파워링크",열전대,모바일,254,1,"1,188","1,188",3.4,0,0,0,0
"파워링크",열전대CA타입,PC,1,0,0,0,1,0,0,0,0
"파워링크",열전대KTYPE,PC,4,0,0,0,4,0,0,0,0
"파워링크",열전대KTYPE,모바일,6,0,0,0,6,0,0,0,0
"파워링크",열전대K온도센서,PC,1,0,0,0,2,0,0,0,0
"파워링크",열전대K타입,PC,1,0,0,0,6,0,0,0,0
"파워링크",열전대센서,PC,5,0,0,0,9.4,0,0,0,0
"파워링크",열전대센서,모바일,2,1,88,88,17,0,0,0,0
"파워링크",열전대온도센서,PC,60,5,"1,052","5,258",3.8,0,0,0,0
"파워링크",열전대온도센서,모바일,17,0,0,0,2.6,0,0,0,0
"파워링크",열전대온도센서K타입,모바일,1,0,0,0,1,0,0,0,0
"파워링크",열전대온도센서종류,모바일,1,0,0,0,3,0,0,0,0
"파워링크",열전대온도센서타입,모바일,1,0,0,0,1,0,0,0,0
"파워링크",온도RTD타입,PC,1,0,0,0,2,0,0,0,0
"파워링크",온도감지기,PC,88,2,"1,480","2,959",5.4,0,0,0,0
"파워링크",온도감지기,모바일,54,1,"1,672","1,672",3,0,0,0,0
"파워링크",온도기술,PC,10,0,0,0,1.9,0,0,0,0
"파워링크",온도기술,모바일,4,0,0,0,1,0,0,0,0
"파워링크",온도보호센서,모바일,1,0,0,0,3,0,0,0,0
"파워링크",온도센서,PC,23,0,0,0,22.2,0,0,0,0
"파워링크",온도센서,모바일,178,0,0,0,5.4,0,0,0,0
"파워링크",온도센서(티타늄),PC,1,0,0,0,2,0,0,0,0
"파워링크",온도센서304,PC,1,0,0,0,1,0,0,0,0
"파워링크",온도센서KTYPE,PC,1,0,0,0,2,0,0,0,0
"파워링크",온도센서K타입,PC,14,0,0,0,7.5,0,0,0,0
"파워링크",온도센서K타입,모바일,3,0,0,0,4.3,0,0,0,0
"파워링크",온도센서PT100,PC,166,10,"1,052","10,516",4.8,0,0,0,0
"파워링크",온도센서PT100,모바일,63,0,0,0,2.5,0,0,0,0
"파워링크",온도센서PT100OHM,PC,1,0,0,0,3,0,0,0,0
"파워링크",온도센서PT100헤드타입,모바일,1,0,0,0,2,0,0,0,0
"파워링크",온도센서SUS304,PC,1,0,0,0,2,0,0,0,0
"파워링크",온도센서SUS304타입,PC,1,0,0,0,1,0,0,0,0
"파워링크",온도센서\,PC,1,0,0,0,3,0,0,0,0
"파워링크",온도센서모듈,PC,18,0,0,0,3.4,0,0,0,0
"파워링크",온도센서모듈,모바일,11,0,0,0,7.2,0,0,0,0
"파워링크",온도센서물용,PC,1,0,0,0,2,0,0,0,0
"파워링크",온도센서방수용,모바일,2,0,0,0,2,0,0,0,0
"파워링크",온도센서배관온도,모바일,1,0,0,0,2,0,0,0,0
"파워링크",온도센서보호,PC,2,0,0,0,3,0,0,0,0
"파워링크",온도센서서미스터타입,모바일,1,1,187,187,3,0,0,0,0
"파워링크",온도센서실내용,PC,1,0,0,0,1,0,0,0,0
"파워링크",온도센서용히터,PC,3,0,0,0,3,0,0,0,0
"파워링크",온도센서용히터,모바일,1,0,0,0,2,0,0,0,0
"파워링크",온도센서접지,PC,2,0,0,0,1.5,0,0,0,0
"파워링크",온도센서접지,모바일,2,0,0,0,2.5,0,0,0,0
"파워링크",온도센서제작,PC,29,5,865,"4,323",5,0,0,0,0
"파워링크",온도센서종류,PC,163,8,"1,365","10,923",5.9,0,0,0,0
"파워링크",온도센서종류,모바일,115,13,"1,299","16,885",3,0,0,0,0
"파워링크",온도센서콘트롤러,PC,1,0,0,0,3,0,0,0,0
"파워링크",온도센서콘트롤러,모바일,1,0,0,0,2,0,0,0,0
"파워링크",온도센서테프론,PC,2,1,99,99,3,0,0,0,0
"파워링크",온도센서헤드SUS304,PC,1,0,0,0,1,0,0,0,0
"파워링크",온도센서헤드SUS304,모바일,1,0,0,0,2,0,0,0,0
"파워링크",온도센서헤드타입,PC,4,0,0,0,3,0,0,0,0
"파워링크",온도센서헤드타입,모바일,1,0,0,0,3,0,0,0,0
"파워링크",온도센서히터기,모바일,4,0,0,0,1.8,0,0,0,0
"파워링크",온도쎈서,PC,3,1,836,836,1,0,0,0,0
"파워링크",온도쎈서,모바일,39,0,0,0,1,0,0,0,0
"파워링크",온도측정센서히터센서,모바일,4,0,0,0,2.5,0,0,0,0
"파워링크",온도컨트롤센서,PC,1,0,0,0,2,0,0,0,0
"파워링크",온풍기시즈히터,모바일,1,0,0,0,3,0,0,0,0
"파워링크",온풍기전기팬히터산업용,모바일,1,0,0,0,2,0,0,0,0
"파워링크",온풍기팬히터산업용,모바일,1,0,0,0,1,0,0,0,0
"파워링크",원적외선IR히터,모바일,1,0,0,0,1,0,0,0,0
"파워링크",원적외선세라믹IR히터,PC,1,0,0,0,1,0,0,0,0
"파워링크",원적외선세라믹IR히터,모바일,1,0,0,0,2,0,0,0,0
"파워링크",원적외선세라믹히터,PC,55,0,0,0,11.2,0,0,0,0
"파워링크",원적외선세라믹히터,모바일,18,0,0,0,5.1,0,0,0,0
"파워링크",원적외선히터산업,모바일,1,0,0,0,2,0,0,0,0
"파워링크",원적외선히터핀히터,PC,1,0,0,0,2,0,0,0,0
"파워링크",유압히터,PC,3,0,0,0,3,0,0,0,0
"파워링크",유압히터,모바일,5,0,0,0,3,0,0,0,0
"파워링크",인공지능히터기,PC,2,1,110,110,1,0,0,0,0
"파워링크",자동온도센서,PC,13,0,0,0,2.4,0,0,0,0
"파워링크",자동온도센서,모바일,22,0,0,0,1.4,0,0,0,0
"파워링크",저온용열전대,PC,1,1,77,77,1,0,0,0,0
"파워링크",저항온도센서,PC,5,0,0,0,3,0,0,0,0
"파워링크",저항온도센서,모바일,1,0,0,0,2,0,0,0,0
"파워링크",전기원적외선히타,PC,1,0,0,0,1,0,0,0,0
"파워링크",전기팬히터온풍기공업용,모바일,1,0,0,0,3,0,0,0,0
"파워링크",전기히터테크놀러지,모바일,1,0,0,0,1,0,0,0,0
"파워링크",전열온도센서,모바일,1,0,0,0,2,0,0,0,0
"파워링크",접촉고온온도센서,PC,1,1,99,99,3,0,0,0,0
"파워링크",접촉식온도센서,PC,11,0,0,0,6.4,0,0,0,0
"파워링크",접촉식온도센서,모바일,2,0,0,0,10,0,0,0,0
"파워링크",접촉온도센서,모바일,2,0,0,0,1,0,0,0,0
"파워링크",측온저항RTD,PC,1,0,0,0,3,0,0,0,0
"파워링크",카드리지히터,PC,1,0,0,0,2,0,0,0,0
"파워링크",카트리지HEATER,PC,1,0,0,0,1,0,0,0,0
"파워링크",카트리지테크놀러지,모바일,1,0,0,0,1,0,0,0,0
"파워링크",카트리지히타,PC,10,0,0,0,9,0,0,0,0
"파워링크",카트리지히타,모바일,6,0,0,0,9.7,0,0,0,0
"파워링크",카트리지히터,PC,537,8,"1,455","11,638",9.7,0,0,0,0
"파워링크",카트리지히터,모바일,36,1,"1,254","1,254",4.8,0,0,0,0
"파워링크",카트리지히터센서,PC,2,0,0,0,2,0,0,0,0
"파워링크",카트리지히터온도센서,PC,2,0,0,0,3,0,0,0,0
"파워링크",카트리지히터온도컨트롤러,PC,1,0,0,0,2,0,0,0,0
"파워링크",케이센서,PC,1,0,0,0,3,0,0,0,0
"파워링크",케이타입열전대,모바일,2,0,0,0,1.5,0,0,0,0
"파워링크",테크놀러지기술,PC,1,0,0,0,2,0,0,0,0
"파워링크",테크놀러지온풍기,모바일,2,0,0,0,1,0,0,0,0
"파워링크",테크놀러지제품,PC,2,0,0,0,1,0,0,0,0
"파워링크",테크놀러지풍세,모바일,1,0,0,0,1,0,0,0,0
"파워링크",테프론RTD온도센서,PC,1,0,0,0,3,0,0,0,0
"파워링크",테프론난로,모바일,3,0,0,0,3,0,0,0,0
"파워링크",테프론도금히터,PC,1,0,0,0,2,0,0,0,0
"파워링크",테프론온도센서,PC,2,0,0,0,15.5,0,0,0,0
"파워링크",테프론온도센서,모바일,1,0,0,0,13,0,0,0,0
"파워링크",테프론온도센서RTD,PC,1,1,77,77,3,0,0,0,0
"파워링크",테프론카트리지히터,PC,1,0,0,0,3,0,0,0,0
"파워링크",테프론플랜지히터,PC,1,0,0,0,1,0,0,0,0
"파워링크",테프론히터,PC,48,5,497,"2,486",6.8,0,0,0,0
"파워링크",테프론히터,모바일,19,1,220,220,3.7,0,0,0,0
"파워링크",테프론히터플러그,PC,1,0,0,0,1,0,0,0,0
"파워링크",티타늄난로,모바일,2,0,0,0,4,0,0,0,0
"파워링크",티타늄온도센서,PC,2,0,0,0,2,0,0,0,0
"파워링크",티타늄온도센서,모바일,1,0,0,0,2,0,0,0,0
"파워링크",티타늄히터,PC,39,1,462,462,5.4,0,0,0,0
"파워링크",티타늄히터,모바일,22,1,"1,001","1,001",3.5,0,0,0,0
"파워링크",파이프난로,모바일,10,0,0,0,3.5,0,0,0,0
"파워링크",파이프히타,PC,5,0,0,0,2.6,0,0,0,0
"파워링크",파이프히터,PC,113,7,"1,097","7,678",5.2,0,0,0,0
"파워링크",파이프히터,모바일,39,2,836,"1,672",4.1,0,0,0,0
"파워링크",팬히타,PC,37,0,0,0,2.3,0,0,0,0
"파워링크",팬히타,모바일,54,0,0,0,1.8,0,0,0,0
"파워링크",팬히터,PC,"20,442",4,322,"1,287",2.8,0,0,0,0
"파워링크",팬히터,모바일,"30,961",19,270,"5,126",2.5,0,0,0,0
"파워링크",팬히터IR,PC,1,0,0,0,1,0,0,0,0
"파워링크",팬히터IR,모바일,1,0,0,0,1,0,0,0,0
"파워링크",팬히터공업,모바일,1,0,0,0,2,0,0,0,0
"파워링크",표면온도센서,PC,10,0,0,0,5.1,0,0,0,0
"파워링크",표면온도센서,모바일,4,1,902,902,2.8,0,0,0,0
"파워링크",프렌지히터,PC,1,0,0,0,2,0,0,0,0
"파워링크",플러그히터,PC,2,0,0,0,3,0,0,0,0
"파워링크",플러그히터,모바일,6,0,0,0,1,0,0,0,0
"파워링크",피티100옴,모바일,2,0,0,0,3,0,0,0,0
"파워링크",피티타입열전대,모바일,1,0,0,0,2,0,0,0,0
"파워링크",헤드K타입,PC,2,0,0,0,1.5,0,0,0,0
"파워링크",헤드TYPE,모바일,1,0,0,0,1,0,0,0,0
"파워링크",헤드센서,PC,1,0,0,0,3,0,0,0,0
"파워링크",헤드센서,모바일,5,0,0,0,2.6,0,0,0,0
"파워링크",헤드온도센서,PC,2,0,0,0,2,0,0,0,0
"파워링크",헤드온도센서,모바일,1,0,0,0,2,0,0,0,0
"파워링크",헤드타입,PC,1,0,0,0,2,0,0,0,0
"파워링크",헤드타입,모바일,2,0,0,0,2,0,0,0,0
"파워링크",헤드타입테프론온도센서,PC,1,0,0,0,3,0,0,0,0
"파워링크",후렌지히타,PC,2,0,0,0,2.5,0,0,0,0
"파워링크",후렌지히터,PC,78,1,528,528,4.1,0,0,0,0
"파워링크",후렌지히터,모바일,13,0,0,0,2.9,0,0,0,0
"파워링크",후렌지히터테프론,PC,1,0,0,0,2,0,0,0,0
"파워링크",휀난로,모바일,1,0,0,0,3,0,0,0,0
"파워링크",휀히타,PC,5,0,0,0,1.4,0,0,0,0
"파워링크",휀히타,모바일,4,0,0,0,1.3,0,0,0,0
"파워링크",휀히터,PC,37,0,0,0,5.4,0,0,0,0
"파워링크",휀히터,모바일,19,0,0,0,3.2,0,0,0,0
"파워링크",휴대용온도센서,PC,5,0,0,0,6,0,0,0,0
"파워링크",휴대용온도센서,모바일,1,0,0,0,3,0,0,0,0
"파워링크",히터,모바일,4,0,0,0,5,0,0,0,0
"파워링크",히터공기,모바일,1,0,0,0,1,0,0,0,0
"파워링크",히터기센서,모바일,2,0,0,0,1,0,0,0,0
"파워링크",히터서미스터온도센서,모바일,2,0,0,0,2,0,0,0,0
"파워링크",히터센서K,모바일,1,0,0,0,1,0,0,0,0
"파워링크",히터온도감지센서,PC,2,0,0,0,2,0,0,0,0
"파워링크",히터저항용온도센서,모바일,1,0,0,0,2,0,0,0,0
"쇼핑검색",-,PC,"30,891",43,673,"28,919",2.1,1.42,18.54,0,0
"쇼핑검색",-,모바일,"16,981",40,725,"29,007",6.7,1.14,15.73,0,0
"쇼핑검색",0~100C온도센서,모바일,1,0,0,0,12,0,0,0,0
"쇼핑검색",1/8인치열전대K타입,모바일,2,0,0,0,4,0,0,0,0
"쇼핑검색",105N7A17온도센서,모바일,1,0,0,0,6,0,0,0,0
"쇼핑검색",1100KTYPE열전대,모바일,2,0,0,0,3,0,0,0,0
"쇼핑검색",15APT100온도,PC,2,1,814,814,1,1,0,0,0
"쇼핑검색",5M온도센서온도계,모바일,1,0,0,0,8,0,0,0,0
"쇼핑검색",603S온도센서,PC,2,0,0,0,5,0,0,0,0
"쇼핑검색",70MMPT100온도센서,모바일,1,0,0,0,3,0,0,0,0
"쇼핑검색",90N0820온도센서,모바일,4,0,0,0,5,0,0,0,0
"쇼핑검색",AN8150온도센서PT100,모바일,1,0,0,0,4,0,0,0,0
"쇼핑검색",ATUMAN온도습도계,모바일,1,0,0,0,10,0,0,0,0
"쇼핑검색",BL08030온도센서,PC,1,0,0,0,15,0,0,0,0
"쇼핑검색",CERNOX온도센서,PC,1,0,0,0,6,0,0,0,0
"쇼핑검색",CTOPTRIS온도센서,모바일,1,0,0,0,8,0,0,0,0
"쇼핑검색",C타입습도계,PC,1,0,0,0,3,0,0,0,0
"쇼핑검색",DIR-100온도계,PC,1,0,0,0,4,0,0,0,0
"쇼핑검색",DS18B02온도센서,PC,1,0,0,0,5,0,0,0,0
"쇼핑검색",E04온도센서,모바일,2,0,0,0,5,0,0,0,0
"쇼핑검색",I형온도계100,모바일,1,0,0,0,9,0,0,0,0
"쇼핑검색",J-TYPE열전대,PC,1,0,0,0,1,0,0,0,0
"쇼핑검색",J-TYPE온도센서,PC,2,1,132,132,1,1.5,39.5,0,0
"쇼핑검색",JK,모바일,1,0,0,0,1,0,0,0,0
"쇼핑검색",J열전대,PC,4,1,55,55,1,4,34,0,0
"쇼핑검색",J열전대,모바일,4,1,55,55,1,1,0,0,0
"쇼핑검색",J타입열전대,PC,1,0,0,0,1,0,0,0,0
"쇼핑검색",J타입열전대온도센서,PC,1,1,55,55,1,1,0,0,0
"쇼핑검색",J타입열전대와이어,PC,3,1,55,55,1,1,0,0,0
"쇼핑검색",J타입열전대와이어,모바일,1,0,0,0,1,0,0,0,0
"쇼핑검색",J타입열전대와이어규격,PC,1,0,0,0,1,0,0,0,0
"쇼핑검색",J타입온도보상선,모바일,1,0,0,0,1,0,0,0,0
"쇼핑검색",K-TYPE,PC,2,0,0,0,2,0,0,0,0
"쇼핑검색",K-TYPE,모바일,3,0,0,0,6,0,0,0,0
"쇼핑검색",K-TYPE센서,PC,2,0,0,0,2,0,0,0,0
"쇼핑검색",K-TYPE열전대,PC,4,1,770,770,2.3,1,0,0,0
"쇼핑검색",K-TYPE열전대,모바일,3,0,0,0,2.7,0,0,0,0
"쇼핑검색",K-TYPE열전대롤,PC,1,0,0,0,3,0,0,0,0
"쇼핑검색",K-TYPE열전대센서,PC,2,0,0,0,3,0,0,0,0
"쇼핑검색",K-TYPE온도로거,PC,1,0,0,0,3,0,0,0,0
"쇼핑검색",K-TYPE온도표시기,PC,1,0,0,0,3,0,0,0,0
"쇼핑검색",KAOON온도센서,모바일,2,0,0,0,4.5,0,0,0,0
"쇼핑검색",KTYPE,PC,4,0,0,0,2.8,0,0,0,0
"쇼핑검색",KTYPE2채널온도조정기,PC,1,0,0,0,1,0,0,0,0
"쇼핑검색",KTYPE2채널온도출력,PC,1,0,0,0,3,0,0,0,0
"쇼핑검색",KTYPEPTTYPE전환온도지시계,PC,1,0,0,0,2,0,0,0,0
"쇼핑검색",KTYPE센서,PC,6,0,0,0,2.7,0,0,0,0
"쇼핑검색",KTYPE센서,모바일,1,0,0,0,6,0,0,0,0
"쇼핑검색",KTYPE열전대,PC,7,0,0,0,1.7,0,0,0,0
"쇼핑검색",KTYPE열전대,모바일,17,0,0,0,2.3,0,0,0,0
"쇼핑검색",KTYPE열전대센서,PC,1,0,0,0,3,0,0,0,0
"쇼핑검색",KTYPE온도계,PC,1,0,0,0,4,0,0,0,0
"쇼핑검색",KTYPE온도계,모바일,1,0,0,0,5,0,0,0,0
"쇼핑검색",KTYPE온도보상선,PC,1,0,0,0,4,0,0,0,0
"쇼핑검색",KTYPE온도센서,PC,16,1,847,847,2.3,1,0,0,0
"쇼핑검색",KTYPE온도센서,모바일,9,1,825,825,1.7,1,0,0,0
"쇼핑검색",KTYPE온도조정기,PC,1,0,0,0,1,0,0,0,0
"쇼핑검색",KTYPE온도측정,PC,1,0,0,0,4,0,0,0,0
"쇼핑검색",KTYPE접촉식온도센서,PC,1,0,0,0,2,0,0,0,0
"쇼핑검색",K시스열전대,PC,1,0,0,0,4,0,0,0,0
"쇼핑검색",K열전대,PC,20,2,836,"1,672",2,1,0,0,0
"쇼핑검색",K열전대,모바일,6,1,847,847,1.8,1,0,0,0
"쇼핑검색",K열전대250MM,PC,2,0,0,0,3,0,0,0,0
"쇼핑검색",K열전대DHSEHTPSXJ,PC,1,0,0,0,4,0,0,0,0
"쇼핑검색",K열전대가격,PC,1,0,0,0,3,0,0,0,0
"쇼핑검색",K열전대온도세넡,PC,1,0,0,0,3,0,0,0,0
"쇼핑검색",K열전대온도센서,PC,1,0,0,0,5,0,0,0,0
"쇼핑검색",K타입,PC,20,1,638,638,1.9,1,0,0,0
"쇼핑검색",K타입,모바일,9,0,0,0,3,0,0,0,0
"쇼핑검색",K타입1MM열전대,PC,1,0,0,0,3,0,0,0,0
"쇼핑검색",K타입다채널온도로거,PC,1,0,0,0,5,0,0,0,0
"쇼핑검색",K타입부착형온도감지기,PC,1,0,0,0,3,0,0,0,0
"쇼핑검색",K타입센서,PC,13,0,0,0,2.5,0,0,0,0
"쇼핑검색",K타입센서,모바일,7,0,0,0,2,0,0,0,0
"쇼핑검색",K타입액체온도계,PC,1,0,0,0,2,0,0,0,0
"쇼핑검색",K타입열전대,PC,87,1,814,814,2.2,1,0,0,0
"쇼핑검색",K타입열전대,모바일,51,0,0,0,2.2,0,0,0,0
"쇼핑검색",K타입열전대0.65,PC,2,0,0,0,3,0,0,0,0
"쇼핑검색",K타입열전대1.6MM,PC,1,0,0,0,3,0,0,0,0
"쇼핑검색",K타입열전대1800도,PC,1,0,0,0,4,0,0,0,0
"쇼핑검색",K타입열전대고온,모바일,1,0,0,0,3,0,0,0,0
"쇼핑검색",K타입열전대국내,PC,1,0,0,0,6,0,0,0,0
"쇼핑검색",K타입열전대센서,PC,3,0,0,0,1,0,0,0,0
"쇼핑검색",K타입열전대온도계,모바일,1,0,0,0,3,0,0,0,0
"쇼핑검색",K타입열전대와이어,PC,1,0,0,0,4,0,0,0,0
"쇼핑검색",K타입열전대인코넬600,PC,1,0,0,0,2,0,0,0,0
"쇼핑검색",K타입열전대표면고온온도계,PC,1,0,0,0,3,0,0,0,0
"쇼핑검색",K타입온도,PC,3,0,0,0,2.7,0,0,0,0
"쇼핑검색",K타입온도,모바일,3,0,0,0,1.3,0,0,0,0
"쇼핑검색",K타입온도계,PC,19,1,715,715,2.4,1,0,0,0
"쇼핑검색",K타입온도계,모바일,18,0,0,0,1.7,0,0,0,0
"쇼핑검색",K타입온도계/센서,PC,1,0,0,0,3,0,0,0,0
"쇼핑검색",K타입온도계1000MM,PC,1,0,0,0,4,0,0,0,0
"쇼핑검색",K타입온도계디스플레이,PC,1,0,0,0,4,0,0,0,0
"쇼핑검색",K타입온도기록계,PC,1,0,0,0,5,0,0,0,0
"쇼핑검색",K타입온도보상선,PC,1,0,0,0,5,0,0,0,0
"쇼핑검색",K타입온도센서,PC,78,7,723,"5,060",2.3,2.67,27.33,0,0
"쇼핑검색",K타입온도센서,모바일,35,3,832,"2,497",2.5,1.75,8.25,0,0
"쇼핑검색",K타입온도센서부착형,PC,1,0,0,0,3,0,0,0,0
"쇼핑검색",K타입온도센서선,PC,1,0,0,0,2,0,0,0,0
"쇼핑검색",K타입온도센서쓰레드,PC,1,0,0,0,4,0,0,0,0
"쇼핑검색",K타입온도측정계,PC,1,0,0,0,3,0,0,0,0
"쇼핑검색",K타입온도측정선,PC,1,0,0,0,2,0,0,0,0
"쇼핑검색",K타입온도커넥트,PC,1,0,0,0,4,0,0,0,0
"쇼핑검색",K타입온도컨터롤러통신타입,PC,1,0,0,0,3,0,0,0,0
"쇼핑검색",K타입온도표시,PC,1,0,0,0,3,0,0,0,0
"쇼핑검색",K타입와이어온도계,PC,1,0,0,0,5,0,0,0,0
"쇼핑검색",K타입인코넬열전대,PC,2,0,0,0,2.5,0,0,0,0
"쇼핑검색",K타입접촉식온도센서,모바일,1,0,0,0,6,0,0,0,0
"쇼핑검색",K타입침투형열전대,PC,1,0,0,0,4,0,0,0,0
"쇼핑검색",LASER-100센서,PC,1,0,0,0,3,0,0,0,0
"쇼핑검색",L형온도센서,모바일,2,0,0,0,7,0,0,0,0
"쇼핑검색",MAVORI독일아날로그온도계습도계,모바일,1,0,0,0,2,0,0,0,0
"쇼핑검색",MQTT온도센서,PC,1,0,0,0,6,0,0,0,0
"쇼핑검색",MS1온도센서,PC,1,0,0,0,4,0,0,0,0
"쇼핑검색",NTC온도감지방식센서,모바일,2,0,0,0,8,0,0,0,0
"쇼핑검색",NTSM6,모바일,1,0,0,0,3,0,0,0,0
"쇼핑검색",OPT100온도센서,PC,1,0,0,0,4,0,0,0,0
"쇼핑검색",O형PT100온도센서,PC,1,0,0,0,4,0,0,0,0
"쇼핑검색",O형단자PT100온도센서,PC,1,0,0,0,4,0,0,0,0
"쇼핑검색",P100온도센서,모바일,1,1,858,858,1,1,0,0,0
"쇼핑검색",PHIDGET온도센서,모바일,1,1,880,880,11,1,0,0,0
"쇼핑검색",PT-100,PC,36,1,869,869,1.6,1,0,0,0
"쇼핑검색",PT-100,모바일,40,2,831,"1,661",1.8,1,0,0,0
"쇼핑검색",PT-10010MM,PC,1,0,0,0,3,0,0,0,0
"쇼핑검색",PT-100센서,모바일,3,0,0,0,3,0,0,0,0
"쇼핑검색",PT-701온도계,PC,1,0,0,0,1,0,0,0,0
"쇼핑검색",PT100,PC,395,7,717,"5,016",1.6,1.2,55.5,0,0
"쇼핑검색",PT100,모바일,421,8,858,"6,864",1.5,1.22,1.22,0,0
"쇼핑검색",PT1003.2MM온도센서,PC,1,0,0,0,2,0,0,0,0
"쇼핑검색",PT1005001000SENSOR,PC,1,0,0,0,3,0,0,0,0
"쇼핑검색",PT100목욕탕온도계,모바일,1,0,0,0,5,0,0,0,0
"쇼핑검색",PT100센서,PC,42,0,0,0,1.4,0,0,0,0
"쇼핑검색",PT100센서,모바일,16,3,733,"2,200",1.7,1.25,10,0,0
"쇼핑검색",PT100열전대,PC,1,0,0,0,3,0,0,0,0
"쇼핑검색",PT100온도계,PC,2,0,0,0,2,0,0,0,0
"쇼핑검색",PT100온도계,모바일,1,0,0,0,1,0,0,0,0
"쇼핑검색",PT100온도계타입,모바일,1,0,0,0,13,0,0,0,0
"쇼핑검색",PT100온도디스플레이,모바일,2,0,0,0,4,0,0,0,0
"쇼핑검색",PT100온도센서,PC,77,4,704,"2,816",1.6,1,0,0,0
"쇼핑검색",PT100온도센서,모바일,30,1,440,440,1.5,1,0,0,0
"쇼핑검색",PT100온도센서결선,모바일,2,0,0,0,4,0,0,0,0
"쇼핑검색",PT100온도센서나사형,PC,1,0,0,0,1,0,0,0,0
"쇼핑검색",PT100온도센서방수,PC,1,0,0,0,1,0,0,0,0
"쇼핑검색",PT100온도센서제작,PC,1,0,0,0,5,0,0,0,0
"쇼핑검색",PT100온도지시기,PC,3,0,0,0,3.3,0,0,0,0
"쇼핑검색",PT100온도측정,PC,2,0,0,0,1,0,0,0,0
"쇼핑검색",PT100온도컨트롤,PC,2,0,0,0,4,0,0,0,0
"쇼핑검색",PT100온도표시기,모바일,3,0,0,0,1.7,0,0,0,0
"쇼핑검색",PT100옴,PC,1,0,0,0,4,0,0,0,0
"쇼핑검색",PT100옴계산표,모바일,1,0,0,0,1,0,0,0,0
"쇼핑검색",PT100옴볼트타입,PC,2,1,286,286,1,1,0,0,0
"쇼핑검색",PT100옴센서,PC,2,1,781,781,1,1,0,0,0
"쇼핑검색",PT100옴온도센서,PC,2,0,0,0,2.5,0,0,0,0
"쇼핑검색",PT100옴온도센서,모바일,2,1,605,605,2,1,0,0,0
"쇼핑검색",PT100옴온도콘트롤러,PC,1,0,0,0,3,0,0,0,0
"쇼핑검색",PT100옴커플보상선,모바일,1,0,0,0,2,0,0,0,0
"쇼핑검색",PT100외부온도,모바일,1,0,0,0,4,0,0,0,0
"쇼핑검색",PT100타입,PC,1,1,275,275,2,1,0,0,0
"쇼핑검색",PT100형식승인,PC,1,0,0,0,1,0,0,0,0
"쇼핑검색",PT센서,PC,40,1,660,660,1,1,0,0,0
"쇼핑검색",PT센서,모바일,25,1,814,814,1.2,1,0,0,0
"쇼핑검색",PT심폐측정,모바일,1,0,0,0,10,0,0,0,0
"쇼핑검색",PT열전대선,모바일,0,0,0,0,0,1,0,0,0
"쇼핑검색",PT온도계,모바일,1,0,0,0,5,0,0,0,0
"쇼핑검색",PT온도센서,PC,9,0,0,0,1.2,0,0,0,0
"쇼핑검색",PT온도센서,모바일,2,0,0,0,3.5,0,0,0,0
"쇼핑검색",PT온도센서K타입,모바일,2,0,0,0,3,0,0,0,0
"쇼핑검색",PT온도지시기,PC,2,0,0,0,1,0,0,0,0
"쇼핑검색",PT전열온도계,모바일,1,0,0,0,6,0,0,0,0
"쇼핑검색",R-N온도센서,PC,1,0,0,0,6,0,0,0,0
"쇼핑검색",RTDPT100,모바일,3,1,858,858,2.3,1,0,0,0
"쇼핑검색",RTD센서,PC,1,0,0,0,4,0,0,0,0
"쇼핑검색",RTD온도센서,PC,1,0,0,0,1,0,0,0,0
"쇼핑검색",RTD온도센서PT100,모바일,1,0,0,0,3,0,0,0,0
"쇼핑검색",S603온도센서,모바일,1,0,0,0,2,0,0,0,0
"쇼핑검색",SL3온도센서,PC,1,0,0,0,6,0,0,0,0
"쇼핑검색",SN8150온도센서PT100,모바일,1,0,0,0,4,0,0,0,0
"쇼핑검색",SOONOFF온도센서,PC,1,0,0,0,4,0,0,0,0
"쇼핑검색",SUNGKWANG아날로그온도계,PC,1,0,0,0,6,0,0,0,0
"쇼핑검색",TC-100온도계,모바일,1,0,0,0,4,0,0,0,0
"쇼핑검색",TC-K타입열전대,PC,1,0,0,0,3,0,0,0,0
"쇼핑검색",TCMPT100온도센서,모바일,4,0,0,0,4,0,0,0,0
"쇼핑검색",TYPEKTHERMOMETER,PC,2,0,0,0,4.5,0,0,0,0
"쇼핑검색",YK-100온도,모바일,1,0,0,0,2,0,0,0,0
"쇼핑검색",ㄱ자온도센서,PC,1,0,0,0,14,0,0,0,0
"쇼핑검색",강우량온도센서,PC,1,0,0,0,7,0,0,0,0
"쇼핑검색",객실온도센서,PC,1,0,0,0,10,0,0,0,0
"쇼핑검색",거실온도습도계,PC,1,0,0,0,5,0,0,0,0
"쇼핑검색",건물온도센서,모바일,1,0,0,0,10,0,0,0,0
"쇼핑검색",고리형온도센서,PC,1,0,0,0,6,0,0,0,0
"쇼핑검색",고열온도센서,모바일,1,0,0,0,8,0,0,0,0
"쇼핑검색",고온용열전대센서,PC,1,0,0,0,5,0,0,0,0
"쇼핑검색",고온용열전대온도센서타입,PC,1,1,847,847,7,1,0,0,0
"쇼핑검색",고온용온도센서,PC,1,0,0,0,4,0,0,0,0
"쇼핑검색",공구범퍼센서,모바일,1,0,0,0,33,0,0,0,0
"쇼핑검색",공업용온도센서,PC,1,0,0,0,6,0,0,0,0
"쇼핑검색",공조기온도센서,PC,3,0,0,0,3.7,0,0,0,0
"쇼핑검색",공조기온도센서,모바일,3,0,0,0,5.3,0,0,0,0
"쇼핑검색",과열방지온도센서,모바일,3,0,0,0,3.3,0,0,0,0
"쇼핑검색",그릴용아날로그온도계,모바일,2,0,0,0,5,0,0,0,0
"쇼핑검색",극저온용열전대K타입,PC,1,0,0,0,3,0,0,0,0
"쇼핑검색",급탕온도센서,PC,1,0,0,0,10,0,0,0,0
"쇼핑검색",급탕온도센서,모바일,1,0,0,0,4,0,0,0,0
"쇼핑검색",난방수온도센서,PC,1,0,0,0,1,0,0,0,0
"쇼핑검색",남영ENG배관용온도센서,모바일,1,0,0,0,14,0,0,0,0
"쇼핑검색",냉동기온도센서,모바일,12,0,0,0,4.3,0,0,0,0
"쇼핑검색",냉동차온도센서,PC,1,0,0,0,4,0,0,0,0
"쇼핑검색",냉동차온도센서,모바일,2,0,0,0,5.5,0,0,0,0
"쇼핑검색",냉방기온도센서,모바일,4,0,0,0,9,0,0,0,0
"쇼핑검색",냉온욕아날로그온도계,모바일,1,0,0,0,20,0,0,0,0
"쇼핑검색",냉장실온도센서,모바일,1,0,0,0,3,0,0,0,0
"쇼핑검색",냉탑온도센서,모바일,1,0,0,0,5,0,0,0,0
"쇼핑검색",달라스온도센서,모바일,1,0,0,0,10,0,0,0,0
"쇼핑검색",대기온도센서,PC,2,0,0,0,2.5,0,0,0,0
"쇼핑검색",대기온도센서,모바일,1,0,0,0,6,0,0,0,0
"쇼핑검색",독일PT100센서,PC,1,0,0,0,3,0,0,0,0
"쇼핑검색",독일아날로그온도습도계,PC,1,0,0,0,1,0,0,0,0
"쇼핑검색",독일제PT100센서디바이스,PC,1,0,0,0,3,0,0,0,0
"쇼핑검색",돈사온도센서,모바일,1,0,0,0,5,0,0,0,0
"쇼핑검색",디지털온도센서,PC,1,0,0,0,1,0,0,0,0
"쇼핑검색",따순이온도센서,PC,1,0,0,0,4,0,0,0,0
"쇼핑검색",막대식온도센서,모바일,1,0,0,0,4,0,0,0,0
"쇼핑검색",막대형온도센서,모바일,1,0,0,0,12,0,0,0,0
"쇼핑검색",명품습도계,모바일,1,0,0,0,2,0,0,0,0
"쇼핑검색",바이메탈센서온도계,모바일,2,0,0,0,7,0,0,0,0
"쇼핑검색",바이메탈온도센서온도계,PC,1,0,0,0,5,0,0,0,0
"쇼핑검색",박막형온도센서,PC,1,0,0,0,5,0,0,0,0
"쇼핑검색",반영구아날로그온도습도계,PC,1,0,0,0,6,0,0,0,0
"쇼핑검색",반응기온도센서,PC,1,0,0,0,15,0,0,0,0
"쇼핑검색",방사형아날로그온도계,PC,1,0,0,0,5,0,0,0,0
"쇼핑검색",배기온도센서공구,PC,1,0,0,0,9,0,0,0,0
"쇼핑검색",배기온도센서특수공구,모바일,1,0,0,0,5,0,0,0,0
"쇼핑검색",배식대온도센서,모바일,1,0,0,0,14,0,0,0,0
"쇼핑검색",백엽상온도센서,PC,1,0,0,0,4,0,0,0,0
"쇼핑검색",범용외기온도계,모바일,2,0,0,0,2,0,0,0,0
"쇼핑검색",범용테크놀러지,PC,5,2,94,187,1,4.5,394,0,0
"쇼핑검색",볼트형온도센서,PC,1,0,0,0,1,0,0,0,0
"쇼핑검색",부착용센서온도계,모바일,2,0,0,0,9.5,0,0,0,0
"쇼핑검색",부착형온도센서,PC,1,0,0,0,6,0,0,0,0
"쇼핑검색",부화기온도센서,PC,1,0,0,0,1,0,0,0,0
"쇼핑검색",부화기온도센서,모바일,2,0,0,0,5,0,0,0,0
"쇼핑검색",비접촉식열전대온도계,PC,1,0,0,0,5,0,0,0,0
"쇼핑검색",비접촉식온도계비접촉식온도센서,PC,1,0,0,0,10,0,0,0,0
"쇼핑검색",비접촉식온도센서,PC,3,0,0,0,2.7,0,0,0,0
"쇼핑검색",비접촉식온도센서,모바일,1,0,0,0,5,0,0,0,0
"쇼핑검색",빈티지습도계,모바일,1,0,0,0,3,0,0,0,0
"쇼핑검색",사계절용온도센서,모바일,1,0,0,0,8,0,0,0,0
"쇼핑검색",사우나실온도센서,PC,1,0,0,0,8,0,0,0,0
"쇼핑검색",사우나온도계센서,PC,1,0,0,0,12,0,0,0,0
"쇼핑검색",사육장온도습도계,모바일,16,0,0,0,7.6,0,0,0,0
"쇼핑검색",사이리스터NTC타입열전대,PC,1,0,0,0,4,0,0,0,0
"쇼핑검색",사이언스클럽PT온도센서,모바일,1,0,0,0,1,0,0,0,0
"쇼핑검색",사출기온도센서,모바일,2,0,0,0,8,0,0,0,0
"쇼핑검색",삼각랩온도센서,PC,2,0,0,0,5,0,0,0,0
"쇼핑검색",서미터스온도센서,모바일,1,0,0,0,11,0,0,0,0
"쇼핑검색",설치아날로그온도계,모바일,1,0,0,0,7,0,0,0,0
"쇼핑검색",성림PT100,PC,1,0,0,0,1,0,0,0,0
"쇼핑검색",세정온도센서,모바일,1,0,0,0,10,0,0,0,0
"쇼핑검색",센서PT100,PC,1,0,0,0,5,0,0,0,0
"쇼핑검색",센서습도계,PC,2,0,0,0,5.5,0,0,0,0
"쇼핑검색",센서실내습도계,모바일,1,0,0,0,9,0,0,0,0
"쇼핑검색",센서온도계,PC,6,0,0,0,10.5,0,0,0,0
"쇼핑검색",센서온도계,모바일,10,0,0,0,8.3,0,0,0,0
"쇼핑검색",센트리온온도센서,PC,1,0,0,0,4,0,0,0,0
"쇼핑검색",소라게온도습도계,모바일,16,0,0,0,7.6,0,0,0,0
"쇼핑검색",소물통온도센서,모바일,1,0,0,0,8,0,0,0,0
"쇼핑검색",소주냉동고온도센서,모바일,1,0,0,0,17,0,0,0,0
"쇼핑검색",수동온도계,모바일,1,0,0,0,5,0,0,0,0
"쇼핑검색",수은온도계100,PC,1,0,0,0,5,0,0,0,0
"쇼핑검색",스위스센서습도계,모바일,1,0,0,0,10,0,0,0,0
"쇼핑검색",스탠온도센서,PC,1,0,0,0,9,0,0,0,0
"쇼핑검색",습구온도계온도습도계,PC,1,0,0,0,11,0,0,0,0
"쇼핑검색",습도계,PC,99,0,0,0,15.1,0,0,0,0
"쇼핑검색",습도계,모바일,134,0,0,0,13.7,0,0,0,0
"쇼핑검색",습도계C타입,모바일,2,0,0,0,9,0,0,0,0
"쇼핑검색",습도계기계식,모바일,1,0,0,0,4,0,0,0,0
"쇼핑검색",습도계레트로,모바일,1,0,0,0,3,0,0,0,0
"쇼핑검색",습도계센서,PC,2,0,0,0,9.5,0,0,0,0
"쇼핑검색",습도계센서,모바일,1,0,0,0,9,0,0,0,0
"쇼핑검색",습도계아날로그,PC,1,0,0,0,15,0,0,0,0
"쇼핑검색",습도계아날로그,모바일,12,1,869,869,4.1,0,0,0,0
"쇼핑검색",습도계추천,PC,5,0,0,0,13.8,0,0,0,0
"쇼핑검색",습도계추천,모바일,3,0,0,0,13.7,0,0,0,0
"쇼핑검색",실내기온도센서,PC,1,0,0,0,5,0,0,0,0
"쇼핑검색",실외센서온도계,모바일,1,0,0,0,10,0,0,0,0
"쇼핑검색",써머커플온도센서,PC,1,0,0,0,6,0,0,0,0
"쇼핑검색",써모커플,PC,2,0,0,0,1,0,0,0,0
"쇼핑검색",아날로그거리측정센서,PC,2,0,0,0,4,0,0,0,0
"쇼핑검색",아날로그로테이션센서,PC,1,0,0,0,3,0,0,0,0
"쇼핑검색",아날로그배관온도계,PC,1,0,0,0,9,0,0,0,0
"쇼핑검색",아날로그센서온도계,PC,1,0,0,0,4,0,0,0,0
"쇼핑검색",아날로그센서온도계,모바일,1,0,0,0,6,0,0,0,0
"쇼핑검색",아날로그습도계,PC,67,0,0,0,4.6,0,0,0,0
"쇼핑검색",아날로그습도계,모바일,336,0,0,0,3.1,0,0,0,0
"쇼핑검색",아날로그습도계국산쿠팡,모바일,2,0,0,0,2,0,0,0,0
"쇼핑검색",아날로그습도계목욕탕온도계,PC,1,0,0,0,8,0,0,0,0
"쇼핑검색",아날로그습도계추천,모바일,1,0,0,0,2,0,0,0,0
"쇼핑검색",아날로그실내온도습도계,모바일,2,0,0,0,5,0,0,0,0
"쇼핑검색",아날로그온도게이지,모바일,1,0,0,0,2,0,0,0,0
"쇼핑검색",아날로그온도계,PC,578,0,0,0,1.9,0,0,0,0
"쇼핑검색",아날로그온도계,모바일,"2,209",6,843,"5,060",1.7,1,0,0,0
"쇼핑검색",아날로그온도계.가습,모바일,1,0,0,0,4,0,0,0,0
"쇼핑검색",아날로그온도계120도,PC,2,0,0,0,5,0,0,0,0
"쇼핑검색",아날로그온도계150,PC,1,0,0,0,4,0,0,0,0
"쇼핑검색",아날로그온도계250도,모바일,1,0,0,0,8,0,0,0,0
"쇼핑검색",아날로그온도계2줄,모바일,1,0,0,0,10,0,0,0,0
"쇼핑검색",아날로그온도계300,PC,1,0,0,0,4,0,0,0,0
"쇼핑검색",아날로그온도계450,PC,1,0,0,0,4,0,0,0,0
"쇼핑검색",아날로그온도계50/50,PC,1,0,0,0,5,0,0,0,0
"쇼핑검색",아날로그온도계나사식,PC,1,0,0,0,5,0,0,0,0
"쇼핑검색",아날로그온도계만들기,모바일,1,0,0,0,3,0,0,0,0
"쇼핑검색",아날로그온도계사용법,PC,2,0,0,0,6,0,0,0,0
"쇼핑검색",아날로그온도계성능,PC,1,0,0,0,11,0,0,0,0
"쇼핑검색",아날로그온도계습도계,PC,2,0,0,0,2.5,0,0,0,0
"쇼핑검색",아날로그온도계습도계,모바일,7,0,0,0,1.9,0,0,0,0
"쇼핑검색",아날로그온도계추천,모바일,1,0,0,0,3,0,0,0,0
"쇼핑검색",아날로그온도센서DS18820,PC,1,0,0,0,1,0,0,0,0
"쇼핑검색",아날로그온도습도계,PC,18,0,0,0,3.3,0,0,0,0
"쇼핑검색",아날로그온도습도계,모바일,28,0,0,0,4,0,0,0,0
"쇼핑검색",아날로그온도조절,모바일,1,0,0,0,2,0,0,0,0
"쇼핑검색",아날로그자기온도계,PC,1,0,0,0,5,0,0,0,0
"쇼핑검색",아날로그자기온도습도계,모바일,1,0,0,0,2,0,0,0,0
"쇼핑검색",아날로그지침온도계,모바일,1,0,0,0,4,0,0,0,0
"쇼핑검색",야마타케PT100웰센서,PC,1,0,0,0,3,0,0,0,0
"쇼핑검색",어린이집온도습도계,PC,1,0,0,0,5,0,0,0,0
"쇼핑검색",열등온도센서,모바일,1,0,0,0,7,0,0,0,0
"쇼핑검색",열선용온도센서PT-100,PC,1,0,0,0,1,0,0,0,0
"쇼핑검색",열선형아날로그온도계,PC,1,0,0,0,6,0,0,0,0
"쇼핑검색",열전대,PC,525,5,766,"3,828",1.6,1,0,0,0
"쇼핑검색",열전대,모바일,489,4,809,"3,234",1.5,1.17,4.83,1,"12,300"
"쇼핑검색",열전대J,PC,1,0,0,0,2,0,0,0,0
"쇼핑검색",열전대K,PC,4,0,0,0,2.3,0,0,0,0
"쇼핑검색",열전대K,모바일,1,0,0,0,3,0,0,0,0
"쇼핑검색",열전대K-TYPE,PC,1,0,0,0,3,0,0,0,0
"쇼핑검색",열전대K-TYPE,모바일,1,0,0,0,3,0,0,0,0
"쇼핑검색",열전대K0.65,PC,1,0,0,0,3,0,0,0,0
"쇼핑검색",열전대KTYPE,PC,3,1,814,814,2,1,0,0,0
"쇼핑검색",열전대KTYPE,모바일,8,1,803,803,2,1,0,0,0
"쇼핑검색",열전대K타입,PC,34,2,748,"1,496",2.3,1,0,0,0
"쇼핑검색",열전대K타입,모바일,27,0,0,0,2.5,0,0,0,0
"쇼핑검색",열전대K타입1000도,PC,1,0,0,0,1,0,0,0,0
"쇼핑검색",열전대K타입1M,PC,1,0,0,0,3,0,0,0,0
"쇼핑검색",열전대K타입T/C,PC,1,0,0,0,6,0,0,0,0
"쇼핑검색",열전대K타입센서,PC,1,0,0,0,1,0,0,0,0
"쇼핑검색",열전대PT1002/1,모바일,1,1,880,880,1,1,0,0,0
"쇼핑검색",열전대PT100보상도선,모바일,1,0,0,0,1,0,0,0,0
"쇼핑검색",열전대공구,PC,1,0,0,0,8,0,0,0,0
"쇼핑검색",열전대센서,PC,20,1,869,869,2.2,1,0,0,0
"쇼핑검색",열전대센서,모바일,11,1,825,825,4.1,1,0,0,0
"쇼핑검색",열전대센서조절기,모바일,1,0,0,0,3,0,0,0,0
"쇼핑검색",열전대실내온도계,PC,1,0,0,0,5,0,0,0,0
"쇼핑검색",열전대온도,PC,1,0,0,0,10,8,147,0,0
"쇼핑검색",열전대온도계,PC,37,0,0,0,4.4,0,0,0,0
"쇼핑검색",열전대온도계,모바일,55,2,842,"1,683",2.8,1,0,0,0
"쇼핑검색",열전대온도계220V,PC,1,0,0,0,4,0,0,0,0
"쇼핑검색",열전대온도계저항,PC,1,0,0,0,1,0,0,0,0
"쇼핑검색",열전대온도계표면용센서,PC,1,0,0,0,6,0,0,0,0
"쇼핑검색",열전대온도계헝허강,모바일,1,0,0,0,3,0,0,0,0
"쇼핑검색",열전대온도센서,PC,7,0,0,0,2.9,0,0,0,0
"쇼핑검색",열전대온도센서,모바일,4,1,880,880,2.5,1,0,0,0
"쇼핑검색",열전대온도센서100OHM테프론,PC,1,0,0,0,4,0,0,0,0
"쇼핑검색",열전대온도센서고온용,PC,1,0,0,0,7,0,0,0,0
"쇼핑검색",열전대측정공구,모바일,2,0,0,0,4.5,0,0,0,0
"쇼핑검색",열전대타입0.32,모바일,3,0,0,0,6,0,0,0,0
"쇼핑검색",열전대트렌스미터,PC,1,0,0,0,5,0,0,0,0
"쇼핑검색",열전대형온도계,PC,1,0,0,0,5,0,0,0,0
"쇼핑검색",열전대형온도계,모바일,1,0,0,0,7,0,0,0,0
"쇼핑검색",예쁜습도계,PC,3,0,0,0,24.3,0,0,0,0
"쇼핑검색",예쁜습도계,모바일,1,0,0,0,23,0,0,0,0
"쇼핑검색",예쁜온도계,모바일,1,0,0,0,29,0,0,0,0
"쇼핑검색",예쁜온도습도계,PC,1,0,0,0,5,0,0,0,0
"쇼핑검색",예쁜온도습도계,모바일,2,0,0,0,12.5,0,0,0,0
"쇼핑검색",예열온도센서,모바일,1,0,0,0,8,0,0,0,0
"쇼핑검색",온도,PC,1,0,0,0,8,0,0,0,0
"쇼핑검색",온도,모바일,3,0,0,0,9.3,0,0,0,0
"쇼핑검색",온도.습도계,모바일,1,0,0,0,10,0,0,0,0
"쇼핑검색",온도PT100,PC,1,0,0,0,1,0,0,0,0
"쇼핑검색",온도감지기센서,PC,1,0,0,0,12,0,0,0,0
"쇼핑검색",온도감지기센서,모바일,2,0,0,0,8.5,0,0,0,0
"쇼핑검색",온도검출기PT100,PC,1,0,0,0,4,0,0,0,0
"쇼핑검색",온도계,PC,273,0,0,0,11,0,0,0,0
"쇼핑검색",온도계,모바일,297,1,880,880,10.5,1,0,0,0
"쇼핑검색",온도계/습도계,PC,3,0,0,0,10.3,0,0,0,0
"쇼핑검색",온도계KTYPE,PC,1,0,0,0,2,0,0,0,0
"쇼핑검색",온도계KTYPE,모바일,1,0,0,0,5,0,0,0,0
"쇼핑검색",온도계K블루투스,모바일,2,0,0,0,6.5,0,0,0,0
"쇼핑검색",온도계K타입1000L,PC,1,0,0,0,2,0,0,0,0
"쇼핑검색",온도계PT,PC,1,0,0,0,3,0,0,0,0
"쇼핑검색",온도계PT100,PC,1,0,0,0,5,0,0,0,0
"쇼핑검색",온도계PT100,모바일,1,0,0,0,6,0,0,0,0
"쇼핑검색",온도계R221PT100,PC,1,0,0,0,1,0,0,0,0
"쇼핑검색",온도계센서,PC,7,0,0,0,13.7,0,0,0,0
"쇼핑검색",온도계센서,모바일,5,0,0,0,9.8,0,0,0,0
"쇼핑검색",온도계센서PT105,PC,1,1,451,451,1,1,0,0,0
"쇼핑검색",온도계습도계,PC,7,0,0,0,10.1,0,0,0,0
"쇼핑검색",온도계습도계,모바일,17,0,0,0,7.5,0,0,0,0
"쇼핑검색",온도계습도계공장,PC,1,0,0,0,12,0,0,0,0
"쇼핑검색",온도계습도계온도계습도계아날로그,PC,1,0,0,0,6,0,0,0,0
"쇼핑검색",온도계아날로그,PC,2,0,0,0,6,0,0,0,0
"쇼핑검색",온도계아날로그,모바일,5,0,0,0,4.8,0,0,0,0
"쇼핑검색",온도계파란,모바일,1,0,0,0,7,0,0,0,0
"쇼핑검색",온도과열센서,모바일,1,0,0,0,6,0,0,0,0
"쇼핑검색",온도기록기센서,모바일,1,0,0,0,6,0,0,0,0
"쇼핑검색",온도모니터링센서,모바일,1,0,0,0,8,0,0,0,0
"쇼핑검색",온도미터KTYPE,PC,1,0,0,0,4,0,0,0,0
"쇼핑검색",온도및습도계,모바일,1,0,0,0,10,0,0,0,0
"쇼핑검색",온도보상도선K타입열전대,PC,1,0,0,0,3,0,0,0,0
"쇼핑검색",온도보상선K,PC,1,0,0,0,2,0,0,0,0
"쇼핑검색",온도보상선PT100,PC,1,0,0,0,1,0,0,0,0
"쇼핑검색",온도블루투스센서,PC,1,0,0,0,8,0,0,0,0
"쇼핑검색",온도센서,PC,"1,419",49,822,"40,260",1.9,1.07,1.05,2,"36,900"
"쇼핑검색",온도센서,모바일,"1,992",43,823,"35,409",2.2,1.38,11.46,0,0
"쇼핑검색",온도센서(K-TYPE),PC,1,0,0,0,4,0,0,0,0
"쇼핑검색",온도센서-1도,모바일,2,0,0,0,6,0,0,0,0
"쇼핑검색",온도센서-1도스위치,모바일,1,0,0,0,6,0,0,0,0
"쇼핑검색",온도센서192,PC,1,0,0,0,5,0,0,0,0
"쇼핑검색",온도센서20CM,PC,1,0,0,0,4,0,0,0,0
"쇼핑검색",온도센서3950,모바일,1,0,0,0,10,0,0,0,0
"쇼핑검색",온도센서518,모바일,1,0,0,0,7,0,0,0,0
"쇼핑검색",온도센서607S,모바일,3,0,0,0,9,0,0,0,0
"쇼핑검색",온도센서614D,모바일,2,0,0,0,10,0,0,0,0
"쇼핑검색",온도센서84591862,모바일,1,0,0,0,3,0,0,0,0
"쇼핑검색",온도센서CAKPT타입,PC,2,0,0,0,1,0,0,0,0
"쇼핑검색",온도센서CYMAX,모바일,1,0,0,0,7,0,0,0,0
"쇼핑검색",온도센서IR,PC,1,0,0,0,6,0,0,0,0
"쇼핑검색",온도센서K-TYPE,PC,3,0,0,0,3.7,0,0,0,0
"쇼핑검색",온도센서KTYPE,PC,1,0,0,0,3,0,0,0,0
"쇼핑검색",온도센서K타입,PC,29,4,679,"2,717",2.9,2.75,33.25,0,0
"쇼핑검색",온도센서K타입,모바일,17,1,803,803,2.8,1,0,0,0
"쇼핑검색",온도센서K타입3.2MM,PC,2,0,0,0,3,0,0,0,0
"쇼핑검색",온도센서K타입800도,모바일,1,0,0,0,2,0,0,0,0
"쇼핑검색",온도센서K타입표면,PC,1,0,0,0,2,0,0,0,0
"쇼핑검색",온도센서NTSM-6B,모바일,1,0,0,0,8,0,0,0,0
"쇼핑검색",온도센서PT,PC,2,0,0,0,1.5,0,0,0,0
"쇼핑검색",온도센서PT100,PC,453,12,644,"7,733",1.4,1.07,0.33,0,0
"쇼핑검색",온도센서PT100,모바일,637,29,651,"18,876",1.8,1.51,17.33,1,"26,470"
"쇼핑검색",온도센서PT1002.5M,모바일,1,0,0,0,4,0,0,0,0
"쇼핑검색",온도센서PT1003.2MM,PC,1,0,0,0,3,0,0,0,0
"쇼핑검색",온도센서PT1003MM,PC,1,0,0,0,1,0,0,0,0
"쇼핑검색",온도센서PT1003선식,PC,1,0,0,0,2,0,0,0,0
"쇼핑검색",온도센서PT1003핀,PC,1,0,0,0,3,0,0,0,0
"쇼핑검색",온도센서PT10070MM,PC,1,0,0,0,3,0,0,0,0
"쇼핑검색",온도센서PT100DIN,PC,1,0,0,0,2,0,0,0,0
"쇼핑검색",온도센서PT100ES컨트롤,모바일,1,0,0,0,1,0,0,0,0
"쇼핑검색",온도센서PT100P7,PC,1,0,0,0,1,0,0,0,0
"쇼핑검색",온도센서PT100결속,PC,1,0,0,0,1,0,0,0,0
"쇼핑검색",온도센서PT100닥트용,PC,1,0,0,0,2,0,0,0,0
"쇼핑검색",온도센서PT100방수,PC,3,1,770,770,3.3,1,0,0,0
"쇼핑검색",온도센서PT100방수,모바일,1,0,0,0,4,0,0,0,0
"쇼핑검색",온도센서PT100볼트형,모바일,1,0,0,0,4,0,0,0,0
"쇼핑검색",온도센서PT100센서봉PT타입,PC,1,0,0,0,3,0,0,0,0
"쇼핑검색",온도센서PT100연장,모바일,1,0,0,0,1,0,0,0,0
"쇼핑검색",온도센서PT100코닉스,모바일,1,0,0,0,4,0,0,0,0
"쇼핑검색",온도센서RTD,PC,3,0,0,0,5,0,0,0,0
"쇼핑검색",온도센서SETFO,PC,1,0,0,0,6,0,0,0,0
"쇼핑검색",온도센서THERMOCOUPLE,PC,1,0,0,0,14,0,0,0,0
"쇼핑검색",온도센서TYPEK,PC,1,0,0,0,3,0,0,0,0
"쇼핑검색",온도센서T자형,PC,2,0,0,0,5.5,0,0,0,0
"쇼핑검색",온도센서YJ-4550,PC,1,0,0,0,8,0,0,0,0
"쇼핑검색",온도센서가격,모바일,2,0,0,0,1,0,0,0,0
"쇼핑검색",온도센서가리개,모바일,1,0,0,0,3,0,0,0,0
"쇼핑검색",온도센서검교정,PC,1,0,0,0,7,0,0,0,0
"쇼핑검색",온도센서구매,모바일,1,0,0,0,6,0,0,0,0
"쇼핑검색",온도센서기수중,모바일,2,0,0,0,6,0,0,0,0
"쇼핑검색",온도센서단자형PT100,PC,1,0,0,0,4,0,0,0,0
"쇼핑검색",온도센서막대형,모바일,2,0,0,0,5.5,0,0,0,0
"쇼핑검색",온도센서모니터링,모바일,1,0,0,0,4,0,0,0,0
"쇼핑검색",온도센서바형,모바일,3,0,0,0,5.7,0,0,0,0
"쇼핑검색",온도센서백엽상,모바일,1,0,0,0,10,0,0,0,0
"쇼핑검색",온도센서부착용,모바일,1,0,0,0,11,0,0,0,0
"쇼핑검색",온도센서부착형,모바일,1,0,0,0,4,0,0,0,0
"쇼핑검색",온도센서아날로그100도,모바일,1,0,0,0,2,0,0,0,0
"쇼핑검색",온도센서알림,PC,2,0,0,0,3,0,0,0,0
"쇼핑검색",온도센서앱,모바일,1,0,0,0,6,0,0,0,0
"쇼핑검색",온도센서열전대,PC,4,1,880,880,4.3,1,0,0,0
"쇼핑검색",온도센서열전대,모바일,3,0,0,0,1.3,0,0,0,0
"쇼핑검색",온도센서열전대PT,PC,1,0,0,0,3,0,0,0,0
"쇼핑검색",온도센서열전대PT100,PC,1,0,0,0,3,0,0,0,0
"쇼핑검색",온도센서웰보호관,PC,1,0,0,0,6,0,0,0,0
"쇼핑검색",온도센서유리관,PC,1,0,0,0,7,0,0,0,0
"쇼핑검색",온도센서이더넷,PC,1,0,0,0,17,0,0,0,0
"쇼핑검색",온도센서적외선,PC,1,0,0,0,6,0,0,0,0
"쇼핑검색",온도센서측정,모바일,2,0,0,0,5.5,0,0,0,0
"쇼핑검색",온도센서테프론,PC,2,0,0,0,3,0,0,0,0
"쇼핑검색",온도센서파는곳,모바일,1,0,0,0,3,0,0,0,0
"쇼핑검색",온도센서표시,PC,1,0,0,0,4,0,0,0,0
"쇼핑검색",온도습도계,PC,44,0,0,0,8.6,0,0,0,0
"쇼핑검색",온도습도계,모바일,151,0,0,0,7.5,0,0,0,0
"쇼핑검색",온도습도계12V,모바일,2,0,0,0,9,0,0,0,0
"쇼핑검색",온도습도계CLTR-100,PC,1,0,0,0,6,0,0,0,0
"쇼핑검색",온도습도계가격,모바일,1,0,0,0,8,0,0,0,0
"쇼핑검색",온도습도계아날로그,PC,4,0,0,0,6,0,0,0,0
"쇼핑검색",온도습도계아날로그,모바일,3,0,0,0,7,0,0,0,0
"쇼핑검색",온도습도계아날로그온습도계온도습도계,PC,2,0,0,0,2,0,0,0,0
"쇼핑검색",온도습도계추천,모바일,1,0,0,0,9,0,0,0,0
"쇼핑검색",온도알림센서,모바일,6,0,0,0,5.7,0,0,0,0
"쇼핑검색",온도열전대,모바일,1,0,0,0,4,0,0,0,0
"쇼핑검색",온도외부센서,PC,2,0,0,0,6,0,0,0,0
"쇼핑검색",온도인식센서,PC,1,0,0,0,6,0,0,0,0
"쇼핑검색",온도지시계K타입,PC,1,0,0,0,3,0,0,0,0
"쇼핑검색",온도측정,PC,2,0,0,0,10,0,0,0,0
"쇼핑검색",온도측정,모바일,2,0,0,0,9.5,0,0,0,0
"쇼핑검색",온도측정센서,PC,2,1,880,880,2,1,0,0,0
"쇼핑검색",온도측정센서,모바일,6,0,0,0,4.8,0,0,0,0
"쇼핑검색",온도측정센서NETWORK,PC,1,0,0,0,12,0,0,0,0
"쇼핑검색",온도측정센서고정,PC,1,0,0,0,10,0,0,0,0
"쇼핑검색",온도측정앱온도센서,모바일,1,0,0,0,5,0,0,0,0
"쇼핑검색",온도측정용센서,모바일,1,0,0,0,7,0,0,0,0
"쇼핑검색",온도컨트롤PT100,PC,1,0,0,0,4,0,0,0,0
"쇼핑검색",온도케이비접촉,모바일,1,0,0,0,8,0,0,0,0
"쇼핑검색",온도케이온도계,모바일,1,0,0,0,3,0,0,0,0
"쇼핑검색",온도표시,모바일,1,0,0,0,10,0,0,0,0
"쇼핑검색",온수센서,모바일,1,0,0,0,5,0,0,0,0
"쇼핑검색",온장고온도센서,모바일,2,0,0,0,9.5,0,0,0,0
"쇼핑검색",요양원온도습도계,PC,1,0,0,0,5,0,0,0,0
"쇼핑검색",우성하이텍온도센서,모바일,1,0,0,0,9,0,0,0,0
"쇼핑검색",워머기온도센서,모바일,1,0,0,0,24,0,0,0,0
"쇼핑검색",원형온도계100*100,PC,1,0,0,0,3,0,0,0,0
"쇼핑검색",웰온도센서,PC,1,0,0,0,6,0,0,0,0
"쇼핑검색",응축기온도센서,모바일,1,0,0,0,7,0,0,0,0
"쇼핑검색",일본아날로그온도계,PC,2,0,0,0,5,0,0,0,0
"쇼핑검색",일본아날로그온도습도계,모바일,1,0,0,0,1,0,0,0,0
"쇼핑검색",일월매트E4,모바일,2,0,0,0,3,0,0,0,0
"쇼핑검색",일월온도센서,모바일,1,0,0,0,2,0,0,0,0
"쇼핑검색",일월온수매트E4,모바일,1,0,0,0,3,0,0,0,0
"쇼핑검색",저온고온도센서,모바일,1,0,0,0,3,0,0,0,0
"쇼핑검색",저장고온도센서,PC,1,0,0,0,2,0,0,0,0
"쇼핑검색",저장고온도센서,모바일,1,0,0,0,3,0,0,0,0
"쇼핑검색",전기식온도센서,모바일,1,1,869,869,4,1,0,0,0
"쇼핑검색",접촉식아날로그온도계,모바일,1,0,0,0,7,0,0,0,0
"쇼핑검색",접촉식온도센서검침봉,모바일,1,0,0,0,3,0,0,0,0
"쇼핑검색",정밀아날로그습도계,PC,1,0,0,0,7,0,0,0,0
"쇼핑검색",정밀온도센서,PC,1,0,0,0,4,0,0,0,0
"쇼핑검색",제스텍온도센서,모바일,2,0,0,0,4,0,0,0,0
"쇼핑검색",조립형K타입온도센서,PC,1,0,0,0,3,0,0,0,0
"쇼핑검색",좋은창고온도센서,모바일,1,0,0,0,9,0,0,0,0
"쇼핑검색",증발기온도센서,모바일,1,0,0,0,9,0,0,0,0
"쇼핑검색",지역난방온도계100,PC,1,0,0,0,6,0,0,0,0
"쇼핑검색",차량용온도습도계아날로그,모바일,1,0,0,0,1,0,0,0,0
"쇼핑검색",축열식온도센서,모바일,1,0,0,0,10,0,0,0,0
"쇼핑검색",측정공구아날로그실내온도습도계,PC,3,0,0,0,4,0,0,0,0
"쇼핑검색",칠러온도센서,모바일,2,0,0,0,8,0,0,0,0
"쇼핑검색",카토온도센서,모바일,1,0,0,0,10,0,0,0,0
"쇼핑검색",코닉스온도계,PC,1,0,0,0,2,0,0,0,0
"쇼핑검색",코렉온도센서,PC,1,0,0,0,6,0,0,0,0
"쇼핑검색",크레안온도센서,모바일,2,0,0,0,8.5,0,0,0,0
"쇼핑검색",타입J,PC,1,0,0,0,1,0,0,0,0
"쇼핑검색",타입J,모바일,1,0,0,0,1,0,0,0,0
"쇼핑검색",탁상용아날로그온도습도계,모바일,1,0,0,0,3,0,0,0,0
"쇼핑검색",탄탄전기온도센서,모바일,1,0,0,0,4,0,0,0,0
"쇼핑검색",토양아날로그온도계,PC,1,0,0,0,5,0,0,0,0
"쇼핑검색",파란색열전대,PC,1,0,0,0,2,0,0,0,0
"쇼핑검색",파충류습도계온도계,모바일,1,0,0,0,9,0,0,0,0
"쇼핑검색",펜타입온도계,모바일,1,0,0,0,17,0,0,0,0
"쇼핑검색",평판온도센서,모바일,1,0,0,0,10,0,0,0,0
"쇼핑검색",포터2온도센서공구,모바일,1,0,0,0,4,0,0,0,0
"쇼핑검색",표면KTYPE열전대,모바일,1,0,0,0,3,0,0,0,0
"쇼핑검색",표면부착온도센서,PC,2,0,0,0,4,0,0,0,0
"쇼핑검색",풍량온도센서,PC,1,0,0,0,4,0,0,0,0
"쇼핑검색",플랫타입온도계K타입,PC,1,0,0,0,4,0,0,0,0
"쇼핑검색",플랫형열전대K타입,PC,1,0,0,0,3,0,0,0,0
"쇼핑검색",플랫형온도계K타입,PC,1,0,0,0,4,0,0,0,0
"쇼핑검색",필름형온도계K타입,PC,1,0,0,0,4,0,0,0,0
"쇼핑검색",한국아날로그습도계,모바일,2,0,0,0,2,0,0,0,0
"쇼핑검색",함체온도센서,PC,1,0,0,0,6,0,0,0,0
"쇼핑검색",홀와셔K타입열전대,모바일,1,0,0,0,4,0,0,0,0
"쇼핑검색",히터센서,PC,2,0,0,0,2,0,0,0,0
"쇼핑검색",히터센서,모바일,12,0,0,0,4,0,0,0,0
