﻿"쇼핑검색보고서(2024.12.01.~2024.12.31.),mrsnow71:naver"
"캠페인유형",검색어,PC/모바일 매체,노출수,클릭수,"평균클릭비용(VAT포함,원)","총비용(VAT포함,원)",평균노출순위,방문당 평균페이지뷰,방문당 평균체류시간(초),전환수,전환매출액(원)
"파워링크",노카페인커피,PC,25,0,0,0,1.8,0,0,0,0
"파워링크",노카페인커피,모바일,131,2,"1,078","2,156",1.7,0,0,0,0
"파워링크",드립백디카페인,PC,2,0,0,0,3,0,0,0,0
"파워링크",드립백디카페인,모바일,25,0,0,0,2.9,0,0,0,0
"파워링크",디카페인,모바일,151,0,0,0,4.7,0,0,0,0
"파워링크",디카페인드립백,PC,335,2,"1,392","2,783",2.6,0,0,0,0
"파워링크",디카페인드립백,모바일,"1,189",10,"1,438","14,377",2.8,0,0,0,0
"파워링크",디카페인드립백커피,PC,25,0,0,0,1.1,0,0,0,0
"파워링크",디카페인드립백커피,모바일,40,0,0,0,1,0,0,0,0
"파워링크",디카페인원두,PC,717,0,0,0,10.1,0,0,0,0
"파워링크",디카페인원두,모바일,"1,420",3,"1,566","4,697",2.7,0,0,0,0
"파워링크",디카페인원두추천,PC,454,0,0,0,2.5,0,0,0,0
"파워링크",디카페인원두추천,모바일,903,11,"1,519","16,709",2.1,0,0,0,0
"파워링크",디카페인원두커피,PC,82,1,"1,177","1,177",1.7,0,0,0,0
"파워링크",디카페인원두커피,모바일,202,6,"1,428","8,569",1.7,0,0,0,0
"파워링크",디카페인이맛있는커피,모바일,1,0,0,0,3,0,0,0,0
"파워링크",디카페인커피맛있는,모바일,1,0,0,0,3,0,0,0,0
"파워링크",디카페인커피원두,PC,105,1,"1,705","1,705",3.2,0,0,0,0
"파워링크",디카페인커피원두,모바일,132,1,"1,760","1,760",3.1,0,0,0,0
"파워링크",디카페인커피콘텐토,모바일,2,0,0,0,1,0,0,0,0
"파워링크",맛있는디카페인커피,PC,10,1,"1,254","1,254",1.1,0,0,0,0
"파워링크",맛있는디카페인커피,모바일,70,2,"1,078","2,156",1,0,0,0,0
"파워링크",무카페인커피,PC,274,0,0,0,2.6,0,0,0,0
"파워링크",무카페인커피,모바일,794,12,"1,214","14,564",2.8,0,0,0,0
"파워링크",임산부디카페인커피,PC,"3,827",0,0,0,1.1,0,0,0,0
"파워링크",임산부디카페인커피,모바일,"3,551",6,"1,502","9,009",2.3,0,0,0,0
"파워링크",임산부커피,PC,972,0,0,0,4.2,0,0,0,0
"파워링크",임산부커피,모바일,831,0,0,0,2.2,0,0,0,0
"파워링크",임신부디카페인커피,PC,1,0,0,0,1,0,0,0,0
"파워링크",임신부디카페인커피,모바일,12,0,0,0,2.7,0,0,0,0
"파워링크",임신부커피,모바일,1,0,0,0,6,0,0,0,0
"파워링크",카페인없는커피,PC,122,0,0,0,1.9,0,0,0,0
"파워링크",카페인없는커피,모바일,918,49,"1,149","56,309",1.1,0,0,0,0
"파워링크",커피원두종류와맛,모바일,2,0,0,0,2,0,0,0,0
"파워링크",콘텐토분말커피,모바일,1,0,0,0,1,0,0,0,0
"파워링크",콘텐토커피,PC,11,0,0,0,1.1,0,0,0,0
"파워링크",콘텐토커피,모바일,68,1,77,77,1,0,0,0,0
"쇼핑검색",-,PC,"3,266",1,506,506,2.4,1,0,0,0
"쇼핑검색",-,모바일,"9,913",13,536,"6,963",8.1,1,0,0,0
"쇼핑검색",11번가카페인분말,PC,2,0,0,0,4.5,0,0,0,0
"쇼핑검색",14GREAMS드립백,모바일,1,0,0,0,4,0,0,0,0
"쇼핑검색",21개,PC,1,0,0,0,4,0,0,0,0
"쇼핑검색",6번타먹는커피,PC,2,0,0,0,1.5,0,0,0,0
"쇼핑검색",7번타먹는커피,PC,2,0,0,0,1.5,0,0,0,0
"쇼핑검색",7스토리원두,모바일,1,0,0,0,6,0,0,0,0
"쇼핑검색",F5동결건조커피,모바일,2,0,0,0,4.5,0,0,0,0
"쇼핑검색",FC커피원두7500원,모바일,1,0,0,0,5,0,0,0,0
"쇼핑검색",HALO커피분말,PC,2,0,0,0,3,0,0,0,0
"쇼핑검색",KIRKLAND커피,모바일,1,0,0,0,9,0,0,0,0
"쇼핑검색",READING분말COFFEE먹는방법,모바일,2,0,0,0,1.5,0,0,0,0
"쇼핑검색",가배하우스,모바일,5,0,0,0,2.6,0,0,0,0
"쇼핑검색",가지커피,모바일,1,0,0,0,3,0,0,0,0
"쇼핑검색",간편타먹는커피,모바일,2,0,0,0,1.5,0,0,0,0
"쇼핑검색",건조원두,모바일,2,0,0,0,1.5,0,0,0,0
"쇼핑검색",건조커피,PC,4,0,0,0,3.5,0,0,0,0
"쇼핑검색",건조커피,모바일,3,0,0,0,4.3,0,0,0,0
"쇼핑검색",건조커피찌꺼기,PC,2,0,0,0,1.5,0,0,0,0
"쇼핑검색",게이샤드립백,모바일,4,0,0,0,3.5,0,0,0,0
"쇼핑검색",고급타먹는커피,PC,2,0,0,0,1.5,0,0,0,0
"쇼핑검색",고디바초콜릿원두,PC,1,0,0,0,6,0,0,0,0
"쇼핑검색",고디바커피,모바일,3,0,0,0,1.3,0,0,0,0
"쇼핑검색",곰곰원두,모바일,2,0,0,0,3.5,0,0,0,0
"쇼핑검색",공정무역커피,모바일,1,0,0,0,13,0,0,0,0
"쇼핑검색",관장용커피분말,모바일,2,0,0,0,1.5,0,0,0,0
"쇼핑검색",국내동결건조커피,PC,2,0,0,0,5.5,0,0,0,0
"쇼핑검색",그랑드카페콜드브루디카페인,모바일,2,0,0,0,3.5,0,0,0,0
"쇼핑검색",그린커피분말,모바일,1,0,0,0,10,0,0,0,0
"쇼핑검색",그린커피빈커피그린커피빈분말,PC,1,0,0,0,11,0,0,0,0
"쇼핑검색",급동결건조커피,모바일,2,0,0,0,5,0,0,0,0
"쇼핑검색",깡통분말커피,PC,1,0,0,0,2,0,0,0,0
"쇼핑검색",깨물어먹는커피,모바일,2,0,0,0,2,0,0,0,0
"쇼핑검색",끓여먹는커피,모바일,2,0,0,0,1.5,0,0,0,0
"쇼핑검색",나무사이로,모바일,1,0,0,0,15,0,0,0,0
"쇼핑검색",나무사이로원두,모바일,3,0,0,0,13.3,0,0,0,0
"쇼핑검색",나무사이로커피,모바일,3,0,0,0,14.3,0,0,0,0
"쇼핑검색",내려먹는분말커피,모바일,2,0,0,0,6,0,0,0,0
"쇼핑검색",노브랜드원두커피,모바일,4,0,0,0,1,0,0,0,0
"쇼핑검색",노블레스커피,모바일,3,0,0,0,2,0,0,0,0
"쇼핑검색",녹여먹는커피,모바일,4,0,0,0,1.8,0,0,0,0
"쇼핑검색",단골커피,모바일,1,0,0,0,2,0,0,0,0
"쇼핑검색",당뇨인이먹는음료,PC,1,0,0,0,23,0,0,0,0
"쇼핑검색",당일로스팅200G,PC,1,0,0,0,48,0,0,0,0
"쇼핑검색",당일로스팅드립백,PC,1,0,0,0,6,0,0,0,0
"쇼핑검색",당일로스팅드립백,모바일,3,0,0,0,5.7,0,0,0,0
"쇼핑검색",당일로스팅드립백커피,모바일,2,0,0,0,8,0,0,0,0
"쇼핑검색",당일로스팅스페셜티드립백커피모음,모바일,3,0,0,0,4.7,0,0,0,0
"쇼핑검색",당일생산드립백커피커피프리,모바일,3,0,0,0,8.3,0,0,0,0
"쇼핑검색",대학교동결커피,모바일,1,0,0,0,5,0,0,0,0
"쇼핑검색",더치용분말커피,모바일,2,0,0,0,6.5,0,0,0,0
"쇼핑검색",더치커피500,모바일,1,0,0,0,23,0,0,0,0
"쇼핑검색",더치커피디카페인,모바일,1,0,0,0,36,0,0,0,0
"쇼핑검색",독일동결건조커피,모바일,2,0,0,0,3.5,0,0,0,0
"쇼핑검색",동결건조원두,PC,2,0,0,0,1.5,0,0,0,0
"쇼핑검색",동결건조커피60G,PC,1,0,0,0,4,0,0,0,0
"쇼핑검색",동결건조커피F5,모바일,2,0,0,0,5.5,0,0,0,0
"쇼핑검색",드립박스,모바일,3,0,0,0,9.3,0,0,0,0
"쇼핑검색",드립백,모바일,3,0,0,0,45,0,0,0,0
"쇼핑검색",드립백20G,모바일,1,0,0,0,3,0,0,0,0
"쇼핑검색",드립백20개입박스,PC,1,0,0,0,11,0,0,0,0
"쇼핑검색",드립백디카페인,PC,1,0,0,0,19,0,0,0,0
"쇼핑검색",드립백커피,PC,2,0,0,0,93,0,0,0,0
"쇼핑검색",드립백커피,모바일,2,0,0,0,40,0,0,0,0
"쇼핑검색",드립백커피5개입,모바일,1,0,0,0,10,0,0,0,0
"쇼핑검색",드립백커피디카페인,PC,1,0,0,0,35,0,0,0,0
"쇼핑검색",드립백커피디카페인,모바일,1,0,0,0,30,0,0,0,0
"쇼핑검색",드립백커피상자,PC,1,0,0,0,6,0,0,0,0
"쇼핑검색",드립종류,모바일,1,0,0,0,5,0,0,0,0
"쇼핑검색",드립커피박스절개,PC,1,0,0,0,6,0,0,0,0
"쇼핑검색",드립커피종류,모바일,2,0,0,0,2.5,0,0,0,0
"쇼핑검색",드올동결건조커피,PC,1,0,0,0,4,0,0,0,0
"쇼핑검색",디카페인,PC,1,0,0,0,2,0,0,0,0
"쇼핑검색",디카페인,모바일,1,0,0,0,27,0,0,0,0
"쇼핑검색",디카페인5,PC,1,0,0,0,3,0,0,0,0
"쇼핑검색",디카페인과테말라더치500,PC,1,0,0,0,5,0,0,0,0
"쇼핑검색",디카페인더치커피,PC,3,0,0,0,23.7,0,0,0,0
"쇼핑검색",디카페인더치커피,모바일,2,0,0,0,35.5,0,0,0,0
"쇼핑검색",디카페인드립,모바일,2,0,0,0,29,0,0,0,0
"쇼핑검색",디카페인드립백,PC,5,0,0,0,34,0,0,0,0
"쇼핑검색",디카페인드립백,모바일,9,0,0,0,23.6,0,0,0,0
"쇼핑검색",디카페인드립백커피,모바일,1,0,0,0,34,0,0,0,0
"쇼핑검색",디카페인드립커피,모바일,15,0,0,0,19.3,0,0,0,0
"쇼핑검색",디카페인분말,PC,2,0,0,0,1,0,0,0,0
"쇼핑검색",디카페인분말,모바일,7,0,0,0,1,0,0,0,0
"쇼핑검색",디카페인분쇄,모바일,1,0,0,0,2,0,0,0,0
"쇼핑검색",디카페인선물세트,PC,2,0,0,0,2,0,0,0,0
"쇼핑검색",디카페인원두,PC,25,0,0,0,8.3,0,0,0,0
"쇼핑검색",디카페인원두,모바일,64,0,0,0,22.8,0,0,0,0
"쇼핑검색",디카페인원두200,모바일,1,0,0,0,23,0,0,0,0
"쇼핑검색",디카페인원두200G,PC,1,0,0,0,17,0,0,0,0
"쇼핑검색",디카페인원두200G,모바일,1,0,0,0,47,0,0,0,0
"쇼핑검색",디카페인원두당일로스팅200G,PC,5,0,0,0,4,0,0,0,0
"쇼핑검색",디카페인원두분말,PC,2,0,0,0,1.5,0,0,0,0
"쇼핑검색",디카페인원두분말,모바일,1,0,0,0,1,0,0,0,0
"쇼핑검색",디카페인원두브라운박스,PC,2,0,0,0,1,0,0,0,0
"쇼핑검색",디카페인원두세트,PC,1,0,0,0,2,0,0,0,0
"쇼핑검색",디카페인커피드립백,모바일,1,0,0,0,17,0,0,0,0
"쇼핑검색",디카페인커피원두,모바일,1,0,0,0,13,0,0,0,0
"쇼핑검색",디카페인콜드브루,PC,27,0,0,0,18.6,0,0,0,0
"쇼핑검색",디카페인콜드브루,모바일,14,0,0,0,21.4,0,0,0,0
"쇼핑검색",디카페인팩커피,모바일,3,0,0,0,3,0,0,0,0
"쇼핑검색",라이크커피,모바일,3,0,0,0,2.7,0,0,0,0
"쇼핑검색",라콜롬브,모바일,2,0,0,0,1,0,0,0,0
"쇼핑검색",로또커피21,PC,3,0,0,0,2,0,0,0,0
"쇼핑검색",로스팅,PC,1,0,0,0,30,0,0,0,0
"쇼핑검색",로스팅박스,PC,2,0,0,0,4,0,0,0,0
"쇼핑검색",로스팅코리아콜드브루,PC,6,0,0,0,2.2,0,0,0,0
"쇼핑검색",로투스커피,모바일,1,0,0,0,2,0,0,0,0
"쇼핑검색",루다커피,모바일,4,0,0,0,1.8,0,0,0,0
"쇼핑검색",리그리아커피분말,PC,2,0,0,0,3,0,0,0,0
"쇼핑검색",맛있는타먹는커피,모바일,1,0,0,0,1,0,0,0,0
"쇼핑검색",망원동타먹는커피,모바일,4,0,0,0,1.5,0,0,0,0
"쇼핑검색",맥널티체리블렌드,모바일,1,0,0,0,2,0,0,0,0
"쇼핑검색",먹는커피,모바일,2,0,0,0,1.5,0,0,0,0
"쇼핑검색",메종드원두,모바일,1,0,0,0,1,0,0,0,0
"쇼핑검색",메종드커피,모바일,1,0,0,0,1,0,0,0,0
"쇼핑검색",바짜퀄리타분말커피,모바일,2,1,561,561,2.5,1,0,0,0
"쇼핑검색",방탄커피원두,모바일,2,0,0,0,14,0,0,0,0
"쇼핑검색",범표원두,모바일,8,0,0,0,15,0,0,0,0
"쇼핑검색",베트남원두커피분말,모바일,1,0,0,0,18,0,0,0,0
"쇼핑검색",보난자디카페인,모바일,2,0,0,0,2,0,0,0,0
"쇼핑검색",보사노바원두,모바일,1,0,0,0,15,0,0,0,0
"쇼핑검색",부어먹는커피,모바일,6,0,0,0,2,0,0,0,0
"쇼핑검색",분말원두커피,PC,2,0,0,0,3,0,0,0,0
"쇼핑검색",분말원두커피,모바일,6,0,0,0,2.8,0,0,0,0
"쇼핑검색",분말치아파스커피,모바일,2,0,0,0,5.5,0,0,0,0
"쇼핑검색",분말커피녹여먹는,모바일,2,0,0,0,1.5,0,0,0,0
"쇼핑검색",분말커피원두,모바일,2,0,0,0,3,0,0,0,0
"쇼핑검색",분말파우치,모바일,3,0,0,0,15.3,0,0,0,0
"쇼핑검색",분무동결건조커피,PC,4,0,0,0,4.5,0,0,0,0
"쇼핑검색",분쇄원두커피,모바일,1,0,0,0,1,0,0,0,0
"쇼핑검색",브라질산커피종류,모바일,1,0,0,0,6,0,0,0,0
"쇼핑검색",브라질산토스,PC,1,0,0,0,1,0,0,0,0
"쇼핑검색",브룩스커피,모바일,2,0,0,0,3,0,0,0,0
"쇼핑검색",빈스먼스,모바일,1,0,0,0,1,0,0,0,0
"쇼핑검색",센터커피,모바일,1,0,0,0,2,0,0,0,0
"쇼핑검색",소자매커피,모바일,11,0,0,0,5.1,0,0,0,0
"쇼핑검색",쉐이드트리커피,모바일,1,0,0,0,2,0,0,0,0
"쇼핑검색",스타벅스네스프레소캡슐,모바일,3,0,0,0,2.3,0,0,0,0
"쇼핑검색",스타벅스오리가미,모바일,1,0,0,0,1,0,0,0,0
"쇼핑검색",슬라이드드립백박스,모바일,2,0,0,0,43,0,0,0,0
"쇼핑검색",썰어먹는커피,모바일,2,0,0,0,1,0,0,0,0
"쇼핑검색",아타토커피,모바일,1,0,0,0,8,0,0,0,0
"쇼핑검색",안젤로빈,모바일,2,0,0,0,3,0,0,0,0
"쇼핑검색",야당동결건조커피,PC,2,0,0,0,5,0,0,0,0
"쇼핑검색",에이치에이치커피,모바일,1,0,0,0,3,0,0,0,0
"쇼핑검색",에코몽동결커피,PC,1,0,0,0,4,0,0,0,0
"쇼핑검색",에티오피아산원두커피종류,모바일,1,0,0,0,8,0,0,0,0
"쇼핑검색",엘카페디카페인,모바일,1,0,0,0,2,0,0,0,0
"쇼핑검색",오늘은디카페인,모바일,2,0,0,0,4.5,0,0,0,0
"쇼핑검색",오랑오랑드립백,모바일,1,0,0,0,15,0,0,0,0
"쇼핑검색",오리지널베르크,모바일,2,0,0,0,3,0,0,0,0
"쇼핑검색",요크커피,모바일,2,0,0,0,1,0,0,0,0
"쇼핑검색",우려먹는커피,모바일,6,0,0,0,1.5,0,0,0,0
"쇼핑검색",운남원두타먹는커피,PC,2,0,0,0,1.5,0,0,0,0
"쇼핑검색",울산원두커피종류,모바일,2,0,0,0,8,0,0,0,0
"쇼핑검색",원두200G,PC,4,0,0,0,4,0,0,0,0
"쇼핑검색",원두200G,모바일,3,0,0,0,12.7,0,0,0,0
"쇼핑검색",원두구독,모바일,1,0,0,0,3,0,0,0,0
"쇼핑검색",원두동결건조,PC,2,0,0,0,1.5,0,0,0,0
"쇼핑검색",원두드립백,모바일,1,0,0,0,36,0,0,0,0
"쇼핑검색",원두디카페인커피,모바일,2,0,0,0,92.5,0,0,0,0
"쇼핑검색",원두로스팅,모바일,1,0,0,0,12,0,0,0,0
"쇼핑검색",원두박스,모바일,1,0,0,0,15,0,0,0,0
"쇼핑검색",원두분말,PC,8,0,0,0,1.8,0,0,0,0
"쇼핑검색",원두분말,모바일,18,0,0,0,2.7,0,0,0,0
"쇼핑검색",원두분말커피,모바일,3,0,0,0,3,0,0,0,0
"쇼핑검색",원두선물,모바일,1,0,0,0,23,0,0,0,0
"쇼핑검색",원두선물세트,PC,3,0,0,0,12,0,0,0,0
"쇼핑검색",원두선물세트,모바일,4,0,0,0,26,0,0,0,0
"쇼핑검색",원두종류,PC,15,0,0,0,4,0,0,0,0
"쇼핑검색",원두종류,모바일,170,1,55,55,2,0,0,0,0
"쇼핑검색",원두찌꺼기,모바일,3,0,0,0,1,0,0,0,0
"쇼핑검색",원두커피,PC,3,0,0,0,13.3,0,0,0,0
"쇼핑검색",원두커피1KG,모바일,1,0,0,0,1,0,0,0,0
"쇼핑검색",원두커피드립백,모바일,2,0,0,0,40,0,0,0,0
"쇼핑검색",원두커피디카페인커피드립백,모바일,1,0,0,0,5,0,0,0,0
"쇼핑검색",원두커피분말,PC,5,0,0,0,2,0,0,0,0
"쇼핑검색",원두커피분말,모바일,44,1,583,583,2.6,1,0,0,0
"쇼핑검색",원두커피종류,PC,23,0,0,0,4.7,0,0,0,0
"쇼핑검색",원두커피종류,모바일,122,1,550,550,4.1,1,0,0,0
"쇼핑검색",원두커피직접타먹는,모바일,2,0,0,0,1.5,0,0,0,0
"쇼핑검색",원두커피직접타먹는커피,모바일,6,0,0,0,1.5,0,0,0,0
"쇼핑검색",원두커피파우치,PC,9,0,0,0,1.1,0,0,0,0
"쇼핑검색",원두커피파우치,모바일,4,0,0,0,3.3,0,0,0,0
"쇼핑검색",원두파우치200G,모바일,1,0,0,0,6,0,0,0,0
"쇼핑검색",원두파우치500G,모바일,1,0,0,0,5,0,0,0,0
"쇼핑검색",유기농디카페인원두,모바일,1,0,0,0,7,0,0,0,0
"쇼핑검색",이노다커피드립종류,모바일,1,0,0,0,7,0,0,0,0
"쇼핑검색",인듀어런스커피,모바일,1,0,0,0,2,0,0,0,0
"쇼핑검색",인텔리젠시아,모바일,1,0,0,0,15,0,0,0,0
"쇼핑검색",저렴한드립백커피,모바일,1,0,0,0,98,0,0,0,0
"쇼핑검색",저칼로리커피분말,모바일,1,0,0,0,13,0,0,0,0
"쇼핑검색",제빵용커피분말,PC,1,0,0,0,7,0,0,0,0
"쇼핑검색",제이콥커피분말,모바일,1,0,0,0,2,0,0,0,0
"쇼핑검색",직접타먹는원두커피,모바일,8,0,0,0,1.5,0,0,0,0
"쇼핑검색",직접타먹는커피,모바일,4,0,0,0,1.5,0,0,0,0
"쇼핑검색",진하게먹는커피,모바일,2,0,0,0,1.5,0,0,0,0
"쇼핑검색",집에서먹는커피추천,모바일,4,0,0,0,1.8,0,0,0,0
"쇼핑검색",카페꼬메르,PC,4,0,0,0,3.5,0,0,0,0
"쇼핑검색",카페꼬메르더치커피,모바일,2,0,0,0,5.5,0,0,0,0
"쇼핑검색",카페브리즈디카페인콜드브루,PC,2,0,0,0,3.5,0,0,0,0
"쇼핑검색",카페브리즈디카페인콜드브루100G,PC,2,0,0,0,3.5,0,0,0,0
"쇼핑검색",카페오트1000,PC,1,0,0,0,4,0,0,0,0
"쇼핑검색",카페인가루,모바일,1,0,0,0,5,0,0,0,0
"쇼핑검색",카페인분말,PC,2,0,0,0,4.5,0,0,0,0
"쇼핑검색",카페인분말,모바일,22,0,0,0,3.9,0,0,0,0
"쇼핑검색",카페인파우치,모바일,2,0,0,0,2,0,0,0,0
"쇼핑검색",카페콜드브루,모바일,4,0,0,0,7,0,0,0,0
"쇼핑검색",커클랜드디카페인,모바일,1,0,0,0,11,0,0,0,0
"쇼핑검색",커피3종,모바일,1,0,0,0,11,0,0,0,0
"쇼핑검색",커피동결건조,모바일,1,0,0,0,10,0,0,0,0
"쇼핑검색",커피드립백,PC,1,0,0,0,96,0,0,0,0
"쇼핑검색",커피드립백,모바일,1,0,0,0,22,0,0,0,0
"쇼핑검색",커피루소,PC,1,0,0,0,2,0,0,0,0
"쇼핑검색",커피루소,모바일,1,0,0,0,3,0,0,0,0
"쇼핑검색",커피먹는즐거움,모바일,2,0,0,0,1.5,0,0,0,0
"쇼핑검색",커피메이커용분말커피,모바일,2,0,0,0,5,0,0,0,0
"쇼핑검색",커피메이커용원두분말커피,모바일,2,0,0,0,3,0,0,0,0
"쇼핑검색",커피분말점포,PC,2,0,0,0,3,0,0,0,0
"쇼핑검색",커피분말할랄,PC,2,0,0,0,3.5,0,0,0,0
"쇼핑검색",커피원두,PC,6,0,0,0,13.2,0,0,0,0
"쇼핑검색",커피원두선물,PC,1,0,0,0,5,0,0,0,0
"쇼핑검색",커피원두선물,모바일,1,0,0,0,23,0,0,0,0
"쇼핑검색",커피원두선물박스,PC,1,0,0,0,1,0,0,0,0
"쇼핑검색",커피원두선물페키지,PC,1,0,0,0,10,0,0,0,0
"쇼핑검색",커피원두종류,PC,22,0,0,0,5,0,0,0,0
"쇼핑검색",커피원두종류,모바일,18,0,0,0,6.2,0,0,0,0
"쇼핑검색",커피원두종류울드록,모바일,1,0,0,0,7,0,0,0,0
"쇼핑검색",커피원두찌꺼기,모바일,2,0,0,0,1,0,0,0,0
"쇼핑검색",커피원두파우치,모바일,4,0,0,0,4.3,0,0,0,0
"쇼핑검색",커피제이빈,모바일,3,0,0,0,2,0,0,0,0
"쇼핑검색",커피찌꺼기분말,PC,2,0,0,0,3,0,0,0,0
"쇼핑검색",커피카페인분말,PC,1,0,0,0,2,0,0,0,0
"쇼핑검색",커피타먹는,모바일,2,0,0,0,1.5,0,0,0,0
"쇼핑검색",커피타먹는종류,모바일,2,0,0,0,2,0,0,0,0
"쇼핑검색",커피트리분말,PC,2,0,0,0,9.5,0,0,0,0
"쇼핑검색",커피티백,모바일,1,0,0,0,15,0,0,0,0
"쇼핑검색",컴포즈분말커피,PC,2,0,0,0,4,0,0,0,0
"쇼핑검색",케냐AA콜드브루,모바일,4,0,0,0,6,0,0,0,0
"쇼핑검색",코스트코건조커피,PC,1,0,0,0,6,0,0,0,0
"쇼핑검색",코스트코원두커피분말,모바일,1,0,0,0,5,0,0,0,0
"쇼핑검색",코스트코커피가루,모바일,1,0,0,0,15,0,0,0,0
"쇼핑검색",코스트코커피분말,PC,2,0,0,0,3,0,0,0,0
"쇼핑검색",콘텐토,모바일,7,0,0,0,4,0,0,0,0
"쇼핑검색",콘텐토커피,PC,52,2,853,"1,705",2.1,1,0,1,"52,500"
"쇼핑검색",콘텐토커피,모바일,284,3,854,"2,563",1.9,1,0,0,0
"쇼핑검색",콜드브루갸인카페,모바일,2,0,0,0,7.5,0,0,0,0
"쇼핑검색",콜드브루더치커피,모바일,2,0,0,0,10.5,0,0,0,0
"쇼핑검색",콜드브루디카페인,PC,4,0,0,0,20.3,0,0,0,0
"쇼핑검색",콜드브루디카페인,모바일,7,1,462,462,14.9,1,0,0,0
"쇼핑검색",콜드브루레이지보틀디카페인,PC,2,0,0,0,28.5,0,0,0,0
"쇼핑검색",콩볶는사람들디카페인,모바일,1,0,0,0,2,0,0,0,0
"쇼핑검색",클럽에스프레소,모바일,1,0,0,0,1,0,0,0,0
"쇼핑검색",키토핏,모바일,3,0,0,0,10,0,0,0,0
"쇼핑검색",키토핏방탄커피,모바일,11,0,0,0,9.8,0,0,0,0
"쇼핑검색",타먹는디카페인,PC,1,0,0,0,1,0,0,0,0
"쇼핑검색",타먹는따뜻한커피,PC,2,0,0,0,1.5,0,0,0,0
"쇼핑검색",타먹는분말커피,PC,1,0,0,0,1,0,0,0,0
"쇼핑검색",타먹는원두,모바일,1,0,0,0,1,0,0,0,0
"쇼핑검색",타먹는원두커피,PC,22,0,0,0,1.3,0,0,0,0
"쇼핑검색",타먹는원두커피,모바일,21,0,0,0,1.2,0,0,0,0
"쇼핑검색",타먹는커피,모바일,8,0,0,0,2,0,0,0,0
"쇼핑검색",타먹는커피1KG,PC,2,0,0,0,1.5,0,0,0,0
"쇼핑검색",타먹는커피대용량,PC,2,0,0,0,1.5,0,0,0,0
"쇼핑검색",타먹는커피분말,모바일,2,0,0,0,1.5,0,0,0,0
"쇼핑검색",타먹는크페인,모바일,2,0,0,0,8,0,0,0,0
"쇼핑검색",테일러커피,모바일,1,0,0,0,15,0,0,0,0
"쇼핑검색",테일러커피드립백,모바일,3,0,0,0,15,0,0,0,0
"쇼핑검색",토스타토,모바일,1,0,0,0,1,0,0,0,0
"쇼핑검색",티바인디카페인,모바일,1,0,0,0,1,0,0,0,0
"쇼핑검색",팀홀튼,모바일,5,0,0,0,15,0,0,0,0
"쇼핑검색",파우치원두,PC,2,0,0,0,1.5,0,0,0,0
"쇼핑검색",페도라드립백,모바일,1,0,0,0,2,0,0,0,0
"쇼핑검색",펠트커피,모바일,6,0,0,0,7.8,0,0,0,0
"쇼핑검색",펠트커피디카페인,모바일,1,0,0,0,13,0,0,0,0
"쇼핑검색",포장박스드립백,모바일,1,0,0,0,31,0,0,0,0
"쇼핑검색",프릳츠디카페인,모바일,1,0,0,0,15,0,0,0,0
"쇼핑검색",프릳츠원두,모바일,1,0,0,0,13,0,0,0,0
"쇼핑검색",프릳츠커피,모바일,1,0,0,0,14,0,0,0,0
"쇼핑검색",피코크커피백,모바일,1,0,0,0,15,0,0,0,0
"쇼핑검색",한국인좋아하는원두종류,모바일,2,0,0,0,6,0,0,0,0
"쇼핑검색",한반두커피,모바일,1,0,0,0,1,0,0,0,0
"쇼핑검색",해밀프리미엄커피티백,모바일,2,0,0,0,2,0,0,0,0
"쇼핑검색",헤이즐넛더치커피,모바일,2,0,0,0,3,0,0,0,0
"쇼핑검색",헤이즐넛콜드브루,모바일,4,0,0,0,2.5,0,0,0,0
"쇼핑검색",헤즐넛커피,모바일,8,0,0,0,2,0,0,0,0
"쇼핑검색",환자가먹는카페인커피,모바일,4,0,0,0,2,0,0,0,0
