﻿"쇼핑검색보고서(2024.12.01.~2024.12.31.),fromko"
"캠페인유형",검색어,PC/모바일 매체,노출수,클릭수,"평균클릭비용(VAT포함,원)","총비용(VAT포함,원)",평균노출순위,방문당 평균페이지뷰,방문당 평균체류시간(초),전환수,전환매출액(원)
"파워링크",3자물류,PC,1,0,0,0,79,0,0,0,0
"파워링크",40FT컨테이너파레트,PC,3,0,0,0,1,0,0,0,0
"파워링크",40FT컨테이너파레트,모바일,1,0,0,0,1,0,0,0,0
"파워링크",40FT컨테이너파렛트,PC,1,0,0,0,1,0,0,0,0
"파워링크",EMS국제택배필리핀,모바일,1,0,0,0,2,0,0,0,0
"파워링크",FEDEX해외특송,PC,2,0,0,0,3,0,0,0,0
"파워링크",LAZADA구매대행,모바일,6,0,0,0,3,0,0,0,0
"파워링크",SHOPEE구매대행,PC,1,0,0,0,6,0,0,0,0
"파워링크",SHOPEE배대지택배,PC,1,0,0,0,1,0,0,0,0
"파워링크",SHOPEE직구,PC,6,0,0,0,2,0,0,0,0
"파워링크",SHOPEE직구,모바일,16,1,132,132,2,0,0,0,0
"파워링크",SKID,PC,128,0,0,0,6.2,0,0,0,0
"파워링크",SKID,모바일,20,0,0,0,5.3,0,0,0,0
"파워링크",SKID포장,PC,65,0,0,0,4.8,0,0,0,0
"파워링크",SKID포장,모바일,7,0,0,0,2.7,0,0,0,0
"파워링크",UPS해외특송,PC,1,0,0,0,2,0,0,0,0
"파워링크",UPS해외특송,모바일,1,0,0,0,2,0,0,0,0
"파워링크",WOODENBOX,PC,2,0,0,0,6.5,0,0,0,0
"파워링크",구매대행국제배송,모바일,1,0,0,0,3,0,0,0,0
"파워링크",구매대행배대지해운항공,PC,1,0,0,0,1,0,0,0,0
"파워링크",구매대행배송추적,PC,1,0,0,0,2,0,0,0,0
"파워링크",구매대행송장,모바일,3,0,0,0,1.3,0,0,0,0
"파워링크",구매대행이지필,PC,1,1,77,77,1,0,0,0,0
"파워링크",구매대행택배보내기,PC,1,0,0,0,1,0,0,0,0
"파워링크",구매대행한국에서해외로,모바일,1,0,0,0,3,0,0,0,0
"파워링크",구매대행한국택배,PC,2,0,0,0,1.5,0,0,0,0
"파워링크",구매대행항공운송,모바일,2,0,0,0,2,0,0,0,0
"파워링크",구매대행항공특송,모바일,2,0,0,0,1,0,0,0,0
"파워링크",구매대행해외배송,모바일,1,0,0,0,3,0,0,0,0
"파워링크",국내상품구매대행,PC,1,0,0,0,2,0,0,0,0
"파워링크",국내상품구매대행,모바일,1,0,0,0,2,0,0,0,0
"파워링크",국제소포보내기대행,모바일,1,0,0,0,1,0,0,0,0
"파워링크",국제우편필리핀,PC,1,0,0,0,1,0,0,0,0
"파워링크",국제우편필리핀보내기,모바일,2,0,0,0,1,0,0,0,0
"파워링크",국제운송,PC,2,0,0,0,22,0,0,0,0
"파워링크",국제운송과특송,PC,1,0,0,0,1,0,0,0,0
"파워링크",국제택배필리핀,PC,1,1,77,77,1,0,0,0,0
"파워링크",국제택배필리핀,모바일,1,0,0,0,1,0,0,0,0
"파워링크",국제화물,PC,7,0,0,0,12.6,0,0,0,0
"파워링크",국제화물,모바일,1,0,0,0,18,0,0,0,0
"파워링크",그림포장,모바일,1,0,0,0,14,0,0,0,0
"파워링크",금형포장,PC,8,0,0,0,2.5,0,0,0,0
"파워링크",금형포장,모바일,2,0,0,0,1.5,0,0,0,0
"파워링크",기계수출포장,PC,2,0,0,0,7,0,0,0,0
"파워링크",기계수출포장,모바일,4,0,0,0,8.8,0,0,0,0
"파워링크",기계포장,PC,5,0,0,0,4.8,0,0,0,0
"파워링크",기계포장,모바일,2,0,0,0,5.5,0,0,0,0
"파워링크",나라구매,모바일,1,0,0,0,1,0,0,0,0
"파워링크",나무박스포장,PC,5,0,0,0,3.8,0,0,0,0
"파워링크",나무박스포장,모바일,6,1,165,165,1.7,0,0,0,0
"파워링크",나무빠레트,모바일,1,0,0,0,4,0,0,0,0
"파워링크",나무상자제작,PC,3,0,0,0,9.3,0,0,0,0
"파워링크",나무상자제작,모바일,5,0,0,0,8.2,0,0,0,0
"파워링크",나무상자주문제작,PC,16,0,0,0,3.6,0,0,0,0
"파워링크",나무상자주문제작,모바일,23,0,0,0,3.6,0,0,0,0
"파워링크",나무상자포장,PC,7,0,0,0,4.7,0,0,0,0
"파워링크",나무상자포장,모바일,10,0,0,0,3.2,0,0,0,0
"파워링크",나무파레트,PC,35,0,0,0,11.1,0,0,0,0
"파워링크",나무파레트,모바일,45,1,341,341,3.5,0,0,0,0
"파워링크",나무파레트무게,PC,20,0,0,0,2.9,0,0,0,0
"파워링크",나무파레트무게,모바일,12,0,0,0,2,0,0,0,0
"파워링크",나무파렛트,PC,22,0,0,0,13.4,0,0,0,0
"파워링크",나무파렛트무게,PC,11,0,0,0,3.3,0,0,0,0
"파워링크",나무파렛트무게,모바일,11,0,0,0,1.6,0,0,0,0
"파워링크",나무팔레트,PC,24,0,0,0,13.2,0,0,0,0
"파워링크",나무팔레트무게,PC,2,0,0,0,2.5,0,0,0,0
"파워링크",나무팔레트무게,모바일,2,0,0,0,1.5,0,0,0,0
"파워링크",나무포장,PC,9,0,0,0,3.7,0,0,0,0
"파워링크",나무포장,모바일,7,0,0,0,3.7,0,0,0,0
"파워링크",나무포장박스,PC,4,0,0,0,1.5,0,0,0,0
"파워링크",나무포장박스,모바일,10,0,0,0,2,0,0,0,0
"파워링크",단면파레트,PC,3,0,0,0,4,0,0,0,0
"파워링크",단면파레트,모바일,11,0,0,0,3.2,0,0,0,0
"파워링크",단면파렛트,PC,4,0,0,0,5,0,0,0,0
"파워링크",단면파렛트,모바일,9,0,0,0,3,0,0,0,0
"파워링크",대량포장,PC,2,0,0,0,10.5,0,0,0,0
"파워링크",대량포장,모바일,3,0,0,0,4.7,0,0,0,0
"파워링크",대형파레트,PC,15,0,0,0,4.6,0,0,0,0
"파워링크",대형파레트,모바일,26,0,0,0,2.5,0,0,0,0
"파워링크",대형파렛트,PC,12,0,0,0,5.6,0,0,0,0
"파워링크",대형파렛트,모바일,24,0,0,0,2.8,0,0,0,0
"파워링크",대형팔레트,PC,3,0,0,0,4.7,0,0,0,0
"파워링크",대형팔레트,모바일,4,0,0,0,2.8,0,0,0,0
"파워링크",대형포장,PC,10,0,0,0,2.9,0,0,0,0
"파워링크",대형포장,모바일,52,0,0,0,1.9,0,0,0,0
"파워링크",동남아쇼핑몰,PC,90,0,0,0,5.6,0,0,0,0
"파워링크",동남아쇼핑몰,모바일,2,0,0,0,7,0,0,0,0
"파워링크",동남아수출,PC,2,0,0,0,11,0,0,0,0
"파워링크",동남아수출,모바일,1,0,0,0,9,0,0,0,0
"파워링크",라자다구매대행,PC,60,0,0,0,2.8,0,0,0,0
"파워링크",라자다구매대행,모바일,104,0,0,0,2.2,0,0,0,0
"파워링크",라자다필리핀구매대행,PC,1,0,0,0,1,0,0,0,0
"파워링크",마닐라해외배송,모바일,1,1,77,77,1,0,0,0,0
"파워링크",맞춤포장,PC,12,1,352,352,4.2,0,0,0,0
"파워링크",맞춤포장,모바일,7,0,0,0,2.6,0,0,0,0
"파워링크",목상자,PC,2,0,0,0,15,0,0,0,0
"파워링크",목상자,모바일,2,0,0,0,16.5,0,0,0,0
"파워링크",목상자제작,PC,1,0,0,0,3,0,0,0,0
"파워링크",목상자포장,PC,13,0,0,0,5.7,0,0,0,0
"파워링크",목재빠레트,PC,2,0,0,0,6.5,0,0,0,0
"파워링크",목재빠레트,모바일,1,0,0,0,6,0,0,0,0
"파워링크",목재상자,PC,5,0,0,0,5.4,0,0,0,0
"파워링크",목재상자,모바일,11,0,0,0,3.2,0,0,0,0
"파워링크",목재수출포장,PC,61,0,0,0,11.5,0,0,0,0
"파워링크",목재수출포장,모바일,2,0,0,0,7,0,0,0,0
"파워링크",목재열처리,PC,22,0,0,0,2.8,0,0,0,0
"파워링크",목재열처리,모바일,4,0,0,0,3.5,0,0,0,0
"파워링크",목재파레트,PC,1,0,0,0,7,0,0,0,0
"파워링크",목재파레트,모바일,2,0,0,0,4.5,0,0,0,0
"파워링크",목재파레트제작,PC,3,0,0,0,1.7,0,0,0,0
"파워링크",목재파렛트,PC,44,0,0,0,15.3,0,0,0,0
"파워링크",목재파렛트,모바일,7,0,0,0,18.4,0,0,0,0
"파워링크",목재파렛트제작,PC,5,0,0,0,4.6,0,0,0,0
"파워링크",목재파렛트제작,모바일,1,0,0,0,4,0,0,0,0
"파워링크",목재팔레트,PC,7,0,0,0,3.3,0,0,0,0
"파워링크",목재팔레트,모바일,8,0,0,0,1.4,0,0,0,0
"파워링크",목재포장,PC,2,0,0,0,11,0,0,0,0
"파워링크",목재포장,모바일,2,0,0,0,10.5,0,0,0,0
"파워링크",목포장,PC,22,0,0,0,2.7,0,0,0,0
"파워링크",목포장,모바일,71,0,0,0,1.7,0,0,0,0
"파워링크",물류보관,PC,1,0,0,0,59,0,0,0,0
"파워링크",물류회사,PC,1,0,0,0,35,0,0,0,0
"파워링크",밀폐포장,PC,1,0,0,0,3,0,0,0,0
"파워링크",밀폐포장,모바일,7,0,0,0,3,0,0,0,0
"파워링크",바이크부품,PC,81,0,0,0,7.6,0,0,0,0
"파워링크",바이크부품,모바일,55,0,0,0,4.1,0,0,0,0
"파워링크",바이크부품직구,PC,2,0,0,0,1.5,0,0,0,0
"파워링크",바이크부품직구,모바일,2,0,0,0,1.5,0,0,0,0
"파워링크",배대지로택배보내기,모바일,1,0,0,0,1,0,0,0,0
"파워링크",배대지배송확인,모바일,1,0,0,0,1,0,0,0,0
"파워링크",배대지송장번호,PC,1,0,0,0,1,0,0,0,0
"파워링크",배대지해운항공특송,모바일,1,0,0,0,1,0,0,0,0
"파워링크",배송대행지필리핀운송,모바일,2,0,0,0,1.5,0,0,0,0
"파워링크",보홀택배,모바일,2,0,0,0,1,0,0,0,0
"파워링크",빠랫트,PC,5,0,0,0,7.6,0,0,0,0
"파워링크",빠랫트,모바일,14,0,0,0,4,0,0,0,0
"파워링크",빠레트,PC,96,0,0,0,12.6,0,0,0,0
"파워링크",빠레트,모바일,19,0,0,0,6.9,0,0,0,0
"파워링크",빠레트가격,모바일,1,0,0,0,4,0,0,0,0
"파워링크",빠레트구매,PC,2,0,0,0,4.5,0,0,0,0
"파워링크",빠레트규격,모바일,6,0,0,0,3.8,0,0,0,0
"파워링크",빠레트매입,모바일,1,0,0,0,3,0,0,0,0
"파워링크",빠레트사이즈,PC,11,0,0,0,5.3,0,0,0,0
"파워링크",빠레트사이즈,모바일,6,0,0,0,3.7,0,0,0,0
"파워링크",빠레트종류,모바일,1,0,0,0,3,0,0,0,0
"파워링크",빠렛트,PC,5,0,0,0,12.4,0,0,0,0
"파워링크",빠렛트,모바일,5,0,0,0,12.8,0,0,0,0
"파워링크",빠렛트가격,PC,1,0,0,0,7,0,0,0,0
"파워링크",빠렛트가격,모바일,4,0,0,0,1.5,0,0,0,0
"파워링크",빠렛트사이즈,모바일,1,0,0,0,1,0,0,0,0
"파워링크",상품해외배송대행,모바일,1,0,0,0,2,0,0,0,0
"파워링크",샤피대행,모바일,2,0,0,0,1,0,0,0,0
"파워링크",세부구매대행,모바일,12,2,77,154,1.3,0,0,0,0
"파워링크",세부대행구매,모바일,2,1,99,99,1.5,0,0,0,0
"파워링크",세부택배,PC,"2,177",0,0,0,2.3,0,0,0,0
"파워링크",세부택배,모바일,217,1,253,253,1.5,0,0,0,0
"파워링크",소형포장,PC,14,0,0,0,2.4,0,0,0,0
"파워링크",소형포장,모바일,25,0,0,0,1.5,0,0,0,0
"파워링크",쇼피.판매,모바일,1,0,0,0,2,0,0,0,0
"파워링크",쇼피.필리핀,모바일,3,0,0,0,2.7,0,0,0,0
"파워링크",쇼피구매,PC,205,0,0,0,1.2,0,0,0,0
"파워링크",쇼피구매,모바일,48,3,158,473,2.4,0,0,0,0
"파워링크",쇼피구매대행,PC,32,0,0,0,2.9,0,0,0,0
"파워링크",쇼피구매대행,모바일,21,0,0,0,3,0,0,0,0
"파워링크",쇼피구매배대지,모바일,1,0,0,0,1,0,0,0,0
"파워링크",쇼피구매하기,PC,2,0,0,0,1.5,0,0,0,0
"파워링크",쇼피구매하기,모바일,3,0,0,0,2.3,0,0,0,0
"파워링크",쇼피구입,PC,1,0,0,0,1,0,0,0,0
"파워링크",쇼피구입,모바일,1,0,0,0,3,0,0,0,0
"파워링크",쇼피구입하기,PC,1,0,0,0,2,0,0,0,0
"파워링크",쇼피쇼핑,모바일,1,0,0,0,1,0,0,0,0
"파워링크",쇼피에서구매,PC,1,0,0,0,3,0,0,0,0
"파워링크",쇼피에서구매하기,PC,2,0,0,0,1.5,0,0,0,0
"파워링크",쇼피에서구매하기,모바일,1,0,0,0,3,0,0,0,0
"파워링크",쇼피에서판매하기,모바일,2,0,0,0,1,0,0,0,0
"파워링크",쇼피직구,PC,40,2,176,352,1.8,0,0,0,0
"파워링크",쇼피직구,모바일,38,1,253,253,2.6,0,0,0,0
"파워링크",쇼피판매,PC,57,0,0,0,4.1,0,0,0,0
"파워링크",쇼피판매,모바일,68,0,0,0,3.8,0,0,0,0
"파워링크",쇼피판매대행,PC,1,0,0,0,2,0,0,0,0
"파워링크",쇼피판매하기,PC,1,0,0,0,2,0,0,0,0
"파워링크",쇼피필리핀\,PC,1,0,0,0,3,0,0,0,0
"파워링크",쇼피필리핀구매,PC,1,0,0,0,2,0,0,0,0
"파워링크",쇼피필리핀구매,모바일,1,0,0,0,2,0,0,0,0
"파워링크",쇼피필리핀구매대행,모바일,2,1,77,77,2,0,0,0,0
"파워링크",쇼피필리핀배대지,모바일,1,0,0,0,1,0,0,0,0
"파워링크",쇼피한국,PC,8,0,0,0,2.3,0,0,0,0
"파워링크",쇼피한국,모바일,4,0,0,0,1.5,0,0,0,0
"파워링크",수출국제특송,PC,1,0,0,0,1,0,0,0,0
"파워링크",수출나무박스,PC,4,0,0,0,2.8,0,0,0,0
"파워링크",수출나무박스,모바일,4,0,0,0,2,0,0,0,0
"파워링크",수출목재포장,PC,4,0,0,0,6.3,0,0,0,0
"파워링크",수출목재포장,모바일,2,0,0,0,7.5,0,0,0,0
"파워링크",수출박스,PC,2,0,0,0,10.5,0,0,0,0
"파워링크",수출박스,모바일,1,0,0,0,10,0,0,0,0
"파워링크",수출상자,PC,1,0,0,0,10,0,0,0,0
"파워링크",수출업체,PC,4,0,0,0,8.8,0,0,0,0
"파워링크",수출업체,모바일,7,0,0,0,12.9,0,0,0,0
"파워링크",수출용나무상자,PC,13,0,0,0,3.2,0,0,0,0
"파워링크",수출용나무상자,모바일,6,1,165,165,2.7,0,0,0,0
"파워링크",수출용나무파레트,PC,7,0,0,0,5.3,0,0,0,0
"파워링크",수출용나무파레트,모바일,2,0,0,0,4.5,0,0,0,0
"파워링크",수출용나무파렛트,PC,47,4,360,"1,441",6.2,0,0,0,0
"파워링크",수출용나무파렛트,모바일,8,1,319,319,2.8,0,0,0,0
"파워링크",수출용나무팔레트,PC,2,0,0,0,7,0,0,0,0
"파워링크",수출용목상자,PC,7,0,0,0,6.6,0,0,0,0
"파워링크",수출용목상자,모바일,1,0,0,0,6,0,0,0,0
"파워링크",수출용목재파렛트,PC,15,1,363,363,5.4,0,0,0,0
"파워링크",수출용목재파렛트,모바일,6,1,264,264,5.3,0,0,0,0
"파워링크",수출용상자,모바일,3,0,0,0,3.7,0,0,0,0
"파워링크",수출용종이박스,PC,12,1,308,308,6.9,0,0,0,0
"파워링크",수출용종이박스,모바일,7,0,0,0,3.7,0,0,0,0
"파워링크",수출용카톤박스,PC,12,0,0,0,4.6,0,0,0,0
"파워링크",수출용카톤박스,모바일,1,0,0,0,4,0,0,0,0
"파워링크",수출용파렛트,PC,1,0,0,0,21,0,0,0,0
"파워링크",수출용파렛트,모바일,1,0,0,0,13,0,0,0,0
"파워링크",수출용포장,PC,2,0,0,0,7.5,0,0,0,0
"파워링크",수출용포장박스,PC,4,0,0,0,9.5,0,0,0,0
"파워링크",수출용포장박스,모바일,2,0,0,0,7,0,0,0,0
"파워링크",수출우드포장,PC,2,1,176,176,2,0,0,0,0
"파워링크",수출입대행,PC,10,0,0,0,13,0,0,0,0
"파워링크",수출입대행,모바일,1,0,0,0,12,0,0,0,0
"파워링크",수출입포장,모바일,1,0,0,0,3,0,0,0,0
"파워링크",수출진공포장,PC,1,0,0,0,12,0,0,0,0
"파워링크",수출진공포장,모바일,2,0,0,0,7.5,0,0,0,0
"파워링크",수출컨테이너쇼링,모바일,1,0,0,0,1,0,0,0,0
"파워링크",수출컨테이너쇼핑,모바일,2,0,0,0,1,0,0,0,0
"파워링크",수출컨테이너파레트,PC,1,0,0,0,2,0,0,0,0
"파워링크",수출컨테이너파레트쇼링작업,모바일,1,0,0,0,1,0,0,0,0
"파워링크",수출컨테이너포장,PC,3,0,0,0,2,0,0,0,0
"파워링크",수출크레이트포장,PC,1,0,0,0,1,0,0,0,0
"파워링크",수출택배대행,PC,1,0,0,0,2,0,0,0,0
"파워링크",수출파레트,PC,2,0,0,0,22.5,0,0,0,0
"파워링크",수출파렛트,PC,3,0,0,0,16,0,0,0,0
"파워링크",수출파렛트,모바일,2,0,0,0,9,0,0,0,0
"파워링크",수출팔레트,모바일,2,0,0,0,4,0,0,0,0
"파워링크",수출포장,PC,6,0,0,0,33.7,0,0,0,0
"파워링크",수출포장가격,PC,7,1,121,121,6.1,0,0,0,0
"파워링크",수출포장가격,모바일,1,0,0,0,2,0,0,0,0
"파워링크",수출포장견적,PC,4,0,0,0,4.8,0,0,0,0
"파워링크",수출포장견적,모바일,1,0,0,0,4,0,0,0,0
"파워링크",수출포장규격,PC,5,0,0,0,4,0,0,0,0
"파워링크",수출포장단가,PC,5,1,88,88,1.6,0,0,0,0
"파워링크",수출포장박스,PC,5,0,0,0,8.6,0,0,0,0
"파워링크",수출포장박스,모바일,3,0,0,0,6.3,0,0,0,0
"파워링크",수출포장방법,PC,24,0,0,0,4.2,0,0,0,0
"파워링크",수출포장방법,모바일,3,0,0,0,4.7,0,0,0,0
"파워링크",수출포장비용,PC,13,0,0,0,4.2,0,0,0,0
"파워링크",수출포장쇼핑,PC,1,0,0,0,2,0,0,0,0
"파워링크",수출포장업체,PC,13,1,363,363,17.5,0,0,0,0
"파워링크",수출포장전문업체,PC,1,0,0,0,5,0,0,0,0
"파워링크",수출포장종류,PC,17,0,0,0,2.9,0,0,0,0
"파워링크",수출포장종류,모바일,3,0,0,0,2.3,0,0,0,0
"파워링크",수출포장컨테이너,모바일,1,0,0,0,2,0,0,0,0
"파워링크",수출포장회사,PC,5,0,0,0,4.4,0,0,0,0
"파워링크",수출품포장,PC,1,0,0,0,3,0,0,0,0
"파워링크",수출화물,PC,2,0,0,0,14.5,0,0,0,0
"파워링크",수출화물,모바일,1,0,0,0,4,0,0,0,0
"파워링크",수출화물포장,PC,2,0,0,0,5,0,0,0,0
"파워링크",스키드,PC,222,1,297,297,4.7,0,0,0,0
"파워링크",스키드,모바일,295,2,347,693,3.6,0,0,0,0
"파워링크",스키드SKID포장,PC,1,0,0,0,2,0,0,0,0
"파워링크",스키드포장,PC,48,0,0,0,6.1,0,0,0,0
"파워링크",스키드포장,모바일,4,0,0,0,3.8,0,0,0,0
"파워링크",스틸박스제작,PC,7,0,0,0,6.1,0,0,0,0
"파워링크",스틸박스제작,모바일,2,0,0,0,5,0,0,0,0
"파워링크",스틸포장,PC,1,0,0,0,2,0,0,0,0
"파워링크",스틸포장,모바일,1,0,0,0,3,0,0,0,0
"파워링크",안전포장,PC,6,0,0,0,10.2,0,0,0,0
"파워링크",안전포장,모바일,2,0,0,0,8,0,0,0,0
"파워링크",역구매대행,PC,74,2,396,792,5.7,0,0,0,0
"파워링크",역구매대행,모바일,11,0,0,0,6.5,0,0,0,0
"파워링크",역배송대행,PC,1,0,0,0,2,0,0,0,0
"파워링크",역배송대행,모바일,1,0,0,0,3,0,0,0,0
"파워링크",역직구,PC,5,0,0,0,16.2,0,0,0,0
"파워링크",역직구,모바일,1,0,0,0,11,0,0,0,0
"파워링크",역직구배대지,PC,15,0,0,0,3.1,0,0,0,0
"파워링크",열처리목재,PC,3,0,0,0,4.3,0,0,0,0
"파워링크",열처리목재,모바일,3,0,0,0,4.3,0,0,0,0
"파워링크",오토바이부품직구,PC,3,0,0,0,1.3,0,0,0,0
"파워링크",오토바이부품직구,모바일,9,0,0,0,1.6,0,0,0,0
"파워링크",우드박스,PC,19,0,0,0,5.4,0,0,0,0
"파워링크",우드박스,모바일,13,0,0,0,7.8,0,0,0,0
"파워링크",우드팔레트포장,PC,1,1,154,154,1,0,0,0,0
"파워링크",우드패킹,PC,25,2,198,396,6.5,0,0,0,0
"파워링크",우드패킹,모바일,2,0,0,0,10.5,0,0,0,0
"파워링크",우드포장,PC,77,0,0,0,3.8,0,0,0,0
"파워링크",우드포장,모바일,11,0,0,0,2.8,0,0,0,0
"파워링크",우든박스,PC,178,1,396,396,6.4,0,0,0,0
"파워링크",우든박스,모바일,15,0,0,0,5.9,0,0,0,0
"파워링크",우든박스제작,PC,2,0,0,0,2,0,0,0,0
"파워링크",우든박스제작,모바일,3,0,0,0,2,0,0,0,0
"파워링크",우든패킹,PC,21,0,0,0,2.5,0,0,0,0
"파워링크",우든패킹,모바일,7,0,0,0,2,0,0,0,0
"파워링크",우든팩킹,PC,2,0,0,0,2.5,0,0,0,0
"파워링크",우든팩킹,모바일,1,0,0,0,2,0,0,0,0
"파워링크",우리구매대행,PC,4,0,0,0,2,0,0,0,0
"파워링크",우리구매대행,모바일,4,0,0,0,2,0,0,0,0
"파워링크",우리나라.해외배송,모바일,1,0,0,0,1,0,0,0,0
"파워링크",우리나라대행,모바일,3,0,0,0,2,0,0,0,0
"파워링크",우리나라상품구매대행,모바일,2,0,0,0,3,0,0,0,0
"파워링크",이지필,PC,151,21,309,"6,490",3.1,0,0,0,0
"파워링크",이지필,모바일,303,24,234,"5,610",2.2,0,0,0,0
"파워링크",이지필구매대행,PC,1,1,77,77,1,0,0,0,0
"파워링크",이지필구매대행,모바일,17,9,77,693,1,0,0,0,0
"파워링크",이지필배대지,모바일,1,0,0,0,1,0,0,0,0
"파워링크",이지필배송대행,모바일,1,1,77,77,1,0,0,0,0
"파워링크",이지필직구대행,모바일,1,0,0,0,1,0,0,0,0
"파워링크",이지필택배,PC,3,2,77,154,1,0,0,0,0
"파워링크",이지필택배,모바일,2,2,77,154,1,0,0,0,0
"파워링크",이지필필리핀,PC,10,2,77,154,1,0,0,0,0
"파워링크",이지필필리핀,모바일,50,8,77,616,1,0,0,0,0
"파워링크",이지필필리핀물류,PC,2,1,77,77,1,0,0,0,0
"파워링크",이지필필리핀배대지,PC,1,1,77,77,1,0,0,0,0
"파워링크",이지필항공택배,모바일,1,0,0,0,1,0,0,0,0
"파워링크",일회용파레트,모바일,3,0,0,0,4,0,0,0,0
"파워링크",일회용파렛트,PC,5,0,0,0,16,0,0,0,0
"파워링크",일회용파렛트,모바일,6,0,0,0,3.7,0,0,0,0
"파워링크",일회용팔레트,PC,2,0,0,0,7,0,0,0,0
"파워링크",일회용팔레트,모바일,6,0,0,0,3.8,0,0,0,0
"파워링크",작품포장,PC,2,0,0,0,10,0,0,0,0
"파워링크",작품포장,모바일,1,0,0,0,10,0,0,0,0
"파워링크",장비이동,PC,17,0,0,0,3.4,0,0,0,0
"파워링크",장비이동,모바일,11,0,0,0,2.6,0,0,0,0
"파워링크",장비포장,PC,21,0,0,0,3.2,0,0,0,0
"파워링크",장비포장,모바일,5,0,0,0,1.6,0,0,0,0
"파워링크",전시운송,PC,28,0,0,0,4,0,0,0,0
"파워링크",전자기기포장,모바일,2,0,0,0,3,0,0,0,0
"파워링크",전자제품포장,PC,9,0,0,0,3.9,0,0,0,0
"파워링크",전자제품포장,모바일,25,1,275,275,3.2,0,0,0,0
"파워링크",중고나무파레트,PC,2,0,0,0,5.5,0,0,0,0
"파워링크",중고나무파레트,모바일,5,0,0,0,3.8,0,0,0,0
"파워링크",중고나무파렛트,PC,127,0,0,0,7.4,0,0,0,0
"파워링크",중고나무파렛트,모바일,33,1,396,396,3.3,0,0,0,0
"파워링크",중고나무팔레트,PC,1,0,0,0,6,0,0,0,0
"파워링크",중고목재파레트,PC,12,0,0,0,2.7,0,0,0,0
"파워링크",중고목재파레트,모바일,6,0,0,0,2.8,0,0,0,0
"파워링크",중고목재파렛트,PC,8,0,0,0,9.5,0,0,0,0
"파워링크",중고목재파렛트,모바일,4,0,0,0,4,0,0,0,0
"파워링크",중고빠렛트,PC,2,0,0,0,11.5,0,0,0,0
"파워링크",중고빠렛트,모바일,1,0,0,0,2,0,0,0,0
"파워링크",중고파레트,PC,17,0,0,0,12.9,0,0,0,0
"파워링크",중고파레트매입,모바일,2,0,0,0,2,0,0,0,0
"파워링크",중고파렛트,PC,46,0,0,0,12.4,0,0,0,0
"파워링크",중고파렛트,모바일,30,0,0,0,13.1,0,0,0,0
"파워링크",중고파렛트매입,PC,6,0,0,0,4.2,0,0,0,0
"파워링크",중고파렛트매입,모바일,9,0,0,0,1.8,0,0,0,0
"파워링크",중고팔레트,PC,2,0,0,0,12.5,0,0,0,0
"파워링크",중량물포장,PC,1,0,0,0,11,0,0,0,0
"파워링크",중량물포장,모바일,1,0,0,0,10,0,0,0,0
"파워링크",중량빠렛트,모바일,1,0,0,0,1,0,0,0,0
"파워링크",중량파레트,PC,64,0,0,0,5.3,0,0,0,0
"파워링크",중량파레트,모바일,118,0,0,0,2.5,0,0,0,0
"파워링크",중량파렛트,PC,42,0,0,0,4.8,0,0,0,0
"파워링크",중량파렛트,모바일,95,1,275,275,2.2,0,0,0,0
"파워링크",중량팔레트,모바일,4,0,0,0,3.3,0,0,0,0
"파워링크",중장비수출,PC,45,0,0,0,3.3,0,0,0,0
"파워링크",중장비수출,모바일,10,0,0,0,4.9,0,0,0,0
"파워링크",진공포장업체,PC,44,0,0,0,7.9,0,0,0,0
"파워링크",진공포장업체,모바일,4,0,0,0,3.5,0,0,0,0
"파워링크",컨테이너국제특송,모바일,2,1,77,77,1,0,0,0,0
"파워링크",컨테이너상차,PC,38,0,0,0,2.3,0,0,0,0
"파워링크",컨테이너상차,모바일,57,0,0,0,1.5,0,0,0,0
"파워링크",컨테이너쇼링,PC,238,0,0,0,4.9,0,0,0,0
"파워링크",컨테이너쇼링,모바일,138,0,0,0,3.2,0,0,0,0
"파워링크",컨테이너수출쇼링작업,모바일,1,0,0,0,1,0,0,0,0
"파워링크",컨테이너작업,PC,61,0,0,0,4.3,0,0,0,0
"파워링크",컨테이너작업,모바일,14,0,0,0,2.8,0,0,0,0
"파워링크",컨테이너해외이사,PC,6,0,0,0,4.3,0,0,0,0
"파워링크",컨테이너해외이사,모바일,8,0,0,0,1.8,0,0,0,0
"파워링크",코리아수출포장,PC,1,0,0,0,2,0,0,0,0
"파워링크",콘테이너상차,모바일,1,0,0,0,2,0,0,0,0
"파워링크",택배필리핀,모바일,2,0,0,0,1,0,0,0,0
"파워링크",택배필리핀배송,모바일,2,0,0,0,1.5,0,0,0,0
"파워링크",파레트가격,PC,3,0,0,0,9.3,0,0,0,0
"파워링크",파레트가격,모바일,1,0,0,0,4,0,0,0,0
"파워링크",파레트구매,PC,8,0,0,0,5.3,0,0,0,0
"파워링크",파레트구매,모바일,8,0,0,0,1.9,0,0,0,0
"파워링크",파레트구입,PC,1,0,0,0,4,0,0,0,0
"파워링크",파레트규격,PC,10,0,0,0,6.4,0,0,0,0
"파워링크",파레트규격,모바일,13,0,0,0,3.4,0,0,0,0
"파워링크",파레트매입,모바일,1,0,0,0,2,0,0,0,0
"파워링크",파레트사이즈,PC,52,0,0,0,3.4,0,0,0,0
"파워링크",파레트사이즈,모바일,32,0,0,0,2.6,0,0,0,0
"파워링크",파레트의규격,모바일,1,0,0,0,3,0,0,0,0
"파워링크",파레트제작,PC,9,1,352,352,13.3,0,0,0,0
"파워링크",파레트제작,모바일,5,2,341,682,4.4,0,0,0,0
"파워링크",파레트종류,PC,1,0,0,0,7,0,0,0,0
"파워링크",파레트종류,모바일,9,0,0,0,2.8,0,0,0,0
"파워링크",파레트크기,PC,118,0,0,0,4.9,0,0,0,0
"파워링크",파레트크기,모바일,73,0,0,0,2.8,0,0,0,0
"파워링크",파레트포장,PC,3,0,0,0,7.3,0,0,0,0
"파워링크",파레트포장,모바일,2,0,0,0,9.5,0,0,0,0
"파워링크",파렛트,PC,24,0,0,0,24.2,0,0,0,0
"파워링크",파렛트,모바일,25,0,0,0,16.3,0,0,0,0
"파워링크",파렛트가격,PC,8,0,0,0,8,0,0,0,0
"파워링크",파렛트가격,모바일,36,0,0,0,3.8,0,0,0,0
"파워링크",파렛트구매,PC,11,0,0,0,3.7,0,0,0,0
"파워링크",파렛트구매,모바일,5,1,308,308,2.8,0,0,0,0
"파워링크",파렛트구입,PC,1,0,0,0,4,0,0,0,0
"파워링크",파렛트규격,PC,37,0,0,0,8.3,0,0,0,0
"파워링크",파렛트규격,모바일,91,0,0,0,4,0,0,0,0
"파워링크",파렛트매입,PC,15,0,0,0,3,0,0,0,0
"파워링크",파렛트매입,모바일,16,0,0,0,1.7,0,0,0,0
"파워링크",파렛트사이즈,PC,30,0,0,0,5.2,0,0,0,0
"파워링크",파렛트사이즈,모바일,50,0,0,0,2,0,0,0,0
"파워링크",파렛트제작,PC,5,0,0,0,12.4,0,0,0,0
"파워링크",파렛트제작,모바일,6,0,0,0,6.7,0,0,0,0
"파워링크",파렛트종류,PC,45,1,319,319,4.6,0,0,0,0
"파워링크",파렛트종류,모바일,107,1,286,286,3.4,0,0,0,0
"파워링크",파렛트판매,PC,1,0,0,0,6,0,0,0,0
"파워링크",파렛트판매,모바일,5,0,0,0,3.6,0,0,0,0
"파워링크",파렛트포장,PC,3,0,0,0,10,0,0,0,0
"파워링크",파렛트포장,모바일,3,0,0,0,7.3,0,0,0,0
"파워링크",팔레트구매,PC,1,0,0,0,4,0,0,0,0
"파워링크",팔레트구매,모바일,2,0,0,0,4,0,0,0,0
"파워링크",팔레트규격,PC,5,0,0,0,5.2,0,0,0,0
"파워링크",팔레트규격,모바일,1,0,0,0,3,0,0,0,0
"파워링크",팔레트사이즈,PC,19,0,0,0,3.4,0,0,0,0
"파워링크",팔레트사이즈,모바일,4,0,0,0,3.3,0,0,0,0
"파워링크",팔레트제작,PC,1,0,0,0,4,0,0,0,0
"파워링크",팔레트종류,모바일,4,0,0,0,2.5,0,0,0,0
"파워링크",팔렛트사이즈,PC,1,0,0,0,3,0,0,0,0
"파워링크",패킹업체,PC,1,0,0,0,2,0,0,0,0
"파워링크",팩킹,PC,19,0,0,0,7.4,0,0,0,0
"파워링크",팩킹,모바일,13,0,0,0,5.7,0,0,0,0
"파워링크",필리핀.택배,모바일,3,0,0,0,1,0,0,0,0
"파워링크",필리핀.항공택배,모바일,1,0,0,0,1,0,0,0,0
"파워링크",필리핀DHL특송,모바일,1,1,77,77,1,0,0,0,0
"파워링크",필리핀EMS특송,PC,1,0,0,0,1,0,0,0,0
"파워링크",필리핀구매,모바일,2,0,0,0,1,0,0,0,0
"파워링크",필리핀구매대행,PC,215,6,117,704,2.1,0,0,0,0
"파워링크",필리핀구매대행,모바일,162,11,169,"1,859",1.7,0,0,0,0
"파워링크",필리핀구매대행배송,모바일,2,0,0,0,1.5,0,0,0,0
"파워링크",필리핀구매대행사이트,PC,1,0,0,0,1,0,0,0,0
"파워링크",필리핀국제]택배,PC,2,0,0,0,2,0,0,0,0
"파워링크",필리핀국제배송,PC,2,0,0,0,6,0,0,0,0
"파워링크",필리핀국제배송,모바일,1,0,0,0,3,0,0,0,0
"파워링크",필리핀국제우편,PC,10,0,0,0,2.4,0,0,0,0
"파워링크",필리핀국제우편,모바일,13,0,0,0,1.5,0,0,0,0
"파워링크",필리핀국제우편발송,모바일,1,0,0,0,1,0,0,0,0
"파워링크",필리핀국제택배,PC,11,0,0,0,4.2,0,0,0,0
"파워링크",필리핀국제택배,모바일,10,0,0,0,4.3,0,0,0,0
"파워링크",필리핀국제택배DHL,PC,1,0,0,0,2,0,0,0,0
"파워링크",필리핀국제택배대행,모바일,1,1,77,77,1,0,0,0,0
"파워링크",필리핀내택배,모바일,2,0,0,0,1.5,0,0,0,0
"파워링크",필리핀라자다구매대행,모바일,1,0,0,0,1,0,0,0,0
"파워링크",필리핀마닐라택배,모바일,1,0,0,0,1,0,0,0,0
"파워링크",필리핀물건구매대행,PC,1,1,77,77,1,0,0,0,0
"파워링크",필리핀물류,PC,2,2,281,561,5.5,0,0,0,0
"파워링크",필리핀물류,모바일,2,0,0,0,4,0,0,0,0
"파워링크",필리핀배대지,PC,39,2,99,198,2,0,0,0,0
"파워링크",필리핀배대지,모바일,42,1,77,77,2.7,0,0,0,0
"파워링크",필리핀배대지조회,PC,1,0,0,0,1,0,0,0,0
"파워링크",필리핀배송,PC,11,0,0,0,12.5,0,0,0,0
"파워링크",필리핀배송,모바일,2,0,0,0,9.5,0,0,0,0
"파워링크",필리핀배송대행,PC,33,3,297,891,4.3,0,0,0,0
"파워링크",필리핀배송대행,모바일,8,1,363,363,3.8,0,0,0,0
"파워링크",필리핀보홀구매대행,모바일,3,1,77,77,1,0,0,0,0
"파워링크",필리핀보홀환율\,PC,1,0,0,0,2,0,0,0,0
"파워링크",필리핀비행기택배,PC,2,0,0,0,1,0,0,0,0
"파워링크",필리핀빠른국제소포,모바일,1,0,0,0,1,0,0,0,0
"파워링크",필리핀빠른택배,모바일,1,0,0,0,1,0,0,0,0
"파워링크",필리핀상품,모바일,6,0,0,0,1.7,0,0,0,0
"파워링크",필리핀서한국으로택배발송,모바일,1,0,0,0,1,0,0,0,0
"파워링크",필리핀세부택배보내기,PC,1,0,0,0,2,0,0,0,0
"파워링크",필리핀소포,PC,8,0,0,0,3.1,0,0,0,0
"파워링크",필리핀소포,모바일,13,0,0,0,4,0,0,0,0
"파워링크",필리핀소포배송,모바일,1,1,77,77,1,0,0,0,0
"파워링크",필리핀쇼피구매대행,모바일,2,1,176,176,1,0,0,0,0
"파워링크",필리핀쇼핑구매대행,PC,2,0,0,0,1.5,0,0,0,0
"파워링크",필리핀쇼핑구매대행,모바일,2,0,0,0,1,0,0,0,0
"파워링크",필리핀쇼핑대행,모바일,1,0,0,0,2,0,0,0,0
"파워링크",필리핀수출,PC,2,0,0,0,21,0,0,0,0
"파워링크",필리핀수출,모바일,2,0,0,0,14.5,0,0,0,0
"파워링크",필리핀에서구매대행,PC,1,0,0,0,3,0,0,0,0
"파워링크",필리핀에서운송,PC,2,0,0,0,1,0,0,0,0
"파워링크",필리핀에서택배보내기,모바일,2,0,0,0,1,0,0,0,0
"파워링크",필리핀에서택배보내는방법,모바일,1,0,0,0,1,0,0,0,0
"파워링크",필리핀에서필리핀으로택배,모바일,1,0,0,0,1,0,0,0,0
"파워링크",필리핀에서한국배송,모바일,2,0,0,0,1,0,0,0,0
"파워링크",필리핀에서한국온라인쇼핑,모바일,1,0,0,0,1,0,0,0,0
"파워링크",필리핀에서한국으로배송보내기,PC,2,0,0,0,1.5,0,0,0,0
"파워링크",필리핀에서한국으로운송,PC,1,0,0,0,1,0,0,0,0
"파워링크",필리핀에서한국으로택배,PC,539,1,77,77,1.8,0,0,0,0
"파워링크",필리핀에서한국으로택배,모바일,232,1,77,77,1.9,0,0,0,0
"파워링크",필리핀에서한국으로택배보내기,모바일,6,0,0,0,1,0,0,0,0
"파워링크",필리핀에서한국으로해상택배,모바일,2,1,77,77,1,0,0,0,0
"파워링크",필리핀에서한국으로해운배송,PC,1,1,77,77,1,0,0,0,0
"파워링크",필리핀에서한국으로해운택배,PC,1,0,0,0,1,0,0,0,0
"파워링크",필리핀에서한국제품판매,모바일,1,0,0,0,1,0,0,0,0
"파워링크",필리핀에서한국택배비용,모바일,2,0,0,0,1,0,0,0,0
"파워링크",필리핀에서한국항공택배,모바일,4,0,0,0,1.5,0,0,0,0
"파워링크",필리핀에서한국해외배송,모바일,1,0,0,0,2,0,0,0,0
"파워링크",필리핀에서한국해운배송,PC,2,0,0,0,1,0,0,0,0
"파워링크",필리핀에서한국해운택배,모바일,1,0,0,0,1,0,0,0,0
"파워링크",필리핀운송,PC,2,0,0,0,15.5,0,0,0,0
"파워링크",필리핀운송,모바일,1,0,0,0,2,0,0,0,0
"파워링크",필리핀으로저렴한해외배송,PC,1,0,0,0,3,0,0,0,0
"파워링크",필리핀으로택배,PC,1,0,0,0,2,0,0,0,0
"파워링크",필리핀으로택배,모바일,7,0,0,0,3.4,0,0,0,0
"파워링크",필리핀으로택배보내기,PC,5,0,0,0,3,0,0,0,0
"파워링크",필리핀으로택배보내기,모바일,37,0,0,0,2.4,0,0,0,0
"파워링크",필리핀으로택배보내는방법,모바일,3,0,0,0,2.7,0,0,0,0
"파워링크",필리핀으로택배보내는법,PC,2,0,0,0,1.5,0,0,0,0
"파워링크",필리핀으로택배보내는법,모바일,3,0,0,0,2.7,0,0,0,0
"파워링크",필리핀으로택배보낼때,모바일,2,0,0,0,2.5,0,0,0,0
"파워링크",필리핀으로해외배송보내기,모바일,2,1,176,176,3,0,0,0,0
"파워링크",필리핀으로해운택배보내는방법,PC,1,0,0,0,1,0,0,0,0
"파워링크",필리핀제품,모바일,1,0,0,0,3,0,0,0,0
"파워링크",필리핀택배,PC,82,3,363,"1,089",6.3,0,0,0,0
"파워링크",필리핀택배,모바일,525,1,308,308,4.9,0,0,0,0
"파워링크",필리핀택배보내기,PC,23,0,0,0,4.7,0,0,0,0
"파워링크",필리핀택배보내기,모바일,26,0,0,0,3.5,0,0,0,0
"파워링크",필리핀택배보내는법,모바일,1,0,0,0,3,0,0,0,0
"파워링크",필리핀택배비용,PC,"1,217",0,0,0,2.3,0,0,0,0
"파워링크",필리핀택배비용,모바일,765,0,0,0,1.8,0,0,0,0
"파워링크",필리핀택배빠른,PC,1,0,0,0,1,0,0,0,0
"파워링크",필리핀택배이지필,모바일,1,1,77,77,1,0,0,0,0
"파워링크",필리핀택배특송,PC,1,0,0,0,1,0,0,0,0
"파워링크",필리핀택배해운,모바일,4,0,0,0,2,0,0,0,0
"파워링크",필리핀통관,PC,2,0,0,0,2.5,0,0,0,0
"파워링크",필리핀통관,모바일,2,0,0,0,2.5,0,0,0,0
"파워링크",필리핀특송,PC,11,0,0,0,3.6,0,0,0,0
"파워링크",필리핀특송,모바일,2,0,0,0,7.5,0,0,0,0
"파워링크",필리핀한국구매대행,PC,1,1,77,77,1,0,0,0,0
"파워링크",필리핀한국물품,모바일,1,0,0,0,1,0,0,0,0
"파워링크",필리핀한국배송,PC,1,0,0,0,1,0,0,0,0
"파워링크",필리핀한국배송,모바일,2,0,0,0,1,0,0,0,0
"파워링크",필리핀한국배송대행,PC,1,0,0,0,1,0,0,0,0
"파워링크",필리핀한국쇼핑,모바일,2,0,0,0,1,0,0,0,0
"파워링크",필리핀한국으로택배,모바일,1,0,0,0,1,0,0,0,0
"파워링크",필리핀한국인터넷,모바일,1,0,0,0,1,0,0,0,0
"파워링크",필리핀한국택배,모바일,12,0,0,0,1,0,0,0,0
"파워링크",필리핀한국택배비,모바일,1,0,0,0,1,0,0,0,0
"파워링크",필리핀한국특송,모바일,1,0,0,0,1,0,0,0,0
"파워링크",필리핀한국항공배달,모바일,1,0,0,0,1,0,0,0,0
"파워링크",필리핀한국해상택배,모바일,2,1,77,77,1,0,0,0,0
"파워링크",필리핀항공코리아,모바일,1,0,0,0,1,0,0,0,0
"파워링크",필리핀항공택배,PC,35,5,381,"1,903",5.3,0,0,0,0
"파워링크",필리핀항공택배,모바일,31,0,0,0,3.9,0,0,0,0
"파워링크",필리핀항공특송,PC,5,1,77,77,2.6,0,0,0,0
"파워링크",필리핀항공특송,모바일,3,0,0,0,1.3,0,0,0,0
"파워링크",필리핀항공화물,PC,3,0,0,0,9.3,0,0,0,0
"파워링크",필리핀항공화물,모바일,10,1,429,429,4.6,0,0,0,0
"파워링크",필리핀해상운송,PC,2,0,0,0,16,0,0,0,0
"파워링크",필리핀해상항공택배,모바일,2,1,77,77,1,0,0,0,0
"파워링크",필리핀해외구매대행,PC,1,0,0,0,1,0,0,0,0
"파워링크",필리핀해외배송,PC,15,2,402,803,5.1,0,0,0,0
"파워링크",필리핀해외배송,모바일,12,1,253,253,3.8,0,0,0,0
"파워링크",필리핀해외이사,PC,2,0,0,0,6,0,0,0,0
"파워링크",필리핀해외이사,모바일,2,1,198,198,2,0,0,0,0
"파워링크",필리핀해외택배,PC,1,0,0,0,7,0,0,0,0
"파워링크",필리핀해외택배보내기,모바일,1,0,0,0,1,0,0,0,0
"파워링크",필리핀해외해상배송,모바일,1,0,0,0,2,0,0,0,0
"파워링크",필리핀해운,PC,8,0,0,0,4.1,0,0,0,0
"파워링크",필리핀해운,모바일,10,0,0,0,2.2,0,0,0,0
"파워링크",필리핀해운택배,PC,3,0,0,0,2.3,0,0,0,0
"파워링크",필리핀해운택배,모바일,1,0,0,0,3,0,0,0,0
"파워링크",필리핀핸드캐리,PC,5,0,0,0,5,0,0,0,0
"파워링크",필리핀핸드캐리,모바일,1,0,0,0,3,0,0,0,0
"파워링크",필리핀화물,PC,15,1,440,440,11.5,0,0,0,0
"파워링크",한국구매대행,PC,83,4,360,"1,441",5.7,0,0,0,0
"파워링크",한국구매대행,모바일,14,4,418,"1,672",5.8,0,0,0,0
"파워링크",한국구매대행한국에서해외,모바일,1,0,0,0,3,0,0,0,0
"파워링크",한국물품해외배송,모바일,2,1,77,77,1,0,0,0,0
"파워링크",한국배대지,PC,166,3,275,825,7,0,0,0,0
"파워링크",한국배대지,모바일,6,0,0,0,5.7,0,0,0,0
"파워링크",한국배대지구매대행,PC,1,1,121,121,1,0,0,0,0
"파워링크",한국배송대행,PC,34,0,0,0,7.6,0,0,0,0
"파워링크",한국배송대행,모바일,10,0,0,0,6.5,0,0,0,0
"파워링크",한국배송대행지,PC,15,3,304,913,3,0,0,0,0
"파워링크",한국배송대행지,모바일,19,1,308,308,3.8,0,0,0,0
"파워링크",한국상품구매대행,PC,4,0,0,0,2.5,0,0,0,0
"파워링크",한국상품구매대행,모바일,4,0,0,0,3.3,0,0,0,0
"파워링크",한국상품해외배송,PC,2,0,0,0,1,0,0,0,0
"파워링크",한국수출포장,PC,629,0,0,0,2,0,0,0,0
"파워링크",한국수출포장,모바일,"2,408",1,77,77,2,0,0,0,0
"파워링크",한국수출포장공업,PC,272,0,0,0,2,0,0,0,0
"파워링크",한국수출포장공업,모바일,457,0,0,0,1.9,0,0,0,0
"파워링크",한국에서중국해외택배대행,모바일,3,0,0,0,1,0,0,0,0
"파워링크",한국에서중국해외특송,모바일,1,0,0,0,3,0,0,0,0
"파워링크",한국에서필리핀물류,PC,1,1,77,77,1,0,0,0,0
"파워링크",한국에서필리핀배대지,모바일,1,0,0,0,1,0,0,0,0
"파워링크",한국에서필리핀배송,모바일,2,0,0,0,2,0,0,0,0
"파워링크",한국에서필리핀보홀로택배,PC,1,0,0,0,1,0,0,0,0
"파워링크",한국에서필리핀소포,모바일,1,0,0,0,1,0,0,0,0
"파워링크",한국에서필리핀소포비용,모바일,1,0,0,0,1,0,0,0,0
"파워링크",한국에서필리핀으로소포보내기,모바일,1,0,0,0,1,0,0,0,0
"파워링크",한국에서필리핀으로택배보내기,PC,1,1,165,165,1,0,0,0,0
"파워링크",한국에서필리핀으로택배보내기,모바일,3,0,0,0,1.7,0,0,0,0
"파워링크",한국에서필리핀으로해운운송,PC,1,0,0,0,1,0,0,0,0
"파워링크",한국에서필리핀택배,PC,24,0,0,0,3.4,0,0,0,0
"파워링크",한국에서필리핀택배,모바일,50,1,220,220,2.6,0,0,0,0
"파워링크",한국에서필리핀택배보내는비용,모바일,1,0,0,0,1,0,0,0,0
"파워링크",한국에서필리핀항공택배,모바일,3,0,0,0,1.3,0,0,0,0
"파워링크",한국에서필리핀해상운송,모바일,1,0,0,0,1,0,0,0,0
"파워링크",한국에서해외로배송,PC,2,0,0,0,2.5,0,0,0,0
"파워링크",한국에서해외로배송,모바일,2,0,0,0,2.5,0,0,0,0
"파워링크",한국에서해외배송,PC,7,1,297,297,3.1,0,0,0,0
"파워링크",한국에서해외배송,모바일,24,1,308,308,3.1,0,0,0,0
"파워링크",한국제품구매대행,PC,14,0,0,0,2.9,0,0,0,0
"파워링크",한국제품구매대행,모바일,12,0,0,0,1.9,0,0,0,0
"파워링크",한국택배.해운,모바일,1,0,0,0,2,0,0,0,0
"파워링크",한국택배해외배송,모바일,1,0,0,0,2,0,0,0,0
"파워링크",한국필리핀국제택배,PC,1,0,0,0,1,0,0,0,0
"파워링크",한국필리핀배송대행,PC,1,0,0,0,1,0,0,0,0
"파워링크",한국필리핀소포,모바일,1,0,0,0,1,0,0,0,0
"파워링크",한국필리핀이사해외택배,모바일,1,0,0,0,1,0,0,0,0
"파워링크",한국필리핀택배,모바일,16,0,0,0,1.6,0,0,0,0
"파워링크",한국필리핀택배배송,PC,1,0,0,0,1,0,0,0,0
"파워링크",한국필리핀항공배송,모바일,1,0,0,0,1,0,0,0,0
"파워링크",한국필리핀항공택배,PC,1,0,0,0,1,0,0,0,0
"파워링크",한국필리핀해외배송,모바일,1,0,0,0,1,0,0,0,0
"파워링크",한국필리핀해외택배비,모바일,1,0,0,0,1,0,0,0,0
"파워링크",한국필리핀해외택배비용,모바일,1,0,0,0,1,0,0,0,0
"파워링크",한국필리핀해운,모바일,1,0,0,0,1,0,0,0,0
"파워링크",항공수출포장,PC,1,0,0,0,2,0,0,0,0
"파워링크",항공운송통관,모바일,1,0,0,0,2,0,0,0,0
"파워링크",항공위험물포장,PC,5,0,0,0,2,0,0,0,0
"파워링크",항공위험물포장,모바일,1,0,0,0,2,0,0,0,0
"파워링크",항공택배필리핀,모바일,1,0,0,0,1,0,0,0,0
"파워링크",항공특송배대지,PC,1,0,0,0,2,0,0,0,0
"파워링크",항공특송배대지,모바일,1,0,0,0,3,0,0,0,0
"파워링크",항공포장,PC,12,0,0,0,6,0,0,0,0
"파워링크",항공포장,모바일,5,0,0,0,3.8,0,0,0,0
"파워링크",항공화물포장,PC,2,1,275,275,7.5,0,0,0,0
"파워링크",항공화물포장,모바일,1,0,0,0,3,0,0,0,0
"파워링크",해외구매대행사업필리핀,모바일,1,0,0,0,1,0,0,0,0
"파워링크",해외구매대행택배,PC,1,0,0,0,1,0,0,0,0
"파워링크",해외구매대행화물택배,PC,1,0,0,0,2,0,0,0,0
"파워링크",해외구매특송,모바일,1,0,0,0,1,0,0,0,0
"파워링크",해외구매항공특송,모바일,1,0,0,0,1,0,0,0,0
"파워링크",해외대행구매인증,PC,1,0,0,0,1,0,0,0,0
"파워링크",해외로배송,PC,15,0,0,0,3.3,0,0,0,0
"파워링크",해외로배송,모바일,41,0,0,0,3,0,0,0,0
"파워링크",해외배송상품구매,PC,1,0,0,0,2,0,0,0,0
"파워링크",해외배송택배필리핀,모바일,1,0,0,0,1,0,0,0,0
"파워링크",해외배송항공특송,모바일,1,0,0,0,3,0,0,0,0
"파워링크",해외배송해운,모바일,4,0,0,0,1.3,0,0,0,0
"파워링크",해외수출포장,PC,1,0,0,0,13,0,0,0,0
"파워링크",해외에서한국상품구매,PC,1,0,0,0,2,0,0,0,0
"파워링크",해외택배비용필리핀,모바일,1,0,0,0,1,0,0,0,0
"파워링크",해외택배특송,모바일,3,0,0,0,2,0,0,0,0
"파워링크",해외택배포장대행,PC,1,0,0,0,3,0,0,0,0
"파워링크",해외택배필리핀,모바일,2,0,0,0,1.5,0,0,0,0
"파워링크",해외특송배대지,모바일,1,0,0,0,3,0,0,0,0
"파워링크",해외포장,PC,2,0,0,0,9,0,0,0,0
"파워링크",해외필리핀배송,모바일,1,0,0,0,1,0,0,0,0
"쇼핑검색",-,PC,"8,748",15,393,"5,896",3.5,1,0,0,0
"쇼핑검색",-,모바일,"18,768",142,353,"50,127",4.3,1.03,1.83,0,0
"쇼핑검색",100단계선풍기,PC,1,0,0,0,6,0,0,0,0
"쇼핑검색",10L제습기,PC,2,0,0,0,3.5,0,0,0,0
"쇼핑검색",10L제습기,모바일,6,0,0,0,8,0,0,0,0
"쇼핑검색",10리터제습기,PC,1,0,0,0,5,0,0,0,0
"쇼핑검색",10리터제습기,모바일,21,0,0,0,6.5,0,0,0,0
"쇼핑검색",12L위닉스뽀송제습기,모바일,1,0,0,0,10,0,0,0,0
"쇼핑검색",15리터제습기,모바일,5,0,0,0,9,0,0,0,0
"쇼핑검색",170질레트센서티브2IN1,모바일,1,0,0,0,6,0,0,0,0
"쇼핑검색",A220핸드폰거치대,모바일,6,0,0,0,15,0,0,0,0
"쇼핑검색",BXTM100KWK,모바일,2,0,0,0,1,0,0,0,0
"쇼핑검색",DO2E160-JWK,모바일,1,0,0,0,1,0,0,0,0
"쇼핑검색",DXAE120-NEK,모바일,3,0,0,0,1,0,0,0,0
"쇼핑검색",DXAH100,모바일,1,0,0,0,7,0,0,0,0
"쇼핑검색",DXSH170-KWK,모바일,2,0,0,0,7,0,0,0,0
"쇼핑검색",DXTE100-KWK물통,모바일,1,0,0,0,1,0,0,0,0
"쇼핑검색",DXTM100,PC,3,1,55,55,1,1,0,0,0
"쇼핑검색",DXTM100,모바일,19,1,55,55,1,1,0,0,0
"쇼핑검색",DXTM100-KWK,PC,30,2,66,132,1,1,0,0,0
"쇼핑검색",DXTM100-KWK,모바일,66,6,81,484,1,1,0,0,0
"쇼핑검색",DXTM100-LWK,PC,1,0,0,0,1,0,0,0,0
"쇼핑검색",DXTM120-NEK,모바일,5,0,0,0,2,0,0,0,0
"쇼핑검색",DXTP100-KWK,모바일,12,4,69,275,1,1,0,0,0
"쇼핑검색",EASY거치대,모바일,2,0,0,0,5,0,0,0,0
"쇼핑검색",EASY자동차거치대,PC,1,0,0,0,3,0,0,0,0
"쇼핑검색",HD-144제습기,모바일,1,0,0,0,7,0,0,0,0
"쇼핑검색",HJ선풍기,모바일,1,0,0,0,13,0,0,0,0
"쇼핑검색",IOTTIE,PC,25,2,292,583,2,1,0,0,0
"쇼핑검색",IOTTIE,모바일,69,0,0,0,1.8,0,0,0,0
"쇼핑검색",IOTTIE송풍구거치대,모바일,1,0,0,0,2,0,0,0,0
"쇼핑검색",IOTTIE차량거치대,모바일,4,0,0,0,3.5,0,0,0,0
"쇼핑검색",IOTTIO,모바일,1,0,0,0,5,0,0,0,0
"쇼핑검색",ISEND,PC,11,0,0,0,1.9,0,0,0,0
"쇼핑검색",KRF-P3112WM유니맥스선풍기,PC,1,0,0,0,4,0,0,0,0
"쇼핑검색",MQ4태블릿거치대,모바일,3,0,0,0,14,0,0,0,0
"쇼핑검색",STARBUCKS원두,모바일,1,0,0,0,10,0,0,0,0
"쇼핑검색",UNIMAX선풍기,PC,5,0,0,0,4.2,0,0,0,0
"쇼핑검색",UNIMAX선풍기,모바일,19,1,352,352,2.1,0,0,0,0
"쇼핑검색",WA-170,PC,1,0,0,0,1,0,0,0,0
"쇼핑검색",WINIX제습기,PC,19,0,0,0,1,0,0,0,0
"쇼핑검색",WINIX제습기,모바일,212,1,220,220,1,1,0,0,0
"쇼핑검색",가성비제습기,PC,12,0,0,0,9.8,0,0,0,0
"쇼핑검색",가성비제습기,모바일,7,0,0,0,4.9,0,0,0,0
"쇼핑검색",가성비좋은제습기,PC,10,0,0,0,13.9,0,0,0,0
"쇼핑검색",가성비추천제습기,모바일,1,0,0,0,17,0,0,0,0
"쇼핑검색",가정용선풍기,PC,15,0,0,0,14.7,0,0,0,0
"쇼핑검색",가정용선풍기,모바일,3,0,0,0,19.7,0,0,0,0
"쇼핑검색",가정용제습기,PC,1,0,0,0,52,0,0,0,0
"쇼핑검색",가정용제습기,모바일,8,0,0,0,41.5,0,0,0,0
"쇼핑검색",가정용좌식선풍기,PC,1,0,0,0,31,0,0,0,0
"쇼핑검색",공기청정기제습,모바일,1,0,0,0,1,0,0,0,0
"쇼핑검색",공기청정기제습기,모바일,1,0,0,0,3,0,0,0,0
"쇼핑검색",기본선풍기,PC,1,0,0,0,5,0,0,0,0
"쇼핑검색",남성글라이드,모바일,1,0,0,0,8,0,0,0,0
"쇼핑검색",다이슨핫앤쿨리모콘,모바일,1,0,0,0,2,0,0,0,0
"쇼핑검색",단미제습기,모바일,1,0,0,0,3,0,0,0,0
"쇼핑검색",대웅선풍기,모바일,6,0,0,0,1,0,0,0,0
"쇼핑검색",룸미러거치대,모바일,1,0,0,0,15,0,0,0,0
"쇼핑검색",리모컨선풍기,모바일,2,0,0,0,1,0,0,0,0
"쇼핑검색",리퍼위닉스제습기,모바일,1,0,0,0,21,0,0,0,0
"쇼핑검색",맥세이프거치대,모바일,1,0,0,0,1,0,0,0,0
"쇼핑검색",머스탱7세대핸드폰거치대,모바일,5,0,0,0,9,0,0,0,0
"쇼핑검색",모벤타,모바일,1,0,0,0,2,0,0,0,0
"쇼핑검색",미니제습기,모바일,1,0,0,0,2,0,0,0,0
"쇼핑검색",벤츠A220핸드폰거치대,모바일,2,0,0,0,14.5,0,0,0,0
"쇼핑검색",벤츠무선충전기,모바일,2,0,0,0,14,0,0,0,0
"쇼핑검색",벤틀리핸드폰거치대,모바일,1,0,0,0,15,0,0,0,0
"쇼핑검색",브랙퍼스트,모바일,1,0,0,0,16,0,0,0,0
"쇼핑검색",브랙퍼스트블랜드,모바일,1,0,0,0,3,0,0,0,0
"쇼핑검색",브랙퍼스트블랜드원두커피1.13KG,PC,1,0,0,0,6,0,0,0,0
"쇼핑검색",브랙퍼스트블랜드커피틴,모바일,1,0,0,0,3,0,0,0,0
"쇼핑검색",브랙퍼스트블렌드,PC,1,0,0,0,2,0,0,0,0
"쇼핑검색",브랙퍼스트블렌드,모바일,9,0,0,0,2.6,0,0,0,0
"쇼핑검색",브랙퍼스트블렌드마일드1.13KG,PC,2,0,0,0,3,0,0,0,0
"쇼핑검색",브랙퍼스트블렌드스타벅스,모바일,1,0,0,0,2,0,0,0,0
"쇼핑검색",브랙퍼스트원두,모바일,2,0,0,0,1,0,0,0,0
"쇼핑검색",뽀송,PC,5,0,0,0,8,0,0,0,0
"쇼핑검색",뽀송,모바일,5,0,0,0,7.2,0,0,0,0
"쇼핑검색",뽀송위닉스,PC,1,0,0,0,1,0,0,0,0
"쇼핑검색",뽀송위닉스,모바일,3,0,0,0,1,0,0,0,0
"쇼핑검색",뽀송제습기,PC,2,0,0,0,5.5,0,0,0,0
"쇼핑검색",뽀송제습기,모바일,2,0,0,0,3,0,0,0,0
"쇼핑검색",산미스타벅스원두1.13,모바일,1,0,0,0,9,0,0,0,0
"쇼핑검색",산타페핸드폰거치대,모바일,2,0,0,0,3,0,0,0,0
"쇼핑검색",삼단선풍기,모바일,1,0,0,0,11,0,0,0,0
"쇼핑검색",삼성제습기,모바일,1,0,0,0,7,0,0,0,0
"쇼핑검색",샤오미선풍기충전기,모바일,1,0,0,0,1,0,0,0,0
"쇼핑검색",선풍기,PC,1,0,0,0,1,0,0,0,0
"쇼핑검색",선풍기,모바일,30,0,0,0,8.7,0,0,0,0
"쇼핑검색",선풍기UNIMAX,모바일,1,0,0,0,18,0,0,0,0
"쇼핑검색",선풍기W,모바일,1,0,0,0,13,0,0,0,0
"쇼핑검색",선풍기가정용,모바일,1,0,0,0,16,0,0,0,0
"쇼핑검색",선풍기하드케이스,PC,1,0,0,0,1,0,0,0,0
"쇼핑검색",센서티브쉐이빙젤,모바일,1,0,0,0,10,0,0,0,0
"쇼핑검색",센서티브쉐이빙젤170G3,모바일,1,0,0,0,3,0,0,0,0
"쇼핑검색",소나타디엣지거치대,모바일,1,0,0,0,2,0,0,0,0
"쇼핑검색",소나타디엣지핸드폰거치대,모바일,1,0,0,0,3,0,0,0,0
"쇼핑검색",소형제습기,모바일,1,0,0,0,2,0,0,0,0
"쇼핑검색",숴질레트프로글라이드쉐이빙폼,모바일,1,0,0,0,4,0,0,0,0
"쇼핑검색",쉐이빙젤,PC,4,0,0,0,34.8,0,0,0,0
"쇼핑검색",쉐이빙젤,모바일,2,0,0,0,40,0,0,0,0
"쇼핑검색",쉐이빙프로,PC,2,0,0,0,4.5,0,0,0,0
"쇼핑검색",쉐이빙프로,모바일,28,0,0,0,4.6,0,0,0,0
"쇼핑검색",스마트미선풍기,모바일,3,0,0,0,15,0,0,0,0
"쇼핑검색",스타벅스.브랙퍼스트,모바일,1,0,0,0,3,0,0,0,0
"쇼핑검색",스타벅스.원두,모바일,1,0,0,0,36,0,0,0,0
"쇼핑검색",스타벅스1.13,PC,2,0,0,0,5.5,0,0,0,0
"쇼핑검색",스타벅스1.13,모바일,8,0,0,0,9.5,0,0,0,0
"쇼핑검색",스타벅스1.13KG,PC,1,0,0,0,7,0,0,0,0
"쇼핑검색",스타벅스1.13KG,모바일,5,0,0,0,8.8,0,0,0,0
"쇼핑검색",스타벅스1.13KG원두,모바일,1,0,0,0,10,0,0,0,0
"쇼핑검색",스타벅스1.13에스프레스,모바일,2,0,0,0,9,0,0,0,0
"쇼핑검색",스타벅스1.13원두,모바일,1,0,0,0,6,0,0,0,0
"쇼핑검색",스타벅스브랙퍼스트,PC,74,3,367,"1,100",2.4,1,0,0,0
"쇼핑검색",스타벅스브랙퍼스트,모바일,218,1,440,440,2.4,1,0,0,0
"쇼핑검색",스타벅스브랙퍼스트1.13KG코스트코,PC,1,0,0,0,6,0,0,0,0
"쇼핑검색",스타벅스브랙퍼스트블랜드,PC,2,0,0,0,3,0,0,0,0
"쇼핑검색",스타벅스브랙퍼스트블랜드,모바일,1,0,0,0,3,0,0,0,0
"쇼핑검색",스타벅스브랙퍼스트블랜드1.13KG,PC,1,0,0,0,2,0,0,0,0
"쇼핑검색",스타벅스브렉퍼스트블렌드1.13KG,모바일,1,0,0,0,9,0,0,0,0
"쇼핑검색",스타벅스블랜드,모바일,1,0,0,0,1,0,0,0,0
"쇼핑검색",스타벅스블렌드,PC,1,0,0,0,5,0,0,0,0
"쇼핑검색",스타벅스블렌드,모바일,3,0,0,0,3.7,0,0,0,0
"쇼핑검색",스타벅스블렌드브랙퍼스트홀빈1.13,PC,1,0,0,0,10,0,0,0,0
"쇼핑검색",스타벅스원두,PC,100,0,0,0,13.8,0,0,0,0
"쇼핑검색",스타벅스원두,모바일,221,0,0,0,10.2,0,0,0,0
"쇼핑검색",스타벅스원두1.13,PC,5,0,0,0,5.8,0,0,0,0
"쇼핑검색",스타벅스원두1.13,모바일,14,0,0,0,6.5,0,0,0,0
"쇼핑검색",스타벅스원두1.13KG,PC,4,0,0,0,5.3,0,0,0,0
"쇼핑검색",스타벅스원두1.13KG,모바일,12,0,0,0,7.4,0,0,0,0
"쇼핑검색",스타벅스원두1박스,PC,1,0,0,0,37,0,0,0,0
"쇼핑검색",스타벅스원두가격,PC,1,0,0,0,15,0,0,0,0
"쇼핑검색",스타벅스원두베란다블렌드,모바일,1,0,0,0,17,0,0,0,0
"쇼핑검색",스타벅스원두추천,모바일,4,0,0,0,11.3,0,0,0,0
"쇼핑검색",스타벅스원두커피,PC,20,0,0,0,18.5,0,0,0,0
"쇼핑검색",스타벅스원두커피,모바일,20,0,0,0,13.5,0,0,0,0
"쇼핑검색",스타벅스원두커피1.13,모바일,2,0,0,0,8,0,0,0,0
"쇼핑검색",스타벅스원두커피1.13KG,모바일,1,0,0,0,12,0,0,0,0
"쇼핑검색",스타벅스커피원두,PC,10,0,0,0,14.1,0,0,0,0
"쇼핑검색",스타벅스커피원두,모바일,17,0,0,0,13.2,0,0,0,0
"쇼핑검색",스타벅스케냐1.13,모바일,1,0,0,0,10,0,0,0,0
"쇼핑검색",스타벅스코스트코,모바일,1,0,0,0,15,0,0,0,0
"쇼핑검색",스타벅스홀빈1.13,PC,1,0,0,0,23,0,0,0,0
"쇼핑검색",스타벅스홀빈1.13,모바일,2,0,0,0,27,0,0,0,0
"쇼핑검색",스탠드선풍기,PC,3,0,0,0,2.7,0,0,0,0
"쇼핑검색",스탠드형선풍기,모바일,1,0,0,0,1,0,0,0,0
"쇼핑검색",스포츠화장품,PC,3,0,0,0,7,0,0,0,0
"쇼핑검색",시원한바람선풍기,PC,4,0,0,0,17.3,0,0,0,0
"쇼핑검색",시원한선풍기,PC,7,0,0,0,10.9,0,0,0,0
"쇼핑검색",시원한선풍기,모바일,1,0,0,0,2,0,0,0,0
"쇼핑검색",시원한선풍기추천,PC,9,0,0,0,10.7,0,0,0,0
"쇼핑검색",신지모루오그랩,모바일,1,0,0,0,12,0,0,0,0
"쇼핑검색",아이오티,PC,182,0,0,0,1.5,0,0,0,0
"쇼핑검색",아이오티,모바일,504,1,385,385,1.4,1,0,0,0
"쇼핑검색",아이오티6거치대,모바일,2,0,0,0,4,0,0,0,0
"쇼핑검색",아이오티거치대,PC,24,0,0,0,1.8,0,0,0,0
"쇼핑검색",아이오티거치대,모바일,40,0,0,0,2.4,0,0,0,0
"쇼핑검색",아이오티거치대송풍구,PC,2,0,0,0,3,0,0,0,0
"쇼핑검색",아이오티거치대송풍구,모바일,2,0,0,0,3.5,0,0,0,0
"쇼핑검색",아이오티이지탭폰거치대,모바일,3,0,0,0,1.7,0,0,0,0
"쇼핑검색",아이오티차량거치대,PC,2,0,0,0,4.5,0,0,0,0
"쇼핑검색",아이오티차량거치대,모바일,2,0,0,0,2.5,0,0,0,0
"쇼핑검색",아이오티차량용,PC,1,0,0,0,2,0,0,0,0
"쇼핑검색",아이오티차량용,모바일,2,0,0,0,1.5,0,0,0,0
"쇼핑검색",아이오티차량용거치대,모바일,5,0,0,0,2,0,0,0,0
"쇼핑검색",아이오티차량용충전기,모바일,2,0,0,0,5,0,0,0,0
"쇼핑검색",아이오티코리아몰,PC,5,0,0,0,2.6,0,0,0,0
"쇼핑검색",아이오티태블릿거치대,모바일,1,0,0,0,3,0,0,0,0
"쇼핑검색",아이오티휴대폰거치대,PC,3,0,0,0,2,0,0,0,0
"쇼핑검색",아이오티휴대폰거치대,모바일,2,0,0,0,1,0,0,0,0
"쇼핑검색",아이오티흡착식거치대,PC,1,0,0,0,1,0,0,0,0
"쇼핑검색",아이폰차량용충전기,모바일,1,0,0,0,3,0,0,0,0
"쇼핑검색",알파브라보,모바일,1,0,0,0,15,0,0,0,0
"쇼핑검색",애플자동차,모바일,1,0,0,0,5,0,0,0,0
"쇼핑검색",애플자동차거치대,모바일,1,0,0,0,5,0,0,0,0
"쇼핑검색",애플정품차량거치대,모바일,2,0,0,0,6,0,0,0,0
"쇼핑검색",애플차량거치대,모바일,2,0,0,0,4.5,0,0,0,0
"쇼핑검색",애플차량용,모바일,1,0,0,0,8,0,0,0,0
"쇼핑검색",애플차량용거치대,PC,3,0,0,0,6,0,0,0,0
"쇼핑검색",애플차량용거치대,모바일,10,0,0,0,4,0,0,0,0
"쇼핑검색",애플차량용휴대폰거치대,모바일,1,0,0,0,4,0,0,0,0
"쇼핑검색",애플차량핸드폰거치대,PC,1,0,0,0,4,0,0,0,0
"쇼핑검색",애플카,모바일,1,0,0,0,5,0,0,0,0
"쇼핑검색",애플핸드폰,모바일,1,0,0,0,6,0,0,0,0
"쇼핑검색",애플핸드폰거치대,PC,1,0,0,0,8,0,0,0,0
"쇼핑검색",욕실제습기,모바일,1,0,0,0,13,0,0,0,0
"쇼핑검색",원두1.13KG,PC,2,0,0,0,5,0,0,0,0
"쇼핑검색",원두스타벅스,모바일,1,0,0,0,15,0,0,0,0
"쇼핑검색",원두스타벅스브랙퍼스트,PC,1,0,0,0,3,0,0,0,0
"쇼핑검색",원두커피스타벅스,PC,1,0,0,0,15,0,0,0,0
"쇼핑검색",원두커피스타벅스,모바일,1,0,0,0,23,0,0,0,0
"쇼핑검색",원룸위닉스제습기,모바일,1,0,0,0,1,0,0,0,0
"쇼핑검색",원룸제습기,PC,20,0,0,0,8.5,0,0,0,0
"쇼핑검색",원룸제습기,모바일,77,0,0,0,5.4,0,0,0,0
"쇼핑검색",원룸제습기10L,모바일,1,0,0,0,6,0,0,0,0
"쇼핑검색",원룸제습기위닉스,PC,1,0,0,0,1,0,0,0,0
"쇼핑검색",원룸제습기추천,PC,9,0,0,0,4.8,0,0,0,0
"쇼핑검색",원룸제습기추천,모바일,50,1,264,264,2.1,1,0,0,0
"쇼핑검색",위니아뽀송,모바일,1,0,0,0,15,0,0,0,0
"쇼핑검색",위니아위닉스제습기,모바일,2,0,0,0,1,0,0,0,0
"쇼핑검색",위니아제습기,모바일,3,0,0,0,7.7,0,0,0,0
"쇼핑검색",위닉스.제습기,모바일,15,0,0,0,1,0,0,0,0
"쇼핑검색",위닉스100,모바일,2,0,0,0,2,0,0,0,0
"쇼핑검색",위닉스10L,PC,12,1,407,407,1.3,1,0,0,0
"쇼핑검색",위닉스10L,모바일,24,0,0,0,1.2,1,0,0,0
"쇼핑검색",위닉스10LDXAE100,모바일,1,0,0,0,1,0,0,0,0
"쇼핑검색",위닉스10L제습기,PC,6,0,0,0,1.3,0,0,0,0
"쇼핑검색",위닉스10L제습기,모바일,25,0,0,0,1,0,0,0,0
"쇼핑검색",위닉스10리터,PC,10,1,319,319,1.2,1,0,0,0
"쇼핑검색",위닉스10리터,모바일,35,0,0,0,1.1,0,0,0,0
"쇼핑검색",위닉스10리터제습기,PC,6,0,0,0,1.5,0,0,0,0
"쇼핑검색",위닉스10리터제습기,모바일,49,0,0,0,1.1,0,0,0,0
"쇼핑검색",위닉스12L제습기,모바일,2,0,0,0,8,0,0,0,0
"쇼핑검색",위닉스12리터제습기,PC,2,0,0,0,2.5,0,0,0,0
"쇼핑검색",위닉스12리터제습기,모바일,14,1,407,407,2,1,0,0,0
"쇼핑검색",위닉스13L,모바일,1,0,0,0,1,0,0,0,0
"쇼핑검색",위닉스13리터,모바일,6,0,0,0,1.8,0,0,0,0
"쇼핑검색",위닉스8리터,PC,1,0,0,0,1,0,0,0,0
"쇼핑검색",위닉스8리터,모바일,3,0,0,0,1,0,0,0,0
"쇼핑검색",위닉스AS,모바일,3,0,0,0,1,0,0,0,0
"쇼핑검색",위닉스DAXE100,모바일,1,0,0,0,1,0,0,0,0
"쇼핑검색",위닉스DN2E160-KWK,PC,17,0,0,0,4.6,0,0,0,0
"쇼핑검색",위닉스DOMM100,모바일,4,0,0,0,1,0,0,0,0
"쇼핑검색",위닉스DXAC100-KWK,PC,1,0,0,0,1,0,0,0,0
"쇼핑검색",위닉스DXAC100-KWK,모바일,1,0,0,0,1,0,0,0,0
"쇼핑검색",위닉스DXAE100,모바일,3,0,0,0,1,0,0,0,0
"쇼핑검색",위닉스DXAH100,모바일,4,0,0,0,1,0,0,0,0
"쇼핑검색",위닉스DXAM-100,PC,1,0,0,0,2,0,0,0,0
"쇼핑검색",위닉스DXAM100,모바일,1,0,0,0,1,0,0,0,0
"쇼핑검색",위닉스DXAP100,모바일,1,0,0,0,1,0,0,0,0
"쇼핑검색",위닉스DXAW100,PC,1,0,0,0,2,0,0,0,0
"쇼핑검색",위닉스DXAW100,모바일,3,0,0,0,1.7,0,0,0,0
"쇼핑검색",위닉스DXAW100-JWK,모바일,1,0,0,0,5,0,0,0,0
"쇼핑검색",위닉스DXT,모바일,1,0,0,0,3,0,0,0,0
"쇼핑검색",위닉스DXTC100,PC,1,0,0,0,2,0,0,0,0
"쇼핑검색",위닉스DXTE100,모바일,3,1,330,330,2,1,0,0,0
"쇼핑검색",위닉스DXTE100-KWK,모바일,3,0,0,0,1,0,0,0,0
"쇼핑검색",위닉스DXTE120-MPK,PC,1,0,0,0,5,0,0,0,0
"쇼핑검색",위닉스DXTE120-MPK,모바일,1,0,0,0,3,0,0,0,0
"쇼핑검색",위닉스DXTM,모바일,1,1,66,66,1,1,0,0,0
"쇼핑검색",위닉스DXTM100,PC,4,1,88,88,1,1,0,0,0
"쇼핑검색",위닉스DXTM100,모바일,4,0,0,0,1.5,0,0,0,0
"쇼핑검색",위닉스DXTM100-KWK,PC,2,0,0,0,1,0,0,0,0
"쇼핑검색",위닉스DXTM100-KWK,모바일,8,0,0,0,1,0,0,0,0
"쇼핑검색",위닉스KWK,모바일,1,0,0,0,1,0,0,0,0
"쇼핑검색",위닉스물통,PC,1,0,0,0,1,0,0,0,0
"쇼핑검색",위닉스물통,모바일,2,0,0,0,1,0,0,0,0
"쇼핑검색",위닉스뽀송,PC,241,1,66,66,1.1,1,0,0,0
"쇼핑검색",위닉스뽀송,모바일,"1,036",6,141,847,1.3,1,0,0,0
"쇼핑검색",위닉스뽀송10,모바일,1,0,0,0,6,0,0,0,0
"쇼핑검색",위닉스뽀송10L,PC,12,0,0,0,1.3,0,0,0,0
"쇼핑검색",위닉스뽀송10L,모바일,20,1,55,55,1.3,1,0,0,0
"쇼핑검색",위닉스뽀송10L제습기,PC,3,0,0,0,3.3,0,0,0,0
"쇼핑검색",위닉스뽀송10리터,PC,3,0,0,0,1,0,0,0,0
"쇼핑검색",위닉스뽀송10리터,모바일,6,0,0,0,1.3,0,0,0,0
"쇼핑검색",위닉스뽀송12,PC,1,0,0,0,6,0,0,0,0
"쇼핑검색",위닉스뽀송12,모바일,1,0,0,0,6,0,0,0,0
"쇼핑검색",위닉스뽀송12리터,PC,1,0,0,0,2,0,0,0,0
"쇼핑검색",위닉스뽀송12리터,모바일,5,0,0,0,2.2,1,0,0,0
"쇼핑검색",위닉스뽀송16L,모바일,1,0,0,0,8,0,0,0,0
"쇼핑검색",위닉스뽀송DXTE100-KWK,모바일,1,0,0,0,1,0,0,0,0
"쇼핑검색",위닉스뽀송DXTM100-KWK,모바일,1,0,0,0,1,0,0,0,0
"쇼핑검색",위닉스뽀송물통,모바일,1,0,0,0,1,0,0,0,0
"쇼핑검색",위닉스뽀송비교,모바일,4,0,0,0,1,0,0,0,0
"쇼핑검색",위닉스뽀송제습기,PC,140,2,99,198,1.1,1,0,0,0
"쇼핑검색",위닉스뽀송제습기,모바일,"1,134",5,134,671,1.9,1.2,1,0,0
"쇼핑검색",위닉스뽀송제습기10,모바일,1,0,0,0,5,0,0,0,0
"쇼핑검색",위닉스뽀송제습기10DXTC100,모바일,1,0,0,0,1,0,0,0,0
"쇼핑검색",위닉스뽀송제습기10L,PC,17,1,396,396,1.3,1,0,0,0
"쇼핑검색",위닉스뽀송제습기10L,모바일,43,1,264,264,1.4,1,0,0,0
"쇼핑검색",위닉스뽀송제습기10L(12L),PC,1,0,0,0,4,0,0,0,0
"쇼핑검색",위닉스뽀송제습기10리터,모바일,11,0,0,0,2.2,0,0,0,0
"쇼핑검색",위닉스뽀송제습기DXTC100-MMK,모바일,2,0,0,0,2,0,0,0,0
"쇼핑검색",위닉스뽀송제습기추천,모바일,3,0,0,0,1,0,0,0,0
"쇼핑검색",위닉스신형제습기,모바일,1,0,0,0,1,0,0,0,0
"쇼핑검색",위닉스원룸제습기,모바일,10,0,0,0,1,0,0,0,0
"쇼핑검색",위닉스위닉스뽀송,PC,1,0,0,0,1,0,0,0,0
"쇼핑검색",위닉스위닉스뽀송,모바일,2,0,0,0,1,0,0,0,0
"쇼핑검색",위닉스위닉스뽀송DN2E160-KWK,모바일,1,0,0,0,4,0,0,0,0
"쇼핑검색",위닉스재습기,PC,1,0,0,0,1,0,0,0,0
"쇼핑검색",위닉스재습기,모바일,1,0,0,0,1,0,0,0,0
"쇼핑검색",위닉스제습,PC,3,0,0,0,1,0,0,0,0
"쇼핑검색",위닉스제습,모바일,16,0,0,0,1,0,0,0,0
"쇼핑검색",위닉스제습기,PC,"1,644",19,215,"4,092",1.1,1.05,0.55,1,"232,000"
"쇼핑검색",위닉스제습기,모바일,"11,652",53,223,"11,803",1.5,1.02,0.05,0,0
"쇼핑검색",위닉스제습기10,모바일,1,0,0,0,3,0,0,0,0
"쇼핑검색",위닉스제습기10L,PC,26,1,429,429,1.2,1,0,0,0
"쇼핑검색",위닉스제습기10L,모바일,112,3,308,924,1.1,1,0,0,0
"쇼핑검색",위닉스제습기10리터,PC,96,4,338,"1,353",1.3,1,0,0,0
"쇼핑검색",위닉스제습기10리터,모바일,687,19,290,"5,511",1.2,1,0,0,0
"쇼핑검색",위닉스제습기12L,모바일,1,0,0,0,3,0,0,0,0
"쇼핑검색",위닉스제습기12리터,모바일,7,0,0,0,2.3,0,0,0,0
"쇼핑검색",위닉스제습기16,모바일,1,0,0,0,8,0,0,0,0
"쇼핑검색",위닉스제습기3등급,모바일,5,0,0,0,1,0,0,0,0
"쇼핑검색",위닉스제습기5리터,모바일,1,0,0,0,20,0,0,0,0
"쇼핑검색",위닉스제습기AS,PC,64,0,0,0,1,0,0,0,0
"쇼핑검색",위닉스제습기AS,모바일,732,0,0,0,1,0,0,0,0
"쇼핑검색",위닉스제습기DAXE100,모바일,1,0,0,0,1,0,0,0,0
"쇼핑검색",위닉스제습기DOMM100,모바일,1,0,0,0,1,0,0,0,0
"쇼핑검색",위닉스제습기DXAE100-JWK,모바일,1,0,0,0,3,0,0,0,0
"쇼핑검색",위닉스제습기DXT100,모바일,1,0,0,0,1,0,0,0,0
"쇼핑검색",위닉스제습기DXTE100,모바일,2,1,297,297,2,1,0,0,0
"쇼핑검색",위닉스제습기DXTE100-KWK,모바일,3,2,61,121,1,1,0,0,0
"쇼핑검색",위닉스제습기DXTE120-MPK,PC,1,0,0,0,5,0,0,0,0
"쇼핑검색",위닉스제습기DXTM100,모바일,10,0,0,0,1.1,0,0,0,0
"쇼핑검색",위닉스제습기DXTM100-KWK,PC,6,0,0,0,1,0,0,0,0
"쇼핑검색",위닉스제습기DXTP100-KWK,PC,1,0,0,0,1,0,0,0,0
"쇼핑검색",위닉스제습기KWK,모바일,5,0,0,0,1.8,0,0,0,0
"쇼핑검색",위닉스제습기가격,모바일,19,1,231,231,1,1,0,0,0
"쇼핑검색",위닉스제습기가격비교,모바일,1,0,0,0,1,0,0,0,0
"쇼핑검색",위닉스제습기고무,모바일,1,0,0,0,17,0,0,0,0
"쇼핑검색",위닉스제습기기능,모바일,4,0,0,0,1,0,0,0,0
"쇼핑검색",위닉스제습기물통,PC,16,0,0,0,1,0,0,0,0
"쇼핑검색",위닉스제습기물통,모바일,91,1,374,374,1,1,0,0,0
"쇼핑검색",위닉스제습기부품,모바일,1,0,0,0,17,0,0,0,0
"쇼핑검색",위닉스제습기비교,PC,2,0,0,0,1,0,0,0,0
"쇼핑검색",위닉스제습기비교,모바일,15,0,0,0,1,0,0,0,0
"쇼핑검색",위닉스제습기뽀송,PC,10,1,88,88,1,1,0,0,0
"쇼핑검색",위닉스제습기뽀송,모바일,57,0,0,0,1.2,0,0,0,0
"쇼핑검색",위닉스제습기뽀송10L,PC,1,0,0,0,1,0,0,0,0
"쇼핑검색",위닉스제습기사용,모바일,1,0,0,0,1,0,0,0,0
"쇼핑검색",위닉스제습기습도센서,모바일,1,0,0,0,4,0,0,0,0
"쇼핑검색",위닉스제습기신상,모바일,1,0,0,0,1,0,0,0,0
"쇼핑검색",위닉스제습기신형,PC,1,0,0,0,1,0,0,0,0
"쇼핑검색",위닉스제습기신형,모바일,9,0,0,0,1,0,0,0,0
"쇼핑검색",위닉스제습기원룸,PC,1,0,0,0,1,0,0,0,0
"쇼핑검색",위닉스제습기원룸,모바일,6,0,0,0,1.2,0,0,0,0
"쇼핑검색",위닉스제습기추천,PC,8,0,0,0,1,0,0,0,0
"쇼핑검색",위닉스제습기추천,모바일,23,0,0,0,1,0,0,0,0
"쇼핑검색",위닉스집중건조키트,모바일,2,0,0,0,3,0,0,0,0
"쇼핑검색",위닉스플라즈마웨이브,모바일,1,0,0,0,1,0,0,0,0
"쇼핑검색",위닉스화이트,모바일,1,0,0,0,1,0,0,0,0
"쇼핑검색",윈터블렌드1.13,모바일,1,0,0,0,10,0,0,0,0
"쇼핑검색",유니맥스고객센터,모바일,4,0,0,0,10,0,0,0,0
"쇼핑검색",유니맥스선풍기,PC,48,0,0,0,3.5,0,0,0,0
"쇼핑검색",유니맥스선풍기,모바일,235,2,215,429,2.4,1,0,0,0
"쇼핑검색",유니맥스스탠드선풍기,PC,1,0,0,0,1,0,0,0,0
"쇼핑검색",유니맥스스탠드선풍기,모바일,1,0,0,0,1,0,0,0,0
"쇼핑검색",유니맥스스틸선풍기,PC,1,0,0,0,10,0,0,0,0
"쇼핑검색",유니맥스이엔엘,PC,34,0,0,0,1,0,0,0,0
"쇼핑검색",유니맥스이엔엘,모바일,44,0,0,0,1,0,0,0,0
"쇼핑검색",유니맥스이엔엘선풍기,PC,1,0,0,0,9,0,0,0,0
"쇼핑검색",유니맥스이엔엘스탠드형,모바일,1,0,0,0,7,0,0,0,0
"쇼핑검색",이로운생활,PC,22,0,0,0,1,0,0,0,0
"쇼핑검색",이로운생활,모바일,54,0,0,0,1,0,0,0,0
"쇼핑검색",이지와이,모바일,1,0,0,0,1,0,0,0,0
"쇼핑검색",이지와이거치대,모바일,3,0,0,0,2,0,0,0,0
"쇼핑검색",이지와이차량용거치대,모바일,1,0,0,0,3,0,0,0,0
"쇼핑검색",이지플렉스,모바일,13,0,0,0,3.2,0,0,0,0
"쇼핑검색",이쿼녹스거치대,모바일,2,0,0,0,14,0,0,0,0
"쇼핑검색",이쿼녹스차량거치대,모바일,1,0,0,0,13,0,0,0,0
"쇼핑검색",자동건조제습기,모바일,1,0,0,0,6,0,0,0,0
"쇼핑검색",자동제습기,모바일,6,0,0,0,38.3,0,0,0,0
"쇼핑검색",저소음제습기,모바일,1,0,0,0,2,0,0,0,0
"쇼핑검색",제습공기청정기,모바일,2,0,0,0,3,0,0,0,0
"쇼핑검색",제습기,PC,179,0,0,0,21,1,0,0,0
"쇼핑검색",제습기,모바일,591,6,282,"1,694",11.7,1,0,0,0
"쇼핑검색",제습기10L,PC,1,0,0,0,5,0,0,0,0
"쇼핑검색",제습기10L,모바일,69,0,0,0,6.4,0,0,0,0
"쇼핑검색",제습기10리터,PC,40,0,0,0,4.8,0,0,0,0
"쇼핑검색",제습기10리터,모바일,476,3,330,990,6,1,0,0,0
"쇼핑검색",제습기10리터가격,모바일,1,0,0,0,8,0,0,0,0
"쇼핑검색",제습기13리터,모바일,1,0,0,0,7,0,0,0,0
"쇼핑검색",제습기가성비,PC,1,0,0,0,19,0,0,0,0
"쇼핑검색",제습기가정용,모바일,1,0,0,0,46,0,0,0,0
"쇼핑검색",제습기공기청정기,모바일,4,0,0,0,3,0,0,0,0
"쇼핑검색",제습기뽀송,PC,1,0,0,0,3,0,0,0,0
"쇼핑검색",제습기소형,모바일,2,0,0,0,3,0,0,0,0
"쇼핑검색",제습기순위,PC,1,0,0,0,37,0,0,0,0
"쇼핑검색",제습기순위,모바일,3,0,0,0,1,0,0,0,0
"쇼핑검색",제습기아토피,모바일,2,0,0,0,2.5,0,0,0,0
"쇼핑검색",제습기원룸,모바일,5,0,0,0,9.2,0,0,0,0
"쇼핑검색",제습기위닉스,PC,38,0,0,0,1,0,0,0,0
"쇼핑검색",제습기위닉스,모바일,215,1,231,231,1,1,0,0,0
"쇼핑검색",제습기위닉스10L,PC,2,0,0,0,1,0,0,0,0
"쇼핑검색",제습기위닉스1등급,모바일,2,0,0,0,8,0,0,0,0
"쇼핑검색",제습기추천,PC,2,0,0,0,35,0,0,0,0
"쇼핑검색",제습기추천,모바일,5,0,0,0,17.2,0,0,0,0
"쇼핑검색",젤질레트퓨전프로글라이드,모바일,1,0,0,0,7,0,0,0,0
"쇼핑검색",질레트,PC,1,0,0,0,8,0,0,0,0
"쇼핑검색",질레트,모바일,3,0,0,0,1.3,0,0,0,0
"쇼핑검색",질레트글라이드젤,모바일,2,0,0,0,6.5,0,0,0,0
"쇼핑검색",질레트글라이드젤4,모바일,3,0,0,0,8,0,0,0,0
"쇼핑검색",질레트글라이드젤4개,모바일,3,0,0,0,8,0,0,0,0
"쇼핑검색",질레트면도젤170G,모바일,1,0,0,0,4,0,0,0,0
"쇼핑검색",질레트면도젤170G프로글라이드,PC,1,0,0,0,3,0,0,0,0
"쇼핑검색",질레트면도젤센서티브,모바일,1,0,0,0,10,0,0,0,0
"쇼핑검색",질레트면도젤프로글라이드,모바일,1,0,0,0,6,0,0,0,0
"쇼핑검색",질레트세이빙젤,모바일,1,0,0,0,8,0,0,0,0
"쇼핑검색",질레트센서티브,PC,6,0,0,0,7.3,0,0,0,0
"쇼핑검색",질레트센서티브,모바일,21,0,0,0,9,0,0,0,0
"쇼핑검색",질레트센서티브2IN1170G,모바일,2,0,0,0,3.5,0,0,0,0
"쇼핑검색",질레트센서티브면도젤,PC,1,0,0,0,6,0,0,0,0
"쇼핑검색",질레트센서티브쉐이빙젤,PC,1,0,0,0,2,0,0,0,0
"쇼핑검색",질레트센서티브쉐이빙젤,모바일,4,0,0,0,7,0,0,0,0
"쇼핑검색",질레트센서티브젤,PC,4,0,0,0,6.3,0,0,0,0
"쇼핑검색",질레트센서티브젤,모바일,5,0,0,0,6.2,0,0,0,0
"쇼핑검색",질레트센서티브젤퓨어,모바일,3,0,0,0,2.3,0,0,0,0
"쇼핑검색",질레트센서티브젤퓨어스포츠,모바일,2,0,0,0,3,0,0,0,0
"쇼핑검색",질레트센서티브퓨어,모바일,1,0,0,0,2,0,0,0,0
"쇼핑검색",질레트센서티브퓨어쉐이빙젤,모바일,1,0,0,0,6,0,0,0,0
"쇼핑검색",질레트센서티브퓨어스포츠,모바일,4,0,0,0,2,0,0,0,0
"쇼핑검색",질레트센서티브퓨어스포츠쉐이빙젤,모바일,5,0,0,0,1.2,0,0,0,0
"쇼핑검색",질레트쉐이빙,PC,2,0,0,0,25,0,0,0,0
"쇼핑검색",질레트쉐이빙,모바일,1,0,0,0,22,0,0,0,0
"쇼핑검색",질레트쉐이빙젤,PC,3,0,0,0,18.3,0,0,0,0
"쇼핑검색",질레트쉐이빙젤,모바일,30,1,264,264,5.8,1,0,0,0
"쇼핑검색",질레트쉐이빙젤170,모바일,1,1,308,308,4,1,0,0,0
"쇼핑검색",질레트쉐이빙젤170G,모바일,1,0,0,0,9,0,0,0,0
"쇼핑검색",질레트쉐이빙젤3X-센시티브195G,모바일,4,0,0,0,14.8,0,0,0,0
"쇼핑검색",질레트쉐이빙젤면도크림퓨어,PC,2,0,0,0,3,1,0,0,0
"쇼핑검색",질레트쉐이빙젤센시티브,모바일,1,0,0,0,8,0,0,0,0
"쇼핑검색",질레트쉐이빙젤퓨어스포츠,모바일,2,0,0,0,1,0,0,0,0
"쇼핑검색",질레트쉐이빙젤퓨어스포츠3개,모바일,1,0,0,0,1,0,0,0,0
"쇼핑검색",질레트쉐이빙젤퓨전,모바일,1,0,0,0,3,0,0,0,0
"쇼핑검색",질레트쉐이빙젤퓨전센서티브,모바일,1,0,0,0,2,0,0,0,0
"쇼핑검색",질레트쉐이빙폼170G,모바일,1,0,0,0,8,0,0,0,0
"쇼핑검색",질레트쉐이빙폼프로글라이드,모바일,4,0,0,0,5,0,0,0,0
"쇼핑검색",질레트쉐이빙폼프로글라이드3개,모바일,2,0,0,0,7,0,0,0,0
"쇼핑검색",질레트스포츠쉐이빙폼,모바일,1,0,0,0,6,0,0,0,0
"쇼핑검색",질레트젤,PC,1,0,0,0,4,0,0,0,0
"쇼핑검색",질레트젤,모바일,6,0,0,0,4,0,0,0,0
"쇼핑검색",질레트젤센서티브,모바일,1,0,0,0,5,0,0,0,0
"쇼핑검색",질레트퓨어스포츠,PC,9,0,0,0,4.4,0,0,0,0
"쇼핑검색",질레트퓨어스포츠,모바일,13,0,0,0,3.6,0,0,0,0
"쇼핑검색",질레트퓨어스포츠2개,PC,1,0,0,0,5,0,0,0,0
"쇼핑검색",질레트퓨어스포츠3개,모바일,1,0,0,0,3,0,0,0,0
"쇼핑검색",질레트퓨어스포츠4개,PC,1,0,0,0,5,0,0,0,0
"쇼핑검색",질레트퓨어스포츠쉐이빙젤,모바일,7,0,0,0,4.7,0,0,0,0
"쇼핑검색",질레트퓨어스포츠쉐이빙젤4개,모바일,1,0,0,0,5,0,0,0,0
"쇼핑검색",질레트퓨전글라이드면도젤,모바일,1,0,0,0,5,0,0,0,0
"쇼핑검색",질레트퓨전글라이드센서티브,모바일,3,0,0,0,4.7,0,0,0,0
"쇼핑검색",질레트퓨전글라이드센서티브쉐이빙폼,모바일,1,0,0,0,5,0,0,0,0
"쇼핑검색",질레트퓨전글라이드쉐이브,모바일,2,0,0,0,4,0,0,0,0
"쇼핑검색",질레트퓨전글라이드쉐이브젤,모바일,4,0,0,0,3,0,0,0,0
"쇼핑검색",질레트퓨전글라이드쉐이빙폼,모바일,2,0,0,0,5,0,0,0,0
"쇼핑검색",질레트퓨전글라이드젤,모바일,5,0,0,0,3.8,0,0,0,0
"쇼핑검색",질레트퓨전면도거품,모바일,1,0,0,0,7,0,0,0,0
"쇼핑검색",질레트퓨전면도젤,모바일,1,0,0,0,8,0,0,0,0
"쇼핑검색",질레트퓨전세이빙,모바일,1,0,0,0,8,0,0,0,0
"쇼핑검색",질레트퓨전센서티브,PC,3,0,0,0,3.3,0,0,0,0
"쇼핑검색",질레트퓨전센서티브,모바일,9,0,0,0,6.1,0,0,0,0
"쇼핑검색",질레트퓨전센서티브젤,모바일,2,0,0,0,6,0,0,0,0
"쇼핑검색",질레트퓨전센서티브하이드라젤,PC,1,0,0,0,4,0,0,0,0
"쇼핑검색",질레트퓨전쉐이빙젤,모바일,1,0,0,0,10,0,0,0,0
"쇼핑검색",질레트퓨전쉐이빙폼,PC,2,0,0,0,4,0,0,0,0
"쇼핑검색",질레트퓨전쉐이빙폼,모바일,4,0,0,0,6.8,0,0,0,0
"쇼핑검색",질레트퓨전쉐이폼젤,모바일,2,1,440,440,5,1,0,0,0
"쇼핑검색",질레트퓨전젤,PC,2,1,429,429,5,1,0,0,0
"쇼핑검색",질레트퓨전젤,모바일,17,0,0,0,7.9,0,0,0,0
"쇼핑검색",질레트퓨전젤최저가,모바일,1,0,0,0,8,0,0,0,0
"쇼핑검색",질레트퓨전프로글라이드2IN1,모바일,1,0,0,0,7,0,0,0,0
"쇼핑검색",질레트퓨전프로글라이드면도젤,PC,3,1,396,396,4.7,1,0,0,0
"쇼핑검색",질레트퓨전프로글라이드센서티브,PC,5,3,400,"1,199",4.6,1,0,0,0
"쇼핑검색",질레트퓨전프로글라이드센서티브,모바일,23,0,0,0,3.8,0,0,0,0
"쇼핑검색",질레트퓨전프로글라이드센서티브245,PC,1,0,0,0,6,0,0,0,0
"쇼핑검색",질레트퓨전프로글라이드센서티브쉐이빙젤,PC,1,0,0,0,6,0,0,0,0
"쇼핑검색",질레트퓨전프로글라이드센서티브젤,모바일,1,0,0,0,2,0,0,0,0
"쇼핑검색",질레트퓨전프로글라이드센서티브퓨어,PC,1,0,0,0,4,0,0,0,0
"쇼핑검색",질레트퓨전프로글라이드쉐이브,모바일,1,0,0,0,4,0,0,0,0
"쇼핑검색",질레트퓨전프로글라이드쉐이빙,PC,1,0,0,0,6,0,0,0,0
"쇼핑검색",질레트퓨전프로글라이드쉐이빙젤,PC,1,0,0,0,6,0,0,0,0
"쇼핑검색",질레트퓨전프로글라이드쉐이빙젤,모바일,4,0,0,0,3.5,0,0,0,0
"쇼핑검색",질레트퓨전프로글라이드쉐이빙젤면도크림,모바일,2,0,0,0,10,0,0,0,0
"쇼핑검색",질레트퓨전프로글라이드젤,PC,12,1,440,440,2.3,1,0,0,0
"쇼핑검색",질레트퓨전프로글라이드젤,모바일,40,0,0,0,4,0,0,0,0
"쇼핑검색",질레트퓨전프로글라이드젤10개,모바일,2,0,0,0,6,0,0,0,0
"쇼핑검색",질레트퓨전프로글라이드젤170G,PC,2,0,0,0,3.5,0,0,0,0
"쇼핑검색",질레트퓨전프로글라이드젤170G4개,PC,1,0,0,0,5,0,0,0,0
"쇼핑검색",질레트퓨전프로글라이드젤170GX4,PC,1,0,0,0,6,0,0,0,0
"쇼핑검색",질레트퓨전프로글라이드젤4개,모바일,2,0,0,0,7,0,0,0,0
"쇼핑검색",질레트퓨전프로글라이드젤8개,모바일,2,0,0,0,6,0,0,0,0
"쇼핑검색",질레트퓨전프로글라이드젤센서티브,모바일,1,0,0,0,9,0,0,0,0
"쇼핑검색",질레트퓨전프로글라이드젤센서티브면도젤,모바일,1,0,0,0,9,0,0,0,0
"쇼핑검색",질레트퓨전프로글라이드폼,모바일,1,0,0,0,9,0,0,0,0
"쇼핑검색",질레트퓨전하이드라쉐이빙젤70G,PC,2,0,0,0,6,0,0,0,0
"쇼핑검색",질레트퓨전하이드라젤센서티브,모바일,1,0,0,0,7,0,0,0,0
"쇼핑검색",질레트퓨전하이드라젤쉐이빙,모바일,1,0,0,0,10,0,0,0,0
"쇼핑검색",질레트퓨전하이드라젤쉐이빙젤6개,모바일,11,0,0,0,7.6,0,0,0,0
"쇼핑검색",질레트프로글라이드2IN1,PC,1,0,0,0,4,0,0,0,0
"쇼핑검색",질레트프로글라이드2IN1젤,PC,1,0,0,0,4,0,0,0,0
"쇼핑검색",질레트프로글라이드2IN1퓨어스포츠,PC,1,0,0,0,3,0,0,0,0
"쇼핑검색",질레트프로글라이드면도젤170,PC,1,0,0,0,5,0,0,0,0
"쇼핑검색",질레트프로글라이드면도젤170G,PC,3,0,0,0,3,0,0,0,0
"쇼핑검색",질레트프로글라이드면도크림,모바일,1,0,0,0,6,0,0,0,0
"쇼핑검색",질레트프로글라이드센서티브,PC,1,0,0,0,5,0,0,0,0
"쇼핑검색",질레트프로글라이드센서티브,모바일,10,0,0,0,4.9,0,0,0,0
"쇼핑검색",질레트프로글라이드센서티브쉐이브젤,PC,1,0,0,0,3,0,0,0,0
"쇼핑검색",질레트프로글라이드센서티브쉐이빙,모바일,1,0,0,0,8,0,0,0,0
"쇼핑검색",질레트프로글라이드센서티브젤,PC,3,0,0,0,4.3,0,0,0,0
"쇼핑검색",질레트프로글라이드센서티브젤,모바일,8,0,0,0,4.5,0,0,0,0
"쇼핑검색",질레트프로글라이드센서티브젤170G,PC,2,0,0,0,4,0,0,0,0
"쇼핑검색",질레트프로글라이드센서티브폼245G,PC,1,0,0,0,5,0,0,0,0
"쇼핑검색",질레트프로글라이드쉐이브젤,모바일,1,0,0,0,8,0,0,0,0
"쇼핑검색",질레트프로글라이드쉐이빙,PC,3,0,0,0,4,0,0,0,0
"쇼핑검색",질레트프로글라이드쉐이빙,모바일,3,0,0,0,6.3,0,0,0,0
"쇼핑검색",질레트프로글라이드쉐이빙젤,PC,11,0,0,0,4.1,0,0,0,0
"쇼핑검색",질레트프로글라이드쉐이빙젤,모바일,1,0,0,0,6,0,0,0,0
"쇼핑검색",질레트프로글라이드쉐이빙젤퓨어,PC,1,0,0,0,5,0,0,0,0
"쇼핑검색",질레트프로글라이드젤,PC,13,1,396,396,3.4,1,0,0,0
"쇼핑검색",질레트프로글라이드젤,모바일,56,1,231,231,4.6,1,0,0,0
"쇼핑검색",질레트프로글라이드젤170,모바일,1,0,0,0,6,0,0,0,0
"쇼핑검색",질레트프로글라이드젤4개,모바일,1,0,0,0,6,0,0,0,0
"쇼핑검색",질레트프로글라이드젤5개,PC,1,0,0,0,6,0,0,0,0
"쇼핑검색",질레트프로글라이드젤5개,모바일,2,0,0,0,6,0,0,0,0
"쇼핑검색",질레트프로글라이드젤×4,모바일,1,0,0,0,9,0,0,0,0
"쇼핑검색",질레트프로글라이드젤퓨어3개,모바일,1,0,0,0,3,0,0,0,0
"쇼핑검색",질레트프로글라이드젤퓨어스포,PC,1,0,0,0,4,0,0,0,0
"쇼핑검색",질레트프로글라이드젤퓨어스포츠,PC,2,0,0,0,4,0,0,0,0
"쇼핑검색",질레트프로글라이드젤퓨어스포츠4개,PC,1,0,0,0,2,0,0,0,0
"쇼핑검색",질레트프로글라이드크림,PC,1,0,0,0,1,0,0,0,0
"쇼핑검색",질레트프로글라이드퓨어면도젤,PC,1,0,0,0,4,0,0,0,0
"쇼핑검색",질레트프로글라이드퓨어스포츠,모바일,2,0,0,0,3.5,0,0,0,0
"쇼핑검색",질레트프로글라이드퓨어스포츠젤,PC,1,0,0,0,2,0,0,0,0
"쇼핑검색",질레트히드라퓨전젤,모바일,3,0,0,0,9,0,0,0,0
"쇼핑검색",차량용거치대,모바일,1,0,0,0,11,0,0,0,0
"쇼핑검색",차량용거치대스토어,PC,1,0,0,0,26,0,0,0,0
"쇼핑검색",차량용거치대애플,모바일,5,0,0,0,6,0,0,0,0
"쇼핑검색",차량용스마트폰거치대,모바일,1,0,0,0,69,0,0,0,0
"쇼핑검색",차량용이지거치대,모바일,1,0,0,0,6,0,0,0,0
"쇼핑검색",차량용핸드폰거치대,모바일,1,0,0,0,6,0,0,0,0
"쇼핑검색",차량용핸드폰거치대아이오티,모바일,3,0,0,0,5,0,0,0,0
"쇼핑검색",차량용핸드폰거치대애플,모바일,1,0,0,0,4,0,0,0,0
"쇼핑검색",차량용휴대폰거치대EASY,PC,3,0,0,0,5,0,0,0,0
"쇼핑검색",차량자석거치,PC,1,0,0,0,1,0,0,0,0
"쇼핑검색",캐스퍼거치대,모바일,1,0,0,0,14,0,0,0,0
"쇼핑검색",커피원두1.13,PC,2,0,0,0,5,0,0,0,0
"쇼핑검색",커피원두스타벅스,PC,1,0,0,0,10,0,0,0,0
"쇼핑검색",커피필그림스1.13,모바일,1,0,0,0,14,0,0,0,0
"쇼핑검색",컵홀더거치대,모바일,6,0,0,0,14.8,0,0,0,0
"쇼핑검색",코스트코디카페인커피,모바일,9,0,0,0,15,0,0,0,0
"쇼핑검색",코스트코스타벅스원두,모바일,18,0,0,0,13.3,0,0,0,0
"쇼핑검색",코스트코원두,모바일,1,0,0,0,15,0,0,0,0
"쇼핑검색",코스트코원두스타벅스1.13,모바일,2,0,0,0,9,0,0,0,0
"쇼핑검색",코스트코원두커피,모바일,1,0,0,0,14,0,0,0,0
"쇼핑검색",쿠쿠제습기,모바일,1,0,0,0,3,0,0,0,0
"쇼핑검색",쿨킥쉐이빙폼퓨어센서티브,PC,1,0,0,0,5,0,0,0,0
"쇼핑검색",퀵스마트폰거치대,모바일,12,0,0,0,2,0,0,0,0
"쇼핑검색",키높이선풍기,모바일,1,0,0,0,2,0,0,0,0
"쇼핑검색",타이머선풍기,모바일,1,0,0,0,2,0,0,0,0
"쇼핑검색",테슬라핸드폰거치대,모바일,1,0,0,0,2,0,0,0,0
"쇼핑검색",티구안휴대폰거치대,모바일,1,0,0,0,11,0,0,0,0
"쇼핑검색",퓨어스포츠쉐이빙,모바일,1,0,0,0,6,0,0,0,0
"쇼핑검색",퓨어스포츠쉐이빙젤,PC,1,0,0,0,2,0,0,0,0
"쇼핑검색",퓨어스포츠쉐이빙젤,모바일,1,0,0,0,3,0,0,0,0
"쇼핑검색",퓨어스포츠젤170G2개,PC,1,0,0,0,3,0,0,0,0
"쇼핑검색",퓨어퓨전,PC,9,0,0,0,2.3,0,0,0,0
"쇼핑검색",퓨어퓨전,모바일,3,0,0,0,5.3,0,0,0,0
"쇼핑검색",퓨전글라이드,PC,1,0,0,0,10,0,0,0,0
"쇼핑검색",퓨전글라이드,모바일,1,0,0,0,10,0,0,0,0
"쇼핑검색",퓨전질레트쉐이빙젤,모바일,1,0,0,0,3,0,0,0,0
"쇼핑검색",퓨전질레트젤,모바일,1,0,0,0,8,0,0,0,0
"쇼핑검색",퓨전프로글라이드센서티브2IN1면도젤,PC,2,1,440,440,2,1,0,0,0
"쇼핑검색",퓨전프로글라이드센서티브면도젤,모바일,1,0,0,0,7,0,0,0,0
"쇼핑검색",퓨전프로글라이드젤,PC,3,0,0,0,1.3,0,0,0,0
"쇼핑검색",퓨전프로글라이드젤,모바일,7,0,0,0,5.3,0,0,0,0
"쇼핑검색",퓨전프로글라이드젤3개,모바일,1,0,0,0,6,0,0,0,0
"쇼핑검색",퓨전하이드라젤퓨어센서티브,PC,1,0,0,0,4,0,0,0,0
"쇼핑검색",프로글라이드면도젤,PC,2,0,0,0,23,0,0,0,0
"쇼핑검색",프로글라이드센서티브,모바일,2,0,0,0,8,0,0,0,0
"쇼핑검색",프로글라이드센서티브젤,모바일,1,0,0,0,7,0,0,0,0
"쇼핑검색",프로글라이드쉐이빙젤,PC,1,0,0,0,1,0,0,0,0
"쇼핑검색",프로글라이드쉐이빙젤,모바일,1,0,0,0,5,0,0,0,0
"쇼핑검색",프로글라이드젤,PC,3,0,0,0,5,0,0,0,0
"쇼핑검색",프로글라이드젤,모바일,5,0,0,0,5.4,0,0,0,0
"쇼핑검색",프로글라이드젤3개,모바일,1,0,0,0,8,0,0,0,0
"쇼핑검색",프로글라이드젤퓨어스포츠4개,PC,1,0,0,0,4,0,0,0,0
"쇼핑검색",프로글라이드퓨전면도크림,모바일,1,0,0,0,5,0,0,0,0
"쇼핑검색",플렉스거치대,PC,1,0,0,0,1,0,0,0,0
"쇼핑검색",플렉스거치대,모바일,1,0,0,0,5,0,0,0,0
"쇼핑검색",플렉스폰거치대,모바일,1,0,0,0,1,0,0,0,0
"쇼핑검색",하이즈쉐이빙프로,모바일,1,0,0,0,6,0,0,0,0
"쇼핑검색",핸드폰거치대,모바일,2,0,0,0,24.5,0,0,0,0
"쇼핑검색",핸드폰자석거치대,모바일,2,0,0,0,3,0,0,0,0
"쇼핑검색",핸드폰차량용거치대,모바일,1,0,0,0,36,0,0,0,0
"쇼핑검색",형위닉스DXTE100-KWK,모바일,3,0,0,0,1,0,0,0,0
"쇼핑검색",홈플래닛선풍기,모바일,5,0,0,0,5.2,0,0,0,0
"쇼핑검색",홈플래닛스탠드형리모컨선풍기,모바일,1,0,0,0,2,0,0,0,0
"쇼핑검색",홈플래닛스탠드형선풍기,모바일,1,0,0,0,2,0,0,0,0
"쇼핑검색",홍진테크14인치선풍기,모바일,1,0,0,0,1,0,0,0,0
"쇼핑검색",휘닉스제습기,PC,1,0,0,0,25,0,0,0,0
"쇼핑검색",휴대폰거치대,모바일,3,0,0,0,7,0,0,0,0
"쇼핑검색",흡착식거치대,모바일,1,0,0,0,2,0,0,0,0
"쇼핑검색",흥진테크,모바일,4,0,0,0,1,0,0,0,0
