﻿"쇼핑검색보고서(2024.12.01.~2024.12.31.),cgsair:naver"
"캠페인유형",검색어,PC/모바일 매체,노출수,클릭수,"평균클릭비용(VAT포함,원)","총비용(VAT포함,원)",평균노출순위,방문당 평균페이지뷰,방문당 평균체류시간(초),전환수,전환매출액(원)
"파워링크",1500엔버스IC카드,모바일,1,0,0,0,1,0,0,0,0
"파워링크",20대고야드쇼퍼백,모바일,1,0,0,0,1,0,0,0,0
"파워링크",2박3일오사카이코카카드,모바일,1,0,0,0,1,0,0,0,0
"파워링크",2박3일일본여행패키지,PC,3,0,0,0,15,0,0,0,0
"파워링크",2박3일일본여행패키지,모바일,4,0,0,0,14.5,0,0,0,0
"파워링크",40대여자가방,모바일,2,0,0,0,14,0,0,0,0
"파워링크",4월일본여행,모바일,1,0,0,0,9,0,0,0,0
"파워링크",APPLEPAY일본교통카드,모바일,1,0,0,0,2,0,0,0,0
"파워링크",GOYARD,PC,1,0,0,0,9,0,0,0,0
"파워링크",GOYARD명품지갑,모바일,1,0,0,0,2,0,0,0,0
"파워링크",IC이코카카드,모바일,2,0,0,0,2,0,0,0,0
"파워링크",JRPASS,PC,1,0,0,0,7,0,0,0,0
"파워링크",JR오피스이코카카드,모바일,2,0,0,0,1,0,0,0,0
"파워링크",JR패스,PC,271,0,0,0,8.3,0,0,0,0
"파워링크",JR패스,모바일,5,0,0,0,4,0,0,0,0
"파워링크",가고시마이코카,모바일,1,0,0,0,3,0,0,0,0
"파워링크",간사이공항JR이코카카드구매,모바일,1,0,0,0,1,0,0,0,0
"파워링크",간사이공항면세점이코카카드,모바일,1,0,0,0,1,0,0,0,0
"파워링크",간사이공항이코카카드보증금,모바일,1,0,0,0,1,0,0,0,0
"파워링크",간사이공항편의점이코카카드사용,PC,1,0,0,0,1,0,0,0,0
"파워링크",간사이여행,PC,21,0,0,0,2.7,0,0,0,0
"파워링크",간사이여행,모바일,15,0,0,0,2,0,0,0,0
"파워링크",간사이이코카교통카드,PC,2,0,0,0,1,0,0,0,0
"파워링크",간사이이코카카드,PC,1,0,0,0,1,0,0,0,0
"파워링크",간사이이코카카드,모바일,7,0,0,0,1,0,0,0,0
"파워링크",간사이이코카카드구매,PC,2,0,0,0,1,0,0,0,0
"파워링크",간사이이코카카드구매,모바일,2,0,0,0,1,0,0,0,0
"파워링크",간사이이코카카드발급,모바일,1,0,0,0,1,0,0,0,0
"파워링크",고급쇼핑백,모바일,1,1,143,143,51,1,0,0,0
"파워링크",고도리몰,모바일,3,1,77,77,1,6,52,0,0
"파워링크",고야드,PC,1,0,0,0,10,0,0,0,0
"파워링크",고야드,모바일,5,0,0,0,8,0,0,0,0
"파워링크",고야드.가방금액,모바일,1,0,0,0,2,0,0,0,0
"파워링크",고야드GM,PC,1,0,0,0,7,0,0,0,0
"파워링크",고야드가방,모바일,40,3,139,418,12.4,1.25,1.5,0,0
"파워링크",고야드가방가격,PC,2,0,0,0,6.5,0,0,0,0
"파워링크",고야드가방가격,모바일,42,4,149,594,3.4,1.2,2.8,0,0
"파워링크",고야드가방가격정보,모바일,1,0,0,0,1,0,0,0,0
"파워링크",고야드가방구매,모바일,1,0,0,0,3,0,0,0,0
"파워링크",고야드가방로고,모바일,1,1,77,77,1,1,0,0,0
"파워링크",고야드가방매장?,모바일,2,0,0,0,3,0,0,0,0
"파워링크",고야드가방백팩,모바일,1,0,0,0,3,0,0,0,0
"파워링크",고야드가방사이즈,모바일,1,0,0,0,2,0,0,0,0
"파워링크",고야드가방안파우치,모바일,1,0,0,0,1,0,0,0,0
"파워링크",고야드가방종류,모바일,19,1,154,154,3.8,1,0,0,0
"파워링크",고야드가방프랑스,모바일,1,0,0,0,1,0,0,0,0
"파워링크",고야드가방프랑스구입,모바일,1,0,0,0,2,0,0,0,0
"파워링크",고야드구매대행,PC,1,0,0,0,2,0,0,0,0
"파워링크",고야드구매대행,모바일,2,0,0,0,2,0,0,0,0
"파워링크",고야드기저귀가방,PC,2,0,0,0,7,0,0,0,0
"파워링크",고야드기저귀가방,모바일,79,0,0,0,3.7,0,0,0,0
"파워링크",고야드남성가방,모바일,4,0,0,0,2.3,0,0,0,0
"파워링크",고야드남성반지갑,PC,1,0,0,0,4,0,0,0,0
"파워링크",고야드남성반지갑,모바일,2,0,0,0,3.5,0,0,0,0
"파워링크",고야드남성지갑,모바일,1,0,0,0,9,0,0,0,0
"파워링크",고야드남자가방,PC,2,0,0,0,6,0,0,0,0
"파워링크",고야드남자가방,모바일,47,0,0,0,3.2,0,0,0,0
"파워링크",고야드남자장지갑,모바일,4,0,0,0,3,0,0,0,0
"파워링크",고야드남자지갑,모바일,5,0,0,0,7.2,0,0,0,0
"파워링크",고야드더플백,모바일,1,0,0,0,1,0,0,0,0
"파워링크",고야드매장,PC,5,1,77,77,7.4,2.33,9.67,1,"22,000"
"파워링크",고야드매장,모바일,349,0,0,0,3.4,0,0,0,0
"파워링크",고야드명함지갑,모바일,1,0,0,0,4,0,0,0,0
"파워링크",고야드몰,모바일,2,0,0,0,1,0,0,0,0
"파워링크",고야드미니앙주,모바일,18,1,143,143,6.9,1,0,0,0
"파워링크",고야드미니앙주가방,모바일,1,0,0,0,3,0,0,0,0
"파워링크",고야드미니앙주백,PC,1,0,0,0,6,0,0,0,0
"파워링크",고야드미니앙주백,모바일,23,0,0,0,3.4,0,0,0,0
"파워링크",고야드미니앙주색상,모바일,9,0,0,0,2.3,0,0,0,0
"파워링크",고야드박스,모바일,7,0,0,0,1,0,0,0,0
"파워링크",고야드백가격,모바일,4,0,0,0,2,0,0,0,0
"파워링크",고야드백종류,모바일,1,0,0,0,3,0,0,0,0
"파워링크",고야드백팩,모바일,1,0,0,0,3,0,0,0,0
"파워링크",고야드백팩일본,모바일,1,0,0,0,3,0,0,0,0
"파워링크",고야드벨베데르,모바일,10,0,0,0,3.4,0,0,0,0
"파워링크",고야드벨샤스,모바일,18,0,0,0,3.4,0,0,0,0
"파워링크",고야드벨샤스백2,PC,1,0,0,0,3,0,0,0,0
"파워링크",고야드벨샤스백GM,PC,1,0,0,0,3,0,0,0,0
"파워링크",고야드보잉,모바일,5,0,0,0,1.8,0,0,0,0
"파워링크",고야드보헴,PC,1,0,0,0,8,0,0,0,0
"파워링크",고야드보헴,모바일,58,0,0,0,4.5,0,0,0,0
"파워링크",고야드보헴백구매,모바일,1,0,0,0,3,0,0,0,0
"파워링크",고야드보헴백일본,모바일,2,0,0,0,1,0,0,0,0
"파워링크",고야드보헴백일본가격,모바일,1,0,0,0,1,0,0,0,0
"파워링크",고야드보헴백프랑스가격,모바일,1,0,0,0,1,0,0,0,0
"파워링크",고야드보헴호보백,PC,15,0,0,0,5.2,0,0,0,0
"파워링크",고야드보헴호보백,모바일,245,4,154,616,3.2,1.33,1,0,0
"파워링크",고야드빅투아르,모바일,7,0,0,0,2.7,0,0,0,0
"파워링크",고야드빅투와르,모바일,1,0,0,0,2,0,0,0,0
"파워링크",고야드빅투와르반지갑,모바일,2,0,0,0,3,0,0,0,0
"파워링크",고야드쁘띠플로,PC,1,0,0,0,9,0,0,0,0
"파워링크",고야드쁘띠플로,모바일,6,0,0,0,3,0,0,0,0
"파워링크",고야드사이공미니,PC,1,0,0,0,7,0,0,0,0
"파워링크",고야드사이공미니,모바일,12,0,0,0,2.7,0,0,0,0
"파워링크",고야드생루이,모바일,17,0,0,0,3.5,0,0,0,0
"파워링크",고야드생루이GM,모바일,30,0,0,0,3,0,0,0,0
"파워링크",고야드생루이PM,모바일,35,0,0,0,3.1,0,0,0,0
"파워링크",고야드생루이백,모바일,5,0,0,0,8.6,0,0,0,0
"파워링크",고야드생루이백GM,PC,2,0,0,0,8,0,0,0,0
"파워링크",고야드생루이백GM,모바일,33,0,0,0,3.2,0,0,0,0
"파워링크",고야드생루이백PM,모바일,9,0,0,0,3.8,0,0,0,0
"파워링크",고야드생루이백가격,모바일,9,1,154,154,2.8,1,0,0,0
"파워링크",고야드생루이백프랑스구매,모바일,1,0,0,0,2,0,0,0,0
"파워링크",고야드생피에르,모바일,7,0,0,0,3,0,0,0,0
"파워링크",고야드쇼퍼백,모바일,4,0,0,0,3.8,0,0,0,0
"파워링크",고야드쇼퍼백종류,모바일,1,0,0,0,2,0,0,0,0
"파워링크",고야드쇼핑몰,모바일,2,0,0,0,1,0,0,0,0
"파워링크",고야드쇼핑백,모바일,2,0,0,0,1,0,0,0,0
"파워링크",고야드숄더백,모바일,2,0,0,0,8.5,0,0,0,0
"파워링크",고야드스타일가방,모바일,4,0,0,0,2.8,0,0,0,0
"파워링크",고야드시계,모바일,4,0,0,0,1,0,0,0,0
"파워링크",고야드신상,모바일,15,0,0,0,2.6,0,0,0,0
"파워링크",고야드아르투아백GM가격,모바일,1,0,0,0,2,0,0,0,0
"파워링크",고야드아이폰케이스,모바일,4,0,0,0,3,0,0,0,0
"파워링크",고야드앙주백,PC,3,0,0,0,10.3,0,0,0,0
"파워링크",고야드앙주백,모바일,3,0,0,0,3.3,0,0,0,0
"파워링크",고야드양주백,모바일,3,1,121,121,2.7,1,0,0,0
"파워링크",고야드양주백GM사이즈,모바일,1,0,0,0,1,0,0,0,0
"파워링크",고야드여권지갑,PC,1,0,0,0,7,0,0,0,0
"파워링크",고야드여권지갑,모바일,2,0,0,0,5,0,0,0,0
"파워링크",고야드여권케이스,모바일,5,0,0,0,1.6,0,0,0,0
"파워링크",고야드여자가방,모바일,3,0,0,0,3,0,0,0,0
"파워링크",고야드여행가방,PC,1,0,0,0,3,0,0,0,0
"파워링크",고야드여행가방,모바일,26,0,0,0,2.1,0,0,0,0
"파워링크",고야드여행용가방,모바일,3,0,0,0,2,0,0,0,0
"파워링크",고야드인서트카드지갑,모바일,40,0,0,0,2.5,0,0,0,0
"파워링크",고야드정식매장,모바일,1,0,0,0,2,0,0,0,0
"파워링크",고야드제품구매,모바일,1,0,0,0,2,0,0,0,0
"파워링크",고야드중가방,모바일,1,0,0,0,1,0,0,0,0
"파워링크",고야드지갑,PC,1,0,0,0,22,0,0,0,0
"파워링크",고야드책가방,모바일,2,0,0,0,2,0,0,0,0
"파워링크",고야드카드홀더,모바일,24,0,0,0,3.3,0,0,0,0
"파워링크",고야드크로스백,모바일,1,0,0,0,3,0,0,0,0
"파워링크",고야드큰가방,모바일,1,0,0,0,2,0,0,0,0
"파워링크",고야드클러치,모바일,3,0,0,0,10,0,0,0,0
"파워링크",고야드클러치GM,모바일,24,0,0,0,2.5,0,0,0,0
"파워링크",고야드클러치백,PC,1,0,0,0,20,0,0,0,0
"파워링크",고야드토트백,PC,1,0,0,0,10,0,0,0,0
"파워링크",고야드토트백검정,모바일,1,0,0,0,1,0,0,0,0
"파워링크",고야드포아티에,모바일,1,0,0,0,6,0,0,0,0
"파워링크",고야드폰케이스,모바일,1,0,0,0,3,0,0,0,0
"파워링크",고야드프랑스,모바일,6,0,0,0,1,0,0,0,0
"파워링크",고야드하디백그림,모바일,1,0,0,0,3,0,0,0,0
"파워링크",고야드핸드백,PC,1,0,0,0,9,0,0,0,0
"파워링크",고야드핸드백,모바일,5,0,0,0,2.8,0,0,0,0
"파워링크",고야드핸드폰케이스,모바일,8,0,0,0,3.9,0,0,0,0
"파워링크",고야드호보백와인,모바일,1,0,0,0,2,0,0,0,0
"파워링크",고야드호보백인서트,모바일,1,0,0,0,1,0,0,0,0
"파워링크",고야드호보백인서트백,모바일,1,0,0,0,1,0,0,0,0
"파워링크",공항에서이코카카드사용,모바일,1,0,0,0,1,0,0,0,0
"파워링크",교토IC카드충전,모바일,1,0,0,0,1,0,0,0,0
"파워링크",교토관광지,PC,3,0,0,0,3,0,0,0,0
"파워링크",교토관광지,모바일,6,0,0,0,2,0,0,0,0
"파워링크",교토당일치기여행,PC,6,0,0,0,1.8,0,0,0,0
"파워링크",교토당일치기여행,모바일,211,3,81,242,2.9,1.33,9.67,0,0
"파워링크",교토에서이코카카드구매,모바일,1,0,0,0,1,0,0,0,0
"파워링크",교토이코카사용법,모바일,2,0,0,0,1,0,0,0,0
"파워링크",교통카드일본,모바일,1,0,0,0,2,0,0,0,0
"파워링크",교통카드일본사용,모바일,1,0,0,0,3,0,0,0,0
"파워링크",교통카드후쿠오카,모바일,1,0,0,0,1,0,0,0,0
"파워링크",교통패스이코카카드,PC,1,0,0,0,1,0,0,0,0
"파워링크",나라에서이코카카드사용,모바일,1,0,0,0,1,0,0,0,0
"파워링크",남성고야드카드지갑,모바일,12,0,0,0,2.9,0,0,0,0
"파워링크",남성토트백고야드,모바일,1,0,0,0,2,0,0,0,0
"파워링크",남자고야드반지갑,모바일,1,0,0,0,3,0,0,0,0
"파워링크",남자고야드지갑,모바일,4,0,0,0,3,0,0,0,0
"파워링크",남자고야드카드지갑,모바일,2,0,0,0,3,0,0,0,0
"파워링크",도쿄,PC,242,0,0,0,3.1,0,0,0,0
"파워링크",도쿄,모바일,6,0,0,0,5.2,0,0,0,0
"파워링크",도쿄교통카드구입,모바일,1,0,0,0,2,0,0,0,0
"파워링크",도쿄교통카드이코카구매,모바일,1,0,0,0,2,0,0,0,0
"파워링크",도쿄교통카드충전,모바일,6,0,0,0,1,0,0,0,0
"파워링크",도쿄교통카드하야카켄,모바일,1,0,0,0,2,0,0,0,0
"파워링크",도쿄교통카드후쿠오카,모바일,2,0,0,0,2.5,0,0,0,0
"파워링크",도쿄버스IC카드,모바일,1,0,0,0,1,0,0,0,0
"파워링크",도쿄스이카카드,PC,20,0,0,0,2,0,0,0,0
"파워링크",도쿄스이카카드,모바일,60,0,0,0,2,0,0,0,0
"파워링크",도쿄신용카드교통카드,모바일,1,0,0,0,3,0,0,0,0
"파워링크",도쿄에서이코카카드사용,PC,1,1,77,77,1,1,0,0,0
"파워링크",도쿄에서이코카카드사용가능한지,모바일,1,0,0,0,3,0,0,0,0
"파워링크",도쿄에서이코카카드충전,PC,1,0,0,0,2,0,0,0,0
"파워링크",도쿄에서이코카카드충전,모바일,1,0,0,0,2,0,0,0,0
"파워링크",도쿄여행교통카드,PC,1,0,0,0,2,0,0,0,0
"파워링크",도쿄여행교통카드,모바일,5,0,0,0,2,0,0,0,0
"파워링크",도쿄이코카보증금,모바일,2,0,0,0,1,0,0,0,0
"파워링크",도쿄이코카사용,모바일,2,0,0,0,1,0,0,0,0
"파워링크",도쿄이코카카드사용,모바일,1,0,0,0,1,0,0,0,0
"파워링크",도쿄일본교통카드,PC,1,0,0,0,3,0,0,0,0
"파워링크",도쿄일본교통카드,모바일,1,0,0,0,3,0,0,0,0
"파워링크",도쿄일본교통카드구매,모바일,1,0,0,0,2,0,0,0,0
"파워링크",도쿄지하철패스,PC,181,0,0,0,8.5,0,0,0,0
"파워링크",도쿄지하철패스,모바일,19,0,0,0,3.2,0,0,0,0
"파워링크",도쿄핸드폰교통카드,모바일,1,0,0,0,3,0,0,0,0
"파워링크",돗토리여행,PC,2,0,0,0,11,0,0,0,0
"파워링크",돗토리여행,모바일,3,0,0,0,8.7,0,0,0,0
"파워링크",동경이코카카드,모바일,1,0,0,0,1,0,0,0,0
"파워링크",루이비통가방프랑스,모바일,1,0,0,0,2,0,0,0,0
"파워링크",루이비통선글라스,모바일,14,0,0,0,3.9,0,0,0,0
"파워링크",루이비통쇼핑백,모바일,1,0,0,0,4,0,0,0,0
"파워링크",루이비통썬글라스,모바일,1,0,0,0,3,0,0,0,0
"파워링크",면세이코카카드,모바일,1,0,0,0,1,0,0,0,0
"파워링크",명품가방브랜드,모바일,3,0,0,0,11.7,0,0,0,0
"파워링크",명품가방순위,모바일,24,0,0,0,3.9,0,0,0,0
"파워링크",명품백순위,모바일,34,0,0,0,4.1,0,0,0,0
"파워링크",명품사입,모바일,2,0,0,0,4,0,0,0,0
"파워링크",명품순위.고야드,모바일,1,0,0,0,1,0,0,0,0
"파워링크",명품직수입,모바일,1,0,0,0,6,0,0,0,0
"파워링크",산큐패스,PC,32,0,0,0,9.8,0,0,0,0
"파워링크",쇼핑백가격,PC,1,0,0,0,41,0,0,0,0
"파워링크",스이카,PC,"3,672",2,77,154,2.1,1,0,0,0
"파워링크",스이카,모바일,"1,700",6,77,462,2.2,2,17.67,0,0
"파워링크",스이카교통카드,PC,11,0,0,0,3,0,0,0,0
"파워링크",스이카교통카드,모바일,29,1,77,77,3,1,0,0,0
"파워링크",스이카버스카드,모바일,1,0,0,0,3,0,0,0,0
"파워링크",스이카카드,PC,145,3,77,231,2.1,2,8,0,0
"파워링크",스이카카드,모바일,822,18,79,"1,430",2.6,1.24,8.67,0,0
"파워링크",스이카카드구매,PC,23,0,0,0,2.5,0,0,0,0
"파워링크",스이카카드구매,모바일,109,0,0,0,2.7,0,0,0,0
"파워링크",스카이교통카드일본전국,PC,1,0,0,0,1,0,0,0,0
"파워링크",스카이라이너,PC,240,0,0,0,12.9,0,0,0,0
"파워링크",스카이라이너,모바일,12,0,0,0,8.9,0,0,0,0
"파워링크",애플지갑일본도쿄교통카드,모바일,1,0,0,0,3,0,0,0,0
"파워링크",애플페이일본교통카드편의점,모바일,1,0,0,0,2,0,0,0,0
"파워링크",여자고야드가방,PC,1,0,0,0,2,0,0,0,0
"파워링크",여자고야드가방,모바일,24,0,0,0,2.3,0,0,0,0
"파워링크",여자일본카드지갑,PC,1,0,0,0,2,0,0,0,0
"파워링크",오사카E패스,모바일,1,0,0,0,4,0,0,0,0
"파워링크",오사카IC카드로후쿠오카,모바일,1,0,0,0,1,0,0,0,0
"파워링크",오사카공항이코카카드,PC,2,0,0,0,1,0,0,0,0
"파워링크",오사카공항이코카카드,모바일,12,0,0,0,1,0,0,0,0
"파워링크",오사카공항이코카카드사용,모바일,1,0,0,0,1,0,0,0,0
"파워링크",오사카교토이코카카드3박4일,PC,1,0,0,0,1,0,0,0,0
"파워링크",오사카교통카드이코카,모바일,2,0,0,0,3,0,0,0,0
"파워링크",오사카교통카드하야카켄,PC,1,0,0,0,2,0,0,0,0
"파워링크",오사카도쿄여행,PC,3,0,0,0,10.7,0,0,0,0
"파워링크",오사카버스카드충전,모바일,1,0,0,0,3,0,0,0,0
"파워링크",오사카사쿠라가와이코카,모바일,2,0,0,0,1,0,0,0,0
"파워링크",오사카애플지갑교통카드일본에서충전,모바일,1,0,0,0,2,0,0,0,0
"파워링크",오사카에서이코카카드구매,모바일,1,0,0,0,2,0,0,0,0
"파워링크",오사카여행자교통카드구매,모바일,1,0,0,0,3,0,0,0,0
"파워링크",오사카원데이패스,PC,5,0,0,0,3.8,0,0,0,0
"파워링크",오사카원데이패스,모바일,39,1,77,77,3.7,1,0,0,0
"파워링크",오사카유니버셜스튜디오,PC,1,0,0,0,20,0,0,0,0
"파워링크",오사카유니버셜스튜디오,모바일,1,0,0,0,18,0,0,0,0
"파워링크",오사카유니버셜스튜디오입장권,모바일,6,0,0,0,11,0,0,0,0
"파워링크",오사카유니버셜이코카카드,PC,1,0,0,0,1,0,0,0,0
"파워링크",오사카이코카,PC,16,1,77,77,1.6,2,18,0,0
"파워링크",오사카이코카,모바일,84,0,0,0,1.2,0,0,0,0
"파워링크",오사카이코카교통카드,PC,2,0,0,0,1.5,0,0,0,0
"파워링크",오사카이코카교통카드,모바일,4,0,0,0,2,0,0,0,0
"파워링크",오사카이코카사용,모바일,1,0,0,0,1,0,0,0,0
"파워링크",오사카이코카충전,모바일,1,0,0,0,1,0,0,0,0
"파워링크",오사카이코카카드공항,모바일,4,0,0,0,1,0,0,0,0
"파워링크",오사카이코카카드구매점,모바일,1,0,0,0,1,0,0,0,0
"파워링크",오사카이코카카드나라,PC,1,0,0,0,1,0,0,0,0
"파워링크",오사카이코카카드보증금,모바일,1,0,0,0,1,0,0,0,0
"파워링크",오사카이코카카드사용,PC,2,0,0,0,1,0,0,0,0
"파워링크",오사카이코카카드사용,모바일,1,0,0,0,1,0,0,0,0
"파워링크",오사카이코카카드소아,모바일,1,0,0,0,1,0,0,0,0
"파워링크",오사카이코카카드없이여행,PC,1,0,0,0,1,0,0,0,0
"파워링크",오사카이코카카드종류,모바일,2,0,0,0,1,0,0,0,0
"파워링크",오사카이코카카드판매,모바일,1,0,0,0,3,0,0,0,0
"파워링크",오사카이패스,PC,20,0,0,0,5.6,0,0,0,0
"파워링크",오사카이패스,모바일,1,0,0,0,4,0,0,0,0
"파워링크",오사카일본스벅이코카카드,모바일,1,0,0,0,3,0,0,0,0
"파워링크",오사카전철이코카카드,모바일,1,0,0,0,1,0,0,0,0
"파워링크",오사카택시이코카카드,PC,1,0,0,0,1,0,0,0,0
"파워링크",오사카패키지,PC,69,0,0,0,32.6,0,0,0,0
"파워링크",오사카편의점이코카카드,모바일,1,0,0,0,1,0,0,0,0
"파워링크",오키나와,모바일,3,0,0,0,26.7,0,0,0,0
"파워링크",오키나와이코카카드,PC,1,0,0,0,1,0,0,0,0
"파워링크",오키나와이코카카드,모바일,1,0,0,0,1,0,0,0,0
"파워링크",유니버셜스튜디오오사카,모바일,2,0,0,0,5,0,0,0,0
"파워링크",유니버셜스튜디오재팬,PC,3,0,0,0,24,0,0,0,0
"파워링크",유니버셜스튜디오재팬,모바일,13,1,77,77,14.8,1,0,0,0
"파워링크",유니버셜스튜디오재팬입장권,모바일,34,0,0,0,13.6,0,0,0,0
"파워링크",유니버셜오사카입장권,모바일,5,0,0,0,4.6,0,0,0,0
"파워링크",유럽구매대행,PC,1,0,0,0,35,0,0,0,0
"파워링크",유럽명품구매대행,모바일,1,0,0,0,4,0,0,0,0
"파워링크",이고야드가방,모바일,1,1,77,77,1,1,0,0,0
"파워링크",이코카,모바일,1,0,0,0,1,0,0,0,0
"파워링크",이코카IC카드발급,모바일,1,0,0,0,2,0,0,0,0
"파워링크",이코카교통사용,모바일,1,0,0,0,1,0,0,0,0
"파워링크",이코카교통카드,PC,7,0,0,0,3.7,0,0,0,0
"파워링크",이코카교통카드,모바일,28,1,77,77,3.8,1.5,24.5,0,0
"파워링크",이코카교통카드간사이,모바일,1,0,0,0,1,0,0,0,0
"파워링크",이코카교통카드간사이공항,모바일,1,0,0,0,1,0,0,0,0
"파워링크",이코카교통카드도쿄에서사용가능한가요,모바일,1,0,0,0,2,0,0,0,0
"파워링크",이코카교통카드사용,모바일,1,0,0,0,1,0,0,0,0
"파워링크",이코카교통카드후쿠오카,모바일,1,0,0,0,2,0,0,0,0
"파워링크",이코카구매오사카,모바일,1,0,0,0,1,0,0,0,0
"파워링크",이코카국내구매,모바일,1,0,0,0,1,0,0,0,0
"파워링크",이코카도쿄사용,모바일,1,0,0,0,1,0,0,0,0
"파워링크",이코카사용내역,모바일,1,0,0,0,1,0,0,0,0
"파워링크",이코카사용법,모바일,1,0,0,0,1,0,0,0,0
"파워링크",이코카사용중지,모바일,1,0,0,0,1,0,0,0,0
"파워링크",이코카오사카구매,모바일,1,0,0,0,1,0,0,0,0
"파워링크",이코카일본,모바일,1,0,0,0,2,0,0,0,0
"파워링크",이코카일본구매,모바일,1,0,0,0,1,0,0,0,0
"파워링크",이코카일본사용,모바일,2,0,0,0,1,0,0,0,0
"파워링크",이코카전국,PC,1,0,0,0,1,0,0,0,0
"파워링크",이코카전국사용,모바일,1,0,0,0,1,0,0,0,0
"파워링크",이코카충전카드,PC,1,0,0,0,1,0,0,0,0
"파워링크",이코카충전카드,모바일,8,0,0,0,1,0,0,0,0
"파워링크",이코카카드3천에,모바일,1,0,0,0,1,0,0,0,0
"파워링크",이코카카드500엔,모바일,2,0,0,0,1,0,0,0,0
"파워링크",이코카카드ATM,모바일,1,0,0,0,2,0,0,0,0
"파워링크",이코카카드간사이,PC,1,0,0,0,1,0,0,0,0
"파워링크",이코카카드간사이,모바일,7,0,0,0,1,0,0,0,0
"파워링크",이코카카드간사이공항면세점,모바일,1,0,0,0,1,0,0,0,0
"파워링크",이코카카드경비,모바일,1,0,0,0,1,0,0,0,0
"파워링크",이코카카드교토사용,PC,2,0,0,0,1,0,0,0,0
"파워링크",이코카카드교토사용,모바일,2,0,0,0,1,0,0,0,0
"파워링크",이코카카드교토사용가능,모바일,2,0,0,0,1,0,0,0,0
"파워링크",이코카카드교토에서사용가능,모바일,1,0,0,0,1,0,0,0,0
"파워링크",이코카카드교통사용,모바일,1,0,0,0,1,0,0,0,0
"파워링크",이코카카드구매\,PC,1,0,0,0,1,0,0,0,0
"파워링크",이코카카드구매간사이,모바일,1,0,0,0,1,0,0,0,0
"파워링크",이코카카드구매쉽게,모바일,1,0,0,0,1,0,0,0,0
"파워링크",이코카카드구매오사카,모바일,1,0,0,0,1,0,0,0,0
"파워링크",이코카카드구매카드로,모바일,1,0,0,0,2,0,0,0,0
"파워링크",이코카카드국내교통,PC,1,0,0,0,1,0,0,0,0
"파워링크",이코카카드금액충전,모바일,1,0,0,0,1,0,0,0,0
"파워링크",이코카카드기한,PC,1,0,0,0,2,0,0,0,0
"파워링크",이코카카드기한,모바일,1,0,0,0,2,0,0,0,0
"파워링크",이코카카드난바에서나라,모바일,1,0,0,0,1,0,0,0,0
"파워링크",이코카카드는오사카,모바일,1,0,0,0,2,0,0,0,0
"파워링크",이코카카드는일본,모바일,1,0,0,0,3,0,0,0,0
"파워링크",이코카카드다인,모바일,1,0,0,0,1,0,0,0,0
"파워링크",이코카카드도쿄JR,모바일,1,0,0,0,1,0,0,0,0
"파워링크",이코카카드도쿄교통카드,모바일,1,0,0,0,2,0,0,0,0
"파워링크",이코카카드도쿄사용,PC,1,0,0,0,1,0,0,0,0
"파워링크",이코카카드도쿄사용,모바일,1,0,0,0,1,0,0,0,0
"파워링크",이코카카드도쿄서사용가능?,PC,1,0,0,0,2,0,0,0,0
"파워링크",이코카카드도쿄에서사용,모바일,1,0,0,0,2,0,0,0,0
"파워링크",이코카카드도쿄에서충전,모바일,2,0,0,0,2,0,0,0,0
"파워링크",이코카카드로,모바일,1,0,0,0,1,0,0,0,0
"파워링크",이코카카드로간사이공항,모바일,1,0,0,0,1,0,0,0,0
"파워링크",이코카카드로안되는교통,PC,1,0,0,0,1,0,0,0,0
"파워링크",이코카카드로오사카,모바일,1,0,0,0,2,0,0,0,0
"파워링크",이코카카드로충전가능,모바일,1,0,0,0,2,0,0,0,0
"파워링크",이코카카드버스사용,모바일,2,0,0,0,1,0,0,0,0
"파워링크",이코카카드사용,모바일,9,0,0,0,1,0,0,0,0
"파워링크",이코카카드사용가능,모바일,2,0,0,0,1,0,0,0,0
"파워링크",이코카카드사용인원,모바일,1,0,0,0,1,0,0,0,0
"파워링크",이코카카드양도,모바일,2,0,0,0,2,0,0,0,0
"파워링크",이코카카드연령,모바일,1,0,0,0,2,0,0,0,0
"파워링크",이코카카드오사카,PC,2,0,0,0,2,0,0,0,0
"파워링크",이코카카드오사카,모바일,17,0,0,0,1.9,0,0,0,0
"파워링크",이코카카드오사카구매,모바일,2,0,0,0,1,0,0,0,0
"파워링크",이코카카드오사카발급하는곳공항,모바일,1,0,0,0,1,0,0,0,0
"파워링크",이코카카드오사카사용법,모바일,1,0,0,0,2,0,0,0,0
"파워링크",이코카카드오사카에서교토,모바일,1,0,0,0,1,0,0,0,0
"파워링크",이코카카드오사카택시,모바일,1,0,0,0,1,0,0,0,0
"파워링크",이코카카드우버,모바일,1,0,0,0,1,0,0,0,0
"파워링크",이코카카드유니버셜가기,모바일,1,0,0,0,1,0,0,0,0
"파워링크",이코카카드인출,모바일,1,0,0,0,1,0,0,0,0
"파워링크",이코카카드일본,모바일,2,0,0,0,2.5,0,0,0,0
"파워링크",이코카카드일본에서발급,모바일,1,0,0,0,1,0,0,0,0
"파워링크",이코카카드일본지역,모바일,2,0,0,0,1,0,0,0,0
"파워링크",이코카카드있는경우오사카,모바일,1,0,0,0,1,0,0,0,0
"파워링크",이코카카드잔액확인,모바일,1,0,0,0,1,0,0,0,0
"파워링크",이코카카드장단점,모바일,1,0,0,0,2,0,0,0,0
"파워링크",이코카카드재사용,모바일,3,0,0,0,1.7,0,0,0,0
"파워링크",이코카카드전철,모바일,1,0,0,0,1,0,0,0,0
"파워링크",이코카카드중단,모바일,1,0,0,0,2,0,0,0,0
"파워링크",이코카카드출금,모바일,3,0,0,0,1,0,0,0,0
"파워링크",이코카카드충전오사카,모바일,1,0,0,0,1,0,0,0,0
"파워링크",이코카카드충전카드로,모바일,1,0,0,0,2,0,0,0,0
"파워링크",이코카카드한도,모바일,1,0,0,0,2,0,0,0,0
"파워링크",이코카카드합성,모바일,1,0,0,0,2,0,0,0,0
"파워링크",이코카카드환전,모바일,2,0,0,0,1,0,0,0,0
"파워링크",일본,PC,9,0,0,0,5.2,0,0,0,0
"파워링크",일본,모바일,3,0,0,0,21,0,0,0,0
"파워링크",일본.면세품.구입후출국전사용,모바일,1,0,0,0,1,0,0,0,0
"파워링크",일본2박3일교통카드충전,PC,1,0,0,0,1,0,0,0,0
"파워링크",일본2박3일교통카드충전,모바일,1,0,0,0,1,0,0,0,0
"파워링크",일본3박4일교통카드,모바일,1,0,0,0,1,0,0,0,0
"파워링크",일본3박4일자유여행,모바일,2,0,0,0,12,0,0,0,0
"파워링크",일본ICOCA교통카드,모바일,2,0,0,0,2,0,0,0,0
"파워링크",일본ICOCA교통카드환불,모바일,2,0,0,0,1,0,0,0,0
"파워링크",일본ICOCA환불,모바일,2,0,0,0,1,0,0,0,0
"파워링크",일본IC교통카드,모바일,2,1,77,77,2,1,0,0,0
"파워링크",일본IC카드버스지하철,모바일,2,0,0,0,2,0,0,0,0
"파워링크",일본IC카드보증금,모바일,1,0,0,0,1,0,0,0,0
"파워링크",일본IC카드지하철버스,PC,1,0,0,0,2,0,0,0,0
"파워링크",일본IC카드카드충전,모바일,1,0,0,0,1,0,0,0,0
"파워링크",일본IC카드편의점,모바일,1,0,0,0,2,0,0,0,0
"파워링크",일본JR카드,PC,1,0,0,0,2,0,0,0,0
"파워링크",일본JR카드,모바일,1,0,0,0,1,0,0,0,0
"파워링크",일본JR패스교통카드,PC,1,0,0,0,2,0,0,0,0
"파워링크",일본가기전교통카드,모바일,1,0,0,0,1,0,0,0,0
"파워링크",일본가족여행경비,PC,2,0,0,0,3,0,0,0,0
"파워링크",일본가족여행경비,모바일,1,0,0,0,3,0,0,0,0
"파워링크",일본간사이공항면세점추천템,모바일,1,0,0,0,1,0,0,0,0
"파워링크",일본간사이이코카카드,PC,1,0,0,0,1,0,0,0,0
"파워링크",일본간사이이코카카드,모바일,1,0,0,0,1,0,0,0,0
"파워링크",일본간사이지하철교통카드보증금받는곳,모바일,1,0,0,0,1,0,0,0,0
"파워링크",일본겨울온천여행,PC,7,0,0,0,4.4,0,0,0,0
"파워링크",일본겨울온천여행,모바일,137,2,72,143,2.1,1,0,0,0
"파워링크",일본경비,PC,6,0,0,0,2.2,0,0,0,0
"파워링크",일본경비,모바일,55,0,0,0,2.3,0,0,0,0
"파워링크",일본골프자유여행,PC,1,0,0,0,9,0,0,0,0
"파워링크",일본공항면세점,PC,9,0,0,0,4.4,0,0,0,0
"파워링크",일본공항면세점,모바일,34,0,0,0,2.4,0,0,0,0
"파워링크",일본공항면세점이코카,모바일,1,0,0,0,1,0,0,0,0
"파워링크",일본관광명소,모바일,1,0,0,0,2,0,0,0,0
"파워링크",일본관광지도,PC,9,0,0,0,6.8,0,0,0,0
"파워링크",일본교토교통카드보증금,모바일,1,0,0,0,1,0,0,0,0
"파워링크",일본교통IC구매,모바일,1,0,0,0,1,0,0,0,0
"파워링크",일본교통IC카드,모바일,1,0,0,0,2,0,0,0,0
"파워링크",일본교통IC카드백화점결제,모바일,1,0,0,0,1,0,0,0,0
"파워링크",일본교통신용카드,모바일,1,0,0,0,3,0,0,0,0
"파워링크",일본교통충전카드,모바일,1,1,77,77,2,1,0,0,0
"파워링크",일본교통카드,PC,295,3,356,"1,067",3.5,1.33,5.17,0,0
"파워링크",일본교통카드,모바일,"1,041",16,410,"6,567",4,1.18,3.59,0,0
"파워링크",일본교통카드.ㄷ,모바일,1,0,0,0,1,0,0,0,0
"파워링크",일본교통카드.충전,모바일,2,0,0,0,2,1,0,0,0
"파워링크",일본교통카드.편의점.충전,모바일,1,0,0,0,2,0,0,0,0
"파워링크",일본교통카드1일권발급,모바일,1,0,0,0,1,0,0,0,0
"파워링크",일본교통카드500엔충전,모바일,1,0,0,0,1,0,0,0,0
"파워링크",일본교통카드가격,모바일,2,0,0,0,1,0,0,0,0
"파워링크",일본교통카드결제,모바일,2,0,0,0,2,0,0,0,0
"파워링크",일본교통카드공항,모바일,3,0,0,0,3,0,0,0,0
"파워링크",일본교통카드공항후쿠오카,모바일,1,0,0,0,2,0,0,0,0
"파워링크",일본교통카드구매,PC,62,0,0,0,3.2,0,0,0,0
"파워링크",일본교통카드구매,모바일,182,0,0,0,2.5,0,0,0,0
"파워링크",일본교통카드구매국내발송,모바일,1,0,0,0,1,0,0,0,0
"파워링크",일본교통카드구매난바,모바일,2,0,0,0,2,0,0,0,0
"파워링크",일본교통카드구매법,모바일,1,0,0,0,2,0,0,0,0
"파워링크",일본교통카드구매이코카,모바일,1,0,0,0,3,0,0,0,0
"파워링크",일본교통카드구매후쿠오카,모바일,1,0,0,0,3,0,0,0,0
"파워링크",일본교통카드국내구매,모바일,1,0,0,0,2,0,0,0,0
"파워링크",일본교통카드국내카드,PC,1,0,0,0,2,0,0,0,0
"파워링크",일본교통카드금액,모바일,1,0,0,0,1,0,0,0,0
"파워링크",일본교통카드로사용가능한카드,모바일,1,0,0,0,2,0,0,0,0
"파워링크",일본교통카드마스터카드,모바일,1,0,0,0,2,0,0,0,0
"파워링크",일본교통카드만들기,모바일,6,0,0,0,2,0,0,0,0
"파워링크",일본교통카드면세점사용가능한가,모바일,1,0,0,0,2,0,0,0,0
"파워링크",일본교통카드발급,PC,3,0,0,0,3,0,0,0,0
"파워링크",일본교통카드발급,모바일,6,0,0,0,2.7,0,0,0,0
"파워링크",일본교통카드발급받기,PC,1,0,0,0,1,0,0,0,0
"파워링크",일본교통카드발급후쿠오카,모바일,1,0,0,0,2,0,0,0,0
"파워링크",일본교통카드보증금,모바일,6,1,77,77,1,1,0,0,0
"파워링크",일본교통카드보증금반환,모바일,1,0,0,0,1,0,0,0,0
"파워링크",일본교통카드보증금이코카환불,모바일,1,0,0,0,1,0,0,0,0
"파워링크",일본교통카드보증금환불,모바일,1,0,0,0,1,0,0,0,0
"파워링크",일본교통카드사는방법,모바일,1,0,0,0,2,0,0,0,0
"파워링크",일본교통카드사용,모바일,2,0,0,0,2,0,0,0,0
"파워링크",일본교통카드사용지역,모바일,1,1,77,77,2,0,0,0,0
"파워링크",일본교통카드쇼핑,모바일,1,0,0,0,3,0,0,0,0
"파워링크",일본교통카드신용카드,PC,1,0,0,0,2,0,0,0,0
"파워링크",일본교통카드애플페이,PC,3,0,0,0,2,0,0,0,0
"파워링크",일본교통카드애플페이,모바일,7,0,0,0,1.9,0,0,0,0
"파워링크",일본교통카드애플페이후쿠오카,모바일,1,0,0,0,3,0,0,0,0
"파워링크",일본교통카드얼마,모바일,1,0,0,0,1,0,0,0,0
"파워링크",일본교통카드오사카발급,모바일,1,0,0,0,2,0,0,0,0
"파워링크",일본교통카드이코카,PC,1,0,0,0,1,0,0,0,0
"파워링크",일본교통카드이코카,모바일,7,0,0,0,2,0,0,0,0
"파워링크",일본교통카드이코카구매,모바일,1,0,0,0,3,0,0,0,0
"파워링크",일본교통카드이코카카드안사도애플페이,모바일,1,0,0,0,1,0,0,0,0
"파워링크",일본교통카드지갑,모바일,1,0,0,0,2,0,0,0,0
"파워링크",일본교통카드지하철충전,모바일,1,0,0,0,2,0,0,0,0
"파워링크",일본교통카드충전,PC,5,0,0,0,2,0,0,0,0
"파워링크",일본교통카드충전,모바일,90,1,77,77,2,0,0,0,0
"파워링크",일본교통카드충전100엔,모바일,1,0,0,0,1,0,0,0,0
"파워링크",일본교통카드충전구매,모바일,1,0,0,0,1,0,0,0,0
"파워링크",일본교통카드충전신용카드,모바일,3,0,0,0,2,0,0,0,0
"파워링크",일본교통카드충전얼마,모바일,1,0,0,0,1,0,0,0,0
"파워링크",일본교통카드충전카드,모바일,6,0,0,0,1,0,0,0,0
"파워링크",일본교통카드충전카드로,모바일,1,0,0,0,2,0,0,0,0
"파워링크",일본교통카드카드충전,모바일,4,0,0,0,2,0,0,0,0
"파워링크",일본교통카드판매,모바일,1,0,0,0,1,0,0,0,0
"파워링크",일본교통카드필수,모바일,1,0,0,0,2,0,0,0,0
"파워링크",일본교통카드핑크,모바일,1,0,0,0,1,0,0,0,0
"파워링크",일본교통카드한국에서사용,모바일,1,0,0,0,2,0,0,0,0
"파워링크",일본교통카드한정,모바일,1,0,0,0,2,0,0,0,0
"파워링크",일본교통카드핸드폰으로충전,모바일,1,0,0,0,3,0,0,0,0
"파워링크",일본교통카드현금,모바일,1,0,0,0,1,0,0,0,0
"파워링크",일본교통카드후불,모바일,1,0,0,0,2,0,0,0,0
"파워링크",일본교통카드후쿠오카,모바일,4,0,0,0,2.8,0,0,0,0
"파워링크",일본교통카드후쿠오카공항,모바일,1,0,0,0,2,0,0,0,0
"파워링크",일본교통패스카드종류후쿠오카,모바일,1,0,0,0,1,0,0,0,0
"파워링크",일본귀여운교통카드,모바일,2,0,0,0,2,0,0,0,0
"파워링크",일본귀여운카드지갑,모바일,1,0,0,0,3,0,0,0,0
"파워링크",일본기본교통카드,모바일,1,0,0,0,2,0,0,0,0
"파워링크",일본기차여행,PC,20,0,0,0,11.4,0,0,0,0
"파워링크",일본나라여행,모바일,6,0,0,0,3.3,0,0,0,0
"파워링크",일본닛코,PC,3,0,0,0,4.7,0,0,0,0
"파워링크",일본닛코,모바일,3,0,0,0,2.7,0,0,0,0
"파워링크",일본대중교통신용카드,PC,2,0,0,0,2,0,0,0,0
"파워링크",일본대중교통신용카드,모바일,2,0,0,0,2,0,0,0,0
"파워링크",일본도깨비여행,PC,11,0,0,0,5.1,0,0,0,0
"파워링크",일본도깨비여행,모바일,4,0,0,0,5,0,0,0,0
"파워링크",일본도쿄IC카드,모바일,1,0,0,0,1,0,0,0,0
"파워링크",일본도쿄교통카드,PC,13,0,0,0,2.2,0,0,0,0
"파워링크",일본도쿄교통카드,모바일,47,1,77,77,2.5,0,0,0,0
"파워링크",일본도쿄교통카드구매공항,모바일,1,0,0,0,2,0,0,0,0
"파워링크",일본도쿄교통카드애플페이카드등록,모바일,2,0,0,0,3,0,0,0,0
"파워링크",일본도쿄교통카드환불,모바일,2,0,0,0,1,0,0,0,0
"파워링크",일본도쿄버스카드,PC,1,0,0,0,2,0,0,0,0
"파워링크",일본도쿄버스카드,모바일,2,0,0,0,2,0,0,0,0
"파워링크",일본도쿄스이카교통카드,PC,1,0,0,0,1,0,0,0,0
"파워링크",일본도쿄스이카교통카드보증금,PC,1,0,0,0,2,0,0,0,0
"파워링크",일본도쿄이코카카드,모바일,3,0,0,0,3,0,0,0,0
"파워링크",일본동경교통카드,모바일,2,0,0,0,1,0,0,0,0
"파워링크",일본료칸자유여행,PC,1,0,0,0,8,0,0,0,0
"파워링크",일본면세교통카드,모바일,1,0,0,0,1,0,0,0,0
"파워링크",일본면세점교통카드,모바일,2,0,0,0,1,0,0,0,0
"파워링크",일본면세점스이카카드사용,모바일,1,0,0,0,1,0,0,0,0
"파워링크",일본면세점이코카,모바일,1,0,0,0,1,0,0,0,0
"파워링크",일본면세점카드사용,모바일,1,0,0,0,1,0,0,0,0
"파워링크",일본면세품구매후공항,모바일,1,0,0,0,1,0,0,0,0
"파워링크",일본면세품일본에서사용,모바일,1,0,0,0,1,0,0,0,0
"파워링크",일본면세품일본에서선물,모바일,1,0,0,0,2,0,0,0,0
"파워링크",일본명품면세쇼핑,모바일,1,0,0,0,2,0,0,0,0
"파워링크",일본배낭여행,PC,8,0,0,0,5.8,0,0,0,0
"파워링크",일본버스IC카드,모바일,5,0,0,0,1.6,0,0,0,0
"파워링크",일본버스에서카드충전,모바일,1,0,0,0,3,0,0,0,0
"파워링크",일본버스카드결제,모바일,1,0,0,0,2,0,0,0,0
"파워링크",일본버스카드구매,모바일,2,0,0,0,2,0,0,0,0
"파워링크",일본버스카드구입,모바일,1,0,0,0,3,0,0,0,0
"파워링크",일본버스카드이코카카드,모바일,1,0,0,0,3,0,0,0,0
"파워링크",일본버스카드잔액,모바일,2,0,0,0,1,0,0,0,0
"파워링크",일본버스카드충전,모바일,8,0,0,0,2.1,0,0,0,0
"파워링크",일본버스카드충전보증금,모바일,1,0,0,0,1,0,0,0,0
"파워링크",일본버스카드편의점,모바일,1,0,0,0,2,0,0,0,0
"파워링크",일본버스카드환급,모바일,1,0,0,0,2,0,0,0,0
"파워링크",일본센다이교통카드구매,모바일,1,0,0,0,1,0,0,0,0
"파워링크",일본쇼핑면세카드,모바일,1,0,0,0,1,0,0,0,0
"파워링크",일본스이카교통카드,PC,1,0,0,0,1,0,0,0,0
"파워링크",일본스이카교통카드,모바일,2,0,0,0,1.5,0,0,0,0
"파워링크",일본스이카교통카드구매,모바일,1,0,0,0,1,0,0,0,0
"파워링크",일본스이카카드면세점사용가능한가,모바일,2,0,0,0,1,0,0,0,0
"파워링크",일본스이카카드미리구매,PC,1,0,0,0,1,0,0,0,0
"파워링크",일본시골여행,PC,66,0,0,0,2.7,0,0,0,0
"파워링크",일본시골여행,모바일,45,0,0,0,2.9,0,0,0,0
"파워링크",일본신용카드교통카드,PC,4,0,0,0,2,0,0,0,0
"파워링크",일본신용카드교통카드,모바일,1,0,0,0,3,0,0,0,0
"파워링크",일본애플페이교통카드2명전철,모바일,1,0,0,0,1,0,0,0,0
"파워링크",일본애플페이교통카드도쿄,모바일,1,0,0,0,3,0,0,0,0
"파워링크",일본에서교통카드블로그,PC,1,0,0,0,1,0,0,0,0
"파워링크",일본에서교통카드사용하기,모바일,1,1,77,77,2,0,0,0,0
"파워링크",일본에서사용카드,모바일,1,0,0,0,1,0,0,0,0
"파워링크",일본에서이코카카드,모바일,1,0,0,0,1,0,0,0,0
"파워링크",일본에서일본면세,모바일,1,0,0,0,1,0,0,0,0
"파워링크",일본에서카드면세,모바일,1,0,0,0,3,0,0,0,0
"파워링크",일본에어텔,PC,2,0,0,0,14.5,0,0,0,0
"파워링크",일본여행,모바일,1,0,0,0,59,0,0,0,0
"파워링크",일본여행3박4일,PC,1,0,0,0,24,0,0,0,0
"파워링크",일본여행3박4일이코카,모바일,1,0,0,0,1,0,0,0,0
"파워링크",일본여행IC교통카드,모바일,1,0,0,0,2,0,0,0,0
"파워링크",일본여행가격,PC,1,0,0,0,16,0,0,0,0
"파워링크",일본여행갈때교통카드,모바일,1,0,0,0,1,0,0,0,0
"파워링크",일본여행땡처리,PC,2,0,0,0,12.5,0,0,0,0
"파워링크",일본여행사,PC,3,0,0,0,10,0,0,0,0
"파워링크",일본여행사,모바일,1,0,0,0,18,0,0,0,0
"파워링크",일본여행이코카교통카드,모바일,1,0,0,0,2,0,0,0,0
"파워링크",일본여행이코카카드,모바일,1,0,0,0,2,0,0,0,0
"파워링크",일본여행자교통카드,PC,1,0,0,0,1,0,0,0,0
"파워링크",일본여행지도,PC,9,0,0,0,4.8,0,0,0,0
"파워링크",일본여행지추천,모바일,1,0,0,0,14,0,0,0,0
"파워링크",일본여행특가,PC,1,0,0,0,15,0,0,0,0
"파워링크",일본오사카IC카드,모바일,1,0,0,0,3,0,0,0,0
"파워링크",일본오사카교토이코카카드,모바일,1,0,0,0,1,0,0,0,0
"파워링크",일본오사카교통카드,PC,16,0,0,0,3.5,0,0,0,0
"파워링크",일본오사카교통카드,모바일,22,0,0,0,4,0,0,0,0
"파워링크",일본오사카교통카드구매방법,모바일,1,0,0,0,2,0,0,0,0
"파워링크",일본오사카교통카드스이카,모바일,1,0,0,0,1,0,0,0,0
"파워링크",일본오사카교통카드스이카가격,모바일,1,0,0,0,2,0,0,0,0
"파워링크",일본오사카교통카드이코카,모바일,1,0,0,0,3,0,0,0,0
"파워링크",일본오사카교통카드택시,모바일,2,0,0,0,1,0,0,0,0
"파워링크",일본오사카교통패스교통카드,모바일,1,0,0,0,3,0,0,0,0
"파워링크",일본오사카이코카\,PC,1,0,0,0,2,0,0,0,0
"파워링크",일본오사카이코카교통카드,PC,1,0,0,0,2,0,0,0,0
"파워링크",일본오사카이코카교통카드,모바일,1,0,0,0,3,0,0,0,0
"파워링크",일본오사카이코카카드,모바일,3,0,0,0,1.3,0,0,0,0
"파워링크",일본오사카카드,모바일,7,0,0,0,3,0,0,0,0
"파워링크",일본오키나와교통카드,모바일,2,0,0,0,1,0,0,0,0
"파워링크",일본온천여행지,PC,5,0,0,0,5.6,0,0,0,0
"파워링크",일본온천여행지,모바일,9,0,0,0,2.1,0,0,0,0
"파워링크",일본요나고여행,PC,12,0,0,0,3.1,0,0,0,0
"파워링크",일본요나고여행,모바일,3,0,0,0,2.3,0,0,0,0
"파워링크",일본운동화,PC,1,0,0,0,9,0,0,0,0
"파워링크",일본유니버셜교통카드구매,모바일,1,0,0,0,1,0,0,0,0
"파워링크",일본이코카500엔충전,모바일,1,0,0,0,1,0,0,0,0
"파워링크",일본이코카교통카드,PC,1,0,0,0,2,0,0,0,0
"파워링크",일본이코카교통카드,모바일,6,0,0,0,2.7,0,0,0,0
"파워링크",일본이코카교통카드잔액반환,모바일,1,0,0,0,1,0,0,0,0
"파워링크",일본이코카교통카드충전,모바일,1,0,0,0,1,0,0,0,0
"파워링크",일본이코카교통카드환불,모바일,1,0,0,0,1,0,0,0,0
"파워링크",일본이코카금액,모바일,1,0,0,0,1,0,0,0,0
"파워링크",일본이코카보증금,모바일,2,0,0,0,1,0,0,0,0
"파워링크",일본이코카충전,모바일,7,0,0,0,1.9,0,0,0,0
"파워링크",일본이코카충전카드,모바일,1,0,0,0,1,0,0,0,0
"파워링크",일본이코카카드JR,PC,1,0,0,0,1,0,0,0,0
"파워링크",일본이코카카드가격,모바일,2,0,0,0,2,0,0,0,0
"파워링크",일본이코카카드공항에서,모바일,1,0,0,0,1,0,0,0,0
"파워링크",일본이코카카드공항에서사용,모바일,1,0,0,0,1,0,0,0,0
"파워링크",일본이코카카드기간,모바일,2,0,0,0,1,0,0,0,0
"파워링크",일본이코카카드도쿄,모바일,1,0,0,0,2,0,0,0,0
"파워링크",일본이코카카드만들기,PC,1,0,0,0,1,0,0,0,0
"파워링크",일본이코카카드사용,모바일,1,0,0,0,1,0,0,0,0
"파워링크",일본이코카카드잔액,모바일,1,0,0,0,1,0,0,0,0
"파워링크",일본이코카카드지하철,PC,1,0,0,0,1,0,0,0,0
"파워링크",일본이코카카드지하철패스,모바일,1,0,0,0,1,0,0,0,0
"파워링크",일본이코카카드충전,모바일,6,0,0,0,1,0,0,0,0
"파워링크",일본이코카카드카드구매,모바일,2,0,0,0,2,0,0,0,0
"파워링크",일본이코카카드패스,모바일,1,0,0,0,1,0,0,0,0
"파워링크",일본이코카카드편의점,모바일,3,0,0,0,1,0,0,0,0
"파워링크",일본이코카카드편의점구매,모바일,1,0,0,0,1,0,0,0,0
"파워링크",일본이코카카드할인,모바일,1,1,77,77,3,1,0,0,0
"파워링크",일본이코카카드후쿠오카,모바일,1,0,0,0,3,0,0,0,0
"파워링크",일본이코카카드후쿠오카사용,모바일,1,0,0,0,2,0,0,0,0
"파워링크",일본이코카후쿠오카,PC,1,0,0,0,1,0,0,0,0
"파워링크",일본인이코카카드,모바일,1,0,0,0,1,0,0,0,0
"파워링크",일본일주,PC,4,0,0,0,3.3,0,0,0,0
"파워링크",일본일주일여행,모바일,13,0,0,0,2.2,0,0,0,0
"파워링크",일본자유여행교통카드,모바일,1,0,0,0,2,0,0,0,0
"파워링크",일본장기여행,PC,1,0,0,0,5,0,0,0,0
"파워링크",일본전국교통카드,모바일,3,0,0,0,1.3,0,0,0,0
"파워링크",일본전국교통카드충전,모바일,1,0,0,0,1,0,0,0,0
"파워링크",일본전역교통카드구매,PC,1,0,0,0,2,0,0,0,0
"파워링크",일본전철,PC,2,0,0,0,2,0,0,0,0
"파워링크",일본전철,모바일,17,1,77,77,2,1,0,0,0
"파워링크",일본전철카드사용,모바일,1,0,0,0,3,0,0,0,0
"파워링크",일본지하철IC카드,모바일,3,0,0,0,2.3,0,0,0,0
"파워링크",일본지하철교통카드스이카,PC,1,0,0,0,1,0,0,0,0
"파워링크",일본지하철신용카드교통패스,모바일,1,0,0,0,3,0,0,0,0
"파워링크",일본지하철애플페이교통카드없이,모바일,1,0,0,0,2,0,0,0,0
"파워링크",일본지하철애플페이교통카드충전,모바일,1,0,0,0,2,0,0,0,0
"파워링크",일본지하철카드가능한카드,모바일,1,0,0,0,3,0,0,0,0
"파워링크",일본지하철카드충전카드,모바일,1,0,0,0,2,0,0,0,0
"파워링크",일본지하철카드충전편의점500엔,모바일,1,0,0,0,1,0,0,0,0
"파워링크",일본직불카드,모바일,3,0,0,0,1,0,0,0,0
"파워링크",일본출국면세품을구매했습니다,모바일,1,0,0,0,2,0,0,0,0
"파워링크",일본충전카드,모바일,3,0,0,0,2.3,0,0,0,0
"파워링크",일본카드충전,모바일,2,0,0,0,2.5,0,0,0,0
"파워링크",일본택시IC카드,모바일,1,0,0,0,1,0,0,0,0
"파워링크",일본택시비신용카드,모바일,1,0,0,0,1,0,0,0,0
"파워링크",일본티머니,모바일,4,0,0,0,1,0,0,0,0
"파워링크",일본편의점IC카드충전,PC,1,0,0,0,2,0,0,0,0
"파워링크",일본편의점IC카드충전,모바일,1,0,0,0,1,0,0,0,0
"파워링크",일본편의점교통카드500엔,모바일,1,0,0,0,1,0,0,0,0
"파워링크",일본편의점버스카드충전,모바일,1,0,0,0,2,0,0,0,0
"파워링크",일본편의점에서교통카드충전,PC,1,0,0,0,2,0,0,0,0
"파워링크",일본편의점에서교통카드충전,모바일,1,0,0,0,3,0,0,0,0
"파워링크",일본편의점이코카,모바일,2,0,0,0,1,0,0,0,0
"파워링크",일본편의점이코카구매,모바일,1,0,0,0,1,0,0,0,0
"파워링크",일본편의점이코카카드,모바일,3,0,0,0,1,0,0,0,0
"파워링크",일본편의점후쿠오카교통카드충전,모바일,1,0,0,0,2,0,0,0,0
"파워링크",일본하야카켄,모바일,3,0,0,0,1,0,0,0,0
"파워링크",일본하야카켄교통카드,모바일,1,0,0,0,2,0,0,0,0
"파워링크",일본하야카켄오사카,모바일,1,0,0,0,1,0,0,0,0
"파워링크",일본하야카켄잔액,모바일,1,0,0,0,1,0,0,0,0
"파워링크",일본하야카켄충전,모바일,1,0,0,0,1,0,0,0,0
"파워링크",일본하야카켄카드충전,모바일,1,0,0,0,1,0,0,0,0
"파워링크",일본하카타교통카드,모바일,1,0,0,0,2,0,0,0,0
"파워링크",일본한국카드,PC,1,0,0,0,1,0,0,0,0
"파워링크",일본한달여행,PC,2,0,0,0,3,0,0,0,0
"파워링크",일본후쿠오카교통카드구매,PC,1,0,0,0,2,0,0,0,0
"파워링크",일본후쿠오카교통카드구매,모바일,1,0,0,0,2,0,0,0,0
"파워링크",일본후쿠오카교통카드발급,모바일,1,0,0,0,2,0,0,0,0
"파워링크",일본후쿠오카교통카드잔액,모바일,1,0,0,0,1,0,0,0,0
"파워링크",일본후쿠오카교통카드카드충전,모바일,1,0,0,0,2,0,0,0,0
"파워링크",일본후쿠오카교통패스구매방법,모바일,1,0,0,0,2,0,0,0,0
"파워링크",일본후쿠오카교통패스권사는법,모바일,1,0,0,0,2,0,0,0,0
"파워링크",일본후쿠오카이코카카드구매,모바일,1,0,0,0,1,0,0,0,0
"파워링크",일본후쿠오카이코카카드발급,모바일,1,0,0,0,2,0,0,0,0
"파워링크",일본후쿠오카지하철패스교통카드,모바일,1,0,0,0,3,0,0,0,0
"파워링크",일본후쿠오카카드,PC,1,0,0,0,1,0,0,0,0
"파워링크",일본후쿠오카카드,모바일,1,0,0,0,2,0,0,0,0
"파워링크",일본후쿠오카카드사용,모바일,2,0,0,0,2.5,0,0,0,0
"파워링크",전철이코카카드사용,모바일,1,1,77,77,1,1,0,0,0
"파워링크",지갑일본교통카드,모바일,1,0,0,0,3,0,0,0,0
"파워링크",큐슈교통카드,모바일,1,0,0,0,1,0,0,0,0
"파워링크",편의점일본교통카드구매,모바일,1,0,0,0,2,0,0,0,0
"파워링크",프랑스고야드,모바일,6,0,0,0,1,0,0,0,0
"파워링크",프랑스고야드지갑,모바일,1,0,0,0,3,0,0,0,0
"파워링크",프랑스여행고야드가방쇼핑,모바일,1,0,0,0,1,0,0,0,0
"파워링크",프랑스현지고야드가격,모바일,1,0,0,0,1,0,0,0,0
"파워링크",프리미엄쇼핑백,PC,1,0,0,0,18,0,0,0,0
"파워링크",하야카켄,PC,6,0,0,0,1,0,0,0,0
"파워링크",하야카켄,모바일,40,0,0,0,1,0,0,0,0
"파워링크",하야카켄교통카드,모바일,7,0,0,0,1,0,0,0,0
"파워링크",하야카켄교통카드구매,모바일,1,0,0,0,1,0,0,0,0
"파워링크",하야카켄교통카드오사카,모바일,2,0,0,0,2,0,0,0,0
"파워링크",하야카켄전국,모바일,2,0,0,0,1,0,0,0,0
"파워링크",하야카켄카드,PC,1,0,0,0,2,0,0,0,0
"파워링크",하야카켄카드,모바일,7,0,0,0,1.1,0,0,0,0
"파워링크",하야카켄카드발급,모바일,3,0,0,0,1,0,0,0,0
"파워링크",하야카켄카드발급방법후쿠오카공항,모바일,1,0,0,0,1,0,0,0,0
"파워링크",하야카켄카드버스,모바일,1,0,0,0,1,0,0,0,0
"파워링크",하야카켄카드충전,모바일,2,0,0,0,1,0,0,0,0
"파워링크",하야카켄카드환불후쿠오카,모바일,1,0,0,0,1,0,0,0,0
"파워링크",하야카켄후쿠오카,모바일,2,0,0,0,1,0,0,0,0
"파워링크",하카타교통카드충전,모바일,1,0,0,0,1,0,0,0,0
"파워링크",한국에서이코카카드충전,모바일,2,0,0,0,1,0,0,0,0
"파워링크",후쿠오카.교통카드,모바일,1,0,0,0,3,0,0,0,0
"파워링크",후쿠오카IC교통카드,PC,1,0,0,0,1,0,0,0,0
"파워링크",후쿠오카공항교통카드하야카켄잔액확인,PC,1,0,0,0,1,0,0,0,0
"파워링크",후쿠오카공항에서하야카켄교통카드환불,모바일,1,0,0,0,1,0,0,0,0
"파워링크",후쿠오카공항전철교통카드충전,모바일,1,0,0,0,2,0,0,0,0
"파워링크",후쿠오카공항전철역IC교통카드구매,PC,1,0,0,0,2,0,0,0,0
"파워링크",후쿠오카공항카드,모바일,4,0,0,0,3,0,0,0,0
"파워링크",후쿠오카공항하야카켄카드구매,모바일,1,0,0,0,1,0,0,0,0
"파워링크",후쿠오카교통카드JR,PC,1,0,0,0,1,0,0,0,0
"파워링크",후쿠오카교통카드구매,PC,16,0,0,0,2,0,0,0,0
"파워링크",후쿠오카교통카드구매,모바일,85,0,0,0,2,0,0,0,0
"파워링크",후쿠오카교통카드미리구매,모바일,1,0,0,0,1,0,0,0,0
"파워링크",후쿠오카교통카드보증금,PC,1,0,0,0,1,0,0,0,0
"파워링크",후쿠오카교통카드오키나와,모바일,1,0,0,0,1,0,0,0,0
"파워링크",후쿠오카교통카드충전,모바일,14,1,77,77,1,0,0,0,0
"파워링크",후쿠오카교통패스,PC,88,1,77,77,4.6,2,24,0,0
"파워링크",후쿠오카교통패스,모바일,92,0,0,0,4,0,0,0,0
"파워링크",후쿠오카버스교통카드충전,모바일,1,0,0,0,1,0,0,0,0
"파워링크",후쿠오카버스카드보증금,모바일,1,0,0,0,1,0,0,0,0
"파워링크",후쿠오카버스카드스이카,PC,1,0,0,0,2,0,0,0,0
"파워링크",후쿠오카버스카드충전,모바일,1,0,0,0,2,0,0,0,0
"파워링크",후쿠오카버스카드판매,모바일,1,0,0,0,2,0,0,0,0
"파워링크",후쿠오카버스카드편의점,모바일,2,0,0,0,2,0,0,0,0
"파워링크",후쿠오카버스카드환불,모바일,1,0,0,0,1,0,0,0,0
"파워링크",후쿠오카사용교통카드,모바일,1,0,0,0,2,0,0,0,0
"파워링크",후쿠오카이코카카드환불,모바일,1,0,0,0,1,0,0,0,0
"파워링크",후쿠오카충전카드,모바일,1,0,0,0,1,0,0,0,0
"파워링크",후쿠오카카드충전500엔,모바일,1,0,0,0,1,0,0,0,0
"파워링크",후쿠오카패스,PC,43,0,0,0,5.9,0,0,0,0
"파워링크",후쿠오카패스,모바일,26,1,88,88,2.2,0,0,0,0
"파워링크",후쿠오카하야카켄교통카드,모바일,1,0,0,0,2,0,0,0,0
"파워링크",후쿠오카하야카켄구매,모바일,1,0,0,0,1,0,0,0,0
"파워링크",후쿠오카하야카켄구매카드,모바일,1,0,0,0,1,0,0,0,0
"파워링크",후쿠오카하야카켄보증금,모바일,1,0,0,0,1,0,0,0,0
"파워링크",후쿠오카하야카켄잔액조회,모바일,2,0,0,0,1,0,0,0,0
"파워링크",후쿠오카하야카켄충전,모바일,1,0,0,0,1,0,0,0,0
"파워링크",후쿠오카하야카켄카드,모바일,1,0,0,0,1,0,0,0,0
"파워링크",후쿠오카하야카켄환불,모바일,4,0,0,0,1,0,0,0,0
"쇼핑검색",-,PC,"4,763",1,649,649,3.7,1.25,3,0,0
"쇼핑검색",-,모바일,"927,697",677,404,"273,548",3.7,1.03,1.11,0,0
"쇼핑검색",10만원대손목시계여성메탈,모바일,1,0,0,0,2,0,0,0,0
"쇼핑검색",10만원대시계크로노,모바일,1,0,0,0,2,0,0,0,0
"쇼핑검색",10만원대여자시계,모바일,3,0,0,0,3,0,0,0,0
"쇼핑검색",15만원시계,모바일,1,0,0,0,1,0,0,0,0
"쇼핑검색",20대여자시계,모바일,2,0,0,0,6.5,0,0,0,0
"쇼핑검색",2~300만원대여자명품시계,모바일,1,0,0,0,4,0,0,0,0
"쇼핑검색",30대여자시계,모바일,3,0,0,0,3.3,0,0,0,0
"쇼핑검색",3만원짜리워치,모바일,1,0,0,0,8,0,0,0,0
"쇼핑검색",4050대시계,모바일,2,0,0,0,4.5,0,0,0,0
"쇼핑검색",40대남성시계,PC,1,0,0,0,3,0,0,0,0
"쇼핑검색",40대남성시계추천,모바일,1,1,715,715,3,1,0,0,0
"쇼핑검색",40대남자명품시계,모바일,2,0,0,0,1,0,0,0,0
"쇼핑검색",40대남자손목시계,모바일,1,0,0,0,1,0,0,0,0
"쇼핑검색",40대남자시계,모바일,47,2,622,"1,243",1.9,1,0,0,0
"쇼핑검색",40대남자시계추천,PC,1,0,0,0,4,0,0,0,0
"쇼핑검색",40대남자시계추천,모바일,4,0,0,0,3,0,0,0,0
"쇼핑검색",40대손목시계,모바일,3,0,0,0,1,0,0,0,0
"쇼핑검색",40대시계,모바일,2,0,0,0,5,0,0,0,0
"쇼핑검색",40대여성메탈시계,모바일,1,0,0,0,6,0,0,0,0
"쇼핑검색",40대여성명품시계,모바일,1,0,0,0,1,0,0,0,0
"쇼핑검색",40대여성손목시계,모바일,3,0,0,0,1,0,0,0,0
"쇼핑검색",40대여성시계,모바일,1,0,0,0,6,0,0,0,0
"쇼핑검색",40대여자명품시계,모바일,11,0,0,0,1.4,0,0,0,0
"쇼핑검색",40대여자손목시계,모바일,1,0,0,0,1,0,0,0,0
"쇼핑검색",40대여자시계,PC,1,0,0,0,6,0,0,0,0
"쇼핑검색",40대여자시계,모바일,11,0,0,0,4,0,0,0,0
"쇼핑검색",50대남성명품시계,모바일,1,0,0,0,2,0,0,0,0
"쇼핑검색",50대남자명품시계,모바일,1,0,0,0,4,0,0,0,0
"쇼핑검색",CLASSICWATCH,모바일,2,0,0,0,9,0,0,0,0
"쇼핑검색",GIORGIO,모바일,5,0,0,0,1,0,0,0,0
"쇼핑검색",SWISS밀리터리여자손목시계,모바일,1,0,0,0,18,0,0,0,0
"쇼핑검색",가벼운남성명품시계,모바일,1,0,0,0,3,0,0,0,0
"쇼핑검색",가성비남성시계,모바일,1,0,0,0,3,0,0,0,0
"쇼핑검색",가죽명품시계,모바일,1,0,0,0,2,0,0,0,0
"쇼핑검색",가죽밴드남자시계,모바일,1,0,0,0,42,0,0,0,0
"쇼핑검색",가죽밴드손목시계,모바일,1,0,0,0,12,0,0,0,0
"쇼핑검색",가죽손목시계,모바일,5,0,0,0,10.4,0,0,0,0
"쇼핑검색",가죽시계,PC,1,0,0,0,14,0,0,0,0
"쇼핑검색",가죽시계,모바일,2,0,0,0,31,0,0,0,0
"쇼핑검색",강남명품시계,모바일,1,0,0,0,3,0,0,0,0
"쇼핑검색",고가시계,PC,3,0,0,0,1.3,0,0,0,0
"쇼핑검색",고가시계,모바일,6,0,0,0,3.3,0,0,0,0
"쇼핑검색",고야드쇼핑백,모바일,18,0,0,0,1.3,0,0,0,0
"쇼핑검색",고이비토명품시계,모바일,5,0,0,0,1.4,0,0,0,0
"쇼핑검색",남녀공용손목시계,모바일,3,0,0,0,1,0,0,0,0
"쇼핑검색",남녀공용시계,PC,1,0,0,0,4,0,0,0,0
"쇼핑검색",남녀공용시계,모바일,1,0,0,0,5,0,0,0,0
"쇼핑검색",남성가벼운손목시계추천,PC,1,0,0,0,8,0,0,0,0
"쇼핑검색",남성가죽시계,PC,2,0,0,0,26,0,0,0,0
"쇼핑검색",남성가죽시계,모바일,1,0,0,0,13,0,0,0,0
"쇼핑검색",남성메탈시계,모바일,2,1,715,715,2,1,0,0,0
"쇼핑검색",남성명품메탈시계,모바일,1,0,0,0,5,0,0,0,0
"쇼핑검색",남성명품시계,PC,4,0,0,0,2,0,0,0,0
"쇼핑검색",남성명품시계,모바일,30,1,671,671,2,1,0,0,0
"쇼핑검색",남성명품시계순위,모바일,4,0,0,0,1,0,0,0,0
"쇼핑검색",남성손목시계,PC,5,0,0,0,3.6,0,0,0,0
"쇼핑검색",남성손목시계,모바일,39,1,726,726,6.4,1,0,0,0
"쇼핑검색",남성손목시계남성,PC,1,0,0,0,5,0,0,0,0
"쇼핑검색",남성손목시계추천,PC,1,0,0,0,8,0,0,0,0
"쇼핑검색",남성시계,PC,2,0,0,0,15,0,0,0,0
"쇼핑검색",남성시계,모바일,9,0,0,0,14.3,0,0,0,0
"쇼핑검색",남성시계명품,모바일,3,0,0,0,3,0,0,0,0
"쇼핑검색",남성용손목시계,모바일,2,0,0,0,8,0,0,0,0
"쇼핑검색",남자가죽시계,PC,1,0,0,0,32,0,0,0,0
"쇼핑검색",남자가죽시계,모바일,10,1,473,473,13.9,1,0,0,0
"쇼핑검색",남자메탈시계,모바일,2,0,0,0,1,0,0,0,0
"쇼핑검색",남자명품손목시계,모바일,3,0,0,0,5,0,0,0,0
"쇼핑검색",남자명품시계,PC,27,0,0,0,1.6,0,0,0,0
"쇼핑검색",남자명품시계,모바일,201,1,473,473,1.2,0,0,0,0
"쇼핑검색",남자명품시계등급,모바일,1,0,0,0,4,0,0,0,0
"쇼핑검색",남자명품시계브랜드,모바일,17,0,0,0,1.9,0,0,0,0
"쇼핑검색",남자명품시계쇼핑몰,모바일,2,0,0,0,3,0,0,0,0
"쇼핑검색",남자비싼시계,모바일,1,0,0,0,1,0,0,0,0
"쇼핑검색",남자손목시계,PC,32,0,0,0,3.3,0,0,0,0
"쇼핑검색",남자손목시계,모바일,110,3,656,"1,969",5.8,1,0,0,0
"쇼핑검색",남자손목시계.,모바일,1,0,0,0,11,0,0,0,0
"쇼핑검색",남자손목시계명품,모바일,1,0,0,0,3,0,0,0,0
"쇼핑검색",남자손목시계쿼츠,모바일,1,0,0,0,7,0,0,0,0
"쇼핑검색",남자시계,PC,2,0,0,0,13.5,0,0,0,0
"쇼핑검색",남자시계,모바일,14,1,726,726,16.8,1,0,0,0
"쇼핑검색",남자시계명품,모바일,14,0,0,0,1.5,0,0,0,0
"쇼핑검색",남자캐주얼손목시계,모바일,1,0,0,0,4,0,0,0,0
"쇼핑검색",남자패션시계,PC,2,0,0,0,6,0,0,0,0
"쇼핑검색",남희석명품시계,모바일,1,0,0,0,4,0,0,0,0
"쇼핑검색",네모난명품손목시계,모바일,1,0,0,0,4,0,0,0,0
"쇼핑검색",녹판가죽시계,모바일,1,0,0,0,32,0,0,0,0
"쇼핑검색",디지털여자손목시계,모바일,1,0,0,0,9,0,0,0,0
"쇼핑검색",렉시손목시계,모바일,1,0,0,0,1,0,0,0,0
"쇼핑검색",메탈디지털시계,모바일,2,0,0,0,1,0,0,0,0
"쇼핑검색",메탈손목시계,모바일,1,0,0,0,7,0,0,0,0
"쇼핑검색",메탈시계,모바일,1,0,0,0,45,0,0,0,0
"쇼핑검색",메탈여성명품손목시계,모바일,1,0,0,0,1,0,0,0,0
"쇼핑검색",면접손목시계,모바일,1,0,0,0,40,0,0,0,0
"쇼핑검색",명품가방쇼핑백,모바일,4,1,231,231,6.5,1,0,0,0
"쇼핑검색",명품가죽시계,PC,2,0,0,0,1.5,0,0,0,0
"쇼핑검색",명품가죽시계,모바일,16,0,0,0,1.9,0,0,0,0
"쇼핑검색",명품남성손목시계,모바일,2,0,0,0,3,0,0,0,0
"쇼핑검색",명품남성시계,PC,2,0,0,0,1.5,0,0,0,0
"쇼핑검색",명품남성시계,모바일,3,0,0,0,1.3,0,0,0,0
"쇼핑검색",명품남자시계,PC,5,0,0,0,1.6,0,0,0,0
"쇼핑검색",명품남자시계,모바일,22,0,0,0,1.7,0,0,0,0
"쇼핑검색",명품네모난시계,모바일,2,0,0,0,6,0,0,0,0
"쇼핑검색",명품디지털시계,모바일,6,0,0,0,1.3,0,0,0,0
"쇼핑검색",명품메탈시계,PC,3,0,0,0,2.7,0,0,0,0
"쇼핑검색",명품메탈시계,모바일,2,0,0,0,3,0,0,0,0
"쇼핑검색",명품선물,모바일,1,0,0,0,28,0,0,0,0
"쇼핑검색",명품손목시계,PC,6,0,0,0,1.7,0,0,0,0
"쇼핑검색",명품손목시계,모바일,24,0,0,0,2.5,0,0,0,0
"쇼핑검색",명품쇼핑백,PC,8,0,0,0,11.5,0,0,0,0
"쇼핑검색",명품쇼핑백,모바일,4,0,0,0,9.3,0,0,0,0
"쇼핑검색",명품쇼핑백가방,모바일,1,0,0,0,9,0,0,0,0
"쇼핑검색",명품시계,PC,84,1,671,671,2.2,1,0,0,0
"쇼핑검색",명품시계,모바일,162,2,583,"1,166",2.3,1,0,0,0
"쇼핑검색",명품시계가죽,모바일,1,0,0,0,29,0,0,0,0
"쇼핑검색",명품시계남자,모바일,1,0,0,0,4,0,0,0,0
"쇼핑검색",명품시계선물,PC,1,0,0,0,6,0,0,0,0
"쇼핑검색",명품시계쇼핑몰,모바일,1,0,0,0,2,0,0,0,0
"쇼핑검색",명품시계순위,PC,2,0,0,0,1.5,0,0,0,0
"쇼핑검색",명품시계순위,모바일,6,0,0,0,2,0,0,0,0
"쇼핑검색",명품시계여성,모바일,2,0,0,0,1.5,0,0,0,0
"쇼핑검색",명품시계여자,모바일,2,0,0,0,2,0,0,0,0
"쇼핑검색",명품시계전문점제이워치,PC,1,0,0,0,4,0,0,0,0
"쇼핑검색",명품시계종류,모바일,1,0,0,0,3,0,0,0,0
"쇼핑검색",명품시계중고가,모바일,1,0,0,0,7,0,0,0,0
"쇼핑검색",명품시계추천,모바일,2,0,0,0,2,0,0,0,0
"쇼핑검색",명품시계파텍필립,모바일,2,0,0,0,1,0,0,0,0
"쇼핑검색",명품시계홈쇼핑,모바일,2,0,0,0,6,0,0,0,0
"쇼핑검색",명품여성손목시계,모바일,5,0,0,0,1,0,0,0,0
"쇼핑검색",명품여성시계,PC,7,0,0,0,1.1,0,0,0,0
"쇼핑검색",명품여성시계,모바일,69,2,490,979,1.5,1,0,0,0
"쇼핑검색",명품여성시계브랜드,모바일,1,0,0,0,3,0,0,0,0
"쇼핑검색",명품여성시계추천,모바일,1,0,0,0,2,0,0,0,0
"쇼핑검색",명품여자손목시계,PC,1,0,0,0,1,0,0,0,0
"쇼핑검색",명품여자손목시계,모바일,1,0,0,0,2,0,0,0,0
"쇼핑검색",명품여자시계,PC,3,0,0,0,1,0,0,0,0
"쇼핑검색",명품여자시계,모바일,31,0,0,0,1,0,0,0,0
"쇼핑검색",명품커플시계,PC,1,0,0,0,1,0,0,0,0
"쇼핑검색",명품커플시계,모바일,14,1,286,286,1,1,0,1,"237,800"
"쇼핑검색",명품커플시계추천,모바일,1,0,0,0,1,0,0,0,0
"쇼핑검색",명품흰색시계,모바일,1,0,0,0,3,0,0,0,0
"쇼핑검색",무브먼트손목시계,모바일,1,0,0,0,12,0,0,0,0
"쇼핑검색",밴드명품시계,모바일,1,0,0,0,3,0,0,0,0
"쇼핑검색",별모양로고명품시계,모바일,1,0,0,0,3,0,0,0,0
"쇼핑검색",브랜드쇼핑백,모바일,4,0,0,0,14.5,0,0,0,0
"쇼핑검색",브랜드쇼핑백구매,모바일,2,0,0,0,14,0,0,0,0
"쇼핑검색",선물와인,PC,1,0,0,0,18,0,0,0,0
"쇼핑검색",선물용와인,모바일,2,0,0,0,4.5,0,0,0,0
"쇼핑검색",세계명품시계,모바일,1,0,0,0,1,0,0,0,0
"쇼핑검색",세로쇼핑백,모바일,2,0,0,0,1,0,0,0,0
"쇼핑검색",손목시계,PC,22,0,0,0,13.2,0,0,0,0
"쇼핑검색",손목시계,모바일,85,1,671,671,11.2,1,0,0,0
"쇼핑검색",손목시계여성골드,모바일,1,0,0,0,25,0,0,0,0
"쇼핑검색",손목시계여자,모바일,4,0,0,0,6,0,0,0,0
"쇼핑검색",손목시계여자가벼운시계,PC,1,0,0,0,8,0,0,0,0
"쇼핑검색",손목시계추천,모바일,1,0,0,0,7,0,0,0,0
"쇼핑검색",손목시계커플,모바일,1,0,0,0,1,0,0,0,0
"쇼핑검색",쇼핑가방,모바일,2,0,0,0,33.5,0,0,0,0
"쇼핑검색",쇼핑백로고,모바일,2,0,0,0,37.5,0,0,0,0
"쇼핑검색",쇼핑중입니다,모바일,1,0,0,0,21,0,0,0,0
"쇼핑검색",스크래치명품시계,모바일,1,0,0,0,6,0,0,0,0
"쇼핑검색",시계,PC,18,0,0,0,13.6,0,0,0,0
"쇼핑검색",시계,모바일,75,1,682,682,17.4,1,0,0,0
"쇼핑검색",시계명품,PC,3,0,0,0,1.3,0,0,0,0
"쇼핑검색",시계명품,모바일,17,0,0,0,1.6,0,0,0,0
"쇼핑검색",시계명품브랜드,PC,1,0,0,0,2,0,0,0,0
"쇼핑검색",시계여성,모바일,3,0,0,0,33.3,0,0,0,0
"쇼핑검색",시계일본,모바일,2,0,0,0,1,0,0,0,0
"쇼핑검색",심플가죽시계,모바일,4,0,0,0,1,0,0,0,0
"쇼핑검색",심플워치,모바일,2,0,0,0,4.5,0,0,0,0
"쇼핑검색",엠프리오아르마니크로노그래프시계,모바일,1,0,0,0,4,0,0,0,0
"쇼핑검색",여성가죽시계,모바일,5,0,0,0,17.6,0,0,0,0
"쇼핑검색",여성디지털손목시계,모바일,7,0,0,0,1,0,0,0,0
"쇼핑검색",여성메탈손목시계,모바일,2,0,0,0,16.5,0,0,0,0
"쇼핑검색",여성메탈시계,모바일,5,0,0,0,35.2,0,0,0,0
"쇼핑검색",여성명품메탈손목시계,모바일,1,0,0,0,1,0,0,0,0
"쇼핑검색",여성명품손목시계,모바일,8,0,0,0,1.3,0,0,0,0
"쇼핑검색",여성명품시계,PC,16,0,0,0,1.1,0,0,0,0
"쇼핑검색",여성명품시계,모바일,67,0,0,0,1.3,0,0,0,0
"쇼핑검색",여성명품시계브랜드,모바일,1,0,0,0,3,0,0,0,0
"쇼핑검색",여성명품시계추천,모바일,1,0,0,0,2,0,0,0,0
"쇼핑검색",여성손목시계,모바일,8,0,0,0,4.1,0,0,0,0
"쇼핑검색",여성손목시계중저가여자시계,PC,1,0,0,0,12,0,0,0,0
"쇼핑검색",여성시계,모바일,5,0,0,0,27,0,0,0,0
"쇼핑검색",여성시계명품,모바일,2,0,0,0,2.5,0,0,0,0
"쇼핑검색",여성시계추천40대여자시계,PC,1,0,0,0,7,0,0,0,0
"쇼핑검색",여성용시계,모바일,1,0,0,0,22,0,0,0,0
"쇼핑검색",여성패션시계,모바일,1,0,0,0,6,0,0,0,0
"쇼핑검색",여자가죽시계,모바일,5,0,0,0,11.4,0,0,0,0
"쇼핑검색",여자메탈시계,모바일,2,0,0,0,42.5,0,0,0,0
"쇼핑검색",여자명품시계,PC,9,0,0,0,1,0,0,0,0
"쇼핑검색",여자명품시계,모바일,171,0,0,0,1,0,0,0,0
"쇼핑검색",여자명품시계가격,모바일,1,0,0,0,2,0,0,0,0
"쇼핑검색",여자명품시계브랜드,모바일,1,0,0,0,2,0,0,0,0
"쇼핑검색",여자명품시계예물,모바일,1,0,0,0,3,0,0,0,0
"쇼핑검색",여자명품시계추천,PC,5,0,0,0,1.2,0,0,0,0
"쇼핑검색",여자명품시계추천,모바일,19,0,0,0,1.8,0,0,0,0
"쇼핑검색",여자명품시계프로포즈,모바일,1,0,0,0,4,0,0,0,0
"쇼핑검색",여자명품흰색시계,PC,1,0,0,0,2,0,0,0,0
"쇼핑검색",여자손목시계,모바일,8,0,0,0,3.9,0,0,0,0
"쇼핑검색",여자손목시계명품,모바일,2,0,0,0,1,0,0,0,0
"쇼핑검색",여자시계,모바일,5,0,0,0,14.8,0,0,0,0
"쇼핑검색",여자시계10만원대,모바일,1,0,0,0,2,0,0,0,0
"쇼핑검색",여자시계명품,모바일,5,0,0,0,1.4,0,0,0,0
"쇼핑검색",여자시계추천,모바일,1,0,0,0,13,0,0,0,0
"쇼핑검색",여자크로노그래프,모바일,1,0,0,0,1,0,0,0,0
"쇼핑검색",여자흰색가죽시계,모바일,1,0,0,0,51,0,0,0,0
"쇼핑검색",예물명품시계,모바일,1,0,0,0,2,0,0,0,0
"쇼핑검색",예쁜시계명품,모바일,2,0,0,0,7,0,0,0,0
"쇼핑검색",워치,PC,1,0,0,0,12,0,0,0,0
"쇼핑검색",워치,모바일,8,0,0,0,16.3,0,0,0,0
"쇼핑검색",워치3만원짜리,모바일,1,0,0,0,7,0,0,0,0
"쇼핑검색",유명시계,모바일,2,0,0,0,3.5,0,0,0,0
"쇼핑검색",이탈리아빈티지시계,PC,1,1,671,671,6,1,0,0,0
"쇼핑검색",이탈리아손목시계,모바일,1,0,0,0,1,0,0,0,0
"쇼핑검색",인기여자시계,모바일,1,0,0,0,3,0,0,0,0
"쇼핑검색",인기여자시계10만원대,모바일,1,0,0,0,3,0,0,0,0
"쇼핑검색",일본가성비시계,모바일,1,0,0,0,1,0,0,0,0
"쇼핑검색",일본골동손목시계,PC,1,0,0,0,1,0,0,0,0
"쇼핑검색",일본남자시계,모바일,2,0,0,0,1,0,0,0,0
"쇼핑검색",일본내수용시계,모바일,4,0,0,0,1,0,0,0,0
"쇼핑검색",일본돈키호테시계,모바일,1,0,0,0,1,0,0,0,0
"쇼핑검색",일본명품시계,PC,2,0,0,0,1,0,0,0,0
"쇼핑검색",일본명품시계,모바일,14,0,0,0,1,0,0,0,0
"쇼핑검색",일본브랜드시계,모바일,1,0,0,0,2,0,0,0,0
"쇼핑검색",일본산시계,PC,1,0,0,0,1,0,0,0,0
"쇼핑검색",일본산시계,모바일,4,1,671,671,2.5,1,0,0,0
"쇼핑검색",일본손목시계,PC,3,0,0,0,1,0,0,0,0
"쇼핑검색",일본손목시계,모바일,21,0,0,0,1,0,0,0,0
"쇼핑검색",일본쇼핑가방,모바일,6,0,0,0,1.5,0,0,0,0
"쇼핑검색",일본쇼핑백,모바일,9,0,0,0,1.1,0,0,0,0
"쇼핑검색",일본시계,PC,21,0,0,0,1,0,0,0,0
"쇼핑검색",일본시계,모바일,144,2,187,374,1.1,1,0,0,0
"쇼핑검색",일본시계쇼핑,PC,3,0,0,0,1,0,0,0,0
"쇼핑검색",일본시계쇼핑,모바일,17,0,0,0,1,0,0,0,0
"쇼핑검색",일본여성시계,모바일,5,1,55,55,1.2,4.5,38.5,0,0
"쇼핑검색",일본여자시계,모바일,2,0,0,0,1,0,0,0,0
"쇼핑검색",일제손목시계,모바일,1,0,0,0,1,0,0,0,0
"쇼핑검색",입문용명품시계,모바일,1,0,0,0,7,0,0,0,0
"쇼핑검색",전주명품시계,모바일,1,0,0,0,7,0,0,0,0
"쇼핑검색",종류명품시계,모바일,1,0,0,0,1,0,0,0,0
"쇼핑검색",좋은시계,모바일,1,0,0,0,1,0,0,0,0
"쇼핑검색",줄리어스시계여자,모바일,2,0,0,0,36,0,0,0,0
"쇼핑검색",캐주얼남자시계,PC,1,0,0,0,40,0,0,0,0
"쇼핑검색",커플가죽시계,PC,2,0,0,0,4.5,0,0,0,0
"쇼핑검색",커플가죽시계,모바일,2,0,0,0,7.5,0,0,0,0
"쇼핑검색",커플명품시계,모바일,2,0,0,0,1,0,0,0,0
"쇼핑검색",커플손목,PC,1,0,0,0,4,0,0,0,0
"쇼핑검색",커플손목시계,PC,1,0,0,0,1,0,0,0,0
"쇼핑검색",커플손목시계,모바일,5,0,0,0,1,0,0,0,0
"쇼핑검색",커플시계,PC,1,0,0,0,6,0,0,0,0
"쇼핑검색",커플시계,모바일,119,0,0,0,1.9,0,0,0,0
"쇼핑검색",쿠팡남자손목시계,모바일,1,0,0,0,10,0,0,0,0
"쇼핑검색",쿼츠손목시계,모바일,1,0,0,0,13,0,0,0,0
"쇼핑검색",쿼츠시계크로노,모바일,1,0,0,0,11,0,0,0,0
"쇼핑검색",크로노그래프손목시계,모바일,4,0,0,0,2,0,0,0,0
"쇼핑검색",크로노그래프시계,모바일,13,0,0,0,4.2,0,0,0,0
"쇼핑검색",크로노그래프여자,모바일,1,0,0,0,1,0,0,0,0
"쇼핑검색",크로노시계,모바일,1,0,0,0,5,0,0,0,0
"쇼핑검색",클래식밴드시계,모바일,1,0,0,0,26,0,0,0,0
"쇼핑검색",클래식시계,PC,4,0,0,0,3,0,0,0,0
"쇼핑검색",클래식시계,모바일,11,0,0,0,4.1,0,0,0,0
"쇼핑검색",클래식여성가죽시계,모바일,1,0,0,0,11,0,0,0,0
"쇼핑검색",클래식워치,모바일,2,0,0,0,4.5,0,0,0,0
"쇼핑검색",타원형클래식가죽시계,모바일,1,0,0,0,14,0,0,0,0
"쇼핑검색",패션가죽손목시계,모바일,1,0,0,0,9,0,0,0,0
"쇼핑검색",패션명품시계,PC,1,0,0,0,3,0,0,0,0
"쇼핑검색",패션명품시계,모바일,1,0,0,0,2,0,0,0,0
"쇼핑검색",패터가죽시계,PC,2,0,0,0,8,0,0,0,0
"쇼핑검색",프랑스쇼핑백,모바일,6,0,0,0,1.5,0,0,0,0
"쇼핑검색",프랑스와인,PC,1,0,0,0,17,0,0,0,0
"쇼핑검색",프랑스와인,모바일,3,0,0,0,3.7,0,0,0,0
