﻿"쇼핑검색보고서(2024.12.01.~2024.12.31.),kjss2106:naver"
"캠페인유형",검색어,PC/모바일 매체,노출수,클릭수,"평균클릭비용(VAT포함,원)","총비용(VAT포함,원)",평균노출순위,방문당 평균페이지뷰,방문당 평균체류시간(초),전환수,전환매출액(원)
"파워링크","""스마트팩토리""",PC,6,0,0,0,2.8,0,0,0,0
"파워링크",(주)시스코리아,PC,1,0,0,0,1,0,0,0,0
"파워링크",(주)씨스텍,PC,8,0,0,0,2,0,0,0,0
"파워링크",(주)씨스텍,모바일,1,0,0,0,1,0,0,0,0
"파워링크",(주)제이에스고춧가루,PC,1,0,0,0,1,0,0,0,0
"파워링크",(주)한국제이에스텍,PC,3,0,0,0,1,0,0,0,0
"파워링크",(주)한국제이에스텍,모바일,2,0,0,0,1,0,0,0,0
"파워링크",10인치터치,PC,4,0,0,0,1.5,0,0,0,0
"파워링크",10인치터치,모바일,1,0,0,0,1,0,0,0,0
"파워링크",10인치터치판넬,모바일,1,0,0,0,3,0,0,0,0
"파워링크",15인치터치,PC,3,0,0,0,3,0,0,0,0
"파워링크",2024년스마트공방,PC,1,0,0,0,2,0,0,0,0
"파워링크",2024스마트공방,PC,7,0,0,0,1,0,0,0,0
"파워링크",2024스마트공방지원사업,모바일,1,0,0,0,2,0,0,0,0
"파워링크",2025년도스마트공방지원사업,PC,1,0,0,0,3,0,0,0,0
"파워링크",2025년스마트공방지원사업,PC,5,0,0,0,2,0,0,0,0
"파워링크",2025소상공인스마트지원사업자동화,모바일,1,0,0,0,2,0,0,0,0
"파워링크",2025스마트공방,PC,4,0,0,0,2.3,0,0,0,0
"파워링크",2025스마트공방,모바일,7,0,0,0,1.3,0,0,0,0
"파워링크",2025스마트공방지원사업,PC,1,0,0,0,3,0,0,0,0
"파워링크",2025스마트공방지원사업,모바일,6,0,0,0,2.2,0,0,0,0
"파워링크",20L말통액상충진기,PC,1,1,77,77,1,0,0,0,0
"파워링크",24VDC모터드라이버,PC,1,0,0,0,2,0,0,0,0
"파워링크",2헤드액상충진기,PC,1,0,0,0,3,0,0,0,0
"파워링크",30ML스크류캡핑충진기,PC,1,0,0,0,1,0,0,0,0
"파워링크",5ML액상충진기,모바일,1,0,0,0,1,0,0,0,0
"파워링크",5ML충진기,PC,1,0,0,0,1,0,0,0,0
"파워링크",5인치터치판넬,PC,1,0,0,0,1,0,0,0,0
"파워링크",A2USCPU,PC,1,0,0,0,4,0,0,0,0
"파워링크",ACDCSERVO,모바일,2,0,0,0,1.5,0,0,0,0
"파워링크",ACDCSERVO모터,모바일,1,0,0,0,1,0,0,0,0
"파워링크",ACDC서보MOTOR,PC,1,0,0,0,1,0,0,0,0
"파워링크",ACSERVODRIVE엔코더,모바일,1,0,0,0,1,0,0,0,0
"파워링크",ACSERVOMOTOR케이블,PC,1,0,0,0,2,0,0,0,0
"파워링크",ACVVVFINVERTER,PC,1,0,0,0,1,0,0,0,0
"파워링크",AC모터드라이버,PC,2,0,0,0,2,0,0,0,0
"파워링크",AC모터드라이버,모바일,1,0,0,0,1,0,0,0,0
"파워링크",AC서보,PC,11,0,0,0,1.4,0,0,0,0
"파워링크",AC서보,모바일,8,0,0,0,1.4,0,0,0,0
"파워링크",AC서보모터,PC,49,1,902,902,2.3,1,0,0,0
"파워링크",AC서보모터,모바일,16,0,0,0,1.6,0,0,0,0
"파워링크",AC서보모터와드라이버,모바일,1,0,0,0,1,0,0,0,0
"파워링크",CJ1W-OD211,PC,3,0,0,0,3,0,0,0,0
"파워링크",CMT-G01,PC,4,0,0,0,2,0,0,0,0
"파워링크",CMT-G01,모바일,3,0,0,0,1,0,0,0,0
"파워링크",CMT-G02,PC,1,0,0,0,2,0,0,0,0
"파워링크",CODESYS,PC,300,2,99,198,2.3,4.25,22.5,0,0
"파워링크",CODESYS,모바일,109,0,0,0,1.7,0,0,0,0
"파워링크",CODESYSPLC,PC,1,0,0,0,1,0,0,0,0
"파워링크",CODESYSPLC,모바일,1,0,0,0,1,0,0,0,0
"파워링크",CODESYS이지뷰,PC,1,0,0,0,1,0,0,0,0
"파워링크",DB게이트웨이,PC,1,0,0,0,1,0,0,0,0
"파워링크",DCSERVOMOTORS,PC,1,0,0,0,1,0,0,0,0
"파워링크",DC드라이버AC모터,모바일,1,0,0,0,2,0,0,0,0
"파워링크",DC모터드라이버L,모바일,1,0,0,0,1,0,0,0,0
"파워링크",DC모터서보드라이브,모바일,1,0,0,0,2,0,0,0,0
"파워링크",DC모터와모터드라이버,PC,1,0,0,0,2,0,0,0,0
"파워링크",DC모터와모터드라이버,모바일,1,0,0,0,1,0,0,0,0
"파워링크",DC서보,PC,24,1,77,77,3.2,1,0,0,0
"파워링크",DC서보,모바일,3,0,0,0,4,0,0,0,0
"파워링크",DC서보드라이버,PC,2,0,0,0,2.5,0,0,0,0
"파워링크",DC서보드라이버,모바일,1,1,363,363,1,1,0,0,0
"파워링크",DC서보드라이브,PC,24,0,0,0,1.8,0,0,0,0
"파워링크",DC서보드라이브,모바일,5,0,0,0,1.4,0,0,0,0
"파워링크",DC서보모터,PC,81,2,517,"1,034",4.4,1.75,136.75,0,0
"파워링크",DC서보모터,모바일,38,3,462,"1,386",1.7,1,0,0,0
"파워링크",DC엔코더드라이버,PC,1,0,0,0,2,0,0,0,0
"파워링크",DRUMPUMP,PC,2,0,0,0,7,0,0,0,0
"파워링크",EASYACCESS,PC,15,0,0,0,1.9,0,0,0,0
"파워링크",EASYACCESS,모바일,16,0,0,0,2.9,0,0,0,0
"파워링크",EASYBUILDER,PC,38,0,0,0,1,0,0,0,0
"파워링크",EASYBUILDER,모바일,8,0,0,0,2,0,0,0,0
"파워링크",EASYVIEW,PC,164,3,"1,041","3,124",2.1,0,0,0,0
"파워링크",EASYVIEW,모바일,47,2,"1,106","2,211",2,0,0,0,0
"파워링크",EASYVIEWTOUCH,PC,1,0,0,0,1,0,0,0,0
"파워링크",EASYVIEWTOUCH,모바일,2,0,0,0,2,0,0,0,0
"파워링크",ETHERCAT,PC,591,0,0,0,3,0,0,0,0
"파워링크",ETHERCAT,모바일,428,3,997,"2,992",1.6,2.43,16.86,0,0
"파워링크",ETHERCATDRIVER,PC,1,0,0,0,1,0,0,0,0
"파워링크",ETHERCATSERVOMOTOR,PC,1,0,0,0,1,0,0,0,0
"파워링크",ETHERCAT통신,PC,11,0,0,0,1,0,0,0,0
"파워링크",ETHERNETPLC,PC,3,0,0,0,1,0,0,0,0
"파워링크",EZVIEW,PC,88,0,0,0,2.2,0,0,0,0
"파워링크",EZVIEW,모바일,91,0,0,0,2.2,0,0,0,0
"파워링크",EZ뷰,PC,6,0,0,0,2.3,0,0,0,0
"파워링크",EZ뷰,모바일,4,0,0,0,2.3,0,0,0,0
"파워링크",FDA-7002,모바일,1,0,0,0,2,0,0,0,0
"파워링크",FDA인증액상,모바일,1,0,0,0,1,0,0,0,0
"파워링크",FX20GM,PC,2,0,0,0,1.5,0,0,0,0
"파워링크",FX20GM,모바일,1,0,0,0,1,0,0,0,0
"파워링크",G04,PC,272,0,0,0,1.2,0,0,0,0
"파워링크",G04,모바일,40,0,0,0,2.6,0,0,0,0
"파워링크",G4L-CUEA,PC,1,0,0,0,5,0,0,0,0
"파워링크",G4L-CUEA,모바일,1,0,0,0,3,0,0,0,0
"파워링크",GATEWAY,PC,540,2,638,"1,276",5.2,3,12,0,0
"파워링크",GATEWAY,모바일,460,3,656,"1,969",3.8,1.25,10.75,0,0
"파워링크",GRL-D22A,PC,5,0,0,0,3,0,0,0,0
"파워링크",GRL-D22A,모바일,6,0,0,0,2,0,0,0,0
"파워링크",HMI,PC,957,0,0,0,7.1,0,0,0,0
"파워링크",HMI,모바일,322,0,0,0,3,0,0,0,0
"파워링크",HMI원격제어,모바일,3,0,0,0,1,0,0,0,0
"파워링크",HMI이지뷰,PC,4,0,0,0,1,0,0,0,0
"파워링크",HMI판넬,PC,5,0,0,0,1,0,0,0,0
"파워링크",HOPPER,PC,468,4,"1,108","4,433",5.4,1,0,0,0
"파워링크",HOPPER,모바일,653,1,"1,111","1,111",2.8,1,0,0,0
"파워링크",ICT스마트팩토리,PC,1,0,0,0,1,0,0,0,0
"파워링크",IOT게이트웨이\,PC,1,0,0,0,3,0,0,0,0
"파워링크",IOT게이트웨이제품,PC,1,0,0,0,2,0,0,0,0
"파워링크",IOT판넬,PC,1,0,0,0,1,0,0,0,0
"파워링크",IOT판넬,모바일,6,0,0,0,1,0,0,0,0
"파워링크",K4P-15AS,PC,1,0,0,0,9,0,0,0,0
"파워링크",K4P-15AS,모바일,1,0,0,0,9,0,0,0,0
"파워링크",KBEAUTYEXPOKOREA,PC,1,0,0,0,1,0,0,0,0
"파워링크",KBEAUTYEXPOKOREA,모바일,1,0,0,0,1,0,0,0,0
"파워링크",LCD패널,PC,4,0,0,0,17.8,0,0,0,0
"파워링크",LCD패널,모바일,3,0,0,0,12.3,0,0,0,0
"파워링크",LED생산현황,모바일,1,0,0,0,3,0,0,0,0
"파워링크",LSHMI,PC,12,0,0,0,6.3,0,0,0,0
"파워링크",LSHMI,모바일,3,0,0,0,4.3,0,0,0,0
"파워링크",LSHMI판넬,모바일,1,0,0,0,1,0,0,0,0
"파워링크",LSPLC,PC,"1,534",2,539,"1,078",4.1,7,49,0,0
"파워링크",LSPLC,모바일,366,2,583,"1,166",2.8,1.33,1.33,0,0
"파워링크",LSPLCM2IHMI이더넷',PC,1,0,0,0,1,0,0,0,0
"파워링크",LSPLC모듈,PC,3,1,154,154,2.3,1,0,0,0
"파워링크",LSPLC펑션,모바일,1,0,0,0,1,0,0,0,0
"파워링크",LSTOUCH,PC,3,0,0,0,3,0,0,0,0
"파워링크",LSTOUCH,모바일,3,0,0,0,2,0,0,0,0
"파워링크",LS이더넷서보모듈,모바일,1,0,0,0,1,0,0,0,0
"파워링크",LS터치,PC,40,1,143,143,2.4,1,0,0,0
"파워링크",LS터치,모바일,32,0,0,0,1.7,0,0,0,0
"파워링크",LS터치HMI,PC,2,1,99,99,1,1,0,0,0
"파워링크",LS터치PLC,PC,1,0,0,0,2,0,0,0,0
"파워링크",LS터치판넬,PC,7,0,0,0,3.4,0,0,0,0
"파워링크",LS터치판넬,모바일,6,0,0,0,1.7,0,0,0,0
"파워링크",LS터치패널,PC,3,0,0,0,2.7,0,0,0,0
"파워링크",LS터치패널,모바일,4,0,0,0,3,0,0,0,0
"파워링크",M2I,PC,"1,930",4,154,616,6.2,1,0,0,0
"파워링크",M2I,모바일,59,0,0,0,4.3,0,0,0,0
"파워링크",M2IHMI,PC,23,0,0,0,2.4,0,0,0,0
"파워링크",M2IHMI,모바일,1,0,0,0,2,0,0,0,0
"파워링크",M2I산업용HMI터치스크린,PC,1,0,0,0,1,0,0,0,0
"파워링크",M2I터치,PC,18,0,0,0,2.4,0,0,0,0
"파워링크",M2I터치,모바일,24,0,0,0,2.2,0,0,0,0
"파워링크",M2I터치판넬,PC,2,0,0,0,2,0,0,0,0
"파워링크",M2I판넬,모바일,1,0,0,0,2,0,0,0,0
"파워링크",MS6S,모바일,203,0,0,0,1.2,0,0,0,0
"파워링크",MT506,PC,2,0,0,0,1.5,0,0,0,0
"파워링크",MT6070,PC,16,0,0,0,2.1,0,0,0,0
"파워링크",MT6070,모바일,8,0,0,0,2,0,0,0,0
"파워링크",MT6070IH,PC,1,0,0,0,5,0,0,0,0
"파워링크",MT8050IE,PC,4,0,0,0,1.8,0,0,0,0
"파워링크",MT8050IE,모바일,2,0,0,0,2,0,0,0,0
"파워링크",MT8051IE,PC,4,0,0,0,2,0,0,0,0
"파워링크",MT8070IE,모바일,4,0,0,0,3,0,0,0,0
"파워링크",MT8071IE,PC,55,2,699,"1,397",1.1,5.5,141.5,0,0
"파워링크",MT8071IE,모바일,29,0,0,0,1,0,0,0,0
"파워링크",MT8090XE,PC,7,1,341,341,2,2,14,0,0
"파워링크",MT8090XE,모바일,4,1,341,341,1.3,20,475,0,0
"파워링크",MT8100IE,PC,14,1,660,660,1.5,10,169,0,0
"파워링크",MT8101IE,PC,15,0,0,0,1,0,0,0,0
"파워링크",MT8101IE,모바일,10,0,0,0,1,1,0,0,0
"파워링크",MT8102IE,PC,45,2,649,"1,298",1.4,8,85,0,0
"파워링크",MT8102IE,모바일,5,0,0,0,1,0,0,0,0
"파워링크",MT8121XE,PC,2,0,0,0,3.5,0,0,0,0
"파워링크",MT8121XE,모바일,11,0,0,0,3,0,0,0,0
"파워링크",MT8150XE,PC,8,0,0,0,2,0,0,0,0
"파워링크",MT8150XE,모바일,4,0,0,0,1,0,0,0,0
"파워링크",NJ-PA3001,PC,3,0,0,0,3,0,0,0,0
"파워링크",NJ301,PC,2,0,0,0,2,0,0,0,0
"파워링크",NJ301,모바일,2,0,0,0,1,0,0,0,0
"파워링크",NJ301-1200,PC,1,0,0,0,3,0,0,0,0
"파워링크",NMRV075,PC,6,0,0,0,2,0,0,0,0
"파워링크",NMRV075,모바일,1,0,0,0,2,0,0,0,0
"파워링크",OP320,모바일,1,0,0,0,1,0,0,0,0
"파워링크",OP320PLC,모바일,1,1,77,77,1,1,0,0,0
"파워링크",OPCUA,PC,163,0,0,0,5.7,0,0,0,0
"파워링크",OPCUA,모바일,33,0,0,0,3.9,0,0,0,0
"파워링크",OPCUA클라이언트게이트웨이,PC,1,0,0,0,1,0,0,0,0
"파워링크",OPC게이트웨이,PC,1,0,0,0,1,0,0,0,0
"파워링크",OPC통신,PC,69,0,0,0,1.6,0,0,0,0
"파워링크",OPC통신,모바일,45,0,0,0,1.6,0,0,0,0
"파워링크",OPC프로토콜,모바일,1,0,0,0,1,0,0,0,0
"파워링크",OPERATEPANEL,모바일,1,0,0,0,4,0,0,0,0
"파워링크",PGX120-H-10,PC,1,0,0,0,3,0,0,0,0
"파워링크",PGX90-H-3,PC,5,0,0,0,2,0,0,0,0
"파워링크",PGX90-H-3,모바일,1,0,0,0,1,0,0,0,0
"파워링크",PGX90-H-30,PC,2,0,0,0,3,0,0,0,0
"파워링크",PGX90-H-30,모바일,1,0,0,0,2,0,0,0,0
"파워링크",PLC,PC,515,1,"2,123","2,123",5.5,1,0,0,0
"파워링크",PLC,모바일,23,0,0,0,7.3,0,0,0,0
"파워링크",PLCIOT판넬,PC,2,0,0,0,1,0,0,0,0
"파워링크",PLCSERVO,PC,7,0,0,0,1,0,0,0,0
"파워링크",PLCTEXTHMI,모바일,1,1,77,77,2,1,0,0,0
"파워링크",PLC게이트웨이,PC,1,0,0,0,1,0,0,0,0
"파워링크",PLC게이트웨이,모바일,2,0,0,0,1,0,0,0,0
"파워링크",PLC내장,PC,14,0,0,0,1.1,0,0,0,0
"파워링크",PLC내장,모바일,27,0,0,0,2.5,0,0,0,0
"파워링크",PLC데이터통신,PC,16,0,0,0,1,0,0,0,0
"파워링크",PLC데이터통신,모바일,5,0,0,0,1,0,0,0,0
"파워링크",PLC모터드라이버,PC,1,0,0,0,2,0,0,0,0
"파워링크",PLC모터드라이버구성도,PC,1,0,0,0,1,0,0,0,0
"파워링크",PLC모터표시,모바일,1,0,0,0,1,0,0,0,0
"파워링크",PLC미쯔비시이더넷모듈,PC,1,0,0,0,2,0,0,0,0
"파워링크",PLC서보,PC,2,0,0,0,1,0,0,0,0
"파워링크",PLC서보모터드라이버,PC,1,0,0,0,2,0,0,0,0
"파워링크",PLC스마트폰을통한원격제어,PC,1,0,0,0,2,0,0,0,0
"파워링크",PLC액정표시,모바일,1,0,0,0,1,0,0,0,0
"파워링크",PLC용서보모터드라이브,PC,1,0,0,0,1,0,0,0,0
"파워링크",PLC원격제어,PC,12,1,242,242,2.3,0,0,0,0
"파워링크",PLC원격제어,모바일,6,0,0,0,2.5,0,0,0,0
"파워링크",PLC이더넷모듈LS,모바일,1,0,0,0,1,0,0,0,0
"파워링크",PLC이더넷이더켓,PC,1,0,0,0,1,0,0,0,0
"파워링크",PLC일체형,모바일,1,0,0,0,1,0,0,0,0
"파워링크",PLC터치,PC,12,0,0,0,2.5,0,0,0,0
"파워링크",PLC터치,모바일,44,0,0,0,2.7,0,0,0,0
"파워링크",PORT게이트웨이,모바일,1,0,0,0,1,0,0,0,0
"파워링크",PRO-FACE,PC,66,0,0,0,6,0,0,0,0
"파워링크",PRO-FACE,모바일,14,0,0,0,3.4,0,0,0,0
"파워링크",PROFACE,PC,76,0,0,0,6,0,0,0,0
"파워링크",PROFACE,모바일,49,0,0,0,3.6,0,0,0,0
"파워링크",SCREWPUMP,PC,5,0,0,0,4,0,0,0,0
"파워링크",SCR생산,PC,2,0,0,0,3,0,0,0,0
"파워링크",SCR생산,모바일,2,0,0,0,2.5,0,0,0,0
"파워링크",SERVODC모터,PC,1,0,0,0,1,0,0,0,0
"파워링크",SERVODRIVE,PC,16,0,0,0,2.7,0,0,0,0
"파워링크",SERVODRIVE,모바일,6,0,0,0,2.2,0,0,0,0
"파워링크",SERVODRIVEETHERCATTYPE,PC,1,0,0,0,1,0,0,0,0
"파워링크",SERVODRIVEMOTOR,PC,2,0,0,0,1,0,0,0,0
"파워링크",SERVODRIVEPLC,모바일,1,0,0,0,1,0,0,0,0
"파워링크",SERVODRIVER구성,PC,1,0,0,0,1,0,0,0,0
"파워링크",SERVOMOTORDRIVE,PC,1,0,0,0,2,0,0,0,0
"파워링크",SERVOMOTORDRIVER,PC,1,0,0,0,2,0,0,0,0
"파워링크",SERVOMOTOR용드라이버,PC,1,0,0,0,1,0,0,0,0
"파워링크",SERVOPLC,모바일,1,0,0,0,1,0,0,0,0
"파워링크",SERVO_DRIVE,PC,1,0,0,0,1,0,0,0,0
"파워링크",SIMATICS7,PC,5,0,0,0,1.2,0,0,0,0
"파워링크",SIMATICS7,모바일,3,0,0,0,2,0,0,0,0
"파워링크",STAINLESS,PC,38,0,0,0,3.4,0,0,0,0
"파워링크",STAINLESS,모바일,296,0,0,0,2.9,0,0,0,0
"파워링크",SUB-MOTOR,PC,2,0,0,0,1,0,0,0,0
"파워링크",SUBMOTOR,PC,2,0,0,0,1,0,0,0,0
"파워링크",SUBMOTOR,모바일,1,0,0,0,1,0,0,0,0
"파워링크",SUB모터,PC,2,0,0,0,1,0,0,0,0
"파워링크",TEACHINGPENDANT,PC,29,0,0,0,2,0,0,0,0
"파워링크",TEACHINGPENDANT,모바일,3,0,0,0,2,0,0,0,0
"파워링크",TFT와이파이,모바일,1,0,0,0,3,0,0,0,0
"파워링크",TG765,PC,5,1,110,110,1,7,80,0,0
"파워링크",TOUCHPANEL,PC,19,0,0,0,1.8,0,0,0,0
"파워링크",TOUCHPANEL,모바일,11,0,0,0,1.4,0,0,0,0
"파워링크",TOUCHSCREEN,PC,5,0,0,0,6,0,0,0,0
"파워링크",TOUCHSCREEN,모바일,2,0,0,0,3.5,0,0,0,0
"파워링크",TOUCHWIN,PC,14,3,77,231,1,4.75,83.25,1,10
"파워링크",TOUCHWIN,모바일,4,0,0,0,1.3,0,0,0,0
"파워링크",TOUCHWINPRO,모바일,3,0,0,0,2.3,0,0,0,0
"파워링크",TS2,PC,"5,534",0,0,0,1.2,0,0,0,0
"파워링크",TS2,모바일,"1,460",2,242,484,1.2,1,0,0,0
"파워링크",VNCSERVERVIEWER,모바일,1,0,0,0,1,0,0,0,0
"파워링크",VNCSERVER원격삭제,PC,1,0,0,0,1,0,0,0,0
"파워링크",VNCVIEWER,모바일,1,0,0,0,1,0,0,0,0
"파워링크",VNCVIEWER원격,PC,1,0,0,0,1,0,0,0,0
"파워링크",VNC뷰어,PC,1,0,0,0,1,0,0,0,0
"파워링크",VNC서버,PC,2,0,0,0,2,0,0,0,0
"파워링크",VNC서버,모바일,2,0,0,0,2,0,0,0,0
"파워링크",VNC서버원격,모바일,1,0,0,0,1,0,0,0,0
"파워링크",VVVF,PC,"4,161",3,825,"2,475",1.3,1,0,0,0
"파워링크",VVVF,모바일,"22,228",2,176,352,1.7,1,0,0,0
"파워링크",VVVF인버터전류,PC,1,0,0,0,1,0,0,0,0
"파워링크",WEINTEK,PC,644,11,437,"4,807",2,3.56,78.78,0,0
"파워링크",WEINTEK,모바일,169,4,193,770,2.8,1,0,0,0
"파워링크",WEINTEKCMT,PC,1,0,0,0,2,0,0,0,0
"파워링크",WEINTEKEASYVIEW,PC,1,0,0,0,2,0,0,0,0
"파워링크",WEINTEKHMI,PC,2,1,55,55,1,0,0,0,0
"파워링크",WEINTEKHMI,모바일,2,0,0,0,1,0,0,0,0
"파워링크",WEINTEKUSB,PC,1,0,0,0,1,0,0,0,0
"파워링크",WEINTEK이지뷰,PC,1,0,0,0,1,0,0,0,0
"파워링크",WEINTEK이지뷰,모바일,1,0,0,0,1,0,0,0,0
"파워링크",WEINTEK이지뷰터치,모바일,1,0,0,0,1,0,0,0,0
"파워링크",WEINTEK이지뷰프로그램,PC,1,0,0,0,1,0,0,0,0
"파워링크",WEINTEK터치스크린,PC,1,0,0,0,1,0,0,0,0
"파워링크",WEINTEK터치패널,PC,1,0,0,0,1,0,0,0,0
"파워링크",WEINTEK화면,모바일,2,0,0,0,1,0,0,0,0
"파워링크",WEINVIEW,PC,27,1,209,209,1.8,1,0,0,0
"파워링크",WEINVIEW,모바일,14,1,176,176,2,1,0,0,0
"파워링크",XC1-16R-E,PC,1,0,0,0,2,0,0,0,0
"파워링크",XGI-D22A,PC,1,0,0,0,7,0,0,0,0
"파워링크",XGK-CPUE,PC,1,0,0,0,14,0,0,0,0
"파워링크",XGK-CPUE,모바일,1,0,0,0,10,0,0,0,0
"파워링크",XGQ-TR2A,PC,1,0,0,0,8,0,0,0,0
"파워링크",XGQ-TR2A,모바일,1,0,0,0,5,0,0,0,0
"파워링크",XINJE,PC,364,19,101,"1,925",1.2,8.67,147.48,1,10
"파워링크",XINJE,모바일,191,1,374,374,1,15.5,242,0,0
"파워링크",XINJEHMI,PC,6,0,0,0,1.5,0,0,0,0
"파워링크",XINJEHMI,모바일,21,0,0,0,2.2,0,0,0,0
"파워링크",XINJEPLC,PC,6,0,0,0,1,0,0,0,0
"파워링크",XINJEPLC,모바일,2,0,0,0,1,0,0,0,0
"파워링크",XINJESERVO,PC,1,0,0,0,1,0,0,0,0
"파워링크",XINJESERVO,모바일,1,0,0,0,1,0,0,0,0
"파워링크",XINJETG765비밀번호,모바일,1,0,0,0,1,0,0,0,0
"파워링크",XINJE드라이버,모바일,1,1,77,77,1,1,0,0,0
"파워링크",XINJE서보모터,PC,1,1,77,77,1,1,0,0,0
"파워링크",XINJE터치,PC,8,0,0,0,1.5,0,0,0,0
"파워링크",XINJE터치윈,PC,1,1,55,55,1,8.33,173.67,0,0
"파워링크",가루야충진기,모바일,1,0,0,0,2,0,0,0,0
"파워링크",가열호퍼,PC,2,0,0,0,1,0,0,0,0
"파워링크",가열호퍼,모바일,3,1,77,77,1,1.25,17.75,0,0
"파워링크",간마늘소분,PC,1,0,0,0,1,0,0,0,0
"파워링크",간마늘소분,모바일,518,5,121,605,2.2,1,0,0,0
"파워링크",간장충진기,PC,1,0,0,0,2,0,0,0,0
"파워링크",간장충진기,모바일,1,0,0,0,2,0,0,0,0
"파워링크",거품제거기,PC,21,0,0,0,4.9,0,0,0,0
"파워링크",거품제거기,모바일,39,0,0,0,3.9,0,0,0,0
"파워링크",거품제거장치,PC,5,0,0,0,3,0,0,0,0
"파워링크",거품제거장치,모바일,30,0,0,0,1.9,0,0,0,0
"파워링크",건더기액상충진기,모바일,1,0,0,0,1,0,0,0,0
"파워링크",게이트웨이,PC,562,4,"1,029","4,114",5.9,2.5,8,0,0
"파워링크",게이트웨이,모바일,129,0,0,0,4.1,0,0,0,0
"파워링크",게이트웨이스마트,모바일,1,0,0,0,1,0,0,0,0
"파워링크",고속캡핑기,PC,3,0,0,0,1.7,0,0,0,0
"파워링크",고온충진기,모바일,1,1,77,77,1,0,0,0,0
"파워링크",고점도액상충진OEM,PC,2,0,0,0,1,0,0,0,0
"파워링크",고점도액상충진기,PC,11,1,231,231,5.9,4,126,0,0
"파워링크",고점도액상충진기,모바일,20,1,231,231,3.4,0,0,0,0
"파워링크",고점도충진기,PC,43,2,"1,865","3,729",11.9,0,0,0,0
"파워링크",고점도충진기,모바일,20,1,"2,420","2,420",4.1,0,0,0,0
"파워링크",고점도충진기1ML,모바일,1,0,0,0,1,0,0,0,0
"파워링크",고점도충진기노즐,모바일,3,1,209,209,2,0,0,0,0
"파워링크",고점도탁상형액상충진기,PC,1,0,0,0,3,0,0,0,0
"파워링크",고추가루소분,PC,3,0,0,0,1.7,0,0,0,0
"파워링크",고추가루소분,모바일,3,0,0,0,1.3,0,0,0,0
"파워링크",고추장충진,PC,2,1,209,209,3,1,0,0,0
"파워링크",고추장충진,모바일,5,0,0,0,1.6,0,0,0,0
"파워링크",고추장충진기,PC,5,0,0,0,4,0,0,0,0
"파워링크",고추장충진기,모바일,95,1,"1,100","1,100",2.2,0,0,0,0
"파워링크",고춧가루소분,PC,7,0,0,0,2,0,0,0,0
"파워링크",고춧가루소분,모바일,28,0,0,0,2,0,0,0,0
"파워링크",공압노즐,PC,2,0,0,0,1,0,0,0,0
"파워링크",공압노즐,모바일,2,0,0,0,1,0,0,0,0
"파워링크",공압밸브,PC,300,2,"1,045","2,090",10.4,2.5,15.5,0,0
"파워링크",공압밸브,모바일,98,2,919,"1,837",3.9,0,0,0,0
"파워링크",교반호퍼,모바일,1,1,77,77,1,0,0,0,0
"파워링크",글리세린충진,모바일,18,0,0,0,3.4,0,0,0,0
"파워링크",기름충진기,PC,1,0,0,0,1,0,0,0,0
"파워링크",기술보급사업,PC,4,0,0,0,1,0,0,0,0
"파워링크",기술보급사업,모바일,28,0,0,0,2.3,0,0,0,0
"파워링크",내장형PLC,PC,3,0,0,0,1,0,0,0,0
"파워링크",내장형드라이버,PC,1,0,0,0,1,0,0,0,0
"파워링크",노즐,PC,"2,809",6,902,"5,412",7.8,2.2,3.2,0,0
"파워링크",노즐,모바일,487,5,739,"3,696",3.1,2,1,0,0
"파워링크",다대기충진기,PC,1,0,0,0,4,0,0,0,0
"파워링크",다대기충진기,모바일,1,0,0,0,2,0,0,0,0
"파워링크",다진마늘소분,PC,173,0,0,0,4.4,0,0,0,0
"파워링크",다진마늘소분,모바일,220,0,0,0,2.7,0,0,0,0
"파워링크",다진마늘소분기,모바일,3,0,0,0,1.7,0,0,0,0
"파워링크",다진마늘충진기,PC,13,1,77,77,1,1,0,0,0
"파워링크",대용량분말충진기,PC,3,0,0,0,3,0,0,0,0
"파워링크",대용량액상충진기,PC,6,1,77,77,1,1,0,0,0
"파워링크",대용량액상충진기,모바일,4,0,0,0,1,0,0,0,0
"파워링크",된장고점도충진기,PC,1,0,0,0,3,0,0,0,0
"파워링크",된장소분,PC,11,0,0,0,1.1,0,0,0,0
"파워링크",된장소분,모바일,40,0,0,0,1,0,0,0,0
"파워링크",된장소분기,모바일,1,0,0,0,1,0,0,0,0
"파워링크",된장충진,모바일,4,0,0,0,1,0,0,0,0
"파워링크",된장충진기,PC,14,1,"2,365","2,365",1.6,1,0,0,0
"파워링크",된장충진기,모바일,27,7,"1,804","12,628",1.4,1,0,0,0
"파워링크",드럼충진,PC,1,1,77,77,1,0,0,0,0
"파워링크",드럼충진기,PC,7,0,0,0,2,0,0,0,0
"파워링크",드럼충진기,모바일,766,0,0,0,1.3,0,0,0,0
"파워링크",드럼펌프,PC,196,2,"1,986","3,971",12.1,0,0,0,0
"파워링크",드럼펌프,모바일,428,0,0,0,1.2,0,0,0,0
"파워링크",떡갈비소분,모바일,1,0,0,0,1,0,0,0,0
"파워링크",떡갈비충진기,모바일,3,1,77,77,1.7,0,0,0,0
"파워링크",라인자동화,PC,9,0,0,0,2.4,0,0,0,0
"파워링크",라인자동화,모바일,8,0,0,0,2.4,0,0,0,0
"파워링크",라인캡핑기,모바일,1,0,0,0,2,0,0,0,0
"파워링크",로브펌프,PC,977,1,"1,716","1,716",2.9,1,0,0,0
"파워링크",로브펌프,모바일,65,1,"1,573","1,573",3.7,1,0,0,0
"파워링크",로브펌프충진기,PC,6,0,0,0,3,0,0,0,0
"파워링크",로브펌프충진기,모바일,5,0,0,0,2.4,0,0,0,0
"파워링크",로션충진기,PC,2,0,0,0,1,0,0,0,0
"파워링크",로직판넬,모바일,16,0,0,0,1.9,0,0,0,0
"파워링크",로직패널,PC,1,0,0,0,1,0,0,0,0
"파워링크",로직패널,모바일,1,0,0,0,3,0,0,0,0
"파워링크",리필액상,PC,1,0,0,0,1,0,0,0,0
"파워링크",리필용디스펜서,PC,3,0,0,0,1.7,0,0,0,0
"파워링크",리필용디스펜서,모바일,11,0,0,0,1.5,0,0,0,0
"파워링크",말통충진기,PC,6,0,0,0,3,0,0,0,0
"파워링크",말통충진기,모바일,5,0,0,0,2.8,0,0,0,0
"파워링크",매생이충진,모바일,5,0,0,0,2.4,0,0,0,0
"파워링크",멜섹PLC,PC,113,0,0,0,1.7,0,0,0,0
"파워링크",멜섹PLC,모바일,122,1,88,88,1,2,19,0,0
"파워링크",모노터치,모바일,50,0,0,0,2.6,0,0,0,0
"파워링크",모터DC타입,PC,1,0,0,0,2,0,0,0,0
"파워링크",모터드라이버로DC모터,모바일,1,0,0,0,2,0,0,0,0
"파워링크",모터액상충진기,PC,1,0,0,0,3,0,0,0,0
"파워링크",미세분말충진기,PC,1,1,66,66,1,1,0,0,0
"파워링크",미쓰비시PLC,PC,202,1,308,308,3.9,9,209,0,0
"파워링크",미쓰비시PLC,모바일,12,1,330,330,5,1,0,0,0
"파워링크",미쓰비시PLC모듈,모바일,1,0,0,0,1,0,0,0,0
"파워링크",미쓰비시PLC이더넷모듈,PC,1,0,0,0,3,0,0,0,0
"파워링크",미쓰비시PLC입출력모듈,PC,2,0,0,0,1.5,0,0,0,0
"파워링크",미쓰비시PLC입출력모듈,모바일,1,0,0,0,2,0,0,0,0
"파워링크",미쯔비시PLC,PC,11,1,264,264,3.8,1,0,0,0
"파워링크",미쯔비시PLC,모바일,1,0,0,0,10,0,0,0,0
"파워링크",범용인버터,PC,3,0,0,0,1.7,0,0,0,0
"파워링크",범용인버터,모바일,5,0,0,0,1,0,0,0,0
"파워링크",병충진기,PC,4,0,0,0,5,0,0,0,0
"파워링크",병충진기,모바일,5,0,0,0,4.8,0,0,0,0
"파워링크",분말소분,PC,8,1,539,539,5.1,4,15,0,0
"파워링크",분말소분,모바일,4,0,0,0,8.5,0,0,0,0
"파워링크",분말소분기,PC,29,3,414,"1,243",4.7,0,0,0,0
"파워링크",분말소분기,모바일,49,3,447,"1,342",3,1.33,0.33,0,0
"파워링크",분말충진,PC,4,0,0,0,6,0,0,0,0
"파워링크",분말충진기,PC,46,4,"1,262","5,049",7.4,4,35,0,0
"파워링크",분말충진기,모바일,20,0,0,0,5.2,0,0,0,0
"파워링크",비료충진,모바일,39,0,0,0,3,0,0,0,0
"파워링크",산업용PLC,모바일,1,0,0,0,6,0,0,0,0
"파워링크",산업용서보모터,PC,2,0,0,0,1.5,0,0,0,0
"파워링크",산업용서보모터,모바일,2,0,0,0,2,0,0,0,0
"파워링크",산업용인버터,PC,42,2,"1,122","2,244",4.8,1.33,27.33,0,0
"파워링크",산업용인버터,모바일,80,1,484,484,2.9,1,0,0,0
"파워링크",산업용터치판넬,PC,28,2,451,902,1.9,1,0,0,0
"파워링크",산업용터치판넬,모바일,1,0,0,0,3,0,0,0,0
"파워링크",산업용터치패널,PC,30,1,616,616,5.5,1,0,0,0
"파워링크",산업용터치패널,모바일,2,0,0,0,3.5,0,0,0,0
"파워링크",샘플액상스틱충진기,PC,1,1,77,77,3,0,0,0,0
"파워링크",생산라인,PC,11,0,0,0,9.3,0,0,0,0
"파워링크",생산라인,모바일,5,0,0,0,6,0,0,0,0
"파워링크",생산라인자동화,PC,2,0,0,0,1.5,0,0,0,0
"파워링크",생산라인자동화,모바일,2,0,0,0,2,0,0,0,0
"파워링크",생산현황,PC,43,0,0,0,4.1,0,0,0,0
"파워링크",생산현황,모바일,2,0,0,0,5.5,0,0,0,0
"파워링크",생산현황판,PC,3,0,0,0,12.7,0,0,0,0
"파워링크",생산현황판,모바일,1,0,0,0,14,0,0,0,0
"파워링크",샴푸충진기,PC,3,0,0,0,2.3,0,0,0,0
"파워링크",샴푸충진기,모바일,4,0,0,0,2,0,0,0,0
"파워링크",서버원격접속,모바일,1,0,0,0,3,0,0,0,0
"파워링크",서보,PC,"11,139",2,"1,766","3,531",1.5,1.67,4,0,0
"파워링크",서보,모바일,"4,935",9,"1,676","15,081",1,1,0,0,0
"파워링크",서보PLC,PC,1,0,0,0,2,0,0,0,0
"파워링크",서보PLC,모바일,1,0,0,0,1,0,0,0,0
"파워링크",서보SERVO,모바일,1,0,0,0,3,0,0,0,0
"파워링크",서보드라이버,PC,170,1,"1,331","1,331",2.6,2,7,0,0
"파워링크",서보드라이버,모바일,92,1,"1,287","1,287",2.4,1,0,0,0
"파워링크",서보드라이브,PC,388,4,"1,172","4,686",3.1,1,0,0,0
"파워링크",서보드라이브,모바일,233,1,"1,188","1,188",2.3,1.33,0,0,0
"파워링크",서보드라이브드라이버,PC,1,0,0,0,2,0,0,0,0
"파워링크",서보드라이브이더켓,PC,2,0,0,0,1,0,0,0,0
"파워링크",서보모터,PC,"1,931",4,"3,165","12,661",3.4,1.5,15.25,0,0
"파워링크",서보모터,모바일,"1,395",8,"3,273","26,180",2.3,1,0,0,0
"파워링크",서보모터충진기,모바일,1,0,0,0,1,0,0,0,0
"파워링크",서보액상충진기,PC,1,0,0,0,1,0,0,0,0
"파워링크",서보이더켓,PC,1,0,0,0,1,0,0,0,0
"파워링크",서보충진기,PC,7,0,0,0,1,0,0,0,0
"파워링크",서보충진기,모바일,1,0,0,0,1,0,0,0,0
"파워링크",서브MOTOR,PC,1,0,0,0,1,0,0,0,0
"파워링크",서브모터,PC,289,4,"3,600","14,399",1,2.6,14.4,0,0
"파워링크",서브모터,모바일,344,6,810,"4,862",1,1,0,0,0
"파워링크",세라믹액상,PC,1,0,0,0,1,0,0,0,0
"파워링크",세제충전기,모바일,"1,857",3,84,253,1.8,0,0,0,0
"파워링크",세제충진기,PC,4,0,0,0,1,0,0,0,0
"파워링크",소량액상충진기,PC,3,2,77,154,1.3,1.5,2,0,0
"파워링크",소량충진기,PC,11,2,94,187,2.4,1.5,6,0,0
"파워링크",소량충진기,모바일,11,1,121,121,2.7,0,0,0,0
"파워링크",소분기,PC,99,2,"1,205","2,409",2.9,0,0,0,0
"파워링크",소분기,모바일,116,3,"1,206","3,619",2.7,0,0,0,0
"파워링크",소상공인24스마트공방,PC,1,0,0,0,1,0,0,0,0
"파워링크",소상공인스마트공방,PC,14,0,0,0,1,0,0,0,0
"파워링크",소상공인스마트공방,모바일,5,0,0,0,1,0,0,0,0
"파워링크",소상공인스마트공방기술보급지원사업,PC,1,0,0,0,3,0,0,0,0
"파워링크",소상공인스마트공방지원,PC,1,0,0,0,3,0,0,0,0
"파워링크",소상공인스마트공방지원사업,PC,1,0,0,0,2,0,0,0,0
"파워링크",소상공인자동화,PC,25,0,0,0,1.2,0,0,0,0
"파워링크",소스충진,PC,2,0,0,0,7,0,0,0,0
"파워링크",소스충진,모바일,16,0,0,0,2.3,0,0,0,0
"파워링크",소스충진기,PC,48,1,"2,717","2,717",10.4,1,0,0,0
"파워링크",소스충진기,모바일,19,4,"2,558","10,230",4.1,1,0,0,0
"파워링크",소형PLC,PC,25,0,0,0,2.7,0,0,0,0
"파워링크",소형PLC,모바일,5,1,165,165,3,1.5,3.5,0,0
"파워링크",소형충진,모바일,101,0,0,0,2.7,0,0,0,0
"파워링크",소형충진기,PC,1,0,0,0,7,0,0,0,0
"파워링크",수직형액상충진기,모바일,1,0,0,0,1,0,0,0,0
"파워링크",스마트-팩토리,PC,2,0,0,0,2.5,0,0,0,0
"파워링크",스마트OPC,PC,1,0,0,0,1,0,0,0,0
"파워링크",스마트게이트웨이,PC,9,1,77,77,1,3,482,0,0
"파워링크",스마트게이트웨이,모바일,7,0,0,0,1,0,0,0,0
"파워링크",스마트공방,PC,873,14,"1,286","18,007",4.6,2.8,484.6,1,10
"파워링크",스마트공방,모바일,271,4,"1,304","5,214",3.5,1,0,0,0
"파워링크",스마트공방?,PC,1,0,0,0,1,0,0,0,0
"파워링크",스마트공방기술보급사업,PC,23,0,0,0,1,0,0,0,0
"파워링크",스마트공방기술보급사업,모바일,4,0,0,0,1,0,0,0,0
"파워링크",스마트공방소상공인,PC,1,0,0,0,2,0,0,0,0
"파워링크",스마트공방이란?,PC,1,0,0,0,1,0,0,0,0
"파워링크",스마트공방지원사업,PC,646,7,539,"3,773",2.6,2,270,1,10
"파워링크",스마트공방지원사업,모바일,455,12,490,"5,885",2.6,1,0,0,0
"파워링크",스마트공방지원사업2025,PC,2,0,0,0,2.5,0,0,0,0
"파워링크",스마트공방지원사업자동화,PC,1,0,0,0,2,0,0,0,0
"파워링크",스마트공방지원종류,모바일,1,0,0,0,2,0,0,0,0
"파워링크",스마트서보모터,PC,1,0,0,0,2,0,0,0,0
"파워링크",스마트소량충진기,모바일,1,0,0,0,3,0,0,0,0
"파워링크",스마트팩토리;,PC,1,0,0,0,3,0,0,0,0
"파워링크",스마트팩토리ICT,PC,1,0,0,0,1,0,0,0,0
"파워링크",스마트팩토리ICT,모바일,1,0,0,0,1,0,0,0,0
"파워링크",스마트팩토리\,PC,1,0,0,0,2,0,0,0,0
"파워링크",스마트팩토리],PC,1,0,0,0,2,0,0,0,0
"파워링크",스마트팩토리와PLC,PC,1,0,0,0,1,0,0,0,0
"파워링크",스마트팩토리항목,PC,1,0,0,0,1,0,0,0,0
"파워링크",스마트홈게이트웨이,PC,2,0,0,0,1,0,0,0,0
"파워링크",스마트홈게이트웨이,모바일,13,0,0,0,1,0,0,0,0
"파워링크",스마트홈게이트웨이호환,모바일,1,0,0,0,1,0,0,0,0
"파워링크",스크루펌프,PC,2,0,0,0,7,0,0,0,0
"파워링크",스크루펌프,모바일,1,0,0,0,4,0,0,0,0
"파워링크",스크류액상충진기,PC,1,0,0,0,2,0,0,0,0
"파워링크",스크류충진기제작,모바일,1,0,0,0,3,0,0,0,0
"파워링크",스크류펌프,PC,43,0,0,0,6.3,0,0,0,0
"파워링크",스크류펌프,모바일,27,1,"1,540","1,540",6.1,0,0,0,0
"파워링크",스탠드호퍼,PC,1,0,0,0,1,0,0,0,0
"파워링크",스탠드호퍼,모바일,10,0,0,0,1,0,0,0,0
"파워링크",스테인리스호퍼,PC,1,0,0,0,3,0,0,0,0
"파워링크",스텐스크류충진기,모바일,1,0,0,0,2,0,0,0,0
"파워링크",스텐호퍼,PC,45,5,843,"4,213",1,1,0,0,0
"파워링크",스텐호퍼,모바일,24,2,330,660,1,1,0,0,0
"파워링크",식품자동화,PC,34,1,374,374,4,1,0,0,0
"파워링크",식품자동화,모바일,5,0,0,0,2.6,0,0,0,0
"파워링크",식품충진기,PC,2,0,0,0,7,0,0,0,0
"파워링크",식품충진기,모바일,4,2,"1,705","3,410",2.5,1,0,0,0
"파워링크",씨스텍,PC,36,0,0,0,1.6,0,0,0,0
"파워링크",씨스텍,모바일,41,0,0,0,1.7,0,0,0,0
"파워링크",씨스텍(주),PC,2,0,0,0,2.5,0,0,0,0
"파워링크",씨스텍코리아,PC,6,0,0,0,1.5,0,0,0,0
"파워링크",씨스텍코리아,모바일,4,0,0,0,1.5,0,0,0,0
"파워링크",액상건더기충진기,모바일,1,1,77,77,1,0,0,0,0
"파워링크",액상과분말혼합점도,모바일,1,0,0,0,1,0,0,0,0
"파워링크",액상교반기제작,PC,1,0,0,0,3,0,0,0,0
"파워링크",액상비료교반기,모바일,1,0,0,0,3,0,0,0,0
"파워링크",액상세라믹,PC,1,0,0,0,2,0,0,0,0
"파워링크",액상소분기,PC,41,0,0,0,2.9,0,0,0,0
"파워링크",액상소분기,모바일,7,1,176,176,2.6,1,0,0,0
"파워링크",액상스틱포장기누액,모바일,1,0,0,0,1,0,0,0,0
"파워링크",액상자동충진기,PC,20,0,0,0,3.4,0,0,0,0
"파워링크",액상자동충진기,모바일,10,1,"1,188","1,188",2.1,1,0,0,0
"파워링크",액상점도,PC,1,0,0,0,3,0,0,0,0
"파워링크",액상점도,모바일,3,0,0,0,1.3,0,0,0,0
"파워링크",액상정량밸브,모바일,1,0,0,0,3,0,0,0,0
"파워링크",액상정량서보충진기,모바일,1,1,209,209,1,0,0,0,0
"파워링크",액상정량자동충진기,모바일,2,1,275,275,3,0,0,0,0
"파워링크",액상정량충진기,PC,8,2,"2,189","4,378",3,0,0,0,0
"파워링크",액상정량충진기,모바일,4,0,0,0,2,0,0,0,0
"파워링크",액상주입기,PC,18,1,"1,012","1,012",3.2,1,0,0,0
"파워링크",액상주입기,모바일,18,3,477,"1,430",2.1,1,0,0,0
"파워링크",액상충전기,PC,3,0,0,0,5,0,0,0,0
"파워링크",액상충전기,모바일,5,0,0,0,3.2,0,0,0,0
"파워링크",액상충진,PC,15,0,0,0,3.9,0,0,0,0
"파워링크",액상충진,모바일,11,0,0,0,1.7,0,0,0,0
"파워링크",액상충진기,PC,"2,557",20,"5,926","118,525",2.2,1.69,10.31,1,10
"파워링크",액상충진기,모바일,471,34,"5,288","179,784",1.9,1.04,1.46,0,0
"파워링크",액상충진기디스펜서,PC,1,0,0,0,3,0,0,0,0
"파워링크",액상충진기및캡핑기,모바일,1,0,0,0,2,0,0,0,0
"파워링크",액상테스트,PC,2,0,0,0,1,0,0,0,0
"파워링크",액상펌프,PC,26,2,380,759,1.8,1,0,0,0
"파워링크",액상펌프,모바일,34,0,0,0,1.3,0,0,0,0
"파워링크",액상피스톤충진기,모바일,1,0,0,0,2,0,0,0,0
"파워링크",액체세제밸브,모바일,1,0,0,0,1,0,0,0,0
"파워링크",액체세제점도,PC,1,0,0,0,1,0,0,0,0
"파워링크",액체소분기,PC,8,1,99,99,3.9,1,0,0,0
"파워링크",액체소분기,모바일,16,0,0,0,5.6,0,0,0,0
"파워링크",액체충진,PC,3,0,0,0,3,0,0,0,0
"파워링크",액체충진,모바일,3,0,0,0,1.7,0,0,0,0
"파워링크",액체충진기,PC,53,3,"4,492","13,475",8.2,1,0,0,0
"파워링크",액체충진기,모바일,22,2,"3,680","7,359",2.4,1,0,0,0
"파워링크",앰플충진,PC,3,0,0,0,3,0,0,0,0
"파워링크",앰플충진,모바일,1,0,0,0,2,0,0,0,0
"파워링크",앰플충진기,PC,2,0,0,0,2.5,0,0,0,0
"파워링크",앰플충진기,모바일,1,0,0,0,1,0,0,0,0
"파워링크",양념소스충진기,모바일,1,0,0,0,2,0,0,0,0
"파워링크",양념충진기,PC,7,0,0,0,3,0,0,0,0
"파워링크",양념충진기,모바일,2,0,0,0,3,0,0,0,0
"파워링크",에코리필,모바일,4,0,0,0,1,0,0,0,0
"파워링크",에코리필스테이션,PC,2,0,0,0,1,0,0,0,0
"파워링크",에코리필스테이션,모바일,2,0,0,0,1,0,0,0,0
"파워링크",열선호퍼,모바일,2,1,77,77,1,1,0,0,0
"파워링크",온습도표시,PC,5,0,0,0,2,0,0,0,0
"파워링크",온습도표시,모바일,2,0,0,0,2,0,0,0,0
"파워링크",옴론PLC,PC,331,0,0,0,2.7,0,0,0,0
"파워링크",옴론PLC,모바일,55,0,0,0,2.7,0,0,0,0
"파워링크",와이파이HMI,모바일,3,0,0,0,2.3,0,0,0,0
"파워링크",요소수생산,PC,20,1,110,110,2.4,0,0,0,0
"파워링크",요소수생산,모바일,20,1,110,110,2.1,0,0,0,0
"파워링크",요소수설비,PC,2,0,0,0,1,0,0,0,0
"파워링크",요소수설비,모바일,12,0,0,0,3.3,0,0,0,0
"파워링크",원격VNC,모바일,1,0,0,0,1,0,0,0,0
"파워링크",원격접속서버,PC,1,0,0,0,3,0,0,0,0
"파워링크",원격접속서버,모바일,2,0,0,0,3,0,0,0,0
"파워링크",원격제어,PC,900,0,0,0,4,0,0,0,0
"파워링크",원격제어,모바일,827,1,517,517,3.9,0,0,0,0
"파워링크",원격제어솔루션,PC,3,0,0,0,10,0,0,0,0
"파워링크",원격제어솔루션,모바일,15,0,0,0,3.3,0,0,0,0
"파워링크",원격제어터치,모바일,4,0,0,0,1,0,0,0,0
"파워링크",원형탱크,PC,17,0,0,0,2.6,0,0,0,0
"파워링크",원형탱크,모바일,103,0,0,0,2.1,0,0,0,0
"파워링크",원형호퍼,PC,5,0,0,0,1,0,0,0,0
"파워링크",원형호퍼,모바일,3,0,0,0,1,0,0,0,0
"파워링크",웨인텍,PC,120,3,587,"1,760",2,4.5,162,0,0
"파워링크",웨인텍,모바일,53,1,"1,320","1,320",1,5.33,63.33,0,0
"파워링크",웨인텍이지뷰,PC,1,0,0,0,1,0,0,0,0
"파워링크",음료충진기,PC,11,0,0,0,3.2,0,0,0,0
"파워링크",음료충진기,모바일,4,0,0,0,4.3,0,0,0,0
"파워링크",이더넷PLC,PC,4,0,0,0,1,0,0,0,0
"파워링크",이더넷PLC,모바일,18,0,0,0,2.6,0,0,0,0
"파워링크",이더캣,PC,145,0,0,0,2.9,0,0,0,0
"파워링크",이더캣,모바일,87,0,0,0,2.5,0,0,0,0
"파워링크",이더캣서보,모바일,4,0,0,0,3.5,0,0,0,0
"파워링크",이더캣서보드라이버,모바일,1,0,0,0,1,0,0,0,0
"파워링크",이더캣통신,PC,10,0,0,0,1.8,0,0,0,0
"파워링크",이더캣통신,모바일,6,0,0,0,1,0,0,0,0
"파워링크",이더켓,PC,273,0,0,0,2.8,0,0,0,0
"파워링크",이더켓,모바일,89,0,0,0,1.7,0,0,0,0
"파워링크",이더켓PLC,PC,1,0,0,0,2,0,0,0,0
"파워링크",이더켓서보,모바일,1,0,0,0,1,0,0,0,0
"파워링크",이지뷰,PC,"1,911",33,"1,904","62,832",1.9,4.18,93,0,0
"파워링크",이지뷰,모바일,910,12,"1,535","18,414",2.2,1.25,135.88,0,0
"파워링크",이지뷰+,모바일,4,0,0,0,1,0,0,0,0
"파워링크","이지뷰10""CMT",PC,1,0,0,0,1,0,0,0,0
"파워링크",이지뷰15인치터치,모바일,1,0,0,0,1,0,0,0,0
"파워링크",이지뷰HMI,PC,5,0,0,0,1.6,0,0,0,0
"파워링크",이지뷰HMI,모바일,6,0,0,0,1.8,0,0,0,0
"파워링크",이지뷰MT8106IP,모바일,1,0,0,0,1,0,0,0,0
"파워링크",이지뷰MTCMT,모바일,1,0,0,0,1,0,0,0,0
"파워링크",이지뷰PLC통신방식,모바일,3,0,0,0,1,0,0,0,0
"파워링크",이지뷰TOUCH,PC,1,0,0,0,1,0,0,0,0
"파워링크",이지뷰\,PC,1,0,0,0,1,0,0,0,0
"파워링크",이지뷰대리점,PC,22,1,165,165,1.3,0,0,0,0
"파워링크",이지뷰대리점,모바일,14,0,0,0,1.3,0,0,0,0
"파워링크",이지뷰어HMI,PC,1,0,0,0,1,0,0,0,0
"파워링크",이지뷰어HMI,모바일,2,1,77,77,1,0,0,0,0
"파워링크",이지뷰코리아터치판넬,PC,1,1,77,77,1,9,277,0,0
"파워링크",이지뷰터치,PC,28,1,473,473,1.1,7,26,0,0
"파워링크",이지뷰터치,모바일,17,0,0,0,2,0,0,0,0
"파워링크",이지뷰터치IP,PC,1,0,0,0,1,0,0,0,0
"파워링크",이지뷰터치스크린,PC,11,1,77,77,3,0,0,0,0
"파워링크",이지뷰터치스크린,모바일,5,0,0,0,2.6,0,0,0,0
"파워링크",이지뷰터치시간을PLC로,PC,1,0,0,0,1,0,0,0,0
"파워링크",이지뷰터치판넬,PC,18,2,77,154,1,2,151,0,0
"파워링크",이지뷰터치판넬,모바일,12,5,77,385,1,7,346,0,0
"파워링크",이지뷰터치패널,PC,2,0,0,0,1,0,0,0,0
"파워링크",이지뷰프로,PC,6,0,0,0,1,0,0,0,0
"파워링크",이지뷰프로,모바일,4,1,77,77,1,1,0,0,0
"파워링크",이지빌더,PC,42,0,0,0,1,0,0,0,0
"파워링크",이지빌더,모바일,20,0,0,0,2,0,0,0,0
"파워링크",이지스마트팩토리,모바일,1,0,0,0,1,0,0,0,0
"파워링크",이지액세스,PC,14,0,0,0,2,0,0,0,0
"파워링크",이지액세스,모바일,9,0,0,0,2,0,0,0,0
"파워링크",이지억세스,PC,"2,050",0,0,0,1.3,0,0,0,0
"파워링크",이지억세스,모바일,712,1,77,77,1.8,0,0,0,0
"파워링크",이지엑세스,PC,506,0,0,0,1.3,0,0,0,0
"파워링크",이지엑세스,모바일,276,0,0,0,2.1,0,0,0,0
"파워링크",인버터통신,PC,27,0,0,0,1.3,0,0,0,0
"파워링크",인버터통신,모바일,50,1,88,88,1.9,1,0,0,0
"파워링크",일체형PLC,PC,1,0,0,0,2,0,0,0,0
"파워링크",일체형PLC,모바일,6,0,0,0,3,0,0,0,0
"파워링크",자동생산,PC,1,0,0,0,2,0,0,0,0
"파워링크",자동생산,모바일,18,0,0,0,1,0,0,0,0
"파워링크",자동생산라인,PC,2,0,0,0,2,0,0,0,0
"파워링크",자동생산라인,모바일,23,0,0,0,2.7,0,0,0,0
"파워링크",자동액상정량주입기정량기액체소분기충진기,PC,1,0,0,0,1,0,0,0,0
"파워링크",자동정량토출기,PC,4,0,0,0,1.5,0,0,0,0
"파워링크",자동충진기,PC,52,2,"4,043","8,085",9.2,1,0,0,0
"파워링크",자동충진기,모바일,31,2,"3,229","6,457",2.5,1,0,0,0
"파워링크",자동충진기노즐,PC,1,0,0,0,3,0,0,0,0
"파워링크",자동캡핑,모바일,10,0,0,0,3.8,0,0,0,0
"파워링크",자동캡핑기,PC,33,1,"1,111","1,111",5,2,9,0,0
"파워링크",자동캡핑기,모바일,26,1,"1,221","1,221",2,0,0,0,0
"파워링크",자동캡핑라인,PC,1,0,0,0,2,0,0,0,0
"파워링크",자동화라인,PC,2,0,0,0,36.5,0,0,0,0
"파워링크",자동화라인,모바일,1,0,0,0,33,0,0,0,0
"파워링크",자동화설비,PC,73,0,0,0,11.7,0,0,0,0
"파워링크",자동화설비,모바일,4,0,0,0,9,0,0,0,0
"파워링크",저렴한PLC,PC,1,0,0,0,1,0,0,0,0
"파워링크",정량소분기,PC,12,2,374,748,6.1,1,0,0,0
"파워링크",정량소분기,모바일,7,0,0,0,3,0,0,0,0
"파워링크",정량충전기,PC,4,1,"1,210","1,210",1.3,27,943,0,0
"파워링크",정량충전기,모바일,1,0,0,0,1,0,0,0,0
"파워링크",정량충진기,PC,102,1,"4,488","4,488",6.6,1.67,55,0,0
"파워링크",정량충진기,모바일,40,6,"3,456","20,735",2.4,1,0,0,0
"파워링크",정량토출,PC,40,0,0,0,3.3,0,0,0,0
"파워링크",정량토출,모바일,8,1,"2,497","2,497",3.1,0,0,0,0
"파워링크",정량토출기,PC,106,0,0,0,11,0,0,0,0
"파워링크",정량토출기,모바일,82,0,0,0,2.5,0,0,0,0
"파워링크",정량토출장치,PC,7,0,0,0,4.7,0,0,0,0
"파워링크",정량토출장치,모바일,1,0,0,0,8,0,0,0,0
"파워링크",정액주입기,PC,8,0,0,0,1.9,0,0,0,0
"파워링크",정액주입기,모바일,37,0,0,0,2,0,0,0,0
"파워링크",제이에스뷰,모바일,1,0,0,0,1,0,0,0,0
"파워링크",제이에스스마트,PC,2,0,0,0,1,0,0,0,0
"파워링크",제이에스씨스텍,PC,10,0,0,0,1.5,0,0,0,0
"파워링크",제이에스씨스텍,모바일,10,1,99,99,1.5,0,0,0,0
"파워링크",제이에스충진기,PC,1,0,0,0,1,0,0,0,0
"파워링크",제이에스코리아모니터,PC,1,0,0,0,1,0,0,0,0
"파워링크",제이에스코리아이지백,PC,1,0,0,0,1,0,0,0,0
"파워링크",제조업지원사업,PC,14,0,0,0,9,0,0,0,0
"파워링크",제조업지원사업,모바일,3,0,0,0,7.3,0,0,0,0
"파워링크",제품E표시,모바일,1,0,0,0,1,0,0,0,0
"파워링크",제품충전충진,모바일,1,0,0,0,2,0,0,0,0
"파워링크",주)제이에스,PC,1,0,0,0,1,0,0,0,0
"파워링크",주)제이에스,모바일,2,0,0,0,1,0,0,0,0
"파워링크",주)제이에스코리아,PC,1,0,0,0,1,0,0,0,0
"파워링크",주.제이에스코리아,PC,1,0,0,0,1,0,0,0,0
"파워링크",주제이에스코리아,모바일,3,0,0,0,1,0,0,0,0
"파워링크",중고가루충진기,모바일,1,1,110,110,1,0,0,0,0
"파워링크",중고액상충진기,PC,18,3,466,"1,397",1,2.33,111,0,0
"파워링크",중고액상충진기,모바일,2,0,0,0,1,0,0,0,0
"파워링크",중고액상캡핑기,PC,1,0,0,0,1,0,0,0,0
"파워링크",중고충진기,PC,24,3,983,"2,948",1.3,16,598,0,0
"파워링크",중고충진기,모바일,9,1,649,649,1,0,0,0,0
"파워링크",중고캡핑기,PC,15,1,154,154,1.1,0,0,0,0
"파워링크",중국PLC,PC,181,0,0,0,1.5,0,0,0,0
"파워링크",중국PLC,모바일,33,0,0,0,1.9,0,0,0,0
"파워링크",중국XINJEPLC,모바일,1,1,77,77,1,2.33,18,0,0
"파워링크",진제,모바일,3,0,0,0,1,0,0,0,0
"파워링크",진제PLC,PC,2,1,66,66,1,15,224,0,0
"파워링크",진제PLC,모바일,2,0,0,0,1,0,0,0,0
"파워링크",참기름충진,모바일,1,0,0,0,1,0,0,0,0
"파워링크",참기름충진기,PC,1,0,0,0,1,0,0,0,0
"파워링크",충전/충진,PC,1,0,0,0,2,0,0,0,0
"파워링크",충전식건전지충전기,PC,7,0,0,0,2,0,0,0,0
"파워링크",충전식건전지충전기,모바일,17,0,0,0,1,0,0,0,0
"파워링크",충전식밧데리충전기,모바일,2,0,0,0,1,0,0,0,0
"파워링크",충전식배터리충전기,PC,1,0,0,0,2,0,0,0,0
"파워링크",충전식배터리충전기,모바일,2,0,0,0,1,0,0,0,0
"파워링크",충전식충전기,PC,5,0,0,0,2.4,0,0,0,0
"파워링크",충전식충전기,모바일,6,0,0,0,1,0,0,0,0
"파워링크",충진기,PC,"3,275",5,"6,442","32,208",3.5,3,304,1,10
"파워링크",충진기,모바일,381,9,"5,614","50,523",3.1,1,0,0,0
"파워링크",충진기PLC,모바일,1,0,0,0,1,0,0,0,0
"파워링크",충진기고점도기계캡핑밸브,PC,1,0,0,0,2,0,0,0,0
"파워링크",충진기노즐,PC,12,1,660,660,1,3,7,0,0
"파워링크",충진기노즐,모바일,14,0,0,0,1,0,0,0,0
"파워링크",충진기제이에스,모바일,1,0,0,0,1,0,0,0,0
"파워링크",충진기중고,PC,6,0,0,0,1,0,0,0,0
"파워링크",충진기충전기,PC,1,0,0,0,3,0,0,0,0
"파워링크",충진기호퍼,PC,1,0,0,0,1,0,0,0,0
"파워링크",충진라인,PC,1,0,0,0,3,0,0,0,0
"파워링크",충진코리아,모바일,1,0,0,0,1,0,0,0,0
"파워링크",캡핑기,PC,"1,141",12,"2,657","31,878",4.9,1.1,4.2,0,0
"파워링크",캡핑기,모바일,183,16,"2,668","42,691",3,1,0,0,0
"파워링크",캡핑기해드,모바일,1,0,0,0,1,0,0,0,0
"파워링크",캡핑라인,PC,1,0,0,0,1,0,0,0,0
"파워링크",컨베어라인,PC,1,0,0,0,11,0,0,0,0
"파워링크",컨베어충진기,모바일,1,0,0,0,2,0,0,0,0
"파워링크",컨베어캡핑기,모바일,40,0,0,0,2.7,0,0,0,0
"파워링크",코드시스,PC,40,0,0,0,2.8,0,0,0,0
"파워링크",코드시스,모바일,29,0,0,0,2.8,0,0,0,0
"파워링크",코드시스PLC,모바일,1,0,0,0,1,0,0,0,0
"파워링크",코리아제이에스,PC,4,0,0,0,1.5,0,0,0,0
"파워링크",코리아테크EASYK,모바일,1,0,0,0,1,0,0,0,0
"파워링크",콩가루소분,PC,6,1,77,77,2,2,0,0,0
"파워링크",콩가루소분,모바일,3,0,0,0,2,0,0,0,0
"파워링크",콩가루소분기,모바일,1,0,0,0,4,0,0,0,0
"파워링크",크림충진기,PC,14,1,"1,199","1,199",3.1,0,0,0,0
"파워링크",크림충진기,모바일,14,4,"1,183","4,730",1.6,1,0,0,0
"파워링크",탁상형충진기,PC,2,0,0,0,1,0,0,0,0
"파워링크",터치모니터,PC,4,0,0,0,29.5,0,0,0,0
"파워링크",터치모니터,모바일,3,0,0,0,27.3,0,0,0,0
"파워링크",터치스크린,PC,"1,058",1,"1,826","1,826",3.6,1,0,0,0
"파워링크",터치스크린,모바일,"1,257",2,"2,679","5,357",2,1,0,0,0
"파워링크",터치판넬,PC,136,0,0,0,3.8,0,0,0,0
"파워링크",터치판넬,모바일,64,1,"3,982","3,982",2.8,5,26.67,0,0
"파워링크",터치판넬HMI,PC,3,0,0,0,2.3,0,0,0,0
"파워링크",터치판넬LCD구조,PC,1,0,0,0,1,0,0,0,0
"파워링크",터치패널,PC,239,2,"4,345","8,690",4.1,2,18,0,0
"파워링크",터치패널,모바일,164,0,0,0,4.4,0,0,0,0
"파워링크",터치패널IP,PC,1,0,0,0,1,0,0,0,0
"파워링크",터치페널,PC,1,0,0,0,7,0,0,0,0
"파워링크",튜브충진기소량작업,모바일,1,1,77,77,1,0,0,0,0
"파워링크",튜브형액상주입기,모바일,1,0,0,0,1,0,0,0,0
"파워링크",티칭팬던트,PC,31,0,0,0,2.5,0,0,0,0
"파워링크",티칭팬던트,모바일,8,0,0,0,1,0,0,0,0
"파워링크",티칭펜던트,PC,41,1,176,176,2.4,1,0,0,0
"파워링크",티칭펜던트,모바일,15,0,0,0,1,0,0,0,0
"파워링크",티칭펜던트란,PC,1,0,0,0,2,0,0,0,0
"파워링크",파우더충진,PC,1,0,0,0,1,0,0,0,0
"파워링크",파우더충진,모바일,51,0,0,0,1.7,0,0,0,0
"파워링크",파우더충진기,PC,4,0,0,0,3.5,0,0,0,0
"파워링크",파우더충진기,모바일,7,0,0,0,2.6,0,0,0,0
"파워링크",판넬HMI,PC,2,0,0,0,1,0,0,0,0
"파워링크",펌프,PC,"4,949",2,572,"1,144",2.9,0,0,0,0
"파워링크",펌프,모바일,"2,824",6,647,"3,883",2.3,1,0,0,0
"파워링크",프로페이스,PC,"2,652",0,0,0,3.2,0,0,0,0
"파워링크",프로페이스,모바일,529,0,0,0,1.8,1,0,0,0
"파워링크",피스톤충진기,PC,3,0,0,0,5.7,0,0,0,0
"파워링크",피스톤충진기,모바일,3,0,0,0,5.3,0,0,0,0
"파워링크",한국미쯔비시PLC,PC,1,0,0,0,2,0,0,0,0
"파워링크",한국이지뷰,PC,16,0,0,0,1,0,0,0,0
"파워링크",한국이지뷰,모바일,1,0,0,0,2,0,0,0,0
"파워링크",한국제이에스,PC,2,0,0,0,1,0,0,0,0
"파워링크",한국제이에스시스텍,PC,14,0,0,0,1.5,0,0,0,0
"파워링크",한국제이에스텍,PC,16,2,77,154,1,2.6,21,0,0
"파워링크",한국제이에스텍,모바일,4,0,0,0,1,0,0,0,0
"파워링크",향수충진기,PC,9,3,499,"1,496",1,1,0,0,0
"파워링크",향수충진기,모바일,19,1,209,209,1,0,0,0,0
"파워링크",호퍼,PC,623,6,"1,118","6,710",6.8,1,0,0,0
"파워링크",호퍼,모바일,141,1,"1,265","1,265",5,1,0,0,0
"파워링크",화면표시LED,모바일,1,0,0,0,1,0,0,0,0
"파워링크",화장품충진,PC,9,0,0,0,5,0,0,0,0
"파워링크",화장품충진,모바일,44,0,0,0,2.2,0,0,0,0
"파워링크",화장품충진기,PC,52,0,0,0,7.8,0,0,0,0
"파워링크",화장품충진기,모바일,29,2,"1,243","2,486",2.2,1,0,0,0
"파워링크",화장품충진기노즐,PC,1,0,0,0,2,0,0,0,0
"쇼핑검색",-,PC,"10,658",4,393,"1,573",2.5,1,0,0,0
"쇼핑검색",-,모바일,"231,824",107,"1,783","190,751",5.8,1.02,0.44,0,0
"쇼핑검색",0.5M전기콘센트,모바일,1,0,0,0,27,0,0,0,0
"쇼핑검색",10.1인치,PC,8,0,0,0,4.8,0,0,0,0
"쇼핑검색",100M리드선,모바일,2,0,0,0,7,0,0,0,0
"쇼핑검색",10PX터치패널,모바일,1,0,0,0,3,0,0,0,0
"쇼핑검색",20L말통깔때기,모바일,1,0,0,0,7,0,0,0,0
"쇼핑검색",20L폐용매깔대기,PC,1,0,0,0,6,0,0,0,0
"쇼핑검색",240V변압기,모바일,1,0,0,0,2,0,0,0,0
"쇼핑검색",316깔때기,모바일,2,0,0,0,1,0,0,0,0
"쇼핑검색",3구터치스위치,모바일,1,0,0,0,7,0,0,0,0
"쇼핑검색",63*63,PC,1,0,0,0,6,0,0,0,0
"쇼핑검색",6구스위치,PC,1,0,0,0,1,0,0,0,0
"쇼핑검색",700시리즈부속품,PC,1,0,0,0,1,0,0,0,0
"쇼핑검색",7PX터치패널,모바일,4,0,0,0,5,0,0,0,0
"쇼핑검색",ABB릴레이,모바일,2,0,0,0,1,0,0,0,0
"쇼핑검색",ABPLC,모바일,2,0,0,0,12,0,0,0,0
"쇼핑검색",AI스마트플러그,모바일,1,0,0,0,11,0,0,0,0
"쇼핑검색",APU16NC,모바일,6,0,0,0,13,0,0,0,0
"쇼핑검색",APU차단기,모바일,3,0,0,0,9.7,0,0,0,0
"쇼핑검색",CMT2078X,PC,10,0,0,0,1,0,0,0,0
"쇼핑검색",D389992시리즈,PC,1,0,0,0,1,0,0,0,0
"쇼핑검색",D4SL,모바일,4,0,0,0,12.3,0,0,0,0
"쇼핑검색",D4SL-N2NFA-D,PC,2,0,0,0,2,0,0,0,0
"쇼핑검색",D4SL-N2NFA-D,모바일,7,0,0,0,11.4,0,0,0,0
"쇼핑검색",E39-VA,모바일,1,0,0,0,1,0,0,0,0
"쇼핑검색",E:Z,PC,8,0,0,0,1,0,0,0,0
"쇼핑검색",EU콘센트한국콘센트,모바일,2,0,0,0,2,0,0,0,0
"쇼핑검색",FOX-1004,모바일,1,0,0,0,1,0,0,0,0
"쇼핑검색",FOX1004,모바일,1,0,0,0,2,0,0,0,0
"쇼핑검색",FRP박스,모바일,1,0,0,0,3,0,0,0,0
"쇼핑검색",GMC-50,PC,1,0,0,0,1,0,0,0,0
"쇼핑검색",GMC50,PC,2,0,0,0,1,0,0,0,0
"쇼핑검색",HMI터치,PC,1,0,0,0,12,0,0,0,0
"쇼핑검색",HMI패널,모바일,3,1,55,55,3.3,1.67,24,0,0
"쇼핑검색",IXP2-1200A,PC,1,0,0,0,1,0,0,0,0
"쇼핑검색",JS-2,모바일,1,0,0,0,1,0,0,0,0
"쇼핑검색",JS-20,모바일,1,0,0,0,9,0,0,0,0
"쇼핑검색",JS-3,모바일,2,0,0,0,6.5,0,0,0,0
"쇼핑검색",JS3,모바일,2,0,0,0,7,0,0,0,0
"쇼핑검색",JS로지원,PC,1,0,0,0,1,0,0,0,0
"쇼핑검색",JS산업,PC,1,0,0,0,1,0,0,0,0
"쇼핑검색",KINCOHMI+PLC,모바일,1,1,275,275,1,1,0,0,0
"쇼핑검색",LIDAR센서,모바일,3,0,0,0,10,0,0,0,0
"쇼핑검색",LSHMI,PC,10,0,0,0,1.3,0,0,0,0
"쇼핑검색",LSHMI,모바일,1,0,0,0,1,0,0,0,0
"쇼핑검색",LS산전네트워크서보모터,PC,1,0,0,0,1,0,0,0,0
"쇼핑검색",LS터치,모바일,1,0,0,0,2,0,0,0,0
"쇼핑검색",M2I터치패널,PC,1,0,0,0,12,0,0,0,0
"쇼핑검색",NIP릴선,모바일,3,0,0,0,10.3,0,0,0,0
"쇼핑검색",PLC,모바일,1,0,0,0,29,0,0,0,0
"쇼핑검색",PLC+HMI,PC,1,0,0,0,1,0,0,0,0
"쇼핑검색",PLCHMI연결,PC,1,0,0,0,1,0,0,0,0
"쇼핑검색",PLCHMI연결,모바일,1,0,0,0,1,0,0,0,0
"쇼핑검색",PLC와HMI,모바일,1,1,660,660,1,1,0,0,0
"쇼핑검색",PLC이더캣축카드기능,모바일,1,0,0,0,1,0,0,0,0
"쇼핑검색",Q81BD-J71GP21-SX,PC,2,0,0,0,1,0,0,0,0
"쇼핑검색",RT장비,PC,1,0,0,0,1,0,0,0,0
"쇼핑검색",SAFECT,모바일,1,0,0,0,1,0,0,0,0
"쇼핑검색",SERIESE,모바일,3,0,0,0,6.7,0,0,0,0
"쇼핑검색",SFDL2SERIES,PC,1,0,0,0,1,0,0,0,0
"쇼핑검색",SMC솔레노이드,모바일,1,0,0,0,1,0,0,0,0
"쇼핑검색",SMC압력스위치,모바일,2,0,0,0,1,0,0,0,0
"쇼핑검색",SONOFF,모바일,1,0,0,0,12,0,0,0,0
"쇼핑검색",SONOFF스위치,모바일,2,0,0,0,12,0,0,0,0
"쇼핑검색",TG-765,PC,6,0,0,0,1,0,0,0,0
"쇼핑검색",TG765,PC,5,0,0,0,1,0,0,0,0
"쇼핑검색",TM4,모바일,3,0,0,0,11,0,0,0,0
"쇼핑검색",TOF센서,PC,3,0,0,0,1,0,0,0,0
"쇼핑검색",TOPRX1000SD,PC,1,0,0,0,1,0,0,0,0
"쇼핑검색",TOUCH방폭판넬,PC,2,0,0,0,4.5,0,0,0,0
"쇼핑검색",TS-700,PC,4,0,0,0,1,0,0,0,0
"쇼핑검색",TS-WD1콘센트,PC,1,0,0,0,1,0,0,0,0
"쇼핑검색",TS170-2,PC,1,0,0,0,1,0,0,0,0
"쇼핑검색",UT장비,PC,25,0,0,0,1,0,0,0,0
"쇼핑검색",UT장비,모바일,19,0,0,0,1,0,0,0,0
"쇼핑검색",VCTF1.5,모바일,1,0,0,0,9,0,0,0,0
"쇼핑검색",WEINTEK,PC,1,0,0,0,1,0,0,0,0
"쇼핑검색",XBL-C41A,PC,3,0,0,0,5,0,0,0,0
"쇼핑검색",XGF-RD4A,모바일,2,0,0,0,11.5,0,0,0,0
"쇼핑검색",XINJE,PC,215,3,"1,749","5,247",1.7,1.86,28.43,0,0
"쇼핑검색",XINJE,모바일,63,1,"1,122","1,122",1.5,1,0,0,0
"쇼핑검색",XINJEXD3,PC,1,0,0,0,1,0,0,0,0
"쇼핑검색",XINJE이더캣,PC,1,1,55,55,1,10,84,0,0
"쇼핑검색",YJ-EC-P2,모바일,3,0,0,0,10.7,0,0,0,0
"쇼핑검색",ZSERIES,모바일,1,0,0,0,1,0,0,0,0
"쇼핑검색",고급형전기콘센트,모바일,1,0,0,0,19,0,0,0,0
"쇼핑검색",고부하안전콘센트,모바일,1,0,0,0,7,0,0,0,0
"쇼핑검색",공구,모바일,3,0,0,0,76.3,0,0,0,0
"쇼핑검색",관제사통신장비,PC,1,0,0,0,4,0,0,0,0
"쇼핑검색",광융착기,모바일,11,0,0,0,10.7,0,0,0,0
"쇼핑검색",광접속기,모바일,2,0,0,0,9,0,0,0,0
"쇼핑검색",광접속기추천,모바일,2,0,0,0,9,0,0,0,0
"쇼핑검색",광함체,모바일,1,0,0,0,9,0,0,0,0
"쇼핑검색",교번릴레이,모바일,2,0,0,0,11,0,0,0,0
"쇼핑검색",교번제어,모바일,2,0,0,0,9,0,0,0,0
"쇼핑검색",구글네스트3세대,모바일,8,0,0,0,10,0,0,0,0
"쇼핑검색",구글네스트온도조절기,PC,1,0,0,0,1,0,0,0,0
"쇼핑검색",깔때기뚜껑,PC,5,0,0,0,3.8,0,0,0,0
"쇼핑검색",깔때기뚜껑,모바일,4,0,0,0,4.8,0,0,0,0
"쇼핑검색",네트워크,PC,37,0,0,0,4.5,1,0,0,0
"쇼핑검색",네트워크,모바일,29,0,0,0,6,0,0,0,0
"쇼핑검색",네트워크공사장비,PC,1,0,0,0,2,0,0,0,0
"쇼핑검색",네트워크공사장비,모바일,2,0,0,0,2,0,0,0,0
"쇼핑검색",네트워크기기,PC,1,0,0,0,6,0,0,0,0
"쇼핑검색",네트워크기기,모바일,1,0,0,0,7,0,0,0,0
"쇼핑검색",네트워크드라이브,PC,2,0,0,0,3,0,0,0,0
"쇼핑검색",네트워크상품,모바일,1,0,0,0,6,0,0,0,0
"쇼핑검색",네트워크서보모터,PC,1,0,0,0,1,0,0,0,0
"쇼핑검색",네트워크쇼핑몰,PC,1,0,0,0,7,0,0,0,0
"쇼핑검색",네트워크엔트리판넬,모바일,1,0,0,0,1,0,0,0,0
"쇼핑검색",네트워크장비,PC,113,0,0,0,2.2,0,0,0,0
"쇼핑검색",네트워크장비,모바일,52,0,0,0,1.8,0,0,0,0
"쇼핑검색",네트워크장비함,PC,1,0,0,0,5,0,0,0,0
"쇼핑검색",네트워크전원제어장치,모바일,1,0,0,0,1,0,0,0,0
"쇼핑검색",네트워크점검기기,PC,1,0,0,0,5,0,0,0,0
"쇼핑검색",네트워크케이블테스터,모바일,1,0,0,0,2,0,0,0,0
"쇼핑검색",네트워크판넬,모바일,1,0,0,0,1,0,0,0,0
"쇼핑검색",네트워크패널,PC,2,0,0,0,1,0,0,0,0
"쇼핑검색",넥션HMI터치패널,PC,1,1,275,275,1,1,0,0,0
"쇼핑검색",노이즈컷트랜스,모바일,1,0,0,0,1,0,0,0,0
"쇼핑검색",누수감지케이블,모바일,1,0,0,0,8,0,0,0,0
"쇼핑검색",대주TD,PC,1,0,0,0,1,0,0,0,0
"쇼핑검색",도로열선,PC,1,0,0,0,1,0,0,0,0
"쇼핑검색",도로열선,모바일,1,0,0,0,1,0,0,0,0
"쇼핑검색",독일한국콘센트,PC,4,0,0,0,2.5,0,0,0,0
"쇼핑검색",드럼용뚜껑깔때기,PC,4,0,0,0,3.5,0,0,0,0
"쇼핑검색",디지탈제이에스,모바일,1,0,0,0,4,0,0,0,0
"쇼핑검색",디포그랙,PC,1,0,0,0,1,0,0,0,0
"쇼핑검색",뚜껑깔대기,PC,4,0,0,0,3.3,0,0,0,0
"쇼핑검색",뚜껑깔대기,모바일,2,0,0,0,2.5,0,0,0,0
"쇼핑검색",뚜껑깔때기,PC,20,0,0,0,3.4,0,0,0,0
"쇼핑검색",뚜껑깔때기,모바일,19,0,0,0,3.1,0,0,0,0
"쇼핑검색",뚜껑달린깔때기,PC,1,0,0,0,4,0,0,0,0
"쇼핑검색",라맥스스위치,PC,1,0,0,0,2,0,0,0,0
"쇼핑검색",라맥스스위치,모바일,8,0,0,0,6.1,0,0,0,0
"쇼핑검색",리드선,모바일,2,0,0,0,12,0,0,0,0
"쇼핑검색",리드선100M,PC,1,0,0,0,6,0,0,0,0
"쇼핑검색",리드선100M,모바일,4,0,0,0,9,0,0,0,0
"쇼핑검색",리드선2.5,모바일,2,0,0,0,9,0,0,0,0
"쇼핑검색",리드선50M,PC,1,0,0,0,5,0,0,0,0
"쇼핑검색",리드선50M,모바일,1,0,0,0,8,0,0,0,0
"쇼핑검색",리크센서,PC,1,0,0,0,1,0,0,0,0
"쇼핑검색",릴선,모바일,2,0,0,0,9.5,0,0,0,0
"쇼핑검색",릴선20M,모바일,1,0,0,0,5,0,0,0,0
"쇼핑검색",릴선30M,모바일,1,0,0,0,9,0,0,0,0
"쇼핑검색",릴전선,모바일,1,0,0,0,13,0,0,0,0
"쇼핑검색",마그넷트,모바일,1,0,0,0,1,0,0,0,0
"쇼핑검색",매립깔때기뚜껑,PC,1,0,0,0,4,0,0,0,0
"쇼핑검색",모터드라이브,PC,4,0,0,0,6.5,0,0,0,0
"쇼핑검색",모터드라이브,모바일,1,0,0,0,2,0,0,0,0
"쇼핑검색",모터회로차단기,모바일,1,0,0,0,11,0,0,0,0
"쇼핑검색",무접점릴레이,모바일,1,0,0,0,9,0,0,0,0
"쇼핑검색",미국에서한국콘센트,모바일,2,0,0,0,3,0,0,0,0
"쇼핑검색",바흐만콘센트,모바일,1,0,0,0,11,0,0,0,0
"쇼핑검색",밸콘온도조절기,모바일,6,0,0,0,2.8,0,0,0,0
"쇼핑검색",보상도선,모바일,1,0,0,0,15,0,0,0,0
"쇼핑검색",복합화재감지장비,PC,1,0,0,0,12,0,0,0,0
"쇼핑검색",부르미CID,모바일,2,0,0,0,1,0,0,0,0
"쇼핑검색",비콘,PC,1,0,0,0,1,0,0,0,0
"쇼핑검색",비콘,모바일,4,0,0,0,11,0,0,0,0
"쇼핑검색",비콘가격,모바일,1,0,0,0,10,0,0,0,0
"쇼핑검색",산업용PLC,PC,1,0,0,0,1,0,0,0,0
"쇼핑검색",산업용방우형콘센트,모바일,1,0,0,0,43,0,0,0,0
"쇼핑검색",산업용온도센서,PC,1,0,0,0,1,0,0,0,0
"쇼핑검색",산업용인버터,PC,2,1,110,110,2,1,0,0,0
"쇼핑검색",산업용인버터,모바일,2,0,0,0,2,0,0,0,0
"쇼핑검색",산업용터치판넬,PC,1,0,0,0,3,0,0,0,0
"쇼핑검색",산업용통신,PC,5,0,0,0,1,0,0,0,0
"쇼핑검색",산업용통신장비,PC,2,1,385,385,1,1,0,0,0
"쇼핑검색",서보드라이브,PC,3,0,0,0,26,0,0,0,0
"쇼핑검색",서보모터,모바일,1,0,0,0,2,0,0,0,0
"쇼핑검색",세이프티도어,모바일,2,0,0,0,12.5,0,0,0,0
"쇼핑검색",센서테스터기,모바일,18,0,0,0,1,0,0,0,0
"쇼핑검색",센서테스트기,모바일,3,0,0,0,1,0,0,0,0
"쇼핑검색",손잡이깔때기스텐,모바일,1,0,0,0,54,0,0,0,0
"쇼핑검색",스마트빌스위치,모바일,2,0,0,0,1,0,0,0,0
"쇼핑검색",스마트스위치,모바일,2,0,0,0,8,0,0,0,0
"쇼핑검색",스마트스위치6구,모바일,1,0,0,0,1,0,0,0,0
"쇼핑검색",스텐깔대기뚜껑연결,모바일,3,0,0,0,2,0,0,0,0
"쇼핑검색",스텐깔때기뚜껑,PC,1,0,0,0,3,0,0,0,0
"쇼핑검색",스텐깔때기뚜껑,모바일,2,0,0,0,1,0,0,0,0
"쇼핑검색",스텐레스깔때기손잡이,모바일,1,0,0,0,32,0,0,0,0
"쇼핑검색",스텐손잡이깔때기5CM,모바일,1,0,0,0,45,0,0,0,0
"쇼핑검색",스텐호퍼,PC,1,0,0,0,86,0,0,0,0
"쇼핑검색",스페인콘센트한국,모바일,2,0,0,0,2,0,0,0,0
"쇼핑검색",시리즈콘센트,모바일,2,0,0,0,5,0,0,0,0
"쇼핑검색",실린더뚜껑,모바일,2,0,0,0,7.5,0,0,0,0
"쇼핑검색",써브랙판넬장비,모바일,2,0,0,0,1,0,0,0,0
"쇼핑검색",썬더볼트독,PC,1,0,0,0,1,0,0,0,0
"쇼핑검색",아크차단기,모바일,19,0,0,0,12,0,0,0,0
"쇼핑검색",안전도어스위치,PC,1,0,0,0,1,0,0,0,0
"쇼핑검색",압력센서,모바일,1,0,0,0,1,0,0,0,0
"쇼핑검색",영국한국콘센트,모바일,7,0,0,0,6.3,0,0,0,0
"쇼핑검색",예쁜콘센트,PC,1,0,0,0,1,0,0,0,0
"쇼핑검색",예쁜콘센트,모바일,3,0,0,0,10.3,0,0,0,0
"쇼핑검색",오일레벨센서,모바일,1,0,0,0,2,0,0,0,0
"쇼핑검색",오토릴선,모바일,5,0,0,0,6.2,0,0,0,0
"쇼핑검색",온도보상도선,PC,6,0,0,0,2,0,0,0,0
"쇼핑검색",온도보상도선,모바일,8,0,0,0,8.8,0,0,0,0
"쇼핑검색",온도캡,모바일,4,0,0,0,10.8,0,0,0,0
"쇼핑검색",온도컨트롤러,모바일,4,0,0,0,10,0,0,0,0
"쇼핑검색",와이파이스마트스위치,모바일,1,0,0,0,12,0,0,0,0
"쇼핑검색",외부전기박스,모바일,3,0,0,0,10,0,0,0,0
"쇼핑검색",운영노이즈필터,모바일,4,0,0,0,7.8,0,0,0,0
"쇼핑검색",위치센서,모바일,1,0,0,0,1,0,0,0,0
"쇼핑검색",유기용제뚜껑깔때기,PC,1,0,0,0,4,0,0,0,0
"쇼핑검색",유럽식콘센트한국,모바일,2,0,0,0,2,0,0,0,0
"쇼핑검색",유럽콘센트한국콘센트,모바일,2,0,0,0,3.5,0,0,0,0
"쇼핑검색",유럽한국콘센트,PC,4,0,0,0,2.3,0,0,0,0
"쇼핑검색",유럽한국콘센트,모바일,17,0,0,0,1.2,0,0,0,0
"쇼핑검색",유무선통신장비,PC,1,0,0,0,1,0,0,0,0
"쇼핑검색",이32,PC,1,0,0,0,5,0,0,0,0
"쇼핑검색",이글루도어벨,모바일,4,0,0,0,11.8,0,0,0,0
"쇼핑검색",이더넷통신PLC,PC,1,0,0,0,1,0,0,0,0
"쇼핑검색",이더캣,PC,3,0,0,0,1,0,0,0,0
"쇼핑검색",이더캣,모바일,1,0,0,0,1,0,0,0,0
"쇼핑검색",이쁜콘센트,모바일,1,0,0,0,73,0,0,0,0
"쇼핑검색",이지뷰,모바일,2,0,0,0,1,0,0,0,0
"쇼핑검색",자동릴선,모바일,1,0,0,0,8,0,0,0,0
"쇼핑검색",자바라전선덕트,모바일,2,0,0,0,11.5,0,0,0,0
"쇼핑검색",저가형,PC,5,0,0,0,1.6,0,0,0,0
"쇼핑검색",저가형HMI,PC,1,0,0,0,1,0,0,0,0
"쇼핑검색",저가형PLC,PC,3,0,0,0,1,0,0,0,0
"쇼핑검색",저가형PLC,모바일,1,0,0,0,1,0,0,0,0
"쇼핑검색",전구형소켓형콘센트,모바일,1,0,0,0,29,0,0,0,0
"쇼핑검색",전기,PC,3,0,0,0,17.3,0,0,0,0
"쇼핑검색",전기,모바일,13,0,0,0,14.7,0,0,0,0
"쇼핑검색",전기2,모바일,2,0,0,0,5.5,0,0,0,0
"쇼핑검색",전기2콘센트,모바일,1,0,0,0,10,0,0,0,0
"쇼핑검색",전기T연결,모바일,1,0,0,0,17,0,0,0,0
"쇼핑검색",전기Z,모바일,4,0,0,0,1,0,0,0,0
"쇼핑검색",전기공구,PC,5,0,0,0,60.2,0,0,0,0
"쇼핑검색",전기공구,모바일,7,0,0,0,24.3,0,0,0,0
"쇼핑검색",전기매립함,모바일,1,0,0,0,8,0,0,0,0
"쇼핑검색",전기소켓트,모바일,1,0,0,0,32,0,0,0,0
"쇼핑검색",전기열선,모바일,1,0,0,0,10,0,0,0,0
"쇼핑검색",전기용품,PC,9,0,0,0,10.8,0,0,0,0
"쇼핑검색",전기용품,모바일,38,0,0,0,10,0,0,0,0
"쇼핑검색",전기절감기,모바일,1,0,0,0,11,0,0,0,0
"쇼핑검색",전기콘센트,PC,12,0,0,0,5,0,0,0,0
"쇼핑검색",전기콘센트,모바일,38,0,0,0,7.8,0,0,0,0
"쇼핑검색",전기콘센트확장,모바일,2,0,0,0,8,0,0,0,0
"쇼핑검색",전류안정기,모바일,4,0,0,0,13,0,0,0,0
"쇼핑검색",전선릴50M,모바일,1,0,0,0,8,0,0,0,0
"쇼핑검색",제이에스디지탈,PC,4,0,0,0,5,0,0,0,0
"쇼핑검색",제이에스디지탈,모바일,7,0,0,0,7,0,0,0,0
"쇼핑검색",제이에스디지털,PC,3,0,0,0,4,0,0,0,0
"쇼핑검색",제이에스디지털,모바일,3,0,0,0,14.3,0,0,0,0
"쇼핑검색",제이에스로지원,PC,1,0,0,0,1,0,0,0,0
"쇼핑검색",제이에스산업,PC,5,0,0,0,2,0,0,0,0
"쇼핑검색",제이에스전기,PC,1,0,0,0,1,0,0,0,0
"쇼핑검색",제일리모컨,모바일,2,0,0,0,11,0,0,0,0
"쇼핑검색",제일전기차단기,모바일,2,0,0,0,15,0,0,0,0
"쇼핑검색",중고네트워크장비,PC,1,0,0,0,6,0,0,0,0
"쇼핑검색",중국콘센트한국콘센트,PC,6,0,0,0,2.5,0,0,0,0
"쇼핑검색",중국터치판넬,PC,2,0,0,0,2.5,0,0,0,0
"쇼핑검색",중국한국콘센트,PC,2,0,0,0,3,0,0,0,0
"쇼핑검색",중앙전기산업,모바일,1,0,0,0,76,0,0,0,0
"쇼핑검색",지스캔터치패널,PC,1,0,0,0,4,0,0,0,0
"쇼핑검색",진제로,모바일,1,0,0,0,1,0,0,0,0
"쇼핑검색",진흥Z콘센트,PC,1,0,0,0,3,0,0,0,0
"쇼핑검색",진흥전기V시리즈콘센트,모바일,4,0,0,0,7,0,0,0,0
"쇼핑검색",집콘센트,모바일,2,0,0,0,23,0,0,0,0
"쇼핑검색",천장형릴콘센트,PC,1,0,0,0,2,0,0,0,0
"쇼핑검색",천정형릴콘센트,PC,2,0,0,0,2,0,0,0,0
"쇼핑검색",천정형콘센트,모바일,1,0,0,0,2,0,0,0,0
"쇼핑검색",케이더블유네트워크,PC,2,0,0,0,3,0,0,0,0
"쇼핑검색",코일콘센트,모바일,1,0,0,0,3,0,0,0,0
"쇼핑검색",콘센트,PC,103,0,0,0,4.5,0,0,0,0
"쇼핑검색",콘센트,모바일,"3,183",5,"2,805","14,025",3.2,1,0,0,0
"쇼핑검색",콘센트T,모바일,1,0,0,0,3,0,0,0,0
"쇼핑검색",콘센트시리즈,PC,1,0,0,0,5,0,0,0,0
"쇼핑검색",콘센트암수,모바일,1,0,0,0,42,0,0,0,0
"쇼핑검색",콘센트중국한국,PC,2,0,0,0,2,0,0,0,0
"쇼핑검색",콘센트판넬,모바일,1,0,0,0,39,0,0,0,0
"쇼핑검색",콘센트확선,모바일,1,0,0,0,9,0,0,0,0
"쇼핑검색",콘크리트열선,모바일,1,0,0,0,1,0,0,0,0
"쇼핑검색",터치오퍼레이션판넬,모바일,1,0,0,0,5,0,0,0,0
"쇼핑검색",터치판넬시리얼,PC,1,1,"1,837","1,837",1,1,0,0,0
"쇼핑검색",터치패널,PC,15,0,0,0,8,0,0,0,0
"쇼핑검색",터치패널,모바일,9,0,0,0,6.6,0,0,0,0
"쇼핑검색",터치패널정전기,모바일,3,0,0,0,3.3,0,0,0,0
"쇼핑검색",터치형스위치,PC,1,0,0,0,2,0,0,0,0
"쇼핑검색",터치형스위치,모바일,1,0,0,0,14,0,0,0,0
"쇼핑검색",통신기기,PC,2,0,0,0,37,0,0,0,0
"쇼핑검색",통신장비,PC,157,0,0,0,1.4,0,0,0,0
"쇼핑검색",통신장비,모바일,259,0,0,0,1.3,0,0,0,0
"쇼핑검색",통신장비DSL,모바일,1,0,0,0,4,0,0,0,0
"쇼핑검색",통신장비MC,모바일,2,0,0,0,18,0,0,0,0
"쇼핑검색",통신장비넷아이,PC,1,0,0,0,3,0,0,0,0
"쇼핑검색",통신장비판매,모바일,1,0,0,0,7,0,0,0,0
"쇼핑검색",통신장치,PC,1,0,0,0,1,0,0,0,0
"쇼핑검색",티에스전기,모바일,1,0,0,0,2,0,0,0,0
"쇼핑검색",티에스툴,PC,34,0,0,0,1.4,0,0,0,0
"쇼핑검색",티에스툴,모바일,100,0,0,0,1.3,0,0,0,0
"쇼핑검색",판넬장비,PC,1,0,0,0,1,0,0,0,0
"쇼핑검색",판넬콘센트,모바일,2,0,0,0,53.5,0,0,0,0
"쇼핑검색",포렌식장비,모바일,2,0,0,0,8.5,0,0,0,0
"쇼핑검색",피뢰탄기반,모바일,2,0,0,0,11,0,0,0,0
"쇼핑검색",하츠매립형콘센트,모바일,1,0,0,0,11,0,0,0,0
"쇼핑검색",한국EU콘센트,PC,2,0,0,0,2,0,0,0,0
"쇼핑검색",한국깔때기거미,PC,1,0,0,0,2,0,0,0,0
"쇼핑검색",한국깔때기거미,모바일,3,0,0,0,1.7,0,0,0,0
"쇼핑검색",한국변환콘센트,모바일,2,0,0,0,3,0,0,0,0
"쇼핑검색",한국산업,모바일,3,0,0,0,5.7,0,0,0,0
"쇼핑검색",한국산업공구보감최신판,PC,1,0,0,0,3,0,0,0,0
"쇼핑검색",한국산업공구카탈로그,PC,1,0,0,0,6,0,0,0,0
"쇼핑검색",한국시리즈,모바일,2,0,0,0,1,0,0,0,0
"쇼핑검색",한국시리즈사용구,PC,2,0,0,0,1,0,0,0,0
"쇼핑검색",한국요꼬가와전기,모바일,2,0,0,0,2,0,0,0,0
"쇼핑검색",한국제이에스씨스텍,PC,42,0,0,0,3.5,0,0,0,0
"쇼핑검색",한국제품,모바일,2,0,0,0,31.5,0,0,0,0
"쇼핑검색",한국지원,모바일,2,0,0,0,11,0,0,0,0
"쇼핑검색",한국콘센트,PC,171,0,0,0,1.2,0,0,0,0
"쇼핑검색",한국콘센트,모바일,"1,330",0,0,0,1.2,0,0,0,0
"쇼핑검색",한국콘센트굵기,모바일,2,0,0,0,1.5,0,0,0,0
"쇼핑검색",한국콘센트전압,모바일,1,0,0,0,2,0,0,0,0
"쇼핑검색",한국콘센트플러그,PC,1,0,0,0,3,0,0,0,0
"쇼핑검색",한국콘센트플러그,모바일,1,0,0,0,3,0,0,0,0
"쇼핑검색",한국통신,모바일,1,0,0,0,2,0,0,0,0
"쇼핑검색",한영넉스DX9,모바일,1,0,0,0,10,0,0,0,0
"쇼핑검색",호텔키텍,모바일,2,0,0,0,10,0,0,0,0
"쇼핑검색",화면연속터치장비,모바일,1,0,0,0,1,0,0,0,0
"쇼핑검색",후타바터치패널,모바일,2,0,0,0,18.5,0,0,0,0
"쇼핑검색",히터컨트롤,모바일,3,0,0,0,6,0,0,0,0
