﻿"쇼핑검색보고서(2025.06.01.~2025.06.30.),kh1202:naver"
"캠페인유형",검색어,PC/모바일 매체,노출수,클릭수,"평균클릭비용(VAT포함,원)","총비용(VAT포함,원)",평균노출순위,방문당 평균페이지뷰,방문당 평균체류시간(초),전환수,전환매출액(원)
"파워링크",건강원에다슬기팔기,모바일,2,0,0,0,3,0,0,0,0
"파워링크",구슬다슬기,모바일,1,0,0,0,2,0,0,0,0
"파워링크",국내산깐다슬기,모바일,1,0,0,0,4,0,0,0,0
"파워링크",국내산다슬기,PC,3,1,429,429,2,1,0,0,0
"파워링크",국내산다슬기,모바일,29,2,886,"1,771",1.4,1.25,6.5,0,0
"파워링크",국내산다슬기국,모바일,3,0,0,0,3.7,0,0,0,0
"파워링크",국내산다슬기기름,PC,1,0,0,0,1,0,0,0,0
"파워링크",국내산다슬기파는곳,모바일,1,0,0,0,3,0,0,0,0
"파워링크",국내산생다슬기,모바일,2,0,0,0,3,0,0,0,0
"파워링크",국내산직접잡은깐다슬기생다슬기올갱이,모바일,1,0,0,0,1,0,0,0,0
"파워링크",국산깐다슬기,모바일,3,0,0,0,3.7,0,0,0,0
"파워링크",국산냉동다슬기,모바일,1,0,0,0,2,0,0,0,0
"파워링크",국산다슬기,PC,10,2,946,"1,892",1.9,1.5,27.13,0,0
"파워링크",국산다슬기,모바일,77,11,"1,530","16,830",2.1,1.81,13.72,0,0
"파워링크",국산다슬기3KG가격,모바일,1,0,0,0,2,0,0,0,0
"파워링크",국산다슬기국,PC,1,0,0,0,5,0,0,0,0
"파워링크",국산다슬기국,모바일,1,0,0,0,4,0,0,0,0
"파워링크",국산생다슬기,모바일,1,0,0,0,3,0,0,0,0
"파워링크",국산생다슬기구매하기,모바일,1,0,0,0,1,0,0,0,0
"파워링크",근처다슬기있는곳,모바일,3,0,0,0,1,0,0,0,0
"파워링크",금강다슬기,PC,2,0,0,0,2.5,0,0,0,0
"파워링크",금강다슬기,모바일,21,0,0,0,2,0,0,0,0
"파워링크",금강다슬기기름,모바일,1,1,231,231,1,1.67,42.33,0,0
"파워링크",금강다슬기많은곳,PC,1,0,0,0,1,0,0,0,0
"파워링크",금강다슬기많은곳,모바일,2,0,0,0,2,0,0,0,0
"파워링크",금강다슬기잡는곳,모바일,3,0,0,0,2.7,0,0,0,0
"파워링크",금강올갱이.다슬기,모바일,1,0,0,0,1,0,0,0,0
"파워링크",금강향수,PC,3,2,72,143,1,1.33,7.33,0,0
"파워링크",금강향수,모바일,9,0,0,0,1.9,0,0,0,0
"파워링크",금강향수다슬기,PC,2,1,77,77,1,6,75,0,0
"파워링크",금강향수다슬기,모바일,20,2,77,154,1.1,1.33,11.33,0,0
"파워링크",금강향수다슬기길찾기,모바일,1,0,0,0,1,0,0,0,0
"파워링크",금강향수올갱이,모바일,1,0,0,0,1,0,0,0,0
"파워링크",금산다슬기잡는곳,모바일,2,0,0,0,1.5,0,0,0,0
"파워링크",깐다슬기,PC,71,1,220,220,3,1,0,0,0
"파워링크",깐다슬기,모바일,314,8,740,"5,918",3.3,1.53,16.76,0,0
"파워링크",깐다슬기200G,PC,2,1,77,77,3.5,1,0,0,0
"파워링크",깐다슬기200G,모바일,12,0,0,0,2,0,0,0,0
"파워링크",나주다슬기잡는곳,모바일,1,0,0,0,1,0,0,0,0
"파워링크",다슬기,PC,"4,127",44,"1,520","66,880",2,1.42,16.78,0,0
"파워링크",다슬기,모바일,"6,244",433,741,"320,639",2.4,1.44,11.07,5,"202,000"
"파워링크",다슬기.판매,모바일,2,0,0,0,1.5,0,0,0,0
"파워링크",다슬기.효능,모바일,3,0,0,0,2.3,0,0,0,0
"파워링크",다슬기200G,모바일,2,0,0,0,3,0,0,0,0
"파워링크",다슬기2KG,PC,1,0,0,0,3,0,0,0,0
"파워링크",다슬기2KG,모바일,2,0,0,0,3,0,0,0,0
"파워링크",다슬기3KG,모바일,3,0,0,0,2.3,0,0,0,0
"파워링크",다슬기3KG가격,모바일,2,0,0,0,1,0,0,0,0
"파워링크",다슬기5KG,PC,1,0,0,0,3,0,0,0,0
"파워링크",다슬기가격,PC,25,1,935,935,2.2,1,0,0,0
"파워링크",다슬기가격,모바일,174,21,719,"15,103",2.8,1.41,11.33,0,0
"파워링크",다슬기가올갱이,모바일,1,0,0,0,2,0,0,0,0
"파워링크",다슬기구매,PC,6,0,0,0,3,0,0,0,0
"파워링크",다슬기구매,모바일,11,1,748,748,2.2,1.8,32.6,1,"44,000"
"파워링크",다슬기구입,PC,3,1,363,363,4,1.5,19.5,0,0
"파워링크",다슬기구입,모바일,5,1,319,319,3.8,3,47.67,0,0
"파워링크",다슬기국,PC,143,1,649,649,1.5,1,0,0,0
"파워링크",다슬기국,모바일,674,9,941,"8,470",1.8,1.1,4.4,0,0
"파워링크",다슬기국물,PC,1,0,0,0,9,0,0,0,0
"파워링크",다슬기국물,모바일,7,1,407,407,2.4,5,275.5,0,0
"파워링크",다슬기국물효능,모바일,1,0,0,0,1,0,0,0,0
"파워링크",다슬기국산냉동,PC,1,0,0,0,2,2,40,0,0
"파워링크",다슬기국재료,모바일,3,0,0,0,1.7,0,0,0,0
"파워링크",다슬기국판매,PC,1,1,429,429,2,2,56,0,0
"파워링크",다슬기국효능,PC,3,0,0,0,4,0,0,0,0
"파워링크",다슬기국효능,모바일,3,0,0,0,2.7,0,0,0,0
"파워링크",다슬기기름,PC,34,0,0,0,5.5,0,0,0,0
"파워링크",다슬기기름,모바일,407,10,"2,874","28,743",2.8,1.4,11.68,0,0
"파워링크",다슬기기름가격,모바일,65,5,"1,346","6,732",2.8,1.14,7.57,0,0
"파워링크",다슬기기름파는곳,PC,2,0,0,0,2,0,0,0,0
"파워링크",다슬기기름파는곳,모바일,60,1,"1,628","1,628",3.1,0,0,0,0
"파워링크",다슬기기름판매,모바일,1,0,0,0,2,0,0,0,0
"파워링크",다슬기기름효능,PC,20,0,0,0,2.5,0,0,0,0
"파워링크",다슬기기름효능,모바일,132,6,"2,017","12,100",1,1.13,12.5,0,0
"파워링크",다슬기까는방법,모바일,1,0,0,0,4,0,0,0,0
"파워링크",다슬기농축액,모바일,4,0,0,0,3.8,0,0,0,0
"파워링크",다슬기랑올갱이,모바일,1,0,0,0,3,0,0,0,0
"파워링크",다슬기많이나는곳,모바일,2,0,0,0,1,0,0,0,0
"파워링크",다슬기많이나온곳,모바일,3,1,77,77,1,1.33,2,0,0
"파워링크",다슬기많이잡히는곳,PC,1,0,0,0,1,0,0,0,0
"파워링크",다슬기맑은국,PC,1,0,0,0,1,0,0,0,0
"파워링크",다슬기맑은국,모바일,3,0,0,0,1,0,0,0,0
"파워링크",다슬기맑은국물,모바일,1,0,0,0,1,0,0,0,0
"파워링크",다슬기맛있게삶는법,모바일,2,0,0,0,2,0,0,0,0
"파워링크",다슬기매입,모바일,9,0,0,0,1,0,0,0,0
"파워링크",다슬기매입합니다,모바일,1,0,0,0,2,0,0,0,0
"파워링크",다슬기물효과,모바일,1,0,0,0,2,0,0,0,0
"파워링크",다슬기사는곳,PC,5,0,0,0,2.6,0,0,0,0
"파워링크",다슬기사는곳,모바일,35,0,0,0,2.7,0,0,0,0
"파워링크",다슬기사는곳1급수,모바일,1,0,0,0,3,0,0,0,0
"파워링크",다슬기삶기,모바일,8,0,0,0,3,0,0,0,0
"파워링크",다슬기삶는법,PC,89,0,0,0,6.3,0,0,0,0
"파워링크",다슬기삶는법,모바일,377,6,171,"1,023",3.4,1,0,0,0
"파워링크",다슬기삶는시간,모바일,22,0,0,0,2.3,0,0,0,0
"파워링크",다슬기삶은물,모바일,4,0,0,0,2.8,0,0,0,0
"파워링크",다슬기삶은물먹는법,모바일,1,0,0,0,1,0,0,0,0
"파워링크",다슬기삶은즙,모바일,1,0,0,0,3,0,0,0,0
"파워링크",다슬기삶을때,모바일,2,0,0,0,3,0,0,0,0
"파워링크",다슬기수,모바일,1,0,0,0,2,0,0,0,0
"파워링크",다슬기시세,PC,3,0,0,0,2.3,0,0,0,0
"파워링크",다슬기시세,모바일,11,1,616,616,2.9,1.5,22,0,0
"파워링크",다슬기액,모바일,5,0,0,0,1.8,0,0,0,0
"파워링크",다슬기액기스,PC,12,1,"1,793","1,793",3.4,2,53,0,0
"파워링크",다슬기액기스,모바일,109,3,"2,644","7,931",3.4,1.38,27.88,0,0
"파워링크",다슬기액기스가격,PC,1,0,0,0,10,0,0,0,0
"파워링크",다슬기액기스효과,PC,1,0,0,0,3,0,0,0,0
"파워링크",다슬기액기스효과,모바일,3,0,0,0,3.7,0,0,0,0
"파워링크",다슬기액기스효능,PC,3,0,0,0,2,0,0,0,0
"파워링크",다슬기액기스효능,모바일,22,0,0,0,3.9,0,0,0,0
"파워링크",다슬기엑기스,PC,26,0,0,0,3,1,0,0,0
"파워링크",다슬기엑기스,모바일,27,3,"3,168","9,504",3.6,1.25,5.25,0,0
"파워링크",다슬기엑기스가격,PC,1,1,77,77,7,1,0,0,0
"파워링크",다슬기엑기스가격,모바일,29,3,891,"2,673",2.2,1,0,0,0
"파워링크",다슬기엑기스효능,PC,6,0,0,0,1.7,0,0,0,0
"파워링크",다슬기엑기스효능,모바일,49,3,"1,632","4,895",3,1.25,2.5,0,0
"파워링크",다슬기올갱이,PC,23,0,0,0,3.2,0,0,0,0
"파워링크",다슬기올갱이,모바일,67,0,0,0,3.2,0,0,0,0
"파워링크",다슬기와올갱이,모바일,2,0,0,0,2.5,0,0,0,0
"파워링크",다슬기요리,PC,81,1,220,220,2.7,1,0,0,0
"파워링크",다슬기요리,모바일,379,3,396,"1,188",2.6,3,141.75,0,0
"파워링크",다슬기원액,PC,4,0,0,0,2.8,0,0,0,0
"파워링크",다슬기원액,모바일,7,0,0,0,3,0,0,0,0
"파워링크",다슬기원액효능,모바일,2,0,0,0,3.5,0,0,0,0
"파워링크",다슬기육수,PC,11,0,0,0,3.7,0,0,0,0
"파워링크",다슬기육수,모바일,21,0,0,0,1.5,0,0,0,0
"파워링크",다슬기의국물효능,모바일,1,0,0,0,1,0,0,0,0
"파워링크",다슬기의효능,PC,87,4,677,"2,706",3,1.5,87.75,0,0
"파워링크",다슬기의효능,모바일,"1,285",59,805,"47,520",3,1.35,11.62,0,0
"파워링크",다슬기있는곳,모바일,5,0,0,0,2.4,0,0,0,0
"파워링크",다슬기있는지역,모바일,1,0,0,0,2,0,0,0,0
"파워링크",다슬기자라는곳,모바일,1,0,0,0,1,0,0,0,0
"파워링크",다슬기잡는거,모바일,2,0,0,0,3,0,0,0,0
"파워링크",다슬기잡는곳,모바일,1,0,0,0,2,0,0,0,0
"파워링크",다슬기잡는곳금강,모바일,1,0,0,0,3,0,0,0,0
"파워링크",다슬기잡아서판매,모바일,1,0,0,0,2,0,0,0,0
"파워링크",다슬기전문점,PC,1,0,0,0,3,0,0,0,0
"파워링크",다슬기전문점,모바일,2,0,0,0,2.5,0,0,0,0
"파워링크",다슬기전통엑기스,모바일,1,0,0,0,3,0,0,0,0
"파워링크",다슬기즙,PC,134,4,"3,402","13,607",2.4,1.2,6.4,0,0
"파워링크",다슬기즙,모바일,300,10,"2,335","23,353",3.5,1.55,102.85,0,0
"파워링크",다슬기즙가격,PC,7,0,0,0,2.7,0,0,0,0
"파워링크",다슬기즙가격,모바일,35,1,"1,133","1,133",2.8,1,0,0,0
"파워링크",다슬기즙얼마?,모바일,1,0,0,0,2,0,0,0,0
"파워링크",다슬기즙의효능,PC,2,0,0,0,7.5,0,0,0,0
"파워링크",다슬기즙의효능,모바일,2,0,0,0,2.5,0,0,0,0
"파워링크",다슬기즙판매,모바일,2,0,0,0,2,0,0,0,0
"파워링크",다슬기즙효능,PC,34,1,836,836,3.4,1,0,0,0
"파워링크",다슬기즙효능,모바일,221,2,616,"1,232",3,1.33,1.67,0,0
"파워링크",다슬기진액,PC,22,1,"1,859","1,859",2.1,0,0,0,0
"파워링크",다슬기진액,모바일,77,6,"2,644","15,862",1.7,1.6,13.55,2,"216,000"
"파워링크",다슬기진액가격,모바일,9,0,0,0,2.9,0,0,0,0
"파워링크",다슬기진액요리,모바일,1,0,0,0,3,0,0,0,0
"파워링크",다슬기진액효능,PC,4,0,0,0,2,0,0,0,0
"파워링크",다슬기진액효능,모바일,53,4,259,"1,034",3.4,1.17,4.33,0,0
"파워링크",다슬기쯤효능,모바일,1,0,0,0,2,0,0,0,0
"파워링크",다슬기탕,PC,151,1,264,264,1.2,1,0,0,0
"파워링크",다슬기탕,모바일,644,8,518,"4,147",2.3,1.13,0.38,0,0
"파워링크",다슬기탕삶기,모바일,1,0,0,0,2,0,0,0,0
"파워링크",다슬기파는곳,PC,5,1,"1,045","1,045",2.4,2,12,0,0
"파워링크",다슬기파는곳,모바일,72,20,"1,241","24,827",1.1,1.45,20.26,0,0
"파워링크",다슬기판매,PC,37,3,950,"2,849",3,2,41.4,0,0
"파워링크",다슬기판매,모바일,117,23,850,"19,558",2,1.36,15.24,0,0
"파워링크",다슬기판매점,PC,1,0,0,0,3,0,0,0,0
"파워링크",다슬기판매점,모바일,6,0,0,0,2.3,0,0,0,0
"파워링크",다슬기판매처,모바일,2,0,0,0,3.5,0,0,0,0
"파워링크",다슬기판매하는곳,모바일,3,0,0,0,3.7,0,0,0,0
"파워링크",다슬기팔기,모바일,7,0,0,0,1.9,0,0,0,0
"파워링크",다슬기팔수있는곳,모바일,1,0,0,0,3,0,0,0,0
"파워링크",다슬기팝니다,PC,1,0,0,0,5,0,0,0,0
"파워링크",다슬기효과,PC,1,0,0,0,4,0,0,0,0
"파워링크",다슬기효과,모바일,5,0,0,0,2,0,0,0,0
"파워링크",다슬기효능,PC,107,1,781,781,3,1,0,0,0
"파워링크",다슬기효능,모바일,454,11,310,"3,410",3.5,1.15,8.92,0,0
"파워링크",다슬기효능?,모바일,1,0,0,0,1,0,0,0,0
"파워링크",대전다슬기잡는곳,모바일,1,0,0,0,1,0,0,0,0
"파워링크",뚝방다슬기,모바일,2,0,0,0,2,0,0,0,0
"파워링크",민물고기,PC,341,0,0,0,4,0,0,0,0
"파워링크",민물고기,모바일,783,2,264,528,3,1.33,23,0,0
"파워링크",민물고기육수,모바일,1,0,0,0,1,0,0,0,0
"파워링크",민물다슬기,PC,25,2,990,"1,980",2,1,0,0,0
"파워링크",민물다슬기,모바일,308,31,871,"27,016",1.8,1.5,15.83,1,"110,000"
"파워링크",민물다슬기가격,모바일,3,0,0,0,1.7,0,0,0,0
"파워링크",민물다슬기기름,모바일,1,0,0,0,3,1,0,0,0
"파워링크",민물다슬기맛,모바일,1,0,0,0,2,0,0,0,0
"파워링크",민물다슬기매입,모바일,2,0,0,0,2.5,0,0,0,0
"파워링크",민물다슬기요리,모바일,5,0,0,0,3,0,0,0,0
"파워링크",민물다슬기잡기,모바일,1,0,0,0,3,0,0,0,0
"파워링크",민물다슬기즙,모바일,1,0,0,0,4,0,0,0,0
"파워링크",민물다슬기채취,모바일,1,0,0,0,2,0,0,0,0
"파워링크",민물다슬기탕,모바일,1,1,396,396,2,1,0,0,0
"파워링크",민물다슬기효능,PC,1,0,0,0,3,0,0,0,0
"파워링크",민물다슬기효능,모바일,15,0,0,0,3.3,0,0,0,0
"파워링크",민물생다슬기삶는방법,모바일,1,0,0,0,2,0,0,0,0
"파워링크",민물올갱이삶기,모바일,2,0,0,0,2.5,0,0,0,0
"파워링크",민물올갱이효능,모바일,1,0,0,0,2,0,0,0,0
"파워링크",보령다슬기잡는곳,모바일,1,0,0,0,1,0,0,0,0
"파워링크",살아있는다슬기구입,PC,1,0,0,0,3,0,0,0,0
"파워링크",삶은다슬기,PC,3,0,0,0,2.3,0,0,0,0
"파워링크",삶은다슬기,모바일,4,0,0,0,1.3,0,0,0,0
"파워링크",생다슬기,PC,82,7,"1,095","7,667",2.1,1.38,8.5,0,0
"파워링크",생다슬기,모바일,334,42,"1,153","48,444",1,1.45,8.72,1,"66,000"
"파워링크",생다슬기5KG,PC,1,0,0,0,1,0,0,0,0
"파워링크",생다슬기가격,PC,1,0,0,0,8,0,0,0,0
"파워링크",생다슬기가격,모바일,9,1,374,374,2.4,0,0,0,0
"파워링크",생다슬기진액,PC,1,0,0,0,2,0,0,0,0
"파워링크",생다슬기파는곳,모바일,1,0,0,0,4,0,0,0,0
"파워링크",생다슬기판매,모바일,1,0,0,0,1,0,0,0,0
"파워링크",서산다슬기잡는곳,모바일,1,0,0,0,1,0,0,0,0
"파워링크",약다슬기,모바일,16,0,0,0,2.1,0,0,0,0
"파워링크",옥천다슬기잡는곳,모바일,4,0,0,0,1.8,0,0,0,0
"파워링크",올갱이,PC,387,14,911,"12,749",1.3,1.27,7.4,0,0
"파워링크",올갱이,모바일,"2,474",134,776,"104,027",1.5,1.33,8.55,1,"33,000"
"파워링크",올갱이국,PC,187,1,253,253,2.1,1,0,0,0
"파워링크",올갱이국,모바일,769,8,329,"2,629",2,1.25,14.75,0,0
"파워링크",올갱이다슬기,PC,40,2,451,902,1.1,1.8,52.6,0,0
"파워링크",올갱이다슬기,모바일,293,12,381,"4,576",1.9,1.5,16.58,1,"110,000"
"파워링크",올갱이다슬기효능,PC,1,0,0,0,3,0,0,0,0
"파워링크",올갱이삶기,모바일,8,0,0,0,1,0,0,0,0
"파워링크",올갱이삶는방법,모바일,3,0,0,0,2.3,0,0,0,0
"파워링크",올갱이액기스,PC,1,0,0,0,2,0,0,0,0
"파워링크",올갱이액기스,모바일,5,0,0,0,2.2,0,0,0,0
"파워링크",올갱이액기스효능,모바일,1,0,0,0,3,0,0,0,0
"파워링크",올갱이엑기스효능,모바일,2,0,0,0,2.5,0,0,0,0
"파워링크",올갱이잡기,PC,1,0,0,0,2,0,0,0,0
"파워링크",올갱이잡을곳,모바일,1,0,0,0,2,0,0,0,0
"파워링크",올갱이즙,PC,19,1,836,836,2.2,1,0,0,0
"파워링크",올갱이즙,모바일,69,2,974,"1,947",2.8,1.33,44.33,0,0
"파워링크",올갱이즙효능,모바일,1,0,0,0,4,0,0,0,0
"파워링크",올갱이판매,PC,2,0,0,0,7,0,0,0,0
"파워링크",올갱이판매,모바일,2,0,0,0,3,0,0,0,0
"파워링크",올갱이효능,PC,24,1,407,407,2.5,1,0,0,0
"파워링크",올갱이효능,모바일,105,3,147,440,3.3,1.25,5,0,0
"파워링크",우리강다슬기,모바일,3,0,0,0,1.3,0,0,0,0
"파워링크",육수용다슬기,모바일,2,0,0,0,4,0,0,0,0
"파워링크",자연나라깐다슬기,모바일,1,0,0,0,2,0,0,0,0
"파워링크",자연산깐다슬기200G,모바일,1,0,0,0,2,0,0,0,0
"파워링크",자연산다슬기,PC,10,0,0,0,2.8,0,0,0,0
"파워링크",자연산다슬기,모바일,50,8,"1,049","8,393",1.8,1.75,57.5,0,0
"파워링크",자연산생다슬기,PC,2,0,0,0,3.5,0,0,0,0
"파워링크",자연산생다슬기,모바일,22,0,0,0,2.9,0,0,0,0
"파워링크",지리산다슬기잡는곳,모바일,1,0,0,0,1,0,0,0,0
"파워링크",직접잡아온다슬기,모바일,1,0,0,0,2,0,0,0,0
"파워링크",진천다슬기잡는곳,모바일,1,0,0,0,1,0,0,0,0
"파워링크",채취다슬기요리,모바일,1,0,0,0,1,0,0,0,0
"쇼핑검색","#국산우렁이살",모바일,1,0,0,0,11,0,0,0,0
"쇼핑검색",-,PC,92,7,140,979,3.1,1.17,16,0,0
"쇼핑검색",-,모바일,272,21,123,"2,585",1.9,1.17,31.8,1,"40,000"
"쇼핑검색",1급수다슬기,PC,1,0,0,0,2,0,0,0,0
"쇼핑검색",1급수다슬기,모바일,15,0,0,0,2.4,0,0,0,0
"쇼핑검색",200G60대생다슬기,모바일,1,0,0,0,2,0,0,0,0
"쇼핑검색",200G깐다슬기,모바일,1,0,0,0,3,0,0,0,0
"쇼핑검색",200G생다슬기수산물,모바일,1,0,0,0,3,0,0,0,0
"쇼핑검색",200G생다슬기식품,모바일,1,0,0,0,3,0,0,0,0
"쇼핑검색",200G생다슬기어패류,모바일,1,0,0,0,3,0,0,0,0
"쇼핑검색",200G생다슬기해산물,모바일,1,0,0,0,3,0,0,0,0
"쇼핑검색",200G수산물생다슬기,모바일,1,0,0,0,3,0,0,0,0
"쇼핑검색",200G식품생다슬기,모바일,1,0,0,0,3,0,0,0,0
"쇼핑검색",200G어패류생다슬기,모바일,1,0,0,0,3,0,0,0,0
"쇼핑검색",200G올갱이다슬기,모바일,2,0,0,0,3,0,0,0,0
"쇼핑검색",200G해산물생다슬기,모바일,1,0,0,0,3,0,0,0,0
"쇼핑검색",2025년다슬기가격,모바일,1,0,0,0,1,0,0,0,0
"쇼핑검색",2025년도생물다슬기,모바일,1,0,0,0,3,0,0,0,0
"쇼핑검색",2025년올갱이시세,모바일,1,0,0,0,2,0,0,0,0
"쇼핑검색",2025올갱이값,모바일,1,0,0,0,3,0,0,0,0
"쇼핑검색",25년도다슬기축제,모바일,1,0,0,0,3,0,0,0,0
"쇼핑검색",25년산다슬기,모바일,1,0,0,0,2,0,0,0,0
"쇼핑검색",25년생다슬기도매가,모바일,1,0,0,0,3,0,0,0,0
"쇼핑검색",25년생다슬기도매가판매처,모바일,1,1,418,418,3,1,0,0,0
"쇼핑검색",40대자연산생다슬기,모바일,1,0,0,0,2,0,0,0,0
"쇼핑검색",50대자연산생다슬기,모바일,1,0,0,0,2,0,0,0,0
"쇼핑검색",60대자연산생다슬기,모바일,1,0,0,0,2,0,0,0,0
"쇼핑검색",6시내고향금강향수올갱이,PC,1,0,0,0,1,0,0,0,0
"쇼핑검색",6시내고향금강향수올갱이,모바일,2,0,0,0,1,0,0,0,0
"쇼핑검색",6시내고향다슬기옥천,모바일,1,0,0,0,2,0,0,0,0
"쇼핑검색",6시내고향옥천금강향수올갱이,모바일,2,0,0,0,1,0,0,0,0
"쇼핑검색",6시내고향옥천다슬기,모바일,2,0,0,0,2,0,0,0,0
"쇼핑검색",6시내고향옥천다슬기010-,PC,1,0,0,0,3,0,0,0,0
"쇼핑검색",6월제철갑각류,모바일,1,0,0,0,1,0,0,0,0
"쇼핑검색",6월제철음식,모바일,1,0,0,0,3,0,0,0,0
"쇼핑검색",6월제철해물,모바일,1,0,0,0,3,0,0,0,0
"쇼핑검색",6월해산물제철,모바일,1,0,0,0,12,0,0,0,0
"쇼핑검색",7월해물이제철,모바일,1,0,0,0,3,0,0,0,0
"쇼핑검색",SBS제철소장다슬기,모바일,1,0,0,0,1,0,0,0,0
"쇼핑검색",SBS제철소장영월다슬기,모바일,1,0,0,0,1,0,0,0,0
"쇼핑검색",[깐다슬기살,PC,1,0,0,0,3,0,0,0,0
"쇼핑검색",가평다슬기도소매,모바일,1,0,0,0,2,0,0,0,0
"쇼핑검색",간에좋은해산물,모바일,3,0,0,0,1.7,0,0,0,0
"쇼핑검색",강다슬기냇가다슬기,모바일,1,1,418,418,3,1,0,0,0
"쇼핑검색",강원도다슬기,PC,1,0,0,0,1,0,0,0,0
"쇼핑검색",강원도다슬기,모바일,10,0,0,0,5.6,0,0,0,0
"쇼핑검색",강원도다슬기파는곳,모바일,1,0,0,0,2,0,0,0,0
"쇼핑검색",강원도산지,모바일,1,0,0,0,4,0,0,0,0
"쇼핑검색",강원도영월다슬기,모바일,1,0,0,0,4,0,0,0,0
"쇼핑검색",강원도주천다슬기,모바일,1,0,0,0,4,0,0,0,0
"쇼핑검색",강원도평창올갱이,모바일,1,0,0,0,4,0,0,0,0
"쇼핑검색",개구리양식,모바일,2,0,0,0,9.5,0,0,0,0
"쇼핑검색",개구리양식허가,모바일,1,0,0,0,10,0,0,0,0
"쇼핑검색",개불,모바일,44,0,0,0,8.9,0,0,0,0
"쇼핑검색",갯고동,PC,7,0,0,0,1.6,0,0,0,0
"쇼핑검색",갯고동,모바일,84,1,506,506,7.2,1,0,0,0
"쇼핑검색",갯고동1KG,모바일,1,0,0,0,1,0,0,0,0
"쇼핑검색",갯고동다슬기,모바일,1,0,0,0,8,0,0,0,0
"쇼핑검색",갯고동손질,모바일,1,0,0,0,14,0,0,0,0
"쇼핑검색",갯고동파는곳,모바일,1,0,0,0,3,0,0,0,0
"쇼핑검색",갯고둥,PC,2,0,0,0,1,0,0,0,0
"쇼핑검색",갯고둥,모바일,9,0,0,0,7,0,0,0,0
"쇼핑검색",거북손,PC,2,0,0,0,4.5,0,0,0,0
"쇼핑검색",거북손,모바일,74,0,0,0,10.5,0,0,0,0
"쇼핑검색",거북손파는곳,모바일,5,0,0,0,11,0,0,0,0
"쇼핑검색",거제도보말고동,모바일,1,0,0,0,12,0,0,0,0
"쇼핑검색",거창시장생다슬기파는곳,모바일,1,0,0,0,2,0,0,0,0
"쇼핑검색",건조다슬기,모바일,1,0,0,0,2,0,0,0,0
"쇼핑검색",경기권생다슬기사는곳,PC,1,0,0,0,2,0,0,0,0
"쇼핑검색",경기도권다슬기,모바일,1,0,0,0,2,0,0,0,0
"쇼핑검색",경동시장민물다슬기,모바일,1,0,0,0,1,0,0,0,0
"쇼핑검색",경동시장생다슬기파는곳,모바일,1,0,0,0,2,0,0,0,0
"쇼핑검색",경동시장자연산다슬기가격1키로얼마가요,모바일,1,0,0,0,10,0,0,0,0
"쇼핑검색",고기40대생다슬기,모바일,1,0,0,0,2,0,0,0,0
"쇼핑검색",고기50대생다슬기,모바일,1,0,0,0,2,0,0,0,0
"쇼핑검색",고니알,모바일,1,0,0,0,15,0,0,0,0
"쇼핑검색",고동,PC,3,1,165,165,1.3,1,0,0,0
"쇼핑검색",고동,모바일,115,0,0,0,9.3,0,0,0,0
"쇼핑검색",고동1KG,모바일,1,0,0,0,11,0,0,0,0
"쇼핑검색",고동6월에먹어도되나요,모바일,1,0,0,0,10,0,0,0,0
"쇼핑검색",고동유사해산물효능,모바일,1,0,0,0,1,0,0,0,0
"쇼핑검색",고동파는곳,모바일,2,0,0,0,10.5,0,0,0,0
"쇼핑검색",고둥,PC,2,0,0,0,1,0,0,0,0
"쇼핑검색",고둥,모바일,32,1,550,550,11.4,1,0,0,0
"쇼핑검색",고디,PC,1,0,0,0,1,0,0,0,0
"쇼핑검색",고디,모바일,76,1,176,176,4.1,1,0,0,0
"쇼핑검색",고디가격,모바일,2,0,0,0,5,0,0,0,0
"쇼핑검색",고디다슬기,모바일,1,0,0,0,8,0,0,0,0
"쇼핑검색",고디몸에좋은생다슬기,모바일,1,0,0,0,2,0,0,0,0
"쇼핑검색",고디생다슬기수산물,모바일,1,0,0,0,2,0,0,0,0
"쇼핑검색",고디생다슬기식품,모바일,1,0,0,0,2,0,0,0,0
"쇼핑검색",고디생다슬기어패류,모바일,1,0,0,0,2,0,0,0,0
"쇼핑검색",고디생다슬기해산물,모바일,1,0,0,0,2,0,0,0,0
"쇼핑검색",고디수산물생다슬기,모바일,1,0,0,0,2,0,0,0,0
"쇼핑검색",고디식품생다슬기,모바일,1,0,0,0,2,0,0,0,0
"쇼핑검색",고디싱싱함생다슬기,모바일,1,0,0,0,2,0,0,0,0
"쇼핑검색",고디어패류생다슬기,모바일,1,0,0,0,2,0,0,0,0
"쇼핑검색",고디올갱이,모바일,1,0,0,0,11,0,0,0,0
"쇼핑검색",고디파는곳,모바일,1,0,0,0,1,0,0,0,0
"쇼핑검색",고디해산물생다슬기,모바일,1,0,0,0,2,0,0,0,0
"쇼핑검색",곳체다슬기,모바일,1,0,0,0,1,0,0,0,0
"쇼핑검색",곳체다슬기먹어도되나,모바일,1,0,0,0,2,0,0,0,0
"쇼핑검색",관자홍합새우믹스,모바일,1,0,0,0,13,0,0,0,0
"쇼핑검색",광명시장다슬기,모바일,1,0,0,0,3,0,0,0,0
"쇼핑검색",광주광역시생다슬기판매,PC,1,0,0,0,2,0,0,0,0
"쇼핑검색",광주시장생다슬기,PC,1,0,0,0,2,0,0,0,0
"쇼핑검색",괴산다슬기파는곳,모바일,2,0,0,0,2.5,0,0,0,0
"쇼핑검색",괴산생다슬기,PC,1,0,0,0,1,0,0,0,0
"쇼핑검색",괴산생다슬기잡기,모바일,1,0,0,0,2,0,0,0,0
"쇼핑검색",괴산장날깐올갱이,모바일,1,0,0,0,5,0,0,0,0
"쇼핑검색",구리농수산물시장생다슬기,모바일,1,0,0,0,1,0,0,0,0
"쇼핑검색",구슬알다슬기,모바일,1,0,0,0,1,0,0,0,0
"쇼핑검색",구포시장갯고동,모바일,1,0,0,0,11,0,0,0,0
"쇼핑검색",구포시장다슬기,모바일,1,1,55,55,2,1,0,0,0
"쇼핑검색",국내산고동,모바일,1,0,0,0,10,0,0,0,0
"쇼핑검색",국내산깐다슬기,모바일,2,0,0,0,5,0,0,0,0
"쇼핑검색",국내산냉동자숙우렁살,모바일,1,0,0,0,10,0,0,0,0
"쇼핑검색",국내산논우렁,모바일,1,0,0,0,13,0,0,0,0
"쇼핑검색",국내산다슬기,모바일,11,0,0,0,4.1,0,0,0,0
"쇼핑검색",국내산다슬기파는곳,모바일,2,0,0,0,2.5,0,0,0,0
"쇼핑검색",국내산생다슬기,모바일,1,0,0,0,3,0,0,0,0
"쇼핑검색",국내산생다슬기파는곳,모바일,1,0,0,0,2,0,0,0,0
"쇼핑검색",국내산생물다슬기,모바일,1,0,0,0,2,0,0,0,0
"쇼핑검색",국내산손질해물모듬,모바일,1,0,0,0,10,0,0,0,0
"쇼핑검색",국내산올갱이,모바일,1,0,0,0,3,0,0,0,0
"쇼핑검색",국내산우렁이,모바일,3,0,0,0,10.7,0,0,0,0
"쇼핑검색",국내산우렁이살,모바일,1,0,0,0,10,0,0,0,0
"쇼핑검색",국내산우렁이파는곳,모바일,1,0,0,0,9,0,0,0,0
"쇼핑검색",국산갯고동,모바일,1,0,0,0,1,0,0,0,0
"쇼핑검색",국산고디,모바일,2,0,0,0,1,0,0,0,0
"쇼핑검색",국산깐다슬기,모바일,3,0,0,0,5.3,0,0,0,0
"쇼핑검색",국산깐올갱이,모바일,1,0,0,0,8,0,0,0,0
"쇼핑검색",국산냉동다슬기,모바일,1,0,0,0,3,0,0,0,0
"쇼핑검색",국산논우렁가격,모바일,1,0,0,0,9,0,0,0,0
"쇼핑검색",국산논우렁이,모바일,1,0,0,0,10,0,0,0,0
"쇼핑검색",국산다슬기,모바일,44,1,121,121,4.7,1,0,0,0
"쇼핑검색",국산다슬기가격,모바일,4,0,0,0,3,0,0,0,0
"쇼핑검색",국산다슬기구입,모바일,2,0,0,0,3,0,0,0,0
"쇼핑검색",국산다슬기생물,모바일,1,0,0,0,2,0,0,0,0
"쇼핑검색",국산다슬기중국산다슬기,모바일,1,0,0,0,2,0,0,0,0
"쇼핑검색",국산다슬기파는곳,모바일,6,0,0,0,4.3,0,0,0,0
"쇼핑검색",국산다슬기판매처,모바일,2,0,0,0,8.5,0,0,0,0
"쇼핑검색",국산다슬기판매하는곳,모바일,1,0,0,0,3,0,0,0,0
"쇼핑검색",국산생다슬기,모바일,5,1,330,330,1.6,1,0,0,0
"쇼핑검색",국산생물다슬기,모바일,2,1,297,297,1.5,1,0,0,0
"쇼핑검색",국산생물다슬기가격,모바일,1,1,187,187,1,1,0,0,0
"쇼핑검색",국산어란,모바일,2,0,0,0,5,0,0,0,0
"쇼핑검색",국산옥천깐다슬기,모바일,1,0,0,0,5,0,0,0,0
"쇼핑검색",국산올갱이,모바일,7,0,0,0,4.4,0,0,0,0
"쇼핑검색",국산올갱이1KG,PC,1,0,0,0,3,0,0,0,0
"쇼핑검색",국산왕우렁,모바일,1,0,0,0,8,0,0,0,0
"쇼핑검색",국산우렁,모바일,2,0,0,0,10.5,0,0,0,0
"쇼핑검색",국산우렁이,모바일,1,0,0,0,10,0,0,0,0
"쇼핑검색",국산해물모듬,모바일,1,0,0,0,11,0,0,0,0
"쇼핑검색",국산해물믹스,모바일,1,0,0,0,11,0,0,0,0
"쇼핑검색",국산해산물모둠,모바일,1,0,0,0,14,0,0,0,0
"쇼핑검색",군남면다슬기판매점,모바일,1,0,0,0,1,0,0,0,0
"쇼핑검색",군산금강식품전화,모바일,1,0,0,0,2,0,0,0,0
"쇼핑검색",군산금강식품청주찌게미,PC,1,0,0,0,2,0,0,0,0
"쇼핑검색",군소,모바일,4,0,0,0,2.5,0,0,0,0
"쇼핑검색",군소가격,모바일,1,0,0,0,3,0,0,0,0
"쇼핑검색",금강고운고들빼기,모바일,1,0,0,0,3,0,0,0,0
"쇼핑검색",금강다슬기,모바일,12,0,0,0,2.3,0,0,0,0
"쇼핑검색",금강다슬기택배,PC,1,0,0,0,2,0,0,0,0
"쇼핑검색",금강산사0계탕,모바일,1,0,0,0,2,0,0,0,0
"쇼핑검색",금강생다슬기,모바일,8,1,55,55,1.6,1,0,0,0
"쇼핑검색",금강식품,PC,9,0,0,0,2,0,0,0,0
"쇼핑검색",금강식품,모바일,5,0,0,0,2.4,0,0,0,0
"쇼핑검색",금강식품군산,모바일,3,0,0,0,2,0,0,0,0
"쇼핑검색",금강식품맛들찬,모바일,3,0,0,0,3,0,0,0,0
"쇼핑검색",금강옥천올갱이택배,모바일,1,0,0,0,3,0,0,0,0
"쇼핑검색",금강올갱이,모바일,2,0,0,0,2.5,0,0,0,0
"쇼핑검색",금강자연산,모바일,2,0,0,0,2,0,0,0,0
"쇼핑검색",금강자연산민물,모바일,1,0,0,0,2,0,0,0,0
"쇼핑검색",금강전어해산물,모바일,2,0,0,0,2,0,0,0,0
"쇼핑검색",금강지역특산물어류해산물,PC,1,0,0,0,2,0,0,0,0
"쇼핑검색",금강해산물,모바일,5,0,0,0,2,0,0,0,0
"쇼핑검색",금강향수,모바일,2,0,0,0,1.5,0,0,0,0
"쇼핑검색",금강향수다슬기,모바일,3,0,0,0,2,0,0,0,0
"쇼핑검색",금강향수다슬기길찾기,모바일,1,0,0,0,1,0,0,0,0
"쇼핑검색",금강향수다슬기농축액,모바일,3,0,0,0,1.7,0,0,0,0
"쇼핑검색",금강향수다슬기생다슬기,모바일,1,0,0,0,1,0,0,0,0
"쇼핑검색",금강향수다슬기식당,모바일,6,0,0,0,1,0,0,0,0
"쇼핑검색",금강향수생다슬기,모바일,5,1,55,55,1,1,0,0,0
"쇼핑검색",금강향수올갱이,PC,2,0,0,0,1,0,0,0,0
"쇼핑검색",금강향수올갱이,모바일,11,3,55,165,1,1,0,0,0
"쇼핑검색",금방잡은다슬기,모바일,1,0,0,0,3,0,0,0,0
"쇼핑검색",금산생다슬기,모바일,3,0,0,0,2.7,0,0,0,0
"쇼핑검색",금산생다슬기파는곳,모바일,1,0,0,0,3,0,0,0,0
"쇼핑검색",금산장날다슬기가격,모바일,1,0,0,0,3,0,0,0,0
"쇼핑검색",급냉,모바일,1,0,0,0,14,0,0,0,0
"쇼핑검색",길쭉한바다다슬기,모바일,1,0,0,0,9,0,0,0,0
"쇼핑검색",김가네깐다슬기,모바일,1,0,0,0,11,0,0,0,0
"쇼핑검색",깐국산다슬기,모바일,1,0,0,0,2,0,0,0,0
"쇼핑검색",깐냉동다슬기끓이기,모바일,1,0,0,0,2,0,0,0,0
"쇼핑검색",깐다슬기,PC,5,0,0,0,1.8,0,0,0,0
"쇼핑검색",깐다슬기,모바일,156,2,314,627,4.4,1,0,0,0
"쇼핑검색",깐다슬기1KG,모바일,4,0,0,0,5.3,0,0,0,0
"쇼핑검색",깐다슬기200G,모바일,11,0,0,0,5.9,0,0,0,0
"쇼핑검색",깐다슬기가격,모바일,2,0,0,0,9.5,0,0,0,0
"쇼핑검색",깐다슬기국산,모바일,5,0,0,0,5.4,0,0,0,0
"쇼핑검색",깐다슬기살,모바일,2,0,0,0,7.5,0,0,0,0
"쇼핑검색",깐다슬기자연산,모바일,1,0,0,0,3,0,0,0,0
"쇼핑검색",깐다슬기파는곳,모바일,1,0,0,0,3,0,0,0,0
"쇼핑검색",깐다슬기판매처연락처,모바일,1,0,0,0,3,0,0,0,0
"쇼핑검색",깐올갱이,PC,1,0,0,0,3,0,0,0,0
"쇼핑검색",깐올갱이,모바일,15,0,0,0,5.1,0,0,0,0
"쇼핑검색",깐올갱이가격,PC,1,0,0,0,2,0,0,0,0
"쇼핑검색",껍질다슬기,모바일,5,0,0,0,1.8,0,0,0,0
"쇼핑검색",꼬록,모바일,2,0,0,0,13.5,0,0,0,0
"쇼핑검색",꼴뚜기,PC,2,0,0,0,3,0,0,0,0
"쇼핑검색",꼴뚜기,모바일,30,0,0,0,10.3,0,0,0,0
"쇼핑검색",꼴뚜기가격,모바일,3,0,0,0,15,0,0,0,0
"쇼핑검색",꼴뚜기생물,모바일,1,0,0,0,13,0,0,0,0
"쇼핑검색",꼴뚜기호래기,모바일,2,0,0,0,13,0,0,0,0
"쇼핑검색",꼴뚜기회,모바일,6,0,0,0,10.5,0,0,0,0
"쇼핑검색",나주다슬기나오는곳,모바일,1,0,0,0,3,0,0,0,0
"쇼핑검색",남원생다슬기판매하는곳,PC,1,0,0,0,1,0,0,0,0
"쇼핑검색",남원요천다슬기,모바일,1,0,0,0,3,0,0,0,0
"쇼핑검색",남한강.깐다슬기,모바일,1,0,0,0,2,0,0,0,0
"쇼핑검색",남한강생다슬기,PC,1,1,176,176,1,1,0,0,0
"쇼핑검색",남한강생민물다슬기,PC,1,0,0,0,1,0,0,0,0
"쇼핑검색",남해맵싸리,모바일,1,0,0,0,10,0,0,0,0
"쇼핑검색",냉동갯고동,모바일,2,0,0,0,12,0,0,0,0
"쇼핑검색",냉동고동,모바일,1,0,0,0,7,0,0,0,0
"쇼핑검색",냉동깐다슬기,모바일,1,0,0,0,5,0,0,0,0
"쇼핑검색",냉동꼴뚜기,모바일,1,0,0,0,15,0,0,0,0
"쇼핑검색",냉동논우렁이조리법,모바일,1,0,0,0,13,0,0,0,0
"쇼핑검색",냉동다슬기,모바일,14,0,0,0,6,0,0,0,0
"쇼핑검색",냉동다슬기요리,모바일,1,0,0,0,2,0,0,0,0
"쇼핑검색",냉동모듬해물,모바일,2,0,0,0,8,0,0,0,0
"쇼핑검색",냉동모듬해산물,모바일,1,0,0,0,13,0,0,0,0
"쇼핑검색",냉동올갱이,모바일,3,0,0,0,3.3,0,0,0,0
"쇼핑검색",냉동우렁,모바일,6,0,0,0,9.8,0,0,0,0
"쇼핑검색",냉동우렁이,모바일,1,0,0,0,13,0,0,0,0
"쇼핑검색",냉동우렁재냉동,모바일,1,0,0,0,10,0,0,0,0
"쇼핑검색",냉동자숙갯고동,모바일,1,0,0,0,13,0,0,0,0
"쇼핑검색",냉동한치회,모바일,4,0,0,0,13,0,0,0,0
"쇼핑검색",냉동해물,모바일,4,0,0,0,9.5,0,0,0,0
"쇼핑검색",냉동해물모듬,모바일,6,0,0,0,8.5,0,0,0,0
"쇼핑검색",냉동해물모듬칼로리,모바일,1,0,0,0,14,0,0,0,0
"쇼핑검색",냉동해물믹스,모바일,2,0,0,0,13,0,0,0,0
"쇼핑검색",냉동해물믹스냄새,모바일,1,0,0,0,14,0,0,0,0
"쇼핑검색",냉동해산모듬,모바일,1,0,0,0,11,0,0,0,0
"쇼핑검색",냉동해산물,모바일,4,0,0,0,7.8,0,0,0,0
"쇼핑검색",냉동해산물모듬,모바일,1,0,0,0,8,0,0,0,0
"쇼핑검색",노량진호래기회,모바일,1,0,0,0,12,0,0,0,0
"쇼핑검색",논고동,PC,1,0,0,0,4,0,0,0,0
"쇼핑검색",논고동,모바일,7,0,0,0,11,0,0,0,0
"쇼핑검색",논고동10KG,모바일,1,0,0,0,1,0,0,0,0
"쇼핑검색",논두렁우렁이먹어도되나요,모바일,1,0,0,0,10,0,0,0,0
"쇼핑검색",논산양촌생다슬기,모바일,1,0,0,0,2,0,0,0,0
"쇼핑검색",논우렁,모바일,5,0,0,0,9.8,0,0,0,0
"쇼핑검색",논우렁살,모바일,4,0,0,0,10.5,0,0,0,0
"쇼핑검색",논우렁살세척방법,모바일,1,0,0,0,14,0,0,0,0
"쇼핑검색",논우렁살파는곳,모바일,1,0,0,0,11,0,0,0,0
"쇼핑검색",논우렁이,모바일,1,0,0,0,13,0,0,0,0
"쇼핑검색",논우렁이업소용,모바일,1,0,0,0,13,0,0,0,0
"쇼핑검색",농게,모바일,1,0,0,0,2,0,0,0,0
"쇼핑검색",농게장,모바일,1,0,0,0,2,0,0,0,0
"쇼핑검색",눈알고동,모바일,1,0,0,0,12,0,0,0,0
"쇼핑검색",눈알고둥,모바일,2,0,0,0,8,0,0,0,0
"쇼핑검색",다슬기,PC,929,43,297,"12,760",1.6,1.06,19.94,1,"44,000"
"쇼핑검색",다슬기,모바일,"7,172",793,268,"212,652",1.6,1.03,1.69,9,"530,000"
"쇼핑검색",다슬기.,모바일,1,0,0,0,13,0,0,0,0
"쇼핑검색",다슬기1KG,PC,1,0,0,0,2,0,0,0,0
"쇼핑검색",다슬기1KG,모바일,39,3,400,"1,199",2,1,0,0,0
"쇼핑검색",다슬기1KG가격,모바일,2,0,0,0,2,0,0,0,0
"쇼핑검색",다슬기1KG가격은,모바일,1,0,0,0,2,0,0,0,0
"쇼핑검색",다슬기1키로,모바일,11,1,132,132,3.1,1.5,26,0,0
"쇼핑검색",다슬기1키로가격,모바일,6,1,396,396,3.7,1,0,0,0
"쇼핑검색",다슬기1키로가격은,모바일,1,0,0,0,2,0,0,0,0
"쇼핑검색",다슬기200G,모바일,2,0,0,0,7,0,0,0,0
"쇼핑검색",다슬기200G자연산,모바일,1,0,0,0,1,0,0,0,0
"쇼핑검색",다슬기3KG,모바일,2,1,242,242,1,1,0,0,0
"쇼핑검색",다슬기3킬로가격,모바일,1,0,0,0,1,0,0,0,0
"쇼핑검색",다슬기5KG,모바일,2,0,0,0,1,0,0,0,0
"쇼핑검색",다슬기5호채,모바일,1,0,0,0,3,0,0,0,0
"쇼핑검색",다슬기KG얼마,모바일,1,0,0,0,2,0,0,0,0
"쇼핑검색",다슬기가격,모바일,87,6,281,"1,683",2.8,1.14,6.71,0,0
"쇼핑검색",다슬기가격1키로,PC,1,0,0,0,2,0,0,0,0
"쇼핑검색",다슬기가격1키로,모바일,39,2,330,660,3.4,1,0,0,0
"쇼핑검색",다슬기가격?,모바일,3,0,0,0,2,0,0,0,0
"쇼핑검색",다슬기구매,모바일,5,1,88,88,1.2,1,0,0,0
"쇼핑검색",다슬기국산,모바일,2,0,0,0,5.5,0,0,0,0
"쇼핑검색",다슬기깐것얼마,모바일,1,0,0,0,3,0,0,0,0
"쇼핑검색",다슬기껍질효능,모바일,1,0,0,0,2,0,0,0,0
"쇼핑검색",다슬기꾸준히먹으니까,모바일,1,0,0,0,2,0,0,0,0
"쇼핑검색",다슬기나오는시기,모바일,1,0,0,0,2,0,0,0,0
"쇼핑검색",다슬기냉동,모바일,5,0,0,0,6.2,0,0,0,0
"쇼핑검색",다슬기농장,모바일,1,0,0,0,2,0,0,0,0
"쇼핑검색",다슬기는몇키로가한말인가,모바일,1,0,0,0,2,0,0,0,0
"쇼핑검색",다슬기를살수있을까요,모바일,1,0,0,0,2,0,0,0,0
"쇼핑검색",다슬기많은곳전남,모바일,1,0,0,0,2,0,0,0,0
"쇼핑검색",다슬기많이잡히는데,PC,1,0,0,0,2,0,0,0,0
"쇼핑검색",다슬기모여드는식품은,모바일,1,0,0,0,2,0,0,0,0
"쇼핑검색",다슬기무침,모바일,1,0,0,0,1,0,0,0,0
"쇼핑검색",다슬기비슷한것,모바일,1,0,0,0,2,0,0,0,0
"쇼핑검색",다슬기살,모바일,4,0,0,0,10.3,0,0,0,0
"쇼핑검색",다슬기생물,PC,1,0,0,0,3,0,0,0,0
"쇼핑검색",다슬기생물,모바일,3,0,0,0,4,0,0,0,0
"쇼핑검색",다슬기생존기간,모바일,1,0,0,0,7,0,0,0,0
"쇼핑검색",다슬기손질,모바일,1,0,0,0,2,0,0,0,0
"쇼핑검색",다슬기수산물자연산,모바일,1,0,0,0,7,0,0,0,0
"쇼핑검색",다슬기시세,모바일,15,1,418,418,2.7,1,0,0,0
"쇼핑검색",다슬기식품자연산,모바일,1,0,0,0,7,0,0,0,0
"쇼핑검색",다슬기암놈숫놈,모바일,1,0,0,0,2,0,0,0,0
"쇼핑검색",다슬기양식,모바일,2,0,0,0,7,0,0,0,0
"쇼핑검색",다슬기어업권언제없어지나,모바일,1,0,0,0,2,0,0,0,0
"쇼핑검색",다슬기영월,모바일,1,0,0,0,1,0,0,0,0
"쇼핑검색",다슬기올갱이,PC,1,0,0,0,2,0,0,0,0
"쇼핑검색",다슬기육수,모바일,2,0,0,0,9,0,0,0,0
"쇼핑검색",다슬기의종류,모바일,1,0,0,0,2,0,0,0,0
"쇼핑검색",다슬기의효능,모바일,18,0,0,0,11.5,0,0,0,0
"쇼핑검색",다슬기의효능남원,모바일,1,0,0,0,15,0,0,0,0
"쇼핑검색",다슬기자연산,모바일,2,0,0,0,2,0,0,0,0
"쇼핑검색",다슬기자연산수산물,모바일,1,0,0,0,7,0,0,0,0
"쇼핑검색",다슬기자연산식품,모바일,1,0,0,0,7,0,0,0,0
"쇼핑검색",다슬기자연산어패류,모바일,1,0,0,0,10,0,0,0,0
"쇼핑검색",다슬기자연산해산물,모바일,1,0,0,0,7,0,0,0,0
"쇼핑검색",다슬기잡히는곳,모바일,1,0,0,0,2,0,0,0,0
"쇼핑검색",다슬기전라북도,모바일,1,0,0,0,2,0,0,0,0
"쇼핑검색",다슬기제철,모바일,3,0,0,0,2.3,0,0,0,0
"쇼핑검색",다슬기종류,PC,2,0,0,0,2.5,0,0,0,0
"쇼핑검색",다슬기종류,모바일,9,0,0,0,3.3,0,0,0,0
"쇼핑검색",다슬기초록색,모바일,1,0,0,0,14,0,0,0,0
"쇼핑검색",다슬기택배,PC,1,0,0,0,2,0,0,0,0
"쇼핑검색",다슬기택배,모바일,4,1,374,374,2,1,0,0,0
"쇼핑검색",다슬기파는곳,모바일,8,2,270,539,3.3,1,0,0,0
"쇼핑검색",다슬기판매,PC,2,0,0,0,1,0,0,0,0
"쇼핑검색",다슬기판매,모바일,12,1,308,308,2.1,1,0,0,0
"쇼핑검색",다슬기판매가격,모바일,1,0,0,0,2,0,0,0,0
"쇼핑검색",다슬기판매점,모바일,5,0,0,0,2,0,0,0,0
"쇼핑검색",다슬기판매하는곳,모바일,3,0,0,0,1.7,0,0,0,0
"쇼핑검색",다슬기하되는몇그람인가요,모바일,1,0,0,0,11,0,0,0,0
"쇼핑검색",다슬기한대는몇키로인가요,모바일,1,0,0,0,10,0,0,0,0
"쇼핑검색",다슬기한되KG,모바일,1,0,0,0,2,0,0,0,0
"쇼핑검색",다슬기한되는몇킬로,모바일,1,0,0,0,2,0,0,0,0
"쇼핑검색",다슬기한되무게,모바일,1,0,0,0,3,0,0,0,0
"쇼핑검색",다슬기해산물자연산,모바일,1,0,0,0,7,0,0,0,0
"쇼핑검색",다슬기황금이네,모바일,1,0,0,0,3,0,0,0,0
"쇼핑검색",다슬기효능,모바일,3,0,0,0,7.3,0,0,0,0
"쇼핑검색",달팽이식용,모바일,2,0,0,0,6.5,0,0,0,0
"쇼핑검색",달팽이집에있는말라있는흙,모바일,1,0,0,0,2,0,0,0,0
"쇼핑검색",담양우렁이농장,모바일,2,0,0,0,1,0,0,0,0
"쇼핑검색",당진미더덕회,모바일,1,0,0,0,12,0,0,0,0
"쇼핑검색",대구다슬기많은곳,모바일,1,0,0,0,2,0,0,0,0
"쇼핑검색",대전맵싸리,모바일,1,0,0,0,12,0,0,0,0
"쇼핑검색",대전생다슬기시장,모바일,2,0,0,0,2.5,0,0,0,0
"쇼핑검색",대전생올갱이파는곳,PC,1,0,0,0,3,0,0,0,0
"쇼핑검색",대전중앙시장올갱이파는곳,PC,1,0,0,0,2,0,0,0,0
"쇼핑검색",대포이카,모바일,1,0,0,0,13,0,0,0,0
"쇼핑검색",더러운올갱이효능,모바일,1,0,0,0,11,0,0,0,0
"쇼핑검색",덕이네수산,모바일,1,0,0,0,10,0,0,0,0
"쇼핑검색",동강다슬기,모바일,21,1,187,187,2.7,1,0,0,0
"쇼핑검색",동강다슬기파는곳,모바일,1,0,0,0,2,0,0,0,0
"쇼핑검색",동강다슬기판매점,모바일,1,0,0,0,2,0,0,0,0
"쇼핑검색",동강올갱이택배,모바일,1,0,0,0,9,0,0,0,0
"쇼핑검색",동강제철소장다슬기,모바일,1,0,0,0,2,0,0,0,0
"쇼핑검색",동강청깐다슬기,모바일,2,0,0,0,11.5,0,0,0,0
"쇼핑검색",동강청정깐다슬기,모바일,2,0,0,0,2.5,0,0,0,0
"쇼핑검색",동강청정다슬기,모바일,1,0,0,0,8,0,0,0,0
"쇼핑검색",동곡다슬기,모바일,4,0,0,0,2,0,0,0,0
"쇼핑검색",동광다슬기랑어떻게생겼나요,모바일,1,0,0,0,2,0,0,0,0
"쇼핑검색",동청강깐다슬기,모바일,1,0,0,0,9,0,0,0,0
"쇼핑검색",동태곤이,모바일,1,0,0,0,8,0,0,0,0
"쇼핑검색",동태알,모바일,2,0,0,0,8,0,0,0,0
"쇼핑검색",동태애,모바일,1,0,0,0,13,0,0,0,0
"쇼핑검색",둥근다슬기,모바일,13,0,0,0,2.2,0,0,0,0
"쇼핑검색",둥근민물다슬기,모바일,1,0,0,0,2,0,0,0,0
"쇼핑검색",드르니항갯고동,PC,1,0,0,0,1,0,0,0,0
"쇼핑검색",똑딱할매다슬기,모바일,1,0,0,0,12,0,0,0,0
"쇼핑검색",마산미더덕,모바일,1,0,0,0,8,0,0,0,0
"쇼핑검색",말린보말,모바일,1,0,0,0,1,0,0,0,0
"쇼핑검색",매싸리고동,모바일,1,0,0,0,9,0,0,0,0
"쇼핑검색",맵고동,모바일,1,0,0,0,11,0,0,0,0
"쇼핑검색",맵고둥,모바일,2,0,0,0,11,0,0,0,0
"쇼핑검색",맵사리,모바일,2,0,0,0,8,0,0,0,0
"쇼핑검색",맵사리고동,모바일,7,0,0,0,7.7,0,0,0,0
"쇼핑검색",맵사리고동먹으면혀가아려요,모바일,1,0,0,0,7,0,0,0,0
"쇼핑검색",맵사리고동효능,모바일,1,0,0,0,11,0,0,0,0
"쇼핑검색",맵사리고둥,모바일,2,0,0,0,13,0,0,0,0
"쇼핑검색",맵싸리,PC,1,0,0,0,5,0,0,0,0
"쇼핑검색",맵싸리,모바일,4,0,0,0,11.8,0,0,0,0
"쇼핑검색",맵싸리고동,모바일,15,0,0,0,8.5,0,0,0,0
"쇼핑검색",맵싸리고동제철,모바일,1,0,0,0,13,0,0,0,0
"쇼핑검색",맵싸리고동택배방법,모바일,1,0,0,0,11,0,0,0,0
"쇼핑검색",맵싸리고동효능,모바일,1,0,0,0,4,0,0,0,0
"쇼핑검색",맵싸리고둥,모바일,2,0,0,0,7.5,0,0,0,0
"쇼핑검색",맵싸리고둥요리법,모바일,2,0,0,0,7,0,0,0,0
"쇼핑검색",먹을수있는고동,모바일,1,0,0,0,12,0,0,0,0
"쇼핑검색",명사십리모래고동,모바일,1,0,0,0,2,0,0,0,0
"쇼핑검색",명작자연산생다슬기,PC,1,0,0,0,2,0,0,0,0
"쇼핑검색",명작자연산생다슬기,모바일,4,0,0,0,2.5,0,0,0,0
"쇼핑검색",명장어란,모바일,1,0,0,0,8,0,0,0,0
"쇼핑검색",명죽자연산생다슬기,모바일,1,0,0,0,2,0,0,0,0
"쇼핑검색",명천냉동수산,모바일,1,0,0,0,2,0,0,0,0
"쇼핑검색",모곡다슬기많은곳,모바일,1,1,473,473,1,1,0,0,0
"쇼핑검색",모둠해물,모바일,1,0,0,0,8,0,0,0,0
"쇼핑검색",모듬해물,모바일,9,0,0,0,11,0,0,0,0
"쇼핑검색",모듬해산물,모바일,1,0,0,0,12,0,0,0,0
"쇼핑검색",모래고동,모바일,2,0,0,0,2,0,0,0,0
"쇼핑검색",모래고동무침,모바일,1,0,0,0,2,0,0,0,0
"쇼핑검색",몸에좋은생다슬기자연산,모바일,1,0,0,0,2,0,0,0,0
"쇼핑검색",몸에좋은자연산생다슬기,모바일,1,0,0,0,2,0,0,0,0
"쇼핑검색",무안홀통해파리무침,모바일,1,0,0,0,7,0,0,0,0
"쇼핑검색",무의도고동많은곳,PC,1,0,0,0,1,0,0,0,0
"쇼핑검색",무주구천동다슬기,모바일,1,0,0,0,2,0,0,0,0
"쇼핑검색",문경시점촌읍생올갱이판매,모바일,1,0,0,0,3,0,0,0,0
"쇼핑검색",문창시장다슬기,모바일,1,0,0,0,3,0,0,0,0
"쇼핑검색",미끼용개불,모바일,1,0,0,0,1,0,0,0,0
"쇼핑검색",미더덕,모바일,14,0,0,0,8.2,0,0,0,0
"쇼핑검색",미더덕제철시기,모바일,1,0,0,0,10,0,0,0,0
"쇼핑검색",미더덕철,모바일,2,0,0,0,8.5,0,0,0,0
"쇼핑검색",미더덕파는곳,모바일,1,0,0,0,6,0,0,0,0
"쇼핑검색",미더덕회,PC,10,0,0,0,4.9,0,0,0,0
"쇼핑검색",미더덕회,모바일,47,0,0,0,7.7,0,0,0,0
"쇼핑검색",미더덕회최대산지,모바일,1,0,0,0,12,0,0,0,0
"쇼핑검색",미래푸드김가네깐다슬기,모바일,1,0,0,0,2,0,0,0,0
"쇼핑검색",민물.다슬기,모바일,2,0,0,0,2,0,0,0,0
"쇼핑검색",민물고기모로코,모바일,1,0,0,0,2,0,0,0,0
"쇼핑검색",민물고동,모바일,20,1,66,66,3.7,1,0,0,0
"쇼핑검색",민물고둥,모바일,1,0,0,0,6,0,0,0,0
"쇼핑검색",민물다슬기,PC,2,1,517,517,1,1,0,0,0
"쇼핑검색",민물다슬기,모바일,127,17,270,"4,587",2,1.15,14.7,0,0
"쇼핑검색",민물다슬기1KG,모바일,1,0,0,0,2,0,0,0,0
"쇼핑검색",민물다슬기가격,모바일,8,1,264,264,1.6,1,0,0,0
"쇼핑검색",민물다슬기가격1키로,모바일,1,0,0,0,1,0,0,0,0
"쇼핑검색",민물다슬기많은곳,모바일,1,0,0,0,2,0,0,0,0
"쇼핑검색",민물다슬기먹어도되나요,모바일,1,0,0,0,2,0,0,0,0
"쇼핑검색",민물다슬기살아있는,모바일,1,0,0,0,2,0,0,0,0
"쇼핑검색",민물다슬기양식,모바일,1,0,0,0,10,0,0,0,0
"쇼핑검색",민물다슬기종류,모바일,2,0,0,0,2,0,0,0,0
"쇼핑검색",민물다슬기철,모바일,1,0,0,0,1,0,0,0,0
"쇼핑검색",민물다슬기파는곳,모바일,1,1,220,220,3,0,0,0,0
"쇼핑검색",민물다슬기해감,모바일,1,0,0,0,1,0,0,0,0
"쇼핑검색",민물다슬기효능,모바일,1,0,0,0,4,0,0,0,0
"쇼핑검색",민물생다슬기,모바일,2,1,66,66,1.5,1,0,0,0
"쇼핑검색",민물올갱이,모바일,3,0,0,0,2,0,0,0,0
"쇼핑검색",밀양살아있는다슬기파는곳,모바일,1,1,550,550,12,3.5,190.5,0,0
"쇼핑검색",바다갯고동,모바일,3,0,0,0,6.7,0,0,0,0
"쇼핑검색",바다고동,PC,1,0,0,0,1,0,0,0,0
"쇼핑검색",바다고동,모바일,41,0,0,0,8.7,0,0,0,0
"쇼핑검색",바다고동가격,모바일,0,1,550,550,0,1.5,27.5,0,0
"쇼핑검색",바다고동가려움,모바일,1,0,0,0,14,0,0,0,0
"쇼핑검색",바다고동살,모바일,1,0,0,0,10,0,0,0,0
"쇼핑검색",바다고동효능,PC,1,0,0,0,1,0,0,0,0
"쇼핑검색",바다고둥,모바일,5,0,0,0,8,0,0,0,0
"쇼핑검색",바다고둥갱이,모바일,1,0,0,0,4,0,0,0,0
"쇼핑검색",바다다슬기,PC,3,0,0,0,1,0,0,0,0
"쇼핑검색",바다다슬기,모바일,40,1,275,275,3.5,1,0,0,0
"쇼핑검색",바다다슬기삶기,모바일,1,0,0,0,3,0,0,0,0
"쇼핑검색",바다다슬기해감,모바일,1,0,0,0,1,0,0,0,0
"쇼핑검색",바다보말,PC,1,0,0,0,5,0,0,0,0
"쇼핑검색",바다올갱이,모바일,3,1,550,550,8.7,1,0,0,0
"쇼핑검색",바다의다슬기,모바일,1,0,0,0,14,0,0,0,0
"쇼핑검색",방생다슬기구입,모바일,1,1,143,143,2,1,0,0,0
"쇼핑검색",백령도흰다슬기,모바일,1,1,473,473,1,1,0,0,0
"쇼핑검색",백운면올갱이많은곳,모바일,1,0,0,0,3,0,0,0,0
"쇼핑검색",범고동,모바일,12,0,0,0,10.4,0,0,0,0
"쇼핑검색",베트남갯고동,모바일,2,0,0,0,4.5,0,0,0,0
"쇼핑검색",보말,모바일,37,0,0,0,9.4,0,0,0,0
"쇼핑검색",보말1KG,모바일,1,0,0,0,11,0,0,0,0
"쇼핑검색",부산에생다슬기도매로파는곳,모바일,4,1,231,231,2,1,0,0,0
"쇼핑검색",부산호래기회,모바일,1,0,0,0,10,0,0,0,0
"쇼핑검색",부안바지락,모바일,1,0,0,0,1,0,0,0,0
"쇼핑검색",부전수산,모바일,2,0,0,0,4,0,0,0,0
"쇼핑검색",부천상동다슬기파는곳,모바일,1,0,0,0,2,0,0,0,0
"쇼핑검색",비단고둥,모바일,1,0,0,0,2,0,0,0,0
"쇼핑검색",빠리고동,모바일,2,0,0,0,13,0,0,0,0
"쇼핑검색",빠리고둥,모바일,1,0,0,0,8,0,0,0,0
"쇼핑검색",빨아먹는고동,모바일,1,0,0,0,2,0,0,0,0
"쇼핑검색",뾰족고동,모바일,1,0,0,0,2,0,0,0,0
"쇼핑검색",뾰족다슬기민다슬기번식,모바일,1,0,0,0,1,0,0,0,0
"쇼핑검색",뿔고둥열대산,PC,1,0,0,0,1,0,0,0,0
"쇼핑검색",사상구금강식품,모바일,1,0,0,0,2,0,0,0,0
"쇼핑검색",산골생다슬기10KG,모바일,1,0,0,0,2,0,0,0,0
"쇼핑검색",산지다슬기,모바일,1,0,0,0,1,0,0,0,0
"쇼핑검색",살아있는고동냉장보관,모바일,1,0,0,0,12,0,0,0,0
"쇼핑검색",살아있는우렁이,모바일,1,0,0,0,2,0,0,0,0
"쇼핑검색",삶아서깐올갱이는과세인가요,모바일,1,0,0,0,8,0,0,0,0
"쇼핑검색",삶은갯고동,모바일,1,0,0,0,2,0,0,0,0
"쇼핑검색",삶은고동,모바일,2,0,0,0,8.5,0,0,0,0
"쇼핑검색",삶은다슬기,PC,6,0,0,0,2,0,0,0,0
"쇼핑검색",삶은다슬기,모바일,56,1,473,473,2,1,0,0,0
"쇼핑검색",삶은다슬기.파는곳,모바일,1,0,0,0,2,0,0,0,0
"쇼핑검색",삶은다슬기500G,모바일,1,0,0,0,2,0,0,0,0
"쇼핑검색",삶은다슬기가격,모바일,1,0,0,0,2,0,0,0,0
"쇼핑검색",삶은다슬기파는곳,모바일,3,0,0,0,1.7,0,0,0,0
"쇼핑검색",삶은보말,모바일,2,0,0,0,9,0,0,0,0
"쇼핑검색",삼례장날다슬기,모바일,1,1,264,264,2,0,0,0,0
"쇼핑검색",삿갓고동,모바일,1,0,0,0,12,0,0,0,0
"쇼핑검색",삿갓조개,모바일,3,0,0,0,12.3,0,0,0,0
"쇼핑검색",상주화북다슬기판매,모바일,1,0,0,0,3,0,0,0,0
"쇼핑검색",생고기다슬기,모바일,1,0,0,0,2,0,0,0,0
"쇼핑검색",생꼴뚜기,모바일,4,0,0,0,13.8,0,0,0,0
"쇼핑검색",생다슬기,PC,305,13,345,"4,488",2.2,1.25,14.05,2,"264,000"
"쇼핑검색",생다슬기,모바일,"1,353",114,333,"37,917",2.1,1.2,8.55,7,"374,000"
"쇼핑검색",생다슬기1KG,PC,3,0,0,0,1,0,0,0,0
"쇼핑검색",생다슬기1KG,모바일,62,4,415,"1,661",2.1,1,0,0,0
"쇼핑검색",생다슬기1돼,모바일,1,0,0,0,1,0,0,0,0
"쇼핑검색",생다슬기200G수산물,모바일,1,0,0,0,3,0,0,0,0
"쇼핑검색",생다슬기200G식품,모바일,1,0,0,0,3,0,0,0,0
"쇼핑검색",생다슬기200G어패류,모바일,1,0,0,0,3,0,0,0,0
"쇼핑검색",생다슬기200G해산물,모바일,1,0,0,0,3,0,0,0,0
"쇼핑검색",생다슬기2KG,모바일,3,1,264,264,1.3,1,0,0,0
"쇼핑검색",생다슬기3KG,모바일,1,0,0,0,1,0,0,0,0
"쇼핑검색",생다슬기60대자연산,모바일,1,0,0,0,2,0,0,0,0
"쇼핑검색",생다슬기가격,PC,5,0,0,0,1.8,0,0,0,0
"쇼핑검색",생다슬기가격,모바일,139,31,371,"11,495",1.1,1.16,7.03,0,0
"쇼핑검색",생다슬기고디몸에좋은,모바일,1,0,0,0,2,0,0,0,0
"쇼핑검색",생다슬기고디수산물,모바일,1,0,0,0,2,0,0,0,0
"쇼핑검색",생다슬기고디식품,모바일,1,0,0,0,2,0,0,0,0
"쇼핑검색",생다슬기고디싱싱함,모바일,1,0,0,0,2,0,0,0,0
"쇼핑검색",생다슬기고디어패류,모바일,1,0,0,0,2,0,0,0,0
"쇼핑검색",생다슬기고디해산물,모바일,1,0,0,0,2,0,0,0,0
"쇼핑검색",생다슬기구매,모바일,1,1,297,297,2,1,0,0,0
"쇼핑검색",생다슬기구입,PC,4,0,0,0,2,0,0,0,0
"쇼핑검색",생다슬기구입,모바일,2,0,0,0,2,0,0,0,0
"쇼핑검색",생다슬기까면얼마나오나,모바일,2,0,0,0,2,0,0,0,0
"쇼핑검색",생다슬기껍질째보관법,모바일,2,0,0,0,2,0,0,0,0
"쇼핑검색",생다슬기냉동보관,모바일,4,0,0,0,2,0,0,0,0
"쇼핑검색",생다슬기냉장보관,모바일,2,0,0,0,2,0,0,0,0
"쇼핑검색",생다슬기냉장보관기간,모바일,1,0,0,0,2,0,0,0,0
"쇼핑검색",생다슬기대,모바일,1,0,0,0,2,0,0,0,0
"쇼핑검색",생다슬기보관,모바일,0,0,0,0,0,1,0,0,0
"쇼핑검색",생다슬기보관방법,모바일,1,1,495,495,1,0,0,0,0
"쇼핑검색",생다슬기사는곳,모바일,1,0,0,0,2,0,0,0,0
"쇼핑검색",생다슬기삶는시간,모바일,1,0,0,0,2,0,0,0,0
"쇼핑검색",생다슬기삶아냉동보관,모바일,1,0,0,0,2,0,0,0,0
"쇼핑검색",생다슬기생생정보,모바일,1,0,0,0,2,0,0,0,0
"쇼핑검색",생다슬기수명기간,모바일,1,0,0,0,2,0,0,0,0
"쇼핑검색",생다슬기수산물200G,모바일,1,0,0,0,3,0,0,0,0
"쇼핑검색",생다슬기수산물고기,모바일,1,0,0,0,2,0,0,0,0
"쇼핑검색",생다슬기수산물올갱이,모바일,1,0,0,0,3,0,0,0,0
"쇼핑검색",생다슬기수산물자연산,모바일,1,0,0,0,6,0,0,0,0
"쇼핑검색",생다슬기식품200G,모바일,1,0,0,0,3,0,0,0,0
"쇼핑검색",생다슬기식품고기,모바일,1,0,0,0,2,0,0,0,0
"쇼핑검색",생다슬기식품올갱이,모바일,1,0,0,0,3,0,0,0,0
"쇼핑검색",생다슬기식품자연산,모바일,1,0,0,0,6,0,0,0,0
"쇼핑검색",생다슬기싱싱함고디,모바일,1,0,0,0,2,0,0,0,0
"쇼핑검색",생다슬기싱싱함자연산,모바일,1,0,0,0,2,0,0,0,0
"쇼핑검색",생다슬기어패류200G,모바일,1,0,0,0,3,0,0,0,0
"쇼핑검색",생다슬기어패류고기,모바일,1,0,0,0,2,0,0,0,0
"쇼핑검색",생다슬기어패류올갱이,모바일,1,0,0,0,3,0,0,0,0
"쇼핑검색",생다슬기어패류자연산,모바일,1,0,0,0,6,0,0,0,0
"쇼핑검색",생다슬기올갱이수산물,모바일,1,0,0,0,3,0,0,0,0
"쇼핑검색",생다슬기올갱이식품,모바일,1,0,0,0,3,0,0,0,0
"쇼핑검색",생다슬기올갱이어패류,모바일,1,0,0,0,3,0,0,0,0
"쇼핑검색",생다슬기올갱이해산물,모바일,1,0,0,0,3,0,0,0,0
"쇼핑검색",생다슬기자연산,PC,2,0,0,0,1.5,0,0,0,0
"쇼핑검색",생다슬기자연산,모바일,33,0,0,0,2,0,0,0,0
"쇼핑검색",생다슬기자연산40대,모바일,1,0,0,0,2,0,0,0,0
"쇼핑검색",생다슬기자연산50대,모바일,1,0,0,0,2,0,0,0,0
"쇼핑검색",생다슬기자연산60대,모바일,1,0,0,0,2,0,0,0,0
"쇼핑검색",생다슬기자연산몸에좋은,모바일,1,0,0,0,2,0,0,0,0
"쇼핑검색",생다슬기자연산수산물,모바일,1,0,0,0,6,0,0,0,0
"쇼핑검색",생다슬기자연산식품,모바일,1,0,0,0,6,0,0,0,0
"쇼핑검색",생다슬기자연산싱싱함,모바일,1,0,0,0,2,0,0,0,0
"쇼핑검색",생다슬기자연산어패류,모바일,1,0,0,0,6,0,0,0,0
"쇼핑검색",생다슬기자연산해산물,모바일,1,0,0,0,6,0,0,0,0
"쇼핑검색",생다슬기최저가,PC,1,0,0,0,2,0,0,0,0
"쇼핑검색",생다슬기택배.포장,모바일,1,0,0,0,2,0,0,0,0
"쇼핑검색",생다슬기택배로보내는방법,모바일,3,0,0,0,2,0,0,0,0
"쇼핑검색",생다슬기택배로보내는방법.,모바일,1,0,0,0,2,0,0,0,0
"쇼핑검색",생다슬기택배보내기,모바일,2,0,0,0,2,0,0,0,0
"쇼핑검색",생다슬기택배요령,모바일,1,1,484,484,2,1,0,0,0
"쇼핑검색",생다슬기특대,모바일,1,0,0,0,1,0,0,0,0
"쇼핑검색",생다슬기파는곳,PC,2,0,0,0,1,0,0,0,0
"쇼핑검색",생다슬기파는곳,모바일,25,1,66,66,2.1,1.5,19.5,1,"110,000"
"쇼핑검색",생다슬기판매,PC,9,0,0,0,2,0,0,0,0
"쇼핑검색",생다슬기판매,모바일,117,21,391,"8,206",1.1,1.12,12.7,1,"44,000"
"쇼핑검색",생다슬기판매10K판매,모바일,1,0,0,0,1,0,0,0,0
"쇼핑검색",생다슬기판매점,모바일,3,1,242,242,2,1,0,0,0
"쇼핑검색",생다슬기판매하는곳,모바일,1,2,363,726,2,1,0,0,0
"쇼핑검색",생다슬기한되무게,모바일,4,1,462,462,1.5,1,0,0,0
"쇼핑검색",생다슬기해감방법,PC,3,0,0,0,2,0,0,0,0
"쇼핑검색",생다슬기해산물200G,모바일,1,0,0,0,3,0,0,0,0
"쇼핑검색",생다슬기해산물고기,모바일,1,0,0,0,2,0,0,0,0
"쇼핑검색",생다슬기해산물올갱이,모바일,1,0,0,0,3,0,0,0,0
"쇼핑검색",생다슬기해산물자연산,모바일,1,0,0,0,6,0,0,0,0
"쇼핑검색",생물다슬기,PC,2,0,0,0,1,0,0,0,0
"쇼핑검색",생물다슬기,모바일,17,0,0,0,2.9,0,0,0,0
"쇼핑검색",생물다슬기1키로,모바일,1,0,0,0,3,0,0,0,0
"쇼핑검색",생물다슬기파는곳,모바일,1,0,0,0,2,0,0,0,0
"쇼핑검색",생물맵싸리고동가격,모바일,1,0,0,0,1,0,0,0,0
"쇼핑검색",생물범고동,모바일,1,0,0,0,13,0,0,0,0
"쇼핑검색",생물올갱이,모바일,5,0,0,0,1.8,0,0,0,0
"쇼핑검색",생물올갱이가격,모바일,4,2,473,946,2.3,1,0,0,0
"쇼핑검색",생물올갱이택배요령,모바일,1,0,0,0,3,0,0,0,0
"쇼핑검색",생물중국산다슬기,모바일,1,0,0,0,2,0,0,0,0
"쇼핑검색",생물호래기,모바일,2,0,0,0,13,0,0,0,0
"쇼핑검색",생물호레기,모바일,1,0,0,0,14,0,0,0,0
"쇼핑검색",생민물다슬기,모바일,1,0,0,0,1,0,0,0,0
"쇼핑검색",생방송투데이다슬기,모바일,1,0,0,0,2,0,0,0,0
"쇼핑검색",생방송투데이생다슬기,모바일,2,0,0,0,2,0,0,0,0
"쇼핑검색",생방송투데이영월다슬기,모바일,7,0,0,0,2.6,0,0,0,0
"쇼핑검색",생방송투데이영월다슬기다팔아드림니다,모바일,1,0,0,0,2,0,0,0,0
"쇼핑검색",생방송투데이영윌다슬기,모바일,1,0,0,0,3,0,0,0,0
"쇼핑검색",생방송투데이올갱이문의,모바일,1,0,0,0,2,0,0,0,0
"쇼핑검색",생방송투데이제철소장다슬기주문,모바일,1,0,0,0,2,0,0,0,0
"쇼핑검색",생방송투데제철소장다슬기가격,모바일,1,0,0,0,10,0,0,0,0
"쇼핑검색",생생정보영월다슬기,모바일,1,0,0,0,2,0,0,0,0
"쇼핑검색",생생정보통다슬기,모바일,1,0,0,0,2,0,0,0,0
"쇼핑검색",생생투데이강원도영월다슬기구입,모바일,1,0,0,0,1,0,0,0,0
"쇼핑검색",생올갱이,PC,11,3,466,"1,397",1.5,1.33,15.33,1,"33,000"
"쇼핑검색",생올갱이,모바일,78,16,406,"6,490",1.3,1,0,0,0
"쇼핑검색",생올갱이가격,모바일,7,1,462,462,1.9,1,0,0,0
"쇼핑검색",생올갱이판매,모바일,2,0,0,0,2,0,0,0,0
"쇼핑검색",생올갱이판매가격,모바일,2,0,0,0,2,0,0,0,0
"쇼핑검색",생왕다슬기,모바일,1,0,0,0,2,0,0,0,0
"쇼핑검색",서부시장생다슬기,모바일,1,0,0,0,2,0,0,0,0
"쇼핑검색",서해안바다다슬기,모바일,1,1,143,143,1,1,0,0,0
"쇼핑검색",설송섬진강다슬기팩,모바일,1,0,0,0,7,0,0,0,0
"쇼핑검색",섬진강생다슬기,모바일,3,1,209,209,1.3,1,0,0,0
"쇼핑검색",성게알단새우연어알,모바일,1,0,0,0,1,0,0,0,0
"쇼핑검색",소라게발,모바일,3,0,0,0,2.3,0,0,0,0
"쇼핑검색",소양인음식다슬기,모바일,1,0,0,0,11,0,0,0,0
"쇼핑검색",손질갯고동,모바일,1,0,0,0,12,0,0,0,0
"쇼핑검색",손질다슬기,모바일,8,0,0,0,6.3,0,0,0,0
"쇼핑검색",손질된다슬기,모바일,2,0,0,0,3,0,0,0,0
"쇼핑검색",손질올갱이,모바일,1,0,0,0,6,0,0,0,0
"쇼핑검색",송추다슬기나오는곳,모바일,1,0,0,0,3,0,0,0,0
"쇼핑검색",수산물,PC,6,0,0,0,11.8,0,0,0,0
"쇼핑검색",수산물,모바일,1,0,0,0,6,0,0,0,0
"쇼핑검색",수산물200G생다슬기,모바일,1,0,0,0,3,0,0,0,0
"쇼핑검색",수산물고디생다슬기,모바일,1,0,0,0,2,0,0,0,0
"쇼핑검색",수산물다슬기자연산,모바일,1,0,0,0,7,0,0,0,0
"쇼핑검색",수산물생다슬기200G,모바일,1,0,0,0,3,0,0,0,0
"쇼핑검색",수산물생다슬기고디,모바일,1,0,0,0,2,0,0,0,0
"쇼핑검색",수산물생다슬기올갱이,모바일,1,0,0,0,3,0,0,0,0
"쇼핑검색",수산물생다슬기자연산,모바일,1,0,0,0,6,0,0,0,0
"쇼핑검색",수산물올갱이생다슬기,모바일,1,0,0,0,3,0,0,0,0
"쇼핑검색",수산물자연산다슬기,모바일,1,0,0,0,7,0,0,0,0
"쇼핑검색",수산물자연산생다슬기,모바일,1,0,0,0,6,0,0,0,0
"쇼핑검색",수산물판매,PC,1,0,0,0,3,0,0,0,0
"쇼핑검색",수산시장갯고동,모바일,1,0,0,0,8,0,0,0,0
"쇼핑검색",수산시장생다슬기파는곳,PC,1,0,0,0,2,0,0,0,0
"쇼핑검색",수염고둥,모바일,1,0,0,0,9,0,0,0,0
"쇼핑검색",수원시장생다슬기,모바일,2,0,0,0,2,0,0,0,0
"쇼핑검색",수입다슬기,모바일,3,0,0,0,5.3,0,0,0,0
"쇼핑검색",수입산생다슬기,모바일,1,0,0,0,2,0,0,0,0
"쇼핑검색",수입우렁이,모바일,1,0,0,0,9,0,0,0,0
"쇼핑검색",숭어어란,모바일,6,0,0,0,3,0,0,0,0
"쇼핑검색",숭어어란가격,모바일,1,0,0,0,3,0,0,0,0
"쇼핑검색",시장에파는다슬기오염도,PC,1,0,0,0,2,0,0,0,0
"쇼핑검색",식용개구리양식,모바일,1,0,0,0,11,0,0,0,0
"쇼핑검색",식용달팽이,모바일,15,0,0,0,6.4,0,0,0,0
"쇼핑검색",식용달팽이농장,모바일,1,0,0,0,11,0,0,0,0
"쇼핑검색",식용달팽이크기가격,모바일,1,0,0,0,10,0,0,0,0
"쇼핑검색",식품200G생다슬기,모바일,1,0,0,0,3,0,0,0,0
"쇼핑검색",식품고디생다슬기,모바일,1,0,0,0,2,0,0,0,0
"쇼핑검색",식품다슬기자연산,모바일,1,0,0,0,7,0,0,0,0
"쇼핑검색",식품생다슬기200G,모바일,1,0,0,0,3,0,0,0,0
"쇼핑검색",식품생다슬기고디,모바일,1,0,0,0,2,0,0,0,0
"쇼핑검색",식품생다슬기올갱이,모바일,1,0,0,0,3,0,0,0,0
"쇼핑검색",식품생다슬기자연산,모바일,1,0,0,0,6,0,0,0,0
"쇼핑검색",식품올갱이생다슬기,모바일,1,0,0,0,3,0,0,0,0
"쇼핑검색",식품자연산다슬기,모바일,1,0,0,0,7,0,0,0,0
"쇼핑검색",식품자연산생다슬기,모바일,1,0,0,0,6,0,0,0,0
"쇼핑검색",십다리수산생다슬기가격,모바일,1,0,0,0,2,0,0,0,0
"쇼핑검색",싱싱함생다슬기고디,모바일,1,0,0,0,2,0,0,0,0
"쇼핑검색",싱싱함생다슬기자연산,모바일,1,0,0,0,2,0,0,0,0
"쇼핑검색",싱싱함자연산생다슬기,모바일,1,0,0,0,2,0,0,0,0
"쇼핑검색",아띠라이프생다슬기,모바일,1,0,0,0,2,0,0,0,0
"쇼핑검색",안깐다슬기,모바일,2,1,99,99,1,1,0,0,0
"쇼핑검색",안깐동광다슬기란,모바일,1,0,0,0,2,0,0,0,0
"쇼핑검색",알맹이다슬기,모바일,1,0,0,0,2,0,0,0,0
"쇼핑검색",야시장다슬기,모바일,1,0,0,0,2,0,0,0,0
"쇼핑검색",양구방산계곡다슬기,모바일,1,0,0,0,6,0,0,0,0
"쇼핑검색",양식올갱이,모바일,1,0,0,0,8,0,0,0,0
"쇼핑검색",양재중어란,모바일,33,0,0,0,2.7,0,0,0,0
"쇼핑검색",양재중어란가격,모바일,1,0,0,0,7,0,0,0,0
"쇼핑검색",양평다슬기배로잡는곳,모바일,1,0,0,0,2,0,0,0,0
"쇼핑검색",양평시장다슬기,모바일,1,0,0,0,2,0,0,0,0
"쇼핑검색",어란,PC,2,0,0,0,5.5,0,0,0,0
"쇼핑검색",어란,모바일,960,1,506,506,7.9,1,0,0,0
"쇼핑검색",어란가격,모바일,305,0,0,0,6.7,0,0,0,0
"쇼핑검색",어란명장양재중,모바일,3,0,0,0,8.7,0,0,0,0
"쇼핑검색",어란슬라이스,모바일,3,0,0,0,7.7,0,0,0,0
"쇼핑검색",어란장인지리산,모바일,1,0,0,0,2,0,0,0,0
"쇼핑검색",어업회사법인가람주식회사,모바일,1,0,0,0,14,0,0,0,0
"쇼핑검색",어패류200G생다슬기,모바일,1,0,0,0,3,0,0,0,0
"쇼핑검색",어패류고디생다슬기,모바일,1,0,0,0,2,0,0,0,0
"쇼핑검색",어패류다슬기자연산,모바일,1,0,0,0,10,0,0,0,0
"쇼핑검색",어패류생다슬기200G,모바일,1,0,0,0,3,0,0,0,0
"쇼핑검색",어패류생다슬기고디,모바일,1,0,0,0,2,0,0,0,0
"쇼핑검색",어패류생다슬기올갱이,모바일,1,0,0,0,3,0,0,0,0
"쇼핑검색",어패류생다슬기자연산,모바일,1,0,0,0,6,0,0,0,0
"쇼핑검색",어패류올갱이생다슬기,모바일,1,0,0,0,3,0,0,0,0
"쇼핑검색",어패류자연산다슬기,모바일,1,0,0,0,7,0,0,0,0
"쇼핑검색",어패류자연산생다슬기,모바일,1,0,0,0,6,0,0,0,0
"쇼핑검색",엄천강다슬기판매,모바일,1,0,0,0,3,0,0,0,0
"쇼핑검색",업소용다슬기살,모바일,1,0,0,0,3,0,0,0,0
"쇼핑검색",업소용알곤이,모바일,1,0,0,0,11,0,0,0,0
"쇼핑검색",업소용우렁이,모바일,1,0,0,0,9,0,0,0,0
"쇼핑검색",업소용해물,모바일,1,0,0,0,10,0,0,0,0
"쇼핑검색",엑기스용생다슬기2키로가격11번가,PC,1,0,0,0,1,0,0,0,0
"쇼핑검색",엑기스용생다슬기2키로가격쿠팡,PC,1,1,330,330,1,1,0,0,0
"쇼핑검색",여량다슬기많은곳,모바일,1,0,0,0,1,0,0,0,0
"쇼핑검색",여주깐다슬기,모바일,1,0,0,0,3,0,0,0,0
"쇼핑검색",여주다슬기,PC,23,0,0,0,2,0,0,0,0
"쇼핑검색",여주다슬기,모바일,136,0,0,0,2,0,0,0,0
"쇼핑검색",여주다슬기파는곳,모바일,6,0,0,0,2,0,0,0,0
"쇼핑검색",여주다슬기판매,모바일,3,0,0,0,2,0,0,0,0
"쇼핑검색",여주시장장날다슬기,모바일,2,0,0,0,1,0,0,0,0
"쇼핑검색",역곡시장올갱이판매,모바일,1,0,0,0,2,0,0,0,0
"쇼핑검색",연산김경엽다슬기,모바일,1,0,0,0,3,0,0,0,0
"쇼핑검색",연천올갱이많은곳,모바일,1,1,363,363,2,1.5,11,0,0
"쇼핑검색",염장해파리,모바일,2,0,0,0,8.5,0,0,0,0
"쇼핑검색",영암어란,모바일,8,0,0,0,4.5,0,0,0,0
"쇼핑검색",영암어란가격,모바일,1,0,0,0,8,0,0,0,0
"쇼핑검색",영암어란구매,모바일,1,0,0,0,9,0,0,0,0
"쇼핑검색",영월강다슬기,모바일,1,0,0,0,2,0,0,0,0
"쇼핑검색",영월구슬알다슬기,모바일,1,0,0,0,11,0,0,0,0
"쇼핑검색",영월군개인농가생다슬기,모바일,1,0,0,0,3,0,0,0,0
"쇼핑검색",영월깐다슬기,모바일,2,0,0,0,4.5,0,0,0,0
"쇼핑검색",영월다슬기,PC,1,0,0,0,1,0,0,0,0
"쇼핑검색",영월다슬기,모바일,133,16,283,"4,532",3.4,1.17,2.39,0,0
"쇼핑검색",영월다슬기1키로가격,모바일,1,0,0,0,3,0,0,0,0
"쇼핑검색",영월다슬기3키로가격,모바일,2,0,0,0,7,0,0,0,0
"쇼핑검색",영월다슬기가격,모바일,5,0,0,0,4.4,0,0,0,0
"쇼핑검색",영월다슬기굵은것,모바일,1,0,0,0,3,0,0,0,0
"쇼핑검색",영월다슬기생물,모바일,1,0,0,0,2,0,0,0,0
"쇼핑검색",영월다슬기생방송투데이,모바일,1,0,0,0,6,0,0,0,0
"쇼핑검색",영월다슬기정낙연소장,모바일,1,0,0,0,3,0,0,0,0
"쇼핑검색",영월다슬기제철소장,모바일,3,1,517,517,1.7,1,0,0,0
"쇼핑검색",영월다슬기파는곳,PC,1,0,0,0,1,0,0,0,0
"쇼핑검색",영월다슬기파는곳,모바일,6,2,187,374,3.8,1,0,0,0
"쇼핑검색",영월다슬기판매,모바일,6,0,0,0,3,0,0,0,0
"쇼핑검색",영월다슬기판매가격,모바일,1,1,517,517,1,1,0,0,0
"쇼핑검색",영월동강다슬기,모바일,9,0,0,0,3.4,0,0,0,0
"쇼핑검색",영월동강다슬기어부,모바일,1,0,0,0,3,0,0,0,0
"쇼핑검색",영월동강다슬기제철,모바일,1,0,0,0,2,0,0,0,0
"쇼핑검색",영월동강다슬기파는곳,모바일,1,0,0,0,2,0,0,0,0
"쇼핑검색",영월동강생다슬기,모바일,1,0,0,0,2,0,0,0,0
"쇼핑검색",영월생다슬기,모바일,8,0,0,0,1,0,0,0,0
"쇼핑검색",영월생다슬기3KG,모바일,1,0,0,0,1,0,0,0,0
"쇼핑검색",영월생다슬기파는곳,모바일,1,0,0,0,2,0,0,0,0
"쇼핑검색",영월올갱이잡는곳,모바일,1,0,0,0,3,0,0,0,0
"쇼핑검색",영월제철소장다슬기,모바일,1,0,0,0,15,0,0,0,0
"쇼핑검색",영월제철소장다슬기가격,모바일,1,0,0,0,1,0,0,0,0
"쇼핑검색",영월중앙시장다슬기,모바일,1,0,0,0,2,0,0,0,0
"쇼핑검색",영월평창깐다슬기,모바일,1,0,0,0,11,0,0,0,0
"쇼핑검색",영월평창다슬기,모바일,4,0,0,0,9.5,0,0,0,0
"쇼핑검색",오만둥이,모바일,3,0,0,0,11,0,0,0,0
"쇼핑검색",오만둥이미더덕손질,모바일,1,0,0,0,11,0,0,0,0
"쇼핑검색",오만둥이회,모바일,1,0,0,0,3,0,0,0,0
"쇼핑검색",오만디,모바일,1,0,0,0,11,0,0,0,0
"쇼핑검색",오일장판매1위상품,모바일,1,0,0,0,2,0,0,0,0
"쇼핑검색",오팜다슬기,모바일,2,0,0,0,3,0,0,0,0
"쇼핑검색",오팜지기생다슬기,모바일,1,0,0,0,2,0,0,0,0
"쇼핑검색",옥자SEA,모바일,1,0,0,0,15,0,0,0,0
"쇼핑검색",옥천군.금강향수다슬기,모바일,1,0,0,0,1,0,0,0,0
"쇼핑검색",옥천군금강향수다슬기,PC,1,0,0,0,1,0,0,0,0
"쇼핑검색",옥천군금강향수다슬기,모바일,1,0,0,0,1,0,0,0,0
"쇼핑검색",옥천군안남식당생다슬기판매,모바일,1,1,473,473,2,1,0,0,0
"쇼핑검색",옥천군안내면장계리생다슬기판매,모바일,9,1,363,363,2.2,1,0,0,0
"쇼핑검색",옥천금강생다슬기,모바일,1,0,0,0,2,0,0,0,0
"쇼핑검색",옥천다슬기,모바일,5,1,506,506,2.2,1,0,0,0
"쇼핑검색",옥천다슬기가격,모바일,1,0,0,0,1,0,0,0,0
"쇼핑검색",옥천다슬기다른곳,모바일,1,0,0,0,1,0,0,0,0
"쇼핑검색",옥천다슬기많은곳,모바일,2,0,0,0,1.5,0,0,0,0
"쇼핑검색",옥천다슬기어업010-,PC,1,1,385,385,3,1,0,0,0
"쇼핑검색",옥천다슬기임유리,모바일,1,0,0,0,1,0,0,0,0
"쇼핑검색",옥천다슬기파는곳,모바일,4,0,0,0,2,0,0,0,0
"쇼핑검색",옥천올갱이,모바일,2,0,0,0,2,0,0,0,0
"쇼핑검색",옥천올갱이매입하는곳,모바일,1,0,0,0,1,0,0,0,0
"쇼핑검색",옥천올갱이판매,모바일,2,0,0,0,1.5,0,0,0,0
"쇼핑검색",옥천올갱이판매하는곳,모바일,1,0,0,0,3,0,0,0,0
"쇼핑검색",옥천읍금강향수다슬기,모바일,1,0,0,0,1,0,0,0,0
"쇼핑검색",옥천자연산생다슬기1키로,모바일,1,0,0,0,2,0,0,0,0
"쇼핑검색",옥천향수다슬기,모바일,1,0,0,0,2,0,0,0,0
"쇼핑검색",옥천향수생다슬기,모바일,3,1,55,55,1,1,0,0,0
"쇼핑검색",옥화리.다슬기판매장,모바일,1,0,0,0,12,0,0,0,0
"쇼핑검색",올갱,모바일,1,0,0,0,2,0,0,0,0
"쇼핑검색",올갱이,PC,12,0,0,0,2.3,0,0,0,0
"쇼핑검색",올갱이,모바일,383,12,276,"3,311",2.4,1,0,0,0
"쇼핑검색",올갱이1KG,PC,1,0,0,0,3,0,0,0,0
"쇼핑검색",올갱이1키로가격,모바일,1,0,0,0,1,0,0,0,0
"쇼핑검색",올갱이1킬로,모바일,1,0,0,0,1,0,0,0,0
"쇼핑검색",올갱이2키로,모바일,2,0,0,0,1,0,0,0,0
"쇼핑검색",올갱이2키로가격,모바일,1,0,0,0,3,0,0,0,0
"쇼핑검색",올갱이가격,모바일,15,1,198,198,3.8,1,0,0,0
"쇼핑검색",올갱이가어디에좋은가,모바일,1,1,429,429,2,1,0,0,0
"쇼핑검색",올갱이간암,PC,1,0,0,0,3,0,0,0,0
"쇼핑검색",올갱이국산,모바일,2,0,0,0,8,0,0,0,0
"쇼핑검색",올갱이까서파는거,모바일,1,0,0,0,12,0,0,0,0
"쇼핑검색",올갱이깐것500그램가격,모바일,1,0,0,0,3,0,0,0,0
"쇼핑검색",올갱이다슬기,모바일,28,2,303,605,3.4,1,0,0,0
"쇼핑검색",올갱이다슬기K얼마인가요,모바일,1,0,0,0,2,0,0,0,0
"쇼핑검색",올갱이들깨탕,모바일,4,0,0,0,1,0,0,0,0
"쇼핑검색",올갱이매입하는곳,모바일,1,1,484,484,2,1,0,0,0
"쇼핑검색",올갱이무게,PC,1,0,0,0,2,0,0,0,0
"쇼핑검색",올갱이뭘로빼,모바일,1,0,0,0,2,0,0,0,0
"쇼핑검색",올갱이삶아서냉동보관,모바일,1,0,0,0,2,0,0,0,0
"쇼핑검색",올갱이삶은것보관법,모바일,1,0,0,0,2,0,0,0,0
"쇼핑검색",올갱이생다슬기수산물,모바일,1,0,0,0,3,0,0,0,0
"쇼핑검색",올갱이생다슬기식품,모바일,1,0,0,0,3,0,0,0,0
"쇼핑검색",올갱이생다슬기어패류,모바일,1,0,0,0,3,0,0,0,0
"쇼핑검색",올갱이생다슬기해산물,모바일,1,0,0,0,3,0,0,0,0
"쇼핑검색",올갱이수산물생다슬기,모바일,1,0,0,0,3,0,0,0,0
"쇼핑검색",올갱이식품생다슬기,모바일,1,0,0,0,3,0,0,0,0
"쇼핑검색",올갱이어패류생다슬기,모바일,1,0,0,0,3,0,0,0,0
"쇼핑검색",올갱이와다슬기차이점,모바일,2,0,0,0,2,0,0,0,0
"쇼핑검색",올갱이잡는시기,모바일,1,0,0,0,2,0,0,0,0
"쇼핑검색",올갱이체취시기,모바일,1,0,0,0,3,0,0,0,0
"쇼핑검색",올갱이최저가,모바일,1,0,0,0,2,0,0,0,0
"쇼핑검색",올갱이충북영동,모바일,1,0,0,0,3,0,0,0,0
"쇼핑검색",올갱이파는곳,모바일,4,1,242,242,5,1,0,0,0
"쇼핑검색",올갱이판매,모바일,4,1,242,242,2,1,0,0,0
"쇼핑검색",올갱이해감방법,모바일,1,0,0,0,2,0,0,0,0
"쇼핑검색",올갱이해산물생다슬기,모바일,1,0,0,0,3,0,0,0,0
"쇼핑검색",올갱이효능,모바일,3,0,0,0,6,0,0,0,0
"쇼핑검색",올뱅이,PC,1,1,187,187,1,1,0,0,0
"쇼핑검색",올뱅이,모바일,12,0,0,0,5.7,0,0,0,0
"쇼핑검색",완도고동,모바일,1,0,0,0,10,0,0,0,0
"쇼핑검색",왕다슬기,PC,6,0,0,0,2,0,0,0,0
"쇼핑검색",왕다슬기,모바일,44,1,253,253,2,1,0,0,0
"쇼핑검색",왕우렁이,모바일,4,0,0,0,2,0,0,0,0
"쇼핑검색",왕우렁이식용,모바일,2,0,0,0,12.5,0,0,0,0
"쇼핑검색",요즘제철해산물,모바일,1,0,0,0,10,0,0,0,0
"쇼핑검색",용원시장고동,모바일,1,0,0,0,13,0,0,0,0
"쇼핑검색",용인중앙시장우렁이살,모바일,1,0,0,0,14,0,0,0,0
"쇼핑검색",우니삼합,모바일,1,0,0,0,2,0,0,0,0
"쇼핑검색",우렁,모바일,56,0,0,0,9,0,0,0,0
"쇼핑검색",우렁과비슷한것,모바일,1,0,0,0,12,0,0,0,0
"쇼핑검색",우렁살,모바일,12,0,0,0,9.3,0,0,0,0
"쇼핑검색",우렁살냉동,모바일,1,0,0,0,3,0,0,0,0
"쇼핑검색",우렁살추천,모바일,2,0,0,0,8,0,0,0,0
"쇼핑검색",우렁쌈밥우렁이,모바일,1,0,0,0,11,0,0,0,0
"쇼핑검색",우렁양식,모바일,1,0,0,0,13,0,0,0,0
"쇼핑검색",우렁이,PC,2,0,0,0,3.5,0,0,0,0
"쇼핑검색",우렁이,모바일,87,0,0,0,9.4,0,0,0,0
"쇼핑검색",우렁이1키로,모바일,1,0,0,0,15,0,0,0,0
"쇼핑검색",우렁이가격,모바일,2,0,0,0,10,0,0,0,0
"쇼핑검색",우렁이농장,모바일,1,0,0,0,9,0,0,0,0
"쇼핑검색",우렁이다슬기,모바일,2,0,0,0,1.5,0,0,0,0
"쇼핑검색",우렁이데쳐서보관,모바일,1,0,0,0,9,0,0,0,0
"쇼핑검색",우렁이살,모바일,3,0,0,0,1.7,0,0,0,0
"쇼핑검색",우렁이살1KG,모바일,4,0,0,0,8.8,0,0,0,0
"쇼핑검색",우렁이생물,모바일,1,0,0,0,1,0,0,0,0
"쇼핑검색",우렁이세척방법,모바일,1,0,0,0,12,0,0,0,0
"쇼핑검색",원주다슬기판매,모바일,2,0,0,0,1,0,0,0,0
"쇼핑검색",원주횟집호래기,모바일,1,0,0,0,11,0,0,0,0
"쇼핑검색",유천다슬기많은곳,모바일,1,1,209,209,1,1,0,0,0
"쇼핑검색",육거리시장다슬기가격,모바일,1,0,0,0,3,0,0,0,0
"쇼핑검색",육거리시장생다슬기가격,모바일,1,1,473,473,2,1,0,0,0
"쇼핑검색",육수용다슬기,PC,1,0,0,0,1,0,0,0,0
"쇼핑검색",음성깐다슬기,모바일,1,0,0,0,13,0,0,0,0
"쇼핑검색",인간극장다슬기,모바일,1,0,0,0,14,0,0,0,0
"쇼핑검색",인조캐비어,모바일,3,0,0,0,8,0,0,0,0
"쇼핑검색",인천서구꼴뚜기전문점,모바일,1,0,0,0,15,0,0,0,0
"쇼핑검색",일본한치알,모바일,1,0,0,0,12,0,0,0,0
"쇼핑검색",일산축제6월다슬기,모바일,1,0,0,0,9,0,0,0,0
"쇼핑검색",임실강진생다슬기,모바일,1,0,0,0,2,0,0,0,0
"쇼핑검색",임실다슬기,모바일,2,0,0,0,2,0,0,0,0
"쇼핑검색",자숙갯고동,모바일,3,0,0,0,6,0,0,0,0
"쇼핑검색",자숙고동,모바일,2,0,0,0,2.5,0,0,0,0
"쇼핑검색",자숙다슬기,PC,2,0,0,0,1,0,0,0,0
"쇼핑검색",자숙올갱이,모바일,1,0,0,0,8,0,0,0,0
"쇼핑검색",자숙우렁뜻,모바일,1,0,0,0,9,0,0,0,0
"쇼핑검색",자숙우렁이,모바일,1,0,0,0,3,0,0,0,0
"쇼핑검색",자연나라다슬기,모바일,3,1,77,77,2,1,0,0,0
"쇼핑검색",자연산,모바일,1,0,0,0,2,0,0,0,0
"쇼핑검색",자연산40대생다슬기,모바일,1,0,0,0,2,0,0,0,0
"쇼핑검색",자연산50대생다슬기,모바일,1,0,0,0,2,0,0,0,0
"쇼핑검색",자연산60대생다슬기,모바일,1,0,0,0,2,0,0,0,0
"쇼핑검색",자연산깐다슬기,PC,2,0,0,0,5,0,0,0,0
"쇼핑검색",자연산깐다슬기,모바일,5,0,0,0,4.6,0,0,0,0
"쇼핑검색",자연산깐올갱이,PC,1,0,0,0,5,0,0,0,0
"쇼핑검색",자연산다슬기,PC,3,0,0,0,1.7,0,0,0,0
"쇼핑검색",자연산다슬기,모바일,43,1,528,528,2.4,1,0,0,0
"쇼핑검색",자연산다슬기1키로가격,모바일,1,0,0,0,2,0,0,0,0
"쇼핑검색",자연산다슬기가격,모바일,5,2,264,528,3.4,1,0,0,0
"쇼핑검색",자연산다슬기많이나는곳,모바일,1,0,0,0,9,0,0,0,0
"쇼핑검색",자연산다슬기수산물,모바일,1,0,0,0,7,0,0,0,0
"쇼핑검색",자연산다슬기식품,모바일,1,0,0,0,7,0,0,0,0
"쇼핑검색",자연산다슬기어패류,모바일,1,0,0,0,7,0,0,0,0
"쇼핑검색",자연산다슬기올갱이,모바일,1,0,0,0,8,0,0,0,0
"쇼핑검색",자연산다슬기파는곳,모바일,1,0,0,0,3,0,0,0,0
"쇼핑검색",자연산다슬기해산물,모바일,1,0,0,0,7,0,0,0,0
"쇼핑검색",자연산몸에좋은생다슬기,모바일,1,0,0,0,2,0,0,0,0
"쇼핑검색",자연산생다슬기,PC,24,2,473,946,2,1.33,33.33,0,0
"쇼핑검색",자연산생다슬기,모바일,226,31,309,"9,570",2.2,1.3,23.88,1,"88,000"
"쇼핑검색",자연산생다슬기1KG,모바일,1,1,286,286,1,1.33,9.33,0,0
"쇼핑검색",자연산생다슬기40대,모바일,1,0,0,0,2,0,0,0,0
"쇼핑검색",자연산생다슬기50대,모바일,1,0,0,0,2,0,0,0,0
"쇼핑검색",자연산생다슬기60대,모바일,1,0,0,0,2,0,0,0,0
"쇼핑검색",자연산생다슬기가격,모바일,5,2,369,737,2,1,0,0,0
"쇼핑검색",자연산생다슬기몸에좋은,모바일,1,0,0,0,2,0,0,0,0
"쇼핑검색",자연산생다슬기사이즈,모바일,1,0,0,0,2,0,0,0,0
"쇼핑검색",자연산생다슬기수산물,모바일,1,0,0,0,6,0,0,0,0
"쇼핑검색",자연산생다슬기식품,모바일,1,0,0,0,6,0,0,0,0
"쇼핑검색",자연산생다슬기싱싱함,모바일,1,0,0,0,2,0,0,0,0
"쇼핑검색",자연산생다슬기어패류,모바일,1,0,0,0,6,0,0,0,0
"쇼핑검색",자연산생다슬기해산물,모바일,1,0,0,0,6,0,0,0,0
"쇼핑검색",자연산수산물다슬기,모바일,1,0,0,0,7,0,0,0,0
"쇼핑검색",자연산수산물생다슬기,모바일,1,0,0,0,6,0,0,0,0
"쇼핑검색",자연산식품다슬기,모바일,1,0,0,0,7,0,0,0,0
"쇼핑검색",자연산식품생다슬기,모바일,1,0,0,0,6,0,0,0,0
"쇼핑검색",자연산싱싱함생다슬기,모바일,1,0,0,0,2,0,0,0,0
"쇼핑검색",자연산어패류생다슬기,모바일,1,0,0,0,6,0,0,0,0
"쇼핑검색",자연산올갱이,모바일,5,0,0,0,2.6,0,0,0,0
"쇼핑검색",자연산올갱이가격,모바일,1,0,0,0,2,0,0,0,0
"쇼핑검색",자연산자숙다슬기,모바일,1,0,0,0,2,0,0,0,0
"쇼핑검색",자연산해산물다슬기,모바일,1,0,0,0,7,0,0,0,0
"쇼핑검색",자연산해산물생다슬기,모바일,1,0,0,0,6,0,0,0,0
"쇼핑검색",자연산햇참돔13마리,모바일,1,0,0,0,6,0,0,0,0
"쇼핑검색",자연산향수,모바일,2,0,0,0,1,0,0,0,0
"쇼핑검색",자연산홍천강다슬기1키로,모바일,1,0,0,0,1,0,0,0,0
"쇼핑검색",잡은다슬기,모바일,1,0,0,0,9,0,0,0,0
"쇼핑검색",장수다슬기판매,모바일,4,0,0,0,2.3,0,0,0,0
"쇼핑검색",장수마을커피댁미건씨다슬기어디,모바일,1,0,0,0,3,0,0,0,0
"쇼핑검색",재첩살1KG,모바일,1,0,0,0,2,0,0,0,0
"쇼핑검색",재호수산모듬해물,모바일,1,0,0,0,9,0,0,0,0
"쇼핑검색",전남도다슬기,모바일,2,0,0,0,1,0,0,0,0
"쇼핑검색",전라남도다슬기,모바일,1,0,0,0,3,0,0,0,0
"쇼핑검색",전라남도다슬기판매,모바일,1,1,187,187,2,1,0,0,0
"쇼핑검색",전라도생다슬기,모바일,1,0,0,0,1,0,0,0,0
"쇼핑검색",전주다슬기매입,PC,1,1,319,319,3,1,0,0,0
"쇼핑검색",전주생다슬기판매,모바일,1,0,0,0,2,0,0,0,0
"쇼핑검색",전주시장생다슬기,모바일,2,1,462,462,2.5,1,0,0,0
"쇼핑검색",정가람다슬기,모바일,1,0,0,0,12,0,0,0,0
"쇼핑검색",정선다슬기,모바일,1,0,0,0,3,0,0,0,0
"쇼핑검색",정선생다슬기,PC,1,0,0,0,1,0,0,0,0
"쇼핑검색",정선시장생다슬기,모바일,1,0,0,0,2,0,0,0,0
"쇼핑검색",정옥,PC,1,0,0,0,1,0,0,0,0
"쇼핑검색",정옥,모바일,1,0,0,0,11,0,0,0,0
"쇼핑검색",정옥깐다슬기,PC,1,1,132,132,2,1,0,0,0
"쇼핑검색",정옥깐다슬기,모바일,1,0,0,0,12,0,0,0,0
"쇼핑검색",정옥생다슬기,모바일,2,0,0,0,1,0,0,0,0
"쇼핑검색",정읍시장다슬기,모바일,1,0,0,0,3,0,0,0,0
"쇼핑검색",제주고둥금어기,모바일,1,0,0,0,10,0,0,0,0
"쇼핑검색",제주급냉보말,모바일,1,0,0,0,9,0,0,0,0
"쇼핑검색",제주도보말잡기,모바일,1,0,0,0,10,0,0,0,0
"쇼핑검색",제주보말,모바일,3,0,0,0,12,0,0,0,0
"쇼핑검색",제주어란,모바일,1,0,0,0,11,0,0,0,0
"쇼핑검색",제천올갱이,모바일,1,0,0,0,3,0,0,0,0
"쇼핑검색",제철다슬기,모바일,1,0,0,0,1,0,0,0,0
"쇼핑검색",제철소장다슬기,모바일,4,0,0,0,1,0,0,0,0
"쇼핑검색",제철소장다슬기가격,모바일,1,0,0,0,1,0,0,0,0
"쇼핑검색",제철소장영월다슬기,모바일,2,0,0,0,7.5,0,0,0,0
"쇼핑검색",제철수산물,모바일,1,0,0,0,12,0,0,0,0
"쇼핑검색",제철특가,모바일,1,0,0,0,9,0,0,0,0
"쇼핑검색",제철해산물,모바일,3,0,0,0,12.7,0,0,0,0
"쇼핑검색",조치원시장다슬기파는곳,모바일,1,0,0,0,11,0,0,0,0
"쇼핑검색",중국다슬기,모바일,1,0,0,0,2,0,0,0,0
"쇼핑검색",중국산냉동다슬기,모바일,2,0,0,0,9,0,0,0,0
"쇼핑검색",중국산다슬기,PC,1,0,0,0,1,0,0,0,0
"쇼핑검색",중국산다슬기,모바일,3,0,0,0,5.7,0,0,0,0
"쇼핑검색",지리산다슬기양식,모바일,1,0,0,0,14,0,0,0,0
"쇼핑검색",지리산어란,모바일,24,0,0,0,3,0,0,0,0
"쇼핑검색",지리산어란가격,모바일,4,0,0,0,2,0,0,0,0
"쇼핑검색",지리산어란명장,모바일,1,0,0,0,2,0,0,0,0
"쇼핑검색",지리산어란장인,모바일,1,0,0,0,2,0,0,0,0
"쇼핑검색",직접잡은다슬기,모바일,1,0,0,0,3,0,0,0,0
"쇼핑검색",진도고둥종류,모바일,1,0,0,0,13,0,0,0,0
"쇼핑검색",진동미더덕,모바일,7,0,0,0,11,0,0,0,0
"쇼핑검색",진동미더덕회,모바일,3,0,0,0,11.3,0,0,0,0
"쇼핑검색",진안다슬기,PC,12,0,0,0,2,0,0,0,0
"쇼핑검색",진안다슬기,모바일,139,1,473,473,2,1.5,50,0,0
"쇼핑검색",진안다슬기가격,모바일,10,1,462,462,1.9,1,0,0,0
"쇼핑검색",진안다슬기구매,모바일,3,0,0,0,2,0,0,0,0
"쇼핑검색",진안다슬기파는곳,모바일,8,1,484,484,2,1,0,0,0
"쇼핑검색",진안다슬기판매,모바일,4,0,0,0,2,0,0,0,0
"쇼핑검색",진안다슬기판매점,모바일,3,0,0,0,2,0,0,0,0
"쇼핑검색",짱뚱어회,모바일,1,0,0,0,10,0,0,0,0
"쇼핑검색",찬해원,모바일,9,0,0,0,2.2,0,0,0,0
"쇼핑검색",참꼴뚜기,모바일,1,0,0,0,13,0,0,0,0
"쇼핑검색",참다슬기,PC,11,0,0,0,2.5,0,0,0,0
"쇼핑검색",참다슬기,모바일,40,1,484,484,2.4,1.5,24,0,0
"쇼핑검색",참다슬기가격,모바일,2,0,0,0,2,0,0,0,0
"쇼핑검색",참미더덕,모바일,1,0,0,0,11,0,0,0,0
"쇼핑검색",천안다슬기판매,모바일,1,0,0,0,2,0,0,0,0
"쇼핑검색",천안미더덕회파는곳,모바일,1,0,0,0,11,0,0,0,0
"쇼핑검색",천안중앙시장다슬기,모바일,1,0,0,0,9,0,0,0,0
"쇼핑검색",천안중앙시장생다슬기,모바일,2,0,0,0,2,0,0,0,0
"쇼핑검색",천안중앙시장생다슬기파는곳,모바일,1,0,0,0,2,0,0,0,0
"쇼핑검색",청우우렁살1KG,PC,1,0,0,0,1,0,0,0,0
"쇼핑검색",청주농수산물시장올갱이판매점,PC,1,0,0,0,2,0,0,0,0
"쇼핑검색",청주서문시장올갱이,모바일,1,0,0,0,3,0,0,0,0
"쇼핑검색",청천깐다슬기,모바일,1,0,0,0,2,0,0,0,0
"쇼핑검색",청천면다슬기가격,모바일,1,0,0,0,1,0,0,0,0
"쇼핑검색",청천올갱이파는곳,모바일,1,0,0,0,14,0,0,0,0
"쇼핑검색",촛대고동,PC,2,0,0,0,3.5,0,0,0,0
"쇼핑검색",촛대고동,모바일,12,0,0,0,5.3,0,0,0,0
"쇼핑검색",촛대고동숙회,모바일,1,0,0,0,6,0,0,0,0
"쇼핑검색",촛대고동파는곳,PC,1,0,0,0,5,0,0,0,0
"쇼핑검색",촛대고동회,모바일,2,0,0,0,11,0,0,0,0
"쇼핑검색",촛대고둥,모바일,3,0,0,0,6.3,0,0,0,0
"쇼핑검색",최태근명장,모바일,1,0,0,0,2,0,0,0,0
"쇼핑검색",최태근명장어란,모바일,4,0,0,0,8.3,0,0,0,0
"쇼핑검색",최태근어란,모바일,12,0,0,0,6.5,0,0,0,0
"쇼핑검색",최태근어란명장,모바일,1,0,0,0,8,0,0,0,0
"쇼핑검색",춘천시장생다슬기,모바일,1,0,0,0,2,0,0,0,0
"쇼핑검색",충북옥천다슬기,모바일,1,0,0,0,1,0,0,0,0
"쇼핑검색",충북옥천다슬기파는곳,모바일,1,0,0,0,2,0,0,0,0
"쇼핑검색",충북옥천생다슬기파는곳,모바일,1,1,253,253,2,1,0,0,0
"쇼핑검색",충북옥천에생다슬기파는곳,모바일,1,0,0,0,2,0,0,0,0
"쇼핑검색",충북옥천향수식자재,모바일,1,0,0,0,1,0,0,0,0
"쇼핑검색",충주깐다슬기,모바일,1,0,0,0,10,0,0,0,0
"쇼핑검색",충주다슬기판매,모바일,1,0,0,0,3,0,0,0,0
"쇼핑검색",충주올갱이많은곳,모바일,1,0,0,0,3,0,0,0,0
"쇼핑검색",충주올갱이판매,모바일,1,1,253,253,1,1,0,0,0
"쇼핑검색",카라스미,모바일,1,0,0,0,3,0,0,0,0
"쇼핑검색",캐비어,모바일,6,0,0,0,12.3,0,0,0,0
"쇼핑검색",코모치야리이까,모바일,4,0,0,0,6.8,0,0,0,0
"쇼핑검색",코스트코우렁이세척,모바일,1,0,0,0,8,0,0,0,0
"쇼핑검색",쿠팡로켓배송우렁,모바일,1,0,0,0,13,0,0,0,0
"쇼핑검색",쿠팡생다슬기,모바일,2,0,0,0,2.5,0,0,0,0
"쇼핑검색",털게가격,모바일,1,0,0,0,3,0,0,0,0
"쇼핑검색",토종다슬기,모바일,2,0,0,0,1,0,0,0,0
"쇼핑검색",토종다슬기종류,모바일,1,0,0,0,2,0,0,0,0
"쇼핑검색",통다슬기,모바일,7,0,0,0,2.1,0,0,0,0
"쇼핑검색",통영모듬해산물배달,모바일,1,0,0,0,11,0,0,0,0
"쇼핑검색",통영미더덕,모바일,2,0,0,0,15,0,0,0,0
"쇼핑검색",통영시장금강식품,모바일,1,0,0,0,2,0,0,0,0
"쇼핑검색",통통우렁이,모바일,1,0,0,0,10,0,0,0,0
"쇼핑검색",팔달시장생다슬기,모바일,1,0,0,0,2,0,0,0,0
"쇼핑검색",팔달시장생다슬기파는곳,모바일,2,1,473,473,2.5,1,0,0,0
"쇼핑검색",평창다슬기,모바일,1,0,0,0,8,0,0,0,0
"쇼핑검색",평창동강다슬기판매처,모바일,1,0,0,0,2,0,0,0,0
"쇼핑검색",포항다슬기양식장,모바일,1,0,0,0,2,0,0,0,0
"쇼핑검색",프레머해물믹스,모바일,1,0,0,0,10,0,0,0,0
"쇼핑검색",피다슬기,모바일,2,1,220,220,1,2,23,0,0
"쇼핑검색",하동민물다슬기,모바일,1,0,0,0,2,0,0,0,0
"쇼핑검색",한치청어알,모바일,1,0,0,0,12,0,0,0,0
"쇼핑검색",합천다슬기나는곳,모바일,1,0,0,0,2,0,0,0,0
"쇼핑검색",해남진도민물다슬기잡을수있는곳,모바일,1,0,0,0,3,0,0,0,0
"쇼핑검색",해녀언니,모바일,2,0,0,0,6,0,0,0,0
"쇼핑검색",해물,모바일,2,0,0,0,9,0,0,0,0
"쇼핑검색",해물모둠,모바일,2,0,0,0,13,0,0,0,0
"쇼핑검색",해물모듬,모바일,7,0,0,0,10.6,0,0,0,0
"쇼핑검색",해물모듬냉동,모바일,1,0,0,0,11,0,0,0,0
"쇼핑검색",해물모듬추천,모바일,1,0,0,0,12,0,0,0,0
"쇼핑검색",해물모음,모바일,1,0,0,0,3,0,0,0,0
"쇼핑검색",해물믹스,모바일,8,0,0,0,12,0,0,0,0
"쇼핑검색",해물믹스대용량,모바일,1,0,0,0,15,0,0,0,0
"쇼핑검색",해물믹스추천,모바일,1,0,0,0,12,0,0,0,0
"쇼핑검색",해물찜모듬,모바일,1,0,0,0,9,0,0,0,0
"쇼핑검색",해물파티,모바일,1,0,0,0,11,0,0,0,0
"쇼핑검색",해산물,PC,75,0,0,0,12.5,0,0,0,0
"쇼핑검색",해산물,모바일,166,0,0,0,11.7,0,0,0,0
"쇼핑검색",해산물200G생다슬기,모바일,1,0,0,0,3,0,0,0,0
"쇼핑검색",해산물고디생다슬기,모바일,1,0,0,0,2,0,0,0,0
"쇼핑검색",해산물골라담아,모바일,1,0,0,0,5,0,0,0,0
"쇼핑검색",해산물다슬기자연산,모바일,1,0,0,0,7,0,0,0,0
"쇼핑검색",해산물모듬세트,모바일,1,0,0,0,8,0,0,0,0
"쇼핑검색",해산물믹스,모바일,3,0,0,0,11,0,0,0,0
"쇼핑검색",해산물생다슬기200G,모바일,1,0,0,0,3,0,0,0,0
"쇼핑검색",해산물생다슬기고디,모바일,1,0,0,0,2,0,0,0,0
"쇼핑검색",해산물생다슬기올갱이,모바일,1,0,0,0,3,0,0,0,0
"쇼핑검색",해산물생다슬기자연산,모바일,1,0,0,0,6,0,0,0,0
"쇼핑검색",해산물올갱이생다슬기,모바일,1,0,0,0,3,0,0,0,0
"쇼핑검색",해산물자연산다슬기,모바일,1,0,0,0,7,0,0,0,0
"쇼핑검색",해산물자연산생다슬기,모바일,1,0,0,0,6,0,0,0,0
"쇼핑검색",해산물종류,모바일,4,0,0,0,1,0,0,0,0
"쇼핑검색",해파리,PC,1,0,0,0,4,0,0,0,0
"쇼핑검색",해파리,모바일,19,0,0,0,9,0,0,0,0
"쇼핑검색",해파리가격,모바일,1,0,0,0,7,0,0,0,0
"쇼핑검색",해파리냉채,모바일,1,0,0,0,5,0,0,0,0
"쇼핑검색",해파리냉채주의사항,모바일,1,0,0,0,8,0,0,0,0
"쇼핑검색",해파리무침해파리,모바일,1,0,0,0,8,0,0,0,0
"쇼핑검색",해파리발조리법,모바일,1,0,0,0,11,0,0,0,0
"쇼핑검색",해파리비싼이유,모바일,1,0,0,0,7,0,0,0,0
"쇼핑검색",해파리채,모바일,1,0,0,0,11,0,0,0,0
"쇼핑검색",햇다슬기,모바일,1,1,242,242,1,1,0,0,0
"쇼핑검색",향수생다슬기,모바일,2,0,0,0,1,0,0,0,0
"쇼핑검색",호래기,모바일,37,0,0,0,10.7,0,0,0,0
"쇼핑검색",호래기시세,모바일,1,0,0,0,12,0,0,0,0
"쇼핑검색",호래기제철,모바일,2,0,0,0,10,0,0,0,0
"쇼핑검색",호래기회,모바일,10,0,0,0,10.5,0,0,0,0
"쇼핑검색",호래기횟감,모바일,1,0,0,0,9,0,0,0,0
"쇼핑검색",호레기,PC,2,0,0,0,1,0,0,0,0
"쇼핑검색",호레기,모바일,7,0,0,0,10.6,0,0,0,0
"쇼핑검색",호루래기,모바일,2,0,0,0,13.5,0,0,0,0
"쇼핑검색",호루래기회,모바일,8,0,0,0,12.8,0,0,0,0
"쇼핑검색",홍천강다슬기1KG,모바일,1,0,0,0,2,0,0,0,0
"쇼핑검색",홍천생다슬기,모바일,11,3,458,"1,375",2.2,1,0,1,"44,000"
"쇼핑검색",홍천생다슬기파는곳,모바일,4,0,0,0,2,0,0,0,0
"쇼핑검색",홍천생다슬기판매,모바일,1,0,0,0,2,0,0,0,0
"쇼핑검색",홍합없는해물모듬,모바일,1,0,0,0,10,0,0,0,0
"쇼핑검색",화동다슬기파는집,모바일,1,0,0,0,1,0,0,0,0
"쇼핑검색",화순다슬기사는곳,모바일,1,0,0,0,3,0,0,0,0
"쇼핑검색",화천다슬기,모바일,3,0,0,0,2.7,0,0,0,0
"쇼핑검색",활다슬기,모바일,5,0,0,0,1.2,0,0,0,0
"쇼핑검색",활다슬기판매,모바일,1,1,297,297,2,1,0,0,0
"쇼핑검색",활미더덕,모바일,1,0,0,0,11,0,0,0,0
"쇼핑검색",활전어,모바일,1,0,0,0,2,0,0,0,0
"쇼핑검색",활조개,PC,1,0,0,0,1,0,0,0,0
"쇼핑검색",황금이네깐다슬기,모바일,1,0,0,0,2,0,0,0,0
"쇼핑검색",황금이네다슬기,모바일,1,1,231,231,2,1,0,0,0
"쇼핑검색",황금이네생다슬기,모바일,1,1,407,407,1,1,0,0,0
"쇼핑검색",회산다슬기,모바일,1,0,0,0,3,0,0,0,0
"쇼핑검색",횟감호래기,모바일,1,0,0,0,3,0,0,0,0
"쇼핑검색",횟집갯고동,모바일,2,0,0,0,5.5,0,0,0,0
"쇼핑검색",횟집고동,모바일,2,0,0,0,1,0,0,0,0
"쇼핑검색",횟집다슬기,모바일,1,0,0,0,1,0,0,0,0
"쇼핑검색",횡성댐하류다슬기,모바일,1,0,0,0,3,0,0,0,0
"쇼핑검색",횡성삼형교다슬기,모바일,1,0,0,0,2,0,0,0,0
