﻿"쇼핑검색보고서(2025.06.01.~2025.06.30.),ise41661:naver"
"캠페인유형",검색어,PC/모바일 매체,노출수,클릭수,"평균클릭비용(VAT포함,원)","총비용(VAT포함,원)",평균노출순위,방문당 평균페이지뷰,방문당 평균체류시간(초),전환수,전환매출액(원)
"파워링크",100%부로콜리가루,모바일,2,0,0,0,4,0,0,0,0
"파워링크",100%브로콜리가루,모바일,1,0,0,0,3,0,0,0,0
"파워링크",부로콜리새싹,모바일,4,0,0,0,1,0,0,0,0
"파워링크",부로콜리새싹분말,모바일,2,0,0,0,3,0,0,0,0
"파워링크",브로리코효능,PC,68,0,0,0,2.4,0,0,0,0
"파워링크",브로리코효능,모바일,375,8,191,"1,529",2.3,0,0,0,0
"파워링크",브로컬리,PC,49,0,0,0,7.8,0,0,0,0
"파워링크",브로컬리새싹,PC,4,0,0,0,2,0,0,0,0
"파워링크",브로컬리새싹,모바일,24,0,0,0,2,0,0,0,0
"파워링크",브로컬리새싹가루,모바일,1,0,0,0,1,0,0,0,0
"파워링크",브로컬리새싹분말효능,PC,1,0,0,0,1,0,0,0,0
"파워링크",브로컬리새싹추출물,PC,1,0,0,0,3,0,0,0,0
"파워링크",브로컬리효능,PC,8,0,0,0,3,0,0,0,0
"파워링크",브로컬리효능,모바일,155,0,0,0,3.7,0,0,0,0
"파워링크",브로콜리,PC,"8,213",3,286,858,4.5,0,0,0,0
"파워링크",브로콜리가루,PC,41,2,286,572,4.8,0,0,0,0
"파워링크",브로콜리가루,모바일,7,0,0,0,5.9,0,0,0,0
"파워링크",브로콜리분말,PC,1,0,0,0,10,0,0,0,0
"파워링크",브로콜리분말가루,PC,2,0,0,0,2,0,0,0,0
"파워링크",브로콜리분말가루,모바일,1,0,0,0,2,0,0,0,0
"파워링크",브로콜리새싹,PC,302,8,307,"2,453",2.1,0,0,0,0
"파워링크",브로콜리새싹,모바일,"1,201",45,293,"13,189",2,0,0,0,0
"파워링크",브로콜리새싹가루,PC,5,0,0,0,3.2,0,0,0,0
"파워링크",브로콜리새싹가루,모바일,7,0,0,0,3.3,0,0,0,0
"파워링크",브로콜리새싹가루판매,PC,1,0,0,0,1,0,0,0,0
"파워링크",브로콜리새싹분말,PC,70,4,646,"2,585",1.3,0,0,0,0
"파워링크",브로콜리새싹분말,모바일,274,7,283,"1,980",3.2,0,0,0,0
"파워링크",브로콜리새싹분말판매,모바일,1,0,0,0,2,0,0,0,0
"파워링크",브로콜리새싹분말효능,PC,17,0,0,0,1.3,0,0,0,0
"파워링크",브로콜리새싹분말효능,모바일,100,6,101,605,2.4,0,0,0,0
"파워링크",브로콜리새싹추출물,PC,6,1,143,143,2,0,0,0,0
"파워링크",브로콜리새싹추출물,모바일,15,0,0,0,2.9,0,0,0,0
"파워링크",브로콜리새싹파우더,모바일,5,0,0,0,1.8,0,0,0,0
"파워링크",브로콜리세싹,모바일,1,0,0,0,1,0,0,0,0
"파워링크",브로콜리엑기스,PC,2,0,0,0,9,0,0,0,0
"파워링크",브로콜리엑기스,모바일,10,0,0,0,2.4,0,0,0,0
"파워링크",브로콜리영양제,PC,78,1,165,165,6.2,0,0,0,0
"파워링크",브로콜리영양제,모바일,34,0,0,0,3.9,0,0,0,0
"파워링크",브로콜리파우더,PC,6,0,0,0,4.3,0,0,0,0
"파워링크",브로콜리파우더,모바일,9,0,0,0,4.8,0,0,0,0
"파워링크",브로콜리효능,PC,"1,693",0,0,0,6.7,0,0,0,0
"파워링크",브로콜리효능,모바일,"5,321",48,205,"9,834",2.7,0,0,0,0
"파워링크",새싹분말,PC,8,0,0,0,2.9,0,0,0,0
"파워링크",새싹분말,모바일,85,0,0,0,2.4,0,0,0,0
"파워링크",새싹브로콜리,PC,28,0,0,0,3.1,0,0,0,0
"파워링크",새싹브로콜리,모바일,102,3,176,528,2.2,0,0,0,0
"파워링크",새싹브로콜리가루,PC,1,0,0,0,7,0,0,0,0
"파워링크",새싹브로콜리가루,모바일,7,0,0,0,1.3,0,0,0,0
"파워링크",새싹브로콜리분말,PC,2,0,0,0,2,0,0,0,0
"파워링크",새싹브로콜리분말,모바일,23,1,275,275,2.2,0,0,0,0
"파워링크",설포라판,PC,747,6,284,"1,705",3.7,0,0,0,0
"파워링크",설포라판,모바일,"1,570",20,459,"9,174",2.9,0,0,0,0
"파워링크",설포라판영양제,PC,53,5,235,"1,177",1.5,0,0,0,0
"파워링크",설포라판영양제,모바일,213,14,212,"2,970",2.1,0,0,0,0
"파워링크",설포라판효능,PC,139,1,330,330,2.6,0,0,0,0
"파워링크",설포라판효능,모바일,381,15,243,"3,652",3.2,0,0,0,0
"파워링크",세싹브로컬리파우더,모바일,"1,042",9,152,"1,364",1.8,0,0,0,0
"파워링크",술깨는음료,PC,7,0,0,0,6.6,0,0,0,0
"파워링크",술깨는음료,모바일,13,0,0,0,5.9,0,0,0,0
"파워링크",아토피에좋은영양제,PC,53,0,0,0,4.4,0,0,0,0
"파워링크",아토피에좋은영양제,모바일,76,0,0,0,3.1,0,0,0,0
"파워링크",아토피좋은영양제,PC,4,0,0,0,5,0,0,0,0
"파워링크",아토피좋은영양제,모바일,18,1,297,297,3.4,0,0,0,0
"파워링크",위장에좋은영양제,PC,9,0,0,0,7.2,0,0,0,0
"파워링크",위장에좋은영양제,모바일,7,0,0,0,5.6,0,0,0,0
"파워링크",자폐영양제,모바일,5,0,0,0,2.8,0,0,0,0
"파워링크",중금속배출,PC,41,0,0,0,8.1,0,0,0,0
"파워링크",중금속배출,모바일,2,0,0,0,8.5,0,0,0,0
"파워링크",치매건강식품,PC,22,0,0,0,6.4,0,0,0,0
"파워링크",치매건강식품,모바일,6,0,0,0,2.8,0,0,0,0
"파워링크",치매건강음식,모바일,1,0,0,0,3,0,0,0,0
"파워링크",치매예방뇌영양제,PC,73,0,0,0,8.1,0,0,0,0
"파워링크",치매예방뇌영양제,모바일,20,0,0,0,6.1,0,0,0,0
"파워링크",틔움바이오,PC,10,2,66,132,1,0,0,0,0
"파워링크",틔움바이오,모바일,"1,007",5,262,"1,309",1.9,0,0,0,0
"파워링크",피부면역,PC,4,0,0,0,3,0,0,0,0
"파워링크",피부질환의종류,PC,1,0,0,0,3,0,0,0,0
"파워링크",피부질환의종류,모바일,3,0,0,0,3.7,0,0,0,0
"파워링크",피부질환종류,PC,273,0,0,0,4.8,0,0,0,0
"파워링크",피부질환종류,모바일,603,0,0,0,2.8,0,0,0,0
"파워링크",항암영양제,PC,45,0,0,0,8.7,0,0,0,0
"파워링크",항암영양제,모바일,5,0,0,0,15,0,0,0,0
"쇼핑검색",-,PC,545,4,883,"3,531",2.6,1,0,0,0
"쇼핑검색",-,모바일,"3,947",36,766,"27,588",3.5,1.05,0.65,0,0
"쇼핑검색",100프로감자전분,모바일,1,0,0,0,10,0,0,0,0
"쇼핑검색",150G국산강황가루분말울금,모바일,1,0,0,0,11,0,0,0,0
"쇼핑검색",1일1생식뉴밀효능,모바일,1,0,0,0,12,0,0,0,0
"쇼핑검색",247아워핏,모바일,1,0,0,0,12,0,0,0,0
"쇼핑검색",74가지생식,모바일,1,0,0,0,14,0,0,0,0
"쇼핑검색",74가지생식가루,모바일,1,0,0,0,11,0,0,0,0
"쇼핑검색",ABC주스가루,모바일,1,0,0,0,11,0,0,0,0
"쇼핑검색",CCA주스가루,모바일,1,0,0,0,10,0,0,0,0
"쇼핑검색",EROM발효건강식,모바일,1,0,0,0,12,0,0,0,0
"쇼핑검색",EROM생식,모바일,2,0,0,0,14.5,0,0,0,0
"쇼핑검색",GAP바이오,모바일,3,0,0,0,1.3,0,0,0,0
"쇼핑검색",GX바이오,모바일,2,0,0,0,1,0,0,0,0
"쇼핑검색",HACCP인증브로콜리분말,모바일,2,0,0,0,1.5,0,0,0,0
"쇼핑검색",LGZLDNA브로콜리새싹,PC,1,0,0,0,1,0,0,0,0
"쇼핑검색",LG브로콜리새싹,PC,1,0,0,0,1,0,0,0,0
"쇼핑검색",MORINGA,모바일,2,0,0,0,10.5,0,0,0,0
"쇼핑검색",가루80G,모바일,1,0,0,0,2,0,0,0,0
"쇼핑검색",가루브로콜리안전한가,모바일,1,0,0,0,2,0,0,0,0
"쇼핑검색",가루타이레놀효과,모바일,1,0,0,0,2,0,0,0,0
"쇼핑검색",가루효과,PC,2,0,0,0,1.5,0,0,0,0
"쇼핑검색",가루효과,모바일,2,0,0,0,1.5,0,0,0,0
"쇼핑검색",간편톡,모바일,1,0,0,0,15,0,0,0,0
"쇼핑검색",간편톡레몬,모바일,1,0,0,0,14,0,0,0,0
"쇼핑검색",간편톡야채톡,모바일,1,0,0,0,13,0,0,0,0
"쇼핑검색",감귤분말,모바일,1,0,0,0,11,0,0,0,0
"쇼핑검색",감귤진피분말,모바일,1,0,0,0,14,0,0,0,0
"쇼핑검색",감자가루,모바일,1,0,0,0,15,0,0,0,0
"쇼핑검색",감자가루효능,모바일,1,0,0,0,14,0,0,0,0
"쇼핑검색",감자동결건조,모바일,1,0,0,0,11,0,0,0,0
"쇼핑검색",감자전가루,모바일,1,0,0,0,1,0,0,0,0
"쇼핑검색",감자전분,모바일,6,0,0,0,10.7,0,0,0,0
"쇼핑검색",감자후레이크,모바일,1,0,0,0,14,0,0,0,0
"쇼핑검색",감자후레이크사용법,모바일,1,0,0,0,13,0,0,0,0
"쇼핑검색",강아지브로콜리분말,모바일,3,0,0,0,2.7,0,0,0,0
"쇼핑검색",강아지브로콜리새싹가루,모바일,2,0,0,0,1.5,0,0,0,0
"쇼핑검색",강황,모바일,29,0,0,0,9.2,0,0,0,0
"쇼핑검색",강황1KG,모바일,1,0,0,0,11,0,0,0,0
"쇼핑검색",강황가격,모바일,1,0,0,0,8,0,0,0,0
"쇼핑검색",강황가루,모바일,25,0,0,0,10.2,0,0,0,0
"쇼핑검색",강황가루가격,모바일,1,0,0,0,13,0,0,0,0
"쇼핑검색",강황가루효능효과,모바일,1,0,0,0,1,0,0,0,0
"쇼핑검색",강황분말,모바일,2,0,0,0,12,0,0,0,0
"쇼핑검색",거문도해풍쑥가루,모바일,1,0,0,0,9,0,0,0,0
"쇼핑검색",거피들깨가루,모바일,1,0,0,0,8,0,0,0,0
"쇼핑검색",건강가루,PC,1,0,0,0,1,0,0,0,0
"쇼핑검색",건강스토리,모바일,1,0,0,0,2,0,0,0,0
"쇼핑검색",건강중심양배추분말,모바일,1,0,0,0,15,0,0,0,0
"쇼핑검색",건조가루,PC,2,0,0,0,15.5,0,0,0,0
"쇼핑검색",건조브로콜리,모바일,2,0,0,0,2,0,0,0,0
"쇼핑검색",건조새싹,모바일,4,0,0,0,2.8,0,0,0,0
"쇼핑검색",건조새싹분말,모바일,1,0,0,0,1,0,0,0,0
"쇼핑검색",검은깨가루,모바일,1,0,0,0,13,0,0,0,0
"쇼핑검색",겨울대파가루,모바일,1,0,0,0,10,0,0,0,0
"쇼핑검색",경남의령자색고구마분말,모바일,2,0,0,0,13,0,0,0,0
"쇼핑검색",계피가루,모바일,13,0,0,0,11,0,0,0,0
"쇼핑검색",고구마전분감자전분,PC,1,0,0,0,1,0,0,0,0
"쇼핑검색",고농축브로콜리새싹,모바일,3,0,0,0,6,0,0,0,0
"쇼핑검색",고약사케일,모바일,1,0,0,0,15,0,0,0,0
"쇼핑검색",곡물선식,모바일,1,0,0,0,10,0,0,0,0
"쇼핑검색",곡물한끼,모바일,1,0,0,0,11,0,0,0,0
"쇼핑검색",곤약가루칼로리,모바일,1,0,0,0,9,0,0,0,0
"쇼핑검색",곰보배추분말효능,모바일,1,0,0,0,2,0,0,0,0
"쇼핑검색",곱슬브로콜리가루,모바일,2,0,0,0,3,0,0,0,0
"쇼핑검색",곱슬브로콜리분말,모바일,1,0,0,0,2,0,0,0,0
"쇼핑검색",곱슬케일가루,모바일,10,0,0,0,12.7,0,0,0,0
"쇼핑검색",곱슬케일가루햇섭,모바일,1,0,0,0,14,0,0,0,0
"쇼핑검색",곱슬케일분말가루,모바일,1,0,0,0,14,0,0,0,0
"쇼핑검색",구기자가루,모바일,3,0,0,0,11,0,0,0,0
"쇼핑검색",구기자발효분말,모바일,2,0,0,0,10,0,0,0,0
"쇼핑검색",구기자분말,모바일,4,0,0,0,12.3,0,0,0,0
"쇼핑검색",구기자분말가루,모바일,2,0,0,0,6.5,0,0,0,0
"쇼핑검색",구기자분말가루HACCP,모바일,1,0,0,0,12,0,0,0,0
"쇼핑검색",구기자분말복용방법,모바일,1,0,0,0,10,0,0,0,0
"쇼핑검색",구기자분말제품,모바일,1,0,0,0,9,0,0,0,0
"쇼핑검색",구기자분말효과,모바일,1,0,0,0,9,0,0,0,0
"쇼핑검색",구기자추출물가루,모바일,1,0,0,0,10,0,0,0,0
"쇼핑검색",구월의아침흑임자가루,모바일,1,0,0,0,9,0,0,0,0
"쇼핑검색",국내발아아마씨플레이크,모바일,1,0,0,0,1,0,0,0,0
"쇼핑검색",국내산도토리묵가루,모바일,1,0,0,0,14,0,0,0,0
"쇼핑검색",국내산무농약강황가루,모바일,1,0,0,0,15,0,0,0,0
"쇼핑검색",국내산유기농블루베리가루추천,모바일,1,0,0,0,7,0,0,0,0
"쇼핑검색",국내산전분가루,모바일,1,0,0,0,11,0,0,0,0
"쇼핑검색",국산강황가루파는곳,모바일,1,0,0,0,9,0,0,0,0
"쇼핑검색",국산귀리가루,모바일,1,0,0,0,13,0,0,0,0
"쇼핑검색",국산귀리검정콩쉐이크,모바일,1,0,0,0,12,0,0,0,0
"쇼핑검색",국산기피들깨가루,모바일,1,0,0,0,12,0,0,0,0
"쇼핑검색",국산도토리가루,모바일,1,0,0,0,11,0,0,0,0
"쇼핑검색",국산들깨가루,모바일,4,0,0,0,8.8,0,0,0,0
"쇼핑검색",국산맥문동가루,모바일,1,0,0,0,14,0,0,0,0
"쇼핑검색",국산맥문동분말,모바일,1,0,0,0,12,0,0,0,0
"쇼핑검색",국산브로콜리분말,모바일,2,0,0,0,3,0,0,0,0
"쇼핑검색",국산생율무가루,모바일,1,0,0,0,7,0,0,0,0
"쇼핑검색",국산양배추가루,모바일,1,0,0,0,11,0,0,0,0
"쇼핑검색",국산연근가루,모바일,1,0,0,0,13,0,0,0,0
"쇼핑검색",국산율무가루,모바일,1,0,0,0,14,0,0,0,0
"쇼핑검색",국산자색고구마가루,모바일,1,0,0,0,7,0,0,0,0
"쇼핑검색",국산한천가루,모바일,1,0,0,0,11,0,0,0,0
"쇼핑검색",귀리가루,모바일,9,0,0,0,9.9,0,0,0,0
"쇼핑검색",귀리대용량쉐이크,모바일,1,0,0,0,13,0,0,0,0
"쇼핑검색",귀리분말,모바일,1,0,0,0,11,0,0,0,0
"쇼핑검색",귀리세끼,모바일,1,0,0,0,15,0,0,0,0
"쇼핑검색",귀리쉐이크,모바일,4,0,0,0,12.3,0,0,0,0
"쇼핑검색",귤가루,모바일,1,0,0,0,4,0,0,0,0
"쇼핑검색",그대로말린,모바일,1,0,0,0,15,0,0,0,0
"쇼핑검색",그린바나나가루,모바일,2,0,0,0,10,0,0,0,0
"쇼핑검색",그린진,모바일,2,0,0,0,3,0,0,0,0
"쇼핑검색",그린케일가루,모바일,1,0,0,0,15,0,0,0,0
"쇼핑검색",급냉동브로콜리가루,모바일,1,0,0,0,2,0,0,0,0
"쇼핑검색",김오곤생식,모바일,2,0,0,0,13.5,0,0,0,0
"쇼핑검색",김훈하동결가루,모바일,1,0,0,0,11,0,0,0,0
"쇼핑검색",김훈하브로콜리가루,모바일,2,1,924,924,2,1,0,0,0
"쇼핑검색",깻잎가루,모바일,1,0,0,0,10,0,0,0,0
"쇼핑검색",꾸지뽕잎가루효능,모바일,1,0,0,0,10,0,0,0,0
"쇼핑검색",난다라이프국산여주분말가루,모바일,1,0,0,0,12,0,0,0,0
"쇼핑검색",난다라이프마가루브로콜리가루,모바일,1,0,0,0,1,0,0,0,0
"쇼핑검색",난자동결보관,PC,1,0,0,0,2,0,0,0,0
"쇼핑검색",냉마가루,모바일,1,0,0,0,10,0,0,0,0
"쇼핑검색",노니가루효과,모바일,1,0,0,0,2,0,0,0,0
"쇼핑검색",노니과립,모바일,8,1,253,253,3.5,1,0,0,0
"쇼핑검색",노니분말가루,모바일,1,0,0,0,1,0,0,0,0
"쇼핑검색",녹두가루,모바일,2,0,0,0,13.5,0,0,0,0
"쇼핑검색",녹두가루1KG,모바일,1,0,0,0,11,0,0,0,0
"쇼핑검색",녹두가루로묵,모바일,1,0,0,0,10,0,0,0,0
"쇼핑검색",논산딸기분말가루,모바일,1,0,0,0,13,0,0,0,0
"쇼핑검색",농산물가루,PC,1,0,0,0,2,0,0,0,0
"쇼핑검색",농산물가루,모바일,2,0,0,0,1.5,0,0,0,0
"쇼핑검색",농산물가루가공,PC,1,0,0,0,2,0,0,0,0
"쇼핑검색",농산물바이오원료,PC,2,0,0,0,1.5,0,0,0,0
"쇼핑검색",농산물분말부가세,모바일,1,0,0,0,2,0,0,0,0
"쇼핑검색",누에가루,모바일,7,0,0,0,6.3,0,0,0,0
"쇼핑검색",누에가루파는곳,모바일,2,0,0,0,2.5,0,0,0,0
"쇼핑검색",누에분말,모바일,2,0,0,0,9.5,0,0,0,0
"쇼핑검색",누에홍잠,모바일,1,0,0,0,12,0,0,0,0
"쇼핑검색",뉴밀,모바일,3,0,0,0,13,0,0,0,0
"쇼핑검색",뉴밀생식,모바일,1,0,0,0,14,0,0,0,0
"쇼핑검색",뉴밀플러스,모바일,3,0,0,0,12.3,0,0,0,0
"쇼핑검색",뉴튜잎80분말,모바일,2,0,0,0,4,0,0,0,0
"쇼핑검색",뉴트리디데이브로콜리새싹분말,모바일,1,0,0,0,1,0,0,0,0
"쇼핑검색",느릅나무분말,모바일,1,0,0,0,10,0,0,0,0
"쇼핑검색",다시마가루,모바일,5,0,0,0,11.6,0,0,0,0
"쇼핑검색",다시마가루가격,모바일,1,0,0,0,10,0,0,0,0
"쇼핑검색",다시마분말,모바일,1,0,0,0,9,0,0,0,0
"쇼핑검색",다이어트생식,모바일,3,0,0,0,14,0,0,0,0
"쇼핑검색",단호박가루,모바일,3,0,0,0,12,0,0,0,0
"쇼핑검색",단호박분말,모바일,2,0,0,0,8.5,0,0,0,0
"쇼핑검색",단호박스프가루,모바일,1,0,0,0,11,0,0,0,0
"쇼핑검색",달팽이브로콜리새싹,모바일,1,0,0,0,1,0,0,0,0
"쇼핑검색",닭가슴살가루,모바일,2,0,0,0,2.5,0,0,0,0
"쇼핑검색",당뇨에브로콜리분말효과,모바일,2,0,0,0,1.5,0,0,0,0
"쇼핑검색",당약가루효과,PC,1,0,0,0,2,0,0,0,0
"쇼핑검색",당찬여주,모바일,1,0,0,0,13,0,0,0,0
"쇼핑검색",당찬여주분말,모바일,1,0,0,0,9,0,0,0,0
"쇼핑검색",당찬여주분말내돈,모바일,1,0,0,0,15,0,0,0,0
"쇼핑검색",대파분말,모바일,1,1,"1,397","1,397",3,1,0,0,0
"쇼핑검색",더케이팜브로콜리새싹분말,PC,2,0,0,0,1.5,0,0,0,0
"쇼핑검색",데일리파이토,모바일,31,0,0,0,13.4,0,0,0,0
"쇼핑검색",덴마크케일,모바일,3,0,0,0,13,0,0,0,0
"쇼핑검색",도토리가루,모바일,2,0,0,0,10.5,0,0,0,0
"쇼핑검색",도토리가루가격,모바일,1,0,0,0,5,0,0,0,0
"쇼핑검색",도토리가루효과,모바일,1,0,0,0,2,0,0,0,0
"쇼핑검색",도토리묵가루,모바일,4,0,0,0,12,0,0,0,0
"쇼핑검색",돌아기들깨가루,모바일,1,0,0,0,9,0,0,0,0
"쇼핑검색",돌외잎,모바일,1,0,0,0,15,0,0,0,0
"쇼핑검색",동결가루,PC,4,0,0,0,8.5,0,0,0,0
"쇼핑검색",동결가루,모바일,38,1,"1,595","1,595",9,1,0,0,0
"쇼핑검색",동결가루뜻,모바일,2,0,0,0,10,0,0,0,0
"쇼핑검색",동결가루새싹,모바일,1,0,0,0,1,0,0,0,0
"쇼핑검색",동결가루추천,모바일,5,0,0,0,9.8,0,0,0,0
"쇼핑검색",동결감자전분,모바일,1,0,0,0,13,0,0,0,0
"쇼핑검색",동결건조가루,PC,3,1,"1,639","1,639",7.3,2,9,0,0
"쇼핑검색",동결건조가루,모바일,24,0,0,0,7.9,0,0,0,0
"쇼핑검색",동결건조가루밀싹,모바일,1,0,0,0,12,0,0,0,0
"쇼핑검색",동결건조가루보관,모바일,1,0,0,0,2,0,0,0,0
"쇼핑검색",동결건조가루브로콜리,모바일,3,0,0,0,4.3,0,0,0,0
"쇼핑검색",동결건조감자전분,모바일,1,0,0,0,12,0,0,0,0
"쇼핑검색",동결건조겨자가루,모바일,1,0,0,0,10,0,0,0,0
"쇼핑검색",동결건조김치소가루,모바일,2,0,0,0,8,0,0,0,0
"쇼핑검색",동결건조도라지,모바일,1,0,0,0,14,0,0,0,0
"쇼핑검색",동결건조돼지감자가루,PC,1,0,0,0,12,0,0,0,0
"쇼핑검색",동결건조레드비트분말,모바일,1,0,0,0,3,0,0,0,0
"쇼핑검색",동결건조방법,모바일,2,0,0,0,6,0,0,0,0
"쇼핑검색",동결건조보관방법,모바일,1,0,0,0,2,0,0,0,0
"쇼핑검색",동결건조분말,PC,17,1,"1,595","1,595",4.1,2,19,0,0
"쇼핑검색",동결건조분말,모바일,25,0,0,0,4.8,0,0,0,0
"쇼핑검색",동결건조브로콜리,PC,2,0,0,0,1.5,0,0,0,0
"쇼핑검색",동결건조브로콜리1KG,PC,2,0,0,0,2,0,0,0,0
"쇼핑검색",동결건조브로콜리가루,모바일,7,1,748,748,2,1,0,0,0
"쇼핑검색",동결건조브로콜리곰팡이,모바일,9,0,0,0,2,0,0,0,0
"쇼핑검색",동결건조브로콜리당분,모바일,1,0,0,0,2,0,0,0,0
"쇼핑검색",동결건조브로콜리분말,PC,1,0,0,0,2,0,0,0,0
"쇼핑검색",동결건조브로콜리분말,모바일,7,0,0,0,3.4,0,0,0,0
"쇼핑검색",동결건조브로콜리분말효능,모바일,1,0,0,0,2,0,0,0,0
"쇼핑검색",동결건조브로콜리새싹,모바일,10,0,0,0,1.5,0,0,0,0
"쇼핑검색",동결건조브로콜리새싹분말,모바일,19,0,0,0,3.9,0,0,0,0
"쇼핑검색",동결건조브로콜리줄기가루,모바일,1,0,0,0,2,0,0,0,0
"쇼핑검색",동결건조브로콜리초록초록,모바일,3,0,0,0,5.3,0,0,0,0
"쇼핑검색",동결건조브로콜리추출분말,PC,1,0,0,0,2,0,0,0,0
"쇼핑검색",동결건조브로콜리하얀색,모바일,1,0,0,0,2,0,0,0,0
"쇼핑검색",동결건조새싹,모바일,13,0,0,0,1.8,0,0,0,0
"쇼핑검색",동결건조새싹브로콜리분말,모바일,3,0,0,0,2,0,0,0,0
"쇼핑검색",동결건조생감자가루,모바일,1,0,0,0,8,0,0,0,0
"쇼핑검색",동결건조생식,모바일,4,0,0,0,4.8,0,0,0,0
"쇼핑검색",동결건조생식가루보관,모바일,1,0,0,0,2,0,0,0,0
"쇼핑검색",동결건조생식기,모바일,1,0,0,0,10,0,0,0,0
"쇼핑검색",동결건조식품브로콜리,모바일,1,0,0,0,2,0,0,0,0
"쇼핑검색",동결건조신선초가루,모바일,1,0,0,0,10,0,0,0,0
"쇼핑검색",동결건조아로나아가루,모바일,2,0,0,0,10,0,0,0,0
"쇼핑검색",동결건조야채과일분말,모바일,1,0,0,0,3,0,0,0,0
"쇼핑검색",동결건조참마가루,모바일,1,0,0,0,10,0,0,0,0
"쇼핑검색",동결건조천년초가루,PC,1,0,0,0,10,0,0,0,0
"쇼핑검색",동결건조케일브로콜리,모바일,1,0,0,0,2,0,0,0,0
"쇼핑검색",동결건조표고버섯가루,모바일,2,0,0,0,10,0,0,0,0
"쇼핑검색",동결건조품질변화,모바일,1,0,0,0,1,0,0,0,0
"쇼핑검색",동결건조한브로콜리가루,모바일,1,0,0,0,2,0,0,0,0
"쇼핑검색",동결건조함초가루,모바일,1,0,0,0,10,0,0,0,0
"쇼핑검색",동결보관,모바일,2,0,0,0,1,0,0,0,0
"쇼핑검색",동결브로컬리,모바일,4,0,0,0,4.5,0,0,0,0
"쇼핑검색",동결브로콜리,모바일,7,0,0,0,2,0,0,0,0
"쇼핑검색",동결브로콜리가루,모바일,2,0,0,0,2,0,0,0,0
"쇼핑검색",동결야채가루,모바일,1,0,0,0,10,0,0,0,0
"쇼핑검색",동결야채스틱,모바일,1,0,0,0,2,0,0,0,0
"쇼핑검색",돼지감자가루,모바일,1,0,0,0,11,0,0,0,0
"쇼핑검색",두레마을농산물가루,모바일,1,0,0,0,2,0,0,0,0
"쇼핑검색",들깨가루,모바일,5,0,0,0,9.4,0,0,0,0
"쇼핑검색",들깻가루,모바일,1,0,0,0,12,0,0,0,0
"쇼핑검색",딜가루효과,모바일,1,0,0,0,2,0,0,0,0
"쇼핑검색",딸기가루,모바일,1,0,0,0,10,0,0,0,0
"쇼핑검색",땅콩가루,모바일,4,0,0,0,13.8,0,0,0,0
"쇼핑검색",땅콩분말,모바일,1,0,0,0,15,0,0,0,0
"쇼핑검색",떡분말,모바일,1,0,0,0,11,0,0,0,0
"쇼핑검색",떡재료,모바일,1,0,0,0,6,0,0,0,0
"쇼핑검색",라임가루,모바일,1,0,0,0,13,0,0,0,0
"쇼핑검색",락토베시클,PC,1,0,0,0,1,0,0,0,0
"쇼핑검색",레드비트가루,모바일,1,0,0,0,14,0,0,0,0
"쇼핑검색",레드비트분말,모바일,2,0,0,0,5,0,0,0,0
"쇼핑검색",레드비트파우더,모바일,1,0,0,0,15,0,0,0,0
"쇼핑검색",레드플러스청양구기자,모바일,2,0,0,0,12.5,0,0,0,0
"쇼핑검색",레드플러스청양구기자발효추출분말,모바일,1,0,0,0,12,0,0,0,0
"쇼핑검색",레몬가루분말스틱,모바일,7,0,0,0,12.4,0,0,0,0
"쇼핑검색",레몬분말,모바일,1,0,0,0,10,0,0,0,0
"쇼핑검색",레몬분말가루,모바일,1,0,0,0,15,0,0,0,0
"쇼핑검색",로즈마리가루효능효과,모바일,23,0,0,0,1.3,0,0,0,0
"쇼핑검색",롯데마트생식,모바일,1,0,0,0,1,0,0,0,0
"쇼핑검색",리포데이파이토,모바일,2,0,0,0,8,0,0,0,0
"쇼핑검색",마가루,모바일,11,0,0,0,11.9,0,0,0,0
"쇼핑검색",마가루.,모바일,1,0,0,0,14,0,0,0,0
"쇼핑검색",마분말,모바일,1,0,0,0,15,0,0,0,0
"쇼핑검색",마분말가격,모바일,1,0,0,0,12,0,0,0,0
"쇼핑검색",마분말효능,모바일,1,0,0,0,14,0,0,0,0
"쇼핑검색",마양배추가루,모바일,2,0,0,0,1.5,0,0,0,0
"쇼핑검색",마죽,모바일,1,0,0,0,13,0,0,0,0
"쇼핑검색",마카분말,모바일,4,0,0,0,12.5,0,0,0,0
"쇼핑검색",마컬리만들기,모바일,1,0,0,0,5,0,0,0,0
"쇼핑검색",막걸리만들기,모바일,1,0,0,0,5,0,0,0,0
"쇼핑검색",말차가루브로콜리가루,모바일,1,0,0,0,2,0,0,0,0
"쇼핑검색",매실가루,모바일,1,0,0,0,13,0,0,0,0
"쇼핑검색",매일한끼식사귀리선식,모바일,1,0,0,0,7,0,0,0,0
"쇼핑검색",맥문동가루,모바일,1,0,0,0,13,0,0,0,0
"쇼핑검색",맥문동분말국산,모바일,1,0,0,0,14,0,0,0,0
"쇼핑검색",먹는색소세포브로콜리,모바일,1,0,0,0,6,0,0,0,0
"쇼핑검색",메스틱가루,모바일,2,0,0,0,1,0,0,0,0
"쇼핑검색",모나테국산민들레뿌리가루,모바일,2,0,0,0,13.5,0,0,0,0
"쇼핑검색",모링가,모바일,1,0,0,0,11,0,0,0,0
"쇼핑검색",모링가가루효과,모바일,3,0,0,0,2,0,0,0,0
"쇼핑검색",모링가분말,모바일,1,0,0,0,8,0,0,0,0
"쇼핑검색",목화골우리농산강황분말,모바일,1,0,0,0,9,0,0,0,0
"쇼핑검색",무가당예찬,모바일,1,0,0,0,15,0,0,0,0
"쇼핑검색",무농약복분자가루,모바일,1,0,0,0,14,0,0,0,0
"쇼핑검색",무농약울금국산강황가루,모바일,1,0,0,0,10,0,0,0,0
"쇼핑검색",무첨가브로콜리동결건조,모바일,3,0,0,0,5.3,0,0,0,0
"쇼핑검색",묵가루,모바일,1,0,0,0,12,0,0,0,0
"쇼핑검색",미강,모바일,2,0,0,0,11,0,0,0,0
"쇼핑검색",미강가루,모바일,1,0,0,0,13,0,0,0,0
"쇼핑검색",미강가루먹는방법,모바일,1,0,0,0,12,0,0,0,0
"쇼핑검색",미역국들깨가루,모바일,1,0,0,0,10,0,0,0,0
"쇼핑검색",미역귀가루,모바일,1,0,0,0,15,0,0,0,0
"쇼핑검색",미온바이오새싹,모바일,4,1,924,924,2.3,1,0,0,0
"쇼핑검색",미온새싹바이오,모바일,1,0,0,0,2,0,0,0,0
"쇼핑검색",바나나가루,모바일,2,0,0,0,9,0,0,0,0
"쇼핑검색",바나나분말,모바일,1,0,0,0,4,0,0,0,0
"쇼핑검색",바나바분말,모바일,1,0,0,0,14,0,0,0,0
"쇼핑검색",바른티브로콜리분말,모바일,1,0,0,0,2,0,0,0,0
"쇼핑검색",바이오새싹,PC,6,0,0,0,1.5,0,0,0,0
"쇼핑검색",바이오새싹,모바일,2,0,0,0,1.5,0,0,0,0
"쇼핑검색",박재훈브로콜리가루,모바일,1,0,0,0,2,0,0,0,0
"쇼핑검색",발아아마씨가루,모바일,3,0,0,0,1,0,0,0,0
"쇼핑검색",발아아마씨플레이크,모바일,6,0,0,0,2.3,0,0,0,0
"쇼핑검색",발아아마씨플레이크S300,모바일,1,0,0,0,1,0,0,0,0
"쇼핑검색",발효구기자,모바일,2,0,0,0,7.5,0,0,0,0
"쇼핑검색",발효구기자분말,모바일,2,0,0,0,13,0,0,0,0
"쇼핑검색",발효콩분말,모바일,1,0,0,0,13,0,0,0,0
"쇼핑검색",밥채,모바일,1,0,0,0,12,0,0,0,0
"쇼핑검색",배초향가루효능효과,모바일,1,0,0,0,1,0,0,0,0
"쇼핑검색",백년초가루,모바일,16,0,0,0,10.9,0,0,0,0
"쇼핑검색",백년초가루동결건조,모바일,1,0,0,0,10,0,0,0,0
"쇼핑검색",백년초가루효과,모바일,1,0,0,0,2,0,0,0,0
"쇼핑검색",백년초분말,모바일,4,0,0,0,12,0,0,0,0
"쇼핑검색",백년초분말효능,모바일,2,0,0,0,11.5,0,0,0,0
"쇼핑검색",백년초선인장,모바일,1,0,0,0,1,0,0,0,0
"쇼핑검색",백년초열매가루,모바일,1,0,0,0,11,0,0,0,0
"쇼핑검색",백년초파우더,모바일,1,0,0,0,11,0,0,0,0
"쇼핑검색",백반증브로콜리분말,모바일,2,0,0,0,2,0,0,0,0
"쇼핑검색",백복령가루,모바일,1,0,0,0,13,0,0,0,0
"쇼핑검색",백준호효소마을,모바일,1,0,0,0,11,0,0,0,0
"쇼핑검색",번데기국산,모바일,1,0,0,0,1,0,0,0,0
"쇼핑검색",베르가못분말,모바일,3,0,0,0,1,0,0,0,0
"쇼핑검색",베르베린가루,모바일,1,0,0,0,1,0,0,0,0
"쇼핑검색",베이킹가루,모바일,2,0,0,0,6,0,0,0,0
"쇼핑검색",병아리콩가루,모바일,4,0,0,0,11.3,0,0,0,0
"쇼핑검색",병아리콩분말,모바일,1,0,0,0,12,0,0,0,0
"쇼핑검색",보디빌딩브로콜리가루,모바일,1,0,0,0,2,0,0,0,0
"쇼핑검색",보리가루,모바일,1,0,0,0,9,0,0,0,0
"쇼핑검색",보리가루빵,모바일,2,0,0,0,11.5,0,0,0,0
"쇼핑검색",보리가루와당뇨,모바일,1,0,0,0,8,0,0,0,0
"쇼핑검색",보리떡용가루,모바일,1,0,0,0,12,0,0,0,0
"쇼핑검색",보리빵가루,모바일,2,0,0,0,14.5,0,0,0,0
"쇼핑검색",보리빵가루파는곳,모바일,1,0,0,0,15,0,0,0,0
"쇼핑검색",보리새싹,모바일,1,0,0,0,13,0,0,0,0
"쇼핑검색",보리새싹가루,모바일,2,0,0,0,12,0,0,0,0
"쇼핑검색",보리새싹분말,모바일,1,0,0,0,13,0,0,0,0
"쇼핑검색",보리순분말스틱,모바일,1,0,0,0,15,0,0,0,0
"쇼핑검색",보리쌀가루,모바일,1,0,0,0,10,0,0,0,0
"쇼핑검색",보리착즙분말,모바일,1,0,0,0,15,0,0,0,0
"쇼핑검색",복분자분말,모바일,1,0,0,0,12,0,0,0,0
"쇼핑검색",복합유익균식이균형식분말,모바일,1,0,0,0,1,0,0,0,0
"쇼핑검색",볶은맥문동가루,모바일,1,0,0,0,11,0,0,0,0
"쇼핑검색",볶은맥문동분말,모바일,1,0,0,0,11,0,0,0,0
"쇼핑검색",볶은율무가루,모바일,4,0,0,0,10.5,0,0,0,0
"쇼핑검색",부로콜리새싹효능,모바일,1,0,0,0,2,0,0,0,0
"쇼핑검색",부모님동결건조,모바일,2,0,0,0,1,0,0,0,0
"쇼핑검색",부모님동결건조하고싶다,모바일,1,0,0,0,1,0,0,0,0
"쇼핑검색",분갈이계피가루,모바일,1,0,0,0,14,0,0,0,0
"쇼핑검색",분말,모바일,1,0,0,0,1,0,0,0,0
"쇼핑검색",분말가루효과,PC,1,0,0,0,1,0,0,0,0
"쇼핑검색",분말브로콜리,모바일,3,0,0,0,2,0,0,0,0
"쇼핑검색",분말브로콜리먹는방법,모바일,2,0,0,0,1.5,0,0,0,0
"쇼핑검색",분말브로콜리효능,모바일,2,0,0,0,1.5,0,0,0,0
"쇼핑검색",분말울금무농약국산강황가루,모바일,1,0,0,0,7,0,0,0,0
"쇼핑검색",분말케일,모바일,2,0,0,0,15,0,0,0,0
"쇼핑검색",불랙마카가루가격,모바일,1,0,0,0,8,0,0,0,0
"쇼핑검색",브로커리가루,모바일,5,0,0,0,2.6,0,0,0,0
"쇼핑검색",브로커리동결분말,모바일,1,0,0,0,2,0,0,0,0
"쇼핑검색",브로커리분말,모바일,2,0,0,0,2,0,0,0,0
"쇼핑검색",브로커리분말가루효능,모바일,2,0,0,0,1.5,0,0,0,0
"쇼핑검색",브로커리새싹발효분말,PC,5,0,0,0,2.4,0,0,0,0
"쇼핑검색",브로커리와궁합식품,모바일,1,0,0,0,2,0,0,0,0
"쇼핑검색",브로커리찌는방법,모바일,2,0,0,0,2,0,0,0,0
"쇼핑검색",브로컬리가루,PC,2,0,0,0,1,0,0,0,0
"쇼핑검색",브로컬리가루,모바일,2,0,0,0,1,0,0,0,0
"쇼핑검색",브로컬리가루효과,모바일,1,0,0,0,1,0,0,0,0
"쇼핑검색",브로컬리가루효능,모바일,3,0,0,0,1.3,0,0,0,0
"쇼핑검색",브로컬리동결건조,모바일,3,0,0,0,2,0,0,0,0
"쇼핑검색",브로컬리먹는색소세포,모바일,1,0,0,0,4,0,0,0,0
"쇼핑검색",브로컬리백내장효능,모바일,1,0,0,0,2,0,0,0,0
"쇼핑검색",브로컬리분말혈당,모바일,1,0,0,0,2,0,0,0,0
"쇼핑검색",브로컬리새싹분말,모바일,3,0,0,0,1.3,0,0,0,0
"쇼핑검색",브로컬리케일분말,모바일,1,0,0,0,2,0,0,0,0
"쇼핑검색",브로콜리가공,PC,2,0,0,0,4,0,0,0,0
"쇼핑검색",브로콜리가공,모바일,4,0,0,0,2.3,0,0,0,0
"쇼핑검색",브로콜리가루,PC,148,0,0,0,2.4,0,0,0,0
"쇼핑검색",브로콜리가루,모바일,"1,111",23,"1,042","23,958",1.8,1.14,4.45,1,"81,000"
"쇼핑검색",브로콜리가루300G,PC,2,0,0,0,5,0,0,0,0
"쇼핑검색",브로콜리가루IKG,모바일,2,0,0,0,4,0,0,0,0
"쇼핑검색",브로콜리가루가격,모바일,1,0,0,0,2,0,0,0,0
"쇼핑검색",브로콜리가루가많이떨어짐,모바일,1,0,0,0,2,0,0,0,0
"쇼핑검색",브로콜리가루강아지,모바일,1,0,0,0,2,0,0,0,0
"쇼핑검색",브로콜리가루과립,모바일,2,0,0,0,3,0,0,0,0
"쇼핑검색",브로콜리가루놀이,모바일,1,0,0,0,2,0,0,0,0
"쇼핑검색",브로콜리가루당뇨,모바일,1,0,0,0,2,0,0,0,0
"쇼핑검색",브로콜리가루두레생협,모바일,2,0,0,0,3,0,0,0,0
"쇼핑검색",브로콜리가루떨어짐,모바일,1,0,0,0,2,0,0,0,0
"쇼핑검색",브로콜리가루로전,모바일,3,0,0,0,2,0,0,0,0
"쇼핑검색",브로콜리가루만드는방법,모바일,15,0,0,0,2,0,0,0,0
"쇼핑검색",브로콜리가루맵기,모바일,2,0,0,0,2,0,0,0,0
"쇼핑검색",브로콜리가루먹는방법,모바일,1,0,0,0,2,0,0,0,0
"쇼핑검색",브로콜리가루무농약,모바일,2,0,0,0,4.5,0,0,0,0
"쇼핑검색",브로콜리가루복용,모바일,1,0,0,0,2,0,0,0,0
"쇼핑검색",브로콜리가루복용법,모바일,4,0,0,0,2,0,0,0,0
"쇼핑검색",브로콜리가루분말,모바일,3,0,0,0,3,0,0,0,0
"쇼핑검색",브로콜리가루사용법,모바일,13,0,0,0,2,0,0,0,0
"쇼핑검색",브로콜리가루설포라판,모바일,1,0,0,0,1,0,0,0,0
"쇼핑검색",브로콜리가루성분,모바일,1,0,0,0,2,0,0,0,0
"쇼핑검색",브로콜리가루세척,모바일,2,0,0,0,2,0,0,0,0
"쇼핑검색",브로콜리가루세척법,모바일,1,0,0,0,2,0,0,0,0
"쇼핑검색",브로콜리가루알아보기,모바일,4,0,0,0,2,0,0,0,0
"쇼핑검색",브로콜리가루영양,모바일,2,1,781,781,3.5,1,0,0,0
"쇼핑검색",브로콜리가루영양성분,PC,1,0,0,0,2,0,0,0,0
"쇼핑검색",브로콜리가루영양성분,모바일,1,0,0,0,2,0,0,0,0
"쇼핑검색",브로콜리가루영양소,모바일,4,0,0,0,3.5,0,0,0,0
"쇼핑검색",브로콜리가루영양소파괴,모바일,1,0,0,0,2,0,0,0,0
"쇼핑검색",브로콜리가루용량,모바일,1,0,0,0,2,0,0,0,0
"쇼핑검색",브로콜리가루유의사항,모바일,1,0,0,0,2,0,0,0,0
"쇼핑검색",브로콜리가루유통기한이한달지나면,모바일,1,0,0,0,2,0,0,0,0
"쇼핑검색",브로콜리가루인돌3,모바일,1,0,0,0,2,0,0,0,0
"쇼핑검색",브로콜리가루장단점,모바일,4,0,0,0,2,0,0,0,0
"쇼핑검색",브로콜리가루찬성질인가요?,모바일,1,0,0,0,2,0,0,0,0
"쇼핑검색",브로콜리가루최저가,모바일,1,0,0,0,2,0,0,0,0
"쇼핑검색",브로콜리가루콜레스테롤,모바일,1,0,0,0,2,0,0,0,0
"쇼핑검색",브로콜리가루판매하는곳,모바일,2,0,0,0,2,0,0,0,0
"쇼핑검색",브로콜리가루한살림,PC,1,0,0,0,2,0,0,0,0
"쇼핑검색",브로콜리가루혈액,모바일,1,0,0,0,2,0,0,0,0
"쇼핑검색",브로콜리가루활용법,PC,1,0,0,0,2,0,0,0,0
"쇼핑검색",브로콜리가루활용법,모바일,2,0,0,0,2,0,0,0,0
"쇼핑검색",브로콜리가루효과,PC,1,0,0,0,1,0,0,0,0
"쇼핑검색",브로콜리가루효과,모바일,2,0,0,0,1.5,0,0,0,0
"쇼핑검색",브로콜리가루효능,PC,19,0,0,0,1.2,0,0,0,0
"쇼핑검색",브로콜리가루효능,모바일,184,5,374,"1,870",1.1,1,0,0,0
"쇼핑검색",브로콜리가루효능성분,모바일,1,0,0,0,2,0,0,0,0
"쇼핑검색",브로콜리건조,PC,4,0,0,0,2,0,0,0,0
"쇼핑검색",브로콜리건조,모바일,5,0,0,0,3,0,0,0,0
"쇼핑검색",브로콜리건조가루,모바일,1,0,0,0,2,0,0,0,0
"쇼핑검색",브로콜리녹색분말,모바일,6,2,"1,276","2,552",1.8,1,0,0,0
"쇼핑검색",브로콜리농축분말,PC,2,0,0,0,3.5,0,0,0,0
"쇼핑검색",브로콜리동결가루,모바일,4,0,0,0,2,0,0,0,0
"쇼핑검색",브로콜리동결건조,PC,3,0,0,0,2,0,0,0,0
"쇼핑검색",브로콜리동결건조,모바일,26,0,0,0,4.2,0,0,0,0
"쇼핑검색",브로콜리동결건조가루,PC,2,0,0,0,2,0,0,0,0
"쇼핑검색",브로콜리동결건조가루,모바일,13,0,0,0,2.9,0,0,0,0
"쇼핑검색",브로콜리동결건조가루효능,모바일,1,0,0,0,2,0,0,0,0
"쇼핑검색",브로콜리동결건조그린지,모바일,1,0,0,0,2,0,0,0,0
"쇼핑검색",브로콜리동결건조분말,PC,1,0,0,0,2,0,0,0,0
"쇼핑검색",브로콜리동결건조분말,모바일,5,0,0,0,2.6,0,0,0,0
"쇼핑검색",브로콜리동결건조분말대용량,모바일,6,0,0,0,3.7,0,0,0,0
"쇼핑검색",브로콜리동결건조유통기한,모바일,1,0,0,0,2,0,0,0,0
"쇼핑검색",브로콜리동결건조하는방법,모바일,2,0,0,0,1.5,0,0,0,0
"쇼핑검색",브로콜리를동결건조시키면,모바일,4,0,0,0,2,0,0,0,0
"쇼핑검색",브로콜리분말,PC,228,4,"1,106","4,422",2.7,1.25,258,0,0
"쇼핑검색",브로콜리분말,모바일,771,17,"1,058","17,985",1.7,1,0,0,0
"쇼핑검색",브로콜리분말1KG,모바일,2,0,0,0,4,0,0,0,0
"쇼핑검색",브로콜리분말20KG,모바일,2,0,0,0,3.5,0,0,0,0
"쇼핑검색",브로콜리분말500G,PC,8,0,0,0,3.9,0,0,0,0
"쇼핑검색",브로콜리분말800G,PC,2,0,0,0,3.5,0,0,0,0
"쇼핑검색",브로콜리분말KG,PC,2,0,0,0,4.5,0,0,0,0
"쇼핑검색",브로콜리분말가격?,모바일,2,0,0,0,2,0,0,0,0
"쇼핑검색",브로콜리분말가루,PC,1,0,0,0,2,0,0,0,0
"쇼핑검색",브로콜리분말가루,모바일,15,0,0,0,2.7,0,0,0,0
"쇼핑검색",브로콜리분말가루로전,모바일,1,0,0,0,2,0,0,0,0
"쇼핑검색",브로콜리분말가루로전부치기,모바일,1,0,0,0,2,0,0,0,0
"쇼핑검색",브로콜리분말가루효능,모바일,2,0,0,0,1.5,0,0,0,0
"쇼핑검색",브로콜리분말구매,모바일,2,0,0,0,2,0,0,0,0
"쇼핑검색",브로콜리분말농장,모바일,1,0,0,0,2,0,0,0,0
"쇼핑검색",브로콜리분말만드는방법,모바일,1,0,0,0,1,0,0,0,0
"쇼핑검색",브로콜리분말맛,모바일,1,0,0,0,2,0,0,0,0
"쇼핑검색",브로콜리분말먹는방법,PC,1,0,0,0,1,0,0,0,0
"쇼핑검색",브로콜리분말먹는방법,모바일,11,0,0,0,1.2,0,0,0,0
"쇼핑검색",브로콜리분말보관,모바일,3,0,0,0,1.3,0,0,0,0
"쇼핑검색",브로콜리분말복용법,모바일,3,0,0,0,2,0,0,0,0
"쇼핑검색",브로콜리분말본능,모바일,1,0,0,0,2,0,0,0,0
"쇼핑검색",브로콜리분말부침개,모바일,1,0,0,0,2,0,0,0,0
"쇼핑검색",브로콜리분말새치,모바일,1,0,0,0,2,0,0,0,0
"쇼핑검색",브로콜리분말설포라판,모바일,1,0,0,0,1,0,0,0,0
"쇼핑검색",브로콜리분말식전,모바일,1,0,0,0,2,0,0,0,0
"쇼핑검색",브로콜리분말신장,모바일,1,0,0,0,2,0,0,0,0
"쇼핑검색",브로콜리분말싹키움,모바일,1,0,0,0,1,0,0,0,0
"쇼핑검색",브로콜리분말안전한가요,모바일,1,0,0,0,2,0,0,0,0
"쇼핑검색",브로콜리분말옥살산,모바일,1,0,0,0,2,0,0,0,0
"쇼핑검색",브로콜리분말유기농,PC,2,0,0,0,3,0,0,0,0
"쇼핑검색",브로콜리분말유통기한,모바일,1,0,0,0,2,0,0,0,0
"쇼핑검색",브로콜리분말은,모바일,3,0,0,0,2,0,0,0,0
"쇼핑검색",브로콜리분말주먹밥,모바일,1,0,0,0,2,0,0,0,0
"쇼핑검색",브로콜리분말천연,모바일,1,0,0,0,2,0,0,0,0
"쇼핑검색",브로콜리분말케일분말,모바일,2,0,0,0,2,0,0,0,0
"쇼핑검색",브로콜리분말클로자핀,모바일,1,0,0,0,2,0,0,0,0
"쇼핑검색",브로콜리분말파는곳,모바일,4,0,0,0,3,0,0,0,0
"쇼핑검색",브로콜리분말피부,PC,1,0,0,0,2,0,0,0,0
"쇼핑검색",브로콜리분말피부,모바일,1,0,0,0,2,0,0,0,0
"쇼핑검색",브로콜리분말혈당,모바일,2,0,0,0,2,0,0,0,0
"쇼핑검색",브로콜리분말활용법,PC,1,0,0,0,2,0,0,0,0
"쇼핑검색",브로콜리분말효과,모바일,4,0,0,0,1.5,0,0,0,0
"쇼핑검색",브로콜리분말효능,PC,16,1,396,396,1.2,1,0,1,"43,000"
"쇼핑검색",브로콜리분말효능,모바일,243,5,"1,131","5,654",1.2,1,0,0,0
"쇼핑검색",브로콜리분말효능간,모바일,1,0,0,0,1,0,0,0,0
"쇼핑검색",브로콜리분말후기,모바일,1,0,0,0,2,0,0,0,0
"쇼핑검색",브로콜리브로콜리새싹,모바일,2,0,0,0,1,0,0,0,0
"쇼핑검색",브로콜리새싹,PC,95,0,0,0,5.7,0,0,0,0
"쇼핑검색",브로콜리새싹,모바일,118,0,0,0,3.1,0,0,0,0
"쇼핑검색",브로콜리새싹가격,모바일,4,0,0,0,1,0,0,0,0
"쇼핑검색",브로콜리새싹가루,PC,25,3,359,"1,078",2,1,0,0,0
"쇼핑검색",브로콜리새싹가루,모바일,62,2,534,"1,067",2.9,1,0,0,0
"쇼핑검색",브로콜리새싹건선,모바일,1,0,0,0,2,0,0,0,0
"쇼핑검색",브로콜리새싹고농축,PC,1,0,0,0,2,0,0,0,0
"쇼핑검색",브로콜리새싹과립,모바일,8,0,0,0,5.3,0,0,0,0
"쇼핑검색",브로콜리새싹과설포,모바일,1,0,0,0,1,0,0,0,0
"쇼핑검색",브로콜리새싹과설포리,모바일,1,0,0,0,1,0,0,0,0
"쇼핑검색",브로콜리새싹국산,모바일,1,0,0,0,2,0,0,0,0
"쇼핑검색",브로콜리새싹동결건조,PC,6,1,264,264,1.3,1,0,0,0
"쇼핑검색",브로콜리새싹동결건조,모바일,23,1,473,473,2.2,2.33,14,2,"160,000"
"쇼핑검색",브로콜리새싹먹기,모바일,1,0,0,0,2,0,0,0,0
"쇼핑검색",브로콜리새싹무침,모바일,2,0,0,0,1.5,0,0,0,0
"쇼핑검색",브로콜리새싹발효하는방법,PC,2,0,0,0,1.5,0,0,0,0
"쇼핑검색",브로콜리새싹배달,모바일,2,0,0,0,1.5,0,0,0,0
"쇼핑검색",브로콜리새싹분말,PC,273,9,642,"5,775",2.2,1,0,1,"43,000"
"쇼핑검색",브로콜리새싹분말,모바일,"1,393",55,592,"32,549",2.3,1.16,4.8,6,"473,000"
"쇼핑검색",브로콜리새싹분말ㅎ한,모바일,2,0,0,0,1.5,0,0,0,0
"쇼핑검색",브로콜리새싹분말가루,모바일,3,0,0,0,1.3,0,0,0,0
"쇼핑검색",브로콜리새싹분말건조,PC,3,0,0,0,2,0,0,0,0
"쇼핑검색",브로콜리새싹분말구매,모바일,6,0,0,0,1.3,0,0,0,0
"쇼핑검색",브로콜리새싹분말나눔공동체,PC,2,0,0,0,1.5,0,0,0,0
"쇼핑검색",브로콜리새싹분말농장,PC,2,0,0,0,1.5,0,0,0,0
"쇼핑검색",브로콜리새싹분말당뇨,모바일,17,3,711,"2,134",1.5,1,0,0,0
"쇼핑검색",브로콜리새싹분말도매총판,PC,2,0,0,0,1.5,0,0,0,0
"쇼핑검색",브로콜리새싹분말동결건조,PC,2,0,0,0,1.5,0,0,0,0
"쇼핑검색",브로콜리새싹분말동결건조,모바일,8,2,512,"1,023",3.1,1.33,15.67,1,"42,000"
"쇼핑검색",브로콜리새싹분말보관법,모바일,2,0,0,0,1.5,0,0,0,0
"쇼핑검색",브로콜리새싹분말복용법,모바일,6,0,0,0,1.5,0,0,0,0
"쇼핑검색",브로콜리새싹분말설사,모바일,2,0,0,0,1.5,0,0,0,0
"쇼핑검색",브로콜리새싹분말설포라판,모바일,3,0,0,0,3.3,0,0,0,0
"쇼핑검색",브로콜리새싹분말성분,PC,2,0,0,0,1.5,0,0,0,0
"쇼핑검색",브로콜리새싹분말셀포라판,모바일,2,0,0,0,1.5,0,0,0,0
"쇼핑검색",브로콜리새싹분말영양소,모바일,2,0,0,0,1.5,0,0,0,0
"쇼핑검색",브로콜리새싹분말유기농,모바일,3,0,0,0,1.7,1,0,0,0
"쇼핑검색",브로콜리새싹분말자폐,모바일,2,0,0,0,1.5,0,0,0,0
"쇼핑검색",브로콜리새싹분말재배농장,PC,2,0,0,0,1.5,0,0,0,0
"쇼핑검색",브로콜리새싹분말추천,모바일,9,1,462,462,1.3,1,0,0,0
"쇼핑검색",브로콜리새싹분말탈모,모바일,2,0,0,0,1.5,0,0,0,0
"쇼핑검색",브로콜리새싹분말판매,모바일,3,0,0,0,1.3,0,0,0,0
"쇼핑검색",브로콜리새싹분말효능,PC,30,1,935,935,1.3,1,0,0,0
"쇼핑검색",브로콜리새싹분말효능,모바일,285,4,578,"2,310",1.4,1,0,0,0
"쇼핑검색",브로콜리새싹브로콜리,PC,2,0,0,0,1,0,0,0,0
"쇼핑검색",브로콜리새싹성분,모바일,1,0,0,0,1,0,0,0,0
"쇼핑검색",브로콜리새싹액상,모바일,2,0,0,0,4.5,0,0,0,0
"쇼핑검색",브로콜리새싹약,모바일,4,0,0,0,2,0,0,0,0
"쇼핑검색",브로콜리새싹영양,모바일,2,0,0,0,2,0,0,0,0
"쇼핑검색",브로콜리새싹자폐,모바일,2,0,0,0,1,0,0,0,0
"쇼핑검색",브로콜리새싹제품,PC,1,0,0,0,2,0,0,0,0
"쇼핑검색",브로콜리새싹쥬스,모바일,1,0,0,0,1,0,0,0,0
"쇼핑검색",브로콜리새싹착즙분말,모바일,2,0,0,0,1.5,0,0,0,0
"쇼핑검색",브로콜리새싹착즙분말효능,모바일,2,0,0,0,1.5,0,0,0,0
"쇼핑검색",브로콜리새싹칼로리,모바일,2,0,0,0,1.5,0,0,0,0
"쇼핑검색",브로콜리새싹파는곳,PC,1,0,0,0,1,0,0,0,0
"쇼핑검색",브로콜리새싹파는곳,모바일,2,0,0,0,1,0,0,0,0
"쇼핑검색",브로콜리새싹파우더,모바일,8,2,"1,007","2,013",2.8,1,0,1,"81,000"
"쇼핑검색",브로콜리새싹한살림,모바일,2,0,0,0,4.5,0,0,0,0
"쇼핑검색",브로콜리새싹헹굼,모바일,2,0,0,0,1.5,0,0,0,0
"쇼핑검색",브로콜리새싹효과,모바일,2,0,0,0,1.5,0,0,0,0
"쇼핑검색",브로콜리새싹효능,PC,16,0,0,0,1.6,0,0,0,0
"쇼핑검색",브로콜리새싹효능,모바일,100,1,187,187,1.2,1,0,0,0
"쇼핑검색",브로콜리새싹효능폐안,모바일,2,0,0,0,1.5,0,0,0,0
"쇼핑검색",브로콜리새싹효능폐암,모바일,2,0,0,0,1.5,0,0,0,0
"쇼핑검색",브로콜리새싹흰머리,모바일,1,0,0,0,1,0,0,0,0
"쇼핑검색",브로콜리새싹히봄,모바일,1,0,0,0,1,0,0,0,0
"쇼핑검색",브로콜리생식효능,모바일,2,0,0,0,2,0,0,0,0
"쇼핑검색",브로콜리세척법밀가ㅡ,모바일,1,0,0,0,2,0,0,0,0
"쇼핑검색",브로콜리식품건조,모바일,2,0,0,0,2,0,0,0,0
"쇼핑검색",브로콜리옥수가루부침개?,모바일,1,0,0,0,2,0,0,0,0
"쇼핑검색",브로콜리와브로콜리새싹,모바일,2,0,0,0,1,0,0,0,0
"쇼핑검색",브로콜리유기농분말,PC,1,0,0,0,2,0,0,0,0
"쇼핑검색",브로콜리유사가루분말,모바일,1,0,0,0,2,0,0,0,0
"쇼핑검색",브로콜리잎말리는데하얀가루가있어요,모바일,1,0,0,0,2,0,0,0,0
"쇼핑검색",브로콜리잎분말,모바일,2,0,0,0,3.5,0,0,0,0
"쇼핑검색",브로콜리줄기동결건조,모바일,4,0,0,0,3.3,0,0,0,0
"쇼핑검색",브로콜리쪄서구침,모바일,1,0,0,0,2,0,0,0,0
"쇼핑검색",브로콜리쪄서찬물로헹구나요,모바일,1,0,0,0,2,0,0,0,0
"쇼핑검색",브로콜리쪄서찬물에헹궈야,모바일,1,0,0,0,2,0,0,0,0
"쇼핑검색",브로콜리찌기브로콜리가루,모바일,1,0,0,0,2,0,0,0,0
"쇼핑검색",브로콜리최초유전자,PC,1,0,0,0,2,0,0,0,0
"쇼핑검색",브로콜리추출분말,PC,10,0,0,0,3.5,0,0,0,0
"쇼핑검색",브로콜리추출분말,모바일,5,0,0,0,2.8,0,0,0,0
"쇼핑검색",브로콜리추출분말효능,모바일,1,0,0,0,1,0,0,0,0
"쇼핑검색",브로콜리치커리가루분말,모바일,2,0,0,0,3.5,0,0,0,0
"쇼핑검색",브로콜리케일가루,모바일,2,0,0,0,2.5,0,0,0,0
"쇼핑검색",브로콜리케일동결,모바일,1,0,0,0,2,0,0,0,0
"쇼핑검색",브로콜리케일동결가루,모바일,1,0,0,0,2,0,0,0,0
"쇼핑검색",브로콜리케일분말,모바일,3,0,0,0,2.7,0,0,0,0
"쇼핑검색",브로콜리효능분말,모바일,4,0,0,0,1.5,0,0,0,0
"쇼핑검색",브로콜리흑미자가루무침,모바일,1,0,0,0,2,0,0,0,0
"쇼핑검색",브루콜리효능,PC,2,0,0,0,1.5,0,0,0,0
"쇼핑검색",브루콜리효능,모바일,8,0,0,0,1.5,0,0,0,0
"쇼핑검색",블랙푸드하루선식,모바일,1,0,0,0,13,0,0,0,0
"쇼핑검색",블로커리분말,모바일,2,0,0,0,2,0,0,0,0
"쇼핑검색",블루베리가루,모바일,4,0,0,0,10.8,0,0,0,0
"쇼핑검색",블루베리농축분말,모바일,1,0,0,0,6,0,0,0,0
"쇼핑검색",블루베리분말,모바일,5,0,0,0,7.8,0,0,0,0
"쇼핑검색",블루베리분말500,모바일,1,0,0,0,1,0,0,0,0
"쇼핑검색",블루베리분말파는곳,모바일,1,0,0,0,10,0,0,0,0
"쇼핑검색",비건생식,PC,1,0,0,0,2,0,0,0,0
"쇼핑검색",비네이쳐스아누카리치,모바일,2,0,0,0,11,0,0,0,0
"쇼핑검색",비안면바이오새싹,모바일,1,0,0,0,2,0,0,0,0
"쇼핑검색",비타민나무열매,모바일,1,0,0,0,13,0,0,0,0
"쇼핑검색",비타민나무잎,모바일,1,0,0,0,12,0,0,0,0
"쇼핑검색",비트가루,모바일,12,0,0,0,10.1,0,0,0,0
"쇼핑검색",비트가루가격,모바일,1,0,0,0,11,0,0,0,0
"쇼핑검색",비트가루분말,모바일,1,0,0,0,10,0,0,0,0
"쇼핑검색",비트루트분말,모바일,1,0,0,0,11,0,0,0,0
"쇼핑검색",비트분말,모바일,3,0,0,0,9.7,0,0,0,0
"쇼핑검색",비트뿌리파우더,모바일,1,0,0,0,9,0,0,0,0
"쇼핑검색",비트파우더,모바일,2,0,0,0,11.5,0,0,0,0
"쇼핑검색",빌베리가루,모바일,2,0,0,0,13.5,0,0,0,0
"쇼핑검색",빌베리동결건조가루,모바일,2,0,0,0,10,0,0,0,0
"쇼핑검색",뽀그리브로콜리가루,모바일,1,0,0,0,2,0,0,0,0
"쇼핑검색",뽕잎가루효과,모바일,1,0,0,0,2,0,0,0,0
"쇼핑검색",뽕잎가루효능효과,PC,1,0,0,0,1,0,0,0,0
"쇼핑검색",뽕잎가루효능효과,모바일,14,0,0,0,1.1,0,0,0,0
"쇼핑검색",뿌리는브로콜리가루,모바일,2,0,0,0,3,0,0,0,0
"쇼핑검색",사과가루,모바일,1,0,0,0,14,0,0,0,0
"쇼핑검색",사과분말,모바일,1,0,0,0,6,0,0,0,0
"쇼핑검색",사군자,PC,1,0,0,0,1,0,0,0,0
"쇼핑검색",사군자가루,모바일,3,0,0,0,1,0,0,0,0
"쇼핑검색",사군자분말,PC,1,0,0,0,1,0,0,0,0
"쇼핑검색",사군자분말,모바일,11,0,0,0,1,0,0,0,0
"쇼핑검색",사군자분말가루,모바일,1,0,0,0,1,0,0,0,0
"쇼핑검색",사군자분말가루효과,모바일,1,0,0,0,2,0,0,0,0
"쇼핑검색",사군자분말구입처,모바일,1,0,0,0,1,0,0,0,0
"쇼핑검색",사군자추출,PC,1,0,0,0,1,0,0,0,0
"쇼핑검색",사군자추출물,PC,1,0,0,0,1,0,0,0,0
"쇼핑검색",사군자추출물,모바일,5,0,0,0,1.8,0,0,0,0
"쇼핑검색",사군자추출분말,모바일,3,0,0,0,1,0,0,0,0
"쇼핑검색",사라다땅콩가루,모바일,1,0,0,0,15,0,0,0,0
"쇼핑검색",산골가루,모바일,2,0,0,0,2.5,0,0,0,0
"쇼핑검색",산골가루효과,모바일,1,0,0,0,2,0,0,0,0
"쇼핑검색",산약분말,모바일,1,0,0,0,13,0,0,0,0
"쇼핑검색",새뜸원새싹보리,모바일,2,0,0,0,2.5,0,0,0,0
"쇼핑검색",새뜸원유기농새싹보리,모바일,1,0,0,0,3,0,0,0,0
"쇼핑검색",새싹가루,PC,4,0,0,0,2,0,0,0,0
"쇼핑검색",새싹가루,모바일,4,0,0,0,4.5,0,0,0,0
"쇼핑검색",새싹가루효능,PC,1,0,0,0,1,0,0,0,0
"쇼핑검색",새싹가루효능,모바일,4,0,0,0,1,0,0,0,0
"쇼핑검색",새싹건조,모바일,2,0,0,0,1,0,0,0,0
"쇼핑검색",새싹건조브로콜리,PC,3,1,913,913,1.3,1,0,0,0
"쇼핑검색",새싹건조브로콜리,모바일,11,1,726,726,2.3,1,0,0,0
"쇼핑검색",새싹건조브로콜리바이오,모바일,4,0,0,0,1,0,0,0,0
"쇼핑검색",새싹동결가루,모바일,1,0,0,0,1,0,0,0,0
"쇼핑검색",새싹동결건조,모바일,2,0,0,0,1,0,0,0,0
"쇼핑검색",새싹동산브로콜리새싹,모바일,4,0,0,0,1.5,0,0,0,0
"쇼핑검색",새싹바이오,PC,2,0,0,0,1.5,0,0,0,0
"쇼핑검색",새싹바이오,모바일,8,0,0,0,1.5,0,0,0,0
"쇼핑검색",새싹바이오업체,모바일,1,0,0,0,2,0,0,0,0
"쇼핑검색",새싹보리,PC,1,0,0,0,5,0,0,0,0
"쇼핑검색",새싹보리,모바일,22,0,0,0,12.2,0,0,0,0
"쇼핑검색",새싹보리가루,모바일,1,0,0,0,12,0,0,0,0
"쇼핑검색",새싹보리맛,모바일,1,0,0,0,14,0,0,0,0
"쇼핑검색",새싹보리분말,모바일,14,0,0,0,8.7,0,0,0,0
"쇼핑검색",새싹보리분말가루,모바일,2,0,0,0,9,0,0,0,0
"쇼핑검색",새싹보리순가루,모바일,2,0,0,0,11.5,0,0,0,0
"쇼핑검색",새싹보리순가루효능,모바일,1,0,0,0,2,0,0,0,0
"쇼핑검색",새싹보리스틱,모바일,1,0,0,0,12,0,0,0,0
"쇼핑검색",새싹보리제주,모바일,1,0,0,0,12,0,0,0,0
"쇼핑검색",새싹보리추천,모바일,1,0,0,0,10,0,0,0,0
"쇼핑검색",새싹보리효능,모바일,4,0,0,0,8.5,0,0,0,0
"쇼핑검색",새싹분말,PC,4,0,0,0,3,0,0,0,0
"쇼핑검색",새싹분말,모바일,5,0,0,0,7.4,0,0,0,0
"쇼핑검색",새싹분말효과,모바일,1,0,0,0,1,0,0,0,0
"쇼핑검색",새싹분말효능,PC,1,0,0,0,1,0,0,0,0
"쇼핑검색",새싹분말효능,모바일,2,0,0,0,1,0,0,0,0
"쇼핑검색",새싹브로콜리,PC,12,0,0,0,5.3,0,0,0,0
"쇼핑검색",새싹브로콜리,모바일,15,0,0,0,2.3,0,0,0,0
"쇼핑검색",새싹브로콜리1번가,PC,2,0,0,0,1.5,0,0,0,0
"쇼핑검색",새싹브로콜리가루,PC,6,0,0,0,2,0,0,0,0
"쇼핑검색",새싹브로콜리가루,모바일,47,3,513,"1,540",2.3,1,0,0,0
"쇼핑검색",새싹브로콜리가루효능,모바일,3,0,0,0,1.3,0,0,0,0
"쇼핑검색",새싹브로콜리건조,모바일,1,0,0,0,1,0,0,0,0
"쇼핑검색",새싹브로콜리동결건조,모바일,10,0,0,0,1.7,0,0,0,0
"쇼핑검색",새싹브로콜리분말,PC,12,0,0,0,2.4,0,0,0,0
"쇼핑검색",새싹브로콜리분말,모바일,109,10,581,"5,808",2,1,0,1,"86,000"
"쇼핑검색",새싹브로콜리분말강아지,모바일,2,0,0,0,1.5,0,0,0,0
"쇼핑검색",새싹브로콜리분말효능,모바일,3,0,0,0,1.3,0,0,0,0
"쇼핑검색",새싹브로콜리와브로콜리,모바일,1,0,0,0,1,0,0,0,0
"쇼핑검색",새싹브로콜리지이,PC,1,0,0,0,1,0,0,0,0
"쇼핑검색",새싹브로콜리효능,모바일,9,0,0,0,1,0,0,0,0
"쇼핑검색",새싹삼가루,모바일,1,0,0,0,1,0,0,0,0
"쇼핑검색",새싹삼가루효능,모바일,1,0,0,0,2,0,0,0,0
"쇼핑검색",새싹순의효능,모바일,2,0,0,0,2,0,0,0,0
"쇼핑검색",새싹야채보관방법,모바일,1,0,0,0,1,0,0,0,0
"쇼핑검색",새싹의효능,모바일,6,0,0,0,1,0,0,0,0
"쇼핑검색",새싹효능,PC,4,0,0,0,1,0,0,0,0
"쇼핑검색",새싹효능,모바일,53,0,0,0,1,0,0,0,0
"쇼핑검색",새싹효능효과,모바일,3,0,0,0,1,0,0,0,0
"쇼핑검색",새한잔치국수분말,모바일,1,0,0,0,10,0,0,0,0
"쇼핑검색",샐러리가루,모바일,1,0,0,0,12,0,0,0,0
"쇼핑검색",샐러리가루효과,모바일,2,0,0,0,2,0,0,0,0
"쇼핑검색",샐러리분말,모바일,2,0,0,0,11.5,0,0,0,0
"쇼핑검색",생감자가루,모바일,2,0,0,0,11.5,0,0,0,0
"쇼핑검색",생감자녹말,모바일,1,0,0,0,14,0,0,0,0
"쇼핑검색",생감자전분,모바일,1,0,0,0,15,0,0,0,0
"쇼핑검색",생강가루,모바일,1,0,0,0,11,0,0,0,0
"쇼핑검색",생귀리가루,모바일,1,0,0,0,11,0,0,0,0
"쇼핑검색",생녹두가루효과,모바일,3,0,0,0,2,0,0,0,0
"쇼핑검색",생맥문동가루효과,모바일,1,0,0,0,2,0,0,0,0
"쇼핑검색",생식,모바일,42,0,0,0,12,0,0,0,0
"쇼핑검색",생식가루,모바일,14,0,0,0,12.7,0,0,0,0
"쇼핑검색",생식가루74,모바일,1,0,0,0,15,0,0,0,0
"쇼핑검색",생식가루74가지식약청인증,모바일,1,0,0,0,15,0,0,0,0
"쇼핑검색",생식가루동결건조식약처인증,모바일,2,0,0,0,6,0,0,0,0
"쇼핑검색",생식녹즙,모바일,1,0,0,0,11,0,0,0,0
"쇼핑검색",생식식이섬유,모바일,1,0,0,0,13,0,0,0,0
"쇼핑검색",생식추천,모바일,7,0,0,0,11.7,0,0,0,0
"쇼핑검색",생율무가루,모바일,2,0,0,0,6.5,0,0,0,0
"쇼핑검색",생율무가루사마귀,모바일,2,0,0,0,15,0,0,0,0
"쇼핑검색",생태맘청국장가루,모바일,1,0,0,0,3,0,0,0,0
"쇼핑검색",서창방앗간흑임자가루,모바일,1,0,0,0,11,0,0,0,0
"쇼핑검색",선식,모바일,16,0,0,0,11.4,0,0,0,0
"쇼핑검색",선식쉐이크,모바일,1,0,0,0,14,0,0,0,0
"쇼핑검색",선인장열매분말,모바일,1,0,0,0,14,0,0,0,0
"쇼핑검색",설포라올루션브로콜리새싹가루분말,PC,10,0,0,0,3.4,0,0,0,0
"쇼핑검색",설포라판,PC,2,0,0,0,2,0,0,0,0
"쇼핑검색",설포라판,모바일,1,0,0,0,2,0,0,0,0
"쇼핑검색",설포라판과립,모바일,1,0,0,0,1,0,0,0,0
"쇼핑검색",설포라판브로콜리새싹분말,모바일,7,0,0,0,3.6,0,0,0,0
"쇼핑검색",설포라판브로콜리새싹분말30,모바일,5,0,0,0,2.8,0,0,0,0
"쇼핑검색",설포라판새싹분말,모바일,3,0,0,0,2,0,0,0,0
"쇼핑검색",설포라페인,PC,1,0,0,0,3,0,0,0,0
"쇼핑검색",설포유,PC,1,0,0,0,1,0,0,0,0
"쇼핑검색",설포유,모바일,10,0,0,0,1.4,0,0,0,0
"쇼핑검색",셀뉴런,PC,1,0,0,0,1,0,0,0,0
"쇼핑검색",속편한키위,모바일,1,0,0,0,11,0,0,0,0
"쇼핑검색",솔잎가루,모바일,3,0,0,0,11.3,0,0,0,0
"쇼핑검색",솔잎가루가격,모바일,1,0,0,0,13,0,0,0,0
"쇼핑검색",솔잎가루피부,모바일,1,0,0,0,13,0,0,0,0
"쇼핑검색",수수분말,모바일,1,0,0,0,7,0,0,0,0
"쇼핑검색",수제비밀가루대신,모바일,1,0,0,0,14,0,0,0,0
"쇼핑검색",순천누에,모바일,2,0,0,0,12,0,0,0,0
"쇼핑검색",스멕타가루효과,모바일,1,0,0,0,2,0,0,0,0
"쇼핑검색",스틱형강황가루,모바일,1,0,0,0,7,0,0,0,0
"쇼핑검색",시금치가루효능,모바일,1,0,0,0,14,0,0,0,0
"쇼핑검색",시금치차,모바일,1,0,0,0,13,0,0,0,0
"쇼핑검색",시나몬가루,모바일,3,0,0,0,9,0,0,0,0
"쇼핑검색",식사대용선식,PC,1,0,0,0,12,0,0,0,0
"쇼핑검색",식사대용선식,모바일,2,0,0,0,12.5,0,0,0,0
"쇼핑검색",식이섬유생식,모바일,3,0,0,0,9,0,0,0,0
"쇼핑검색",식품동결방법,모바일,2,0,0,0,1,0,0,0,0
"쇼핑검색",신부전브로콜리가루,모바일,2,0,0,0,2,0,0,0,0
"쇼핑검색",신선초가루효능효과,모바일,1,0,0,0,1,0,0,0,0
"쇼핑검색",신선초동결가루,모바일,1,0,0,0,10,0,0,0,0
"쇼핑검색",실론계피,모바일,2,0,0,0,11.5,0,0,0,0
"쇼핑검색",실론계피가루,모바일,1,0,0,0,8,0,0,0,0
"쇼핑검색",실론계피가루가격,모바일,1,0,0,0,12,0,0,0,0
"쇼핑검색",실론시나몬,모바일,4,0,0,0,9,0,0,0,0
"쇼핑검색",실론시나몬가루추천,모바일,1,0,0,0,7,0,0,0,0
"쇼핑검색",실론시나몬가루효능,모바일,1,0,0,0,11,0,0,0,0
"쇼핑검색",쌀겨,모바일,2,0,0,0,10,0,0,0,0
"쇼핑검색",쌀겨먹는방법,모바일,1,0,0,0,15,0,0,0,0
"쇼핑검색",쌀누룩,모바일,1,0,0,0,15,0,0,0,0
"쇼핑검색",쑥가루,모바일,16,0,0,0,11.3,0,0,0,0
"쇼핑검색",쑥가루가격,모바일,1,0,0,0,9,0,0,0,0
"쇼핑검색",쑥라떼,모바일,2,0,0,0,9.5,0,0,0,0
"쇼핑검색",쑥라떼가루,모바일,2,0,0,0,12,0,0,0,0
"쇼핑검색",쑥라떼담터,모바일,1,0,0,0,11,0,0,0,0
"쇼핑검색",쑥분말,모바일,1,0,0,0,13,0,0,0,0
"쇼핑검색",씨벅턴,모바일,1,0,0,0,12,0,0,0,0
"쇼핑검색",씨벅톤열매가루,모바일,1,0,0,0,14,0,0,0,0
"쇼핑검색",씽크업설포라판,모바일,2,0,0,0,1,0,0,0,0
"쇼핑검색",아기브로콜리가루,모바일,3,0,0,0,2.7,0,0,0,0
"쇼핑검색",아기청국장가루,모바일,1,0,0,0,12,0,0,0,0
"쇼핑검색",아누카리치,모바일,2,0,0,0,9.5,0,0,0,0
"쇼핑검색",아누카사과분말,모바일,4,0,0,0,12.8,0,0,0,0
"쇼핑검색",아누카사과분말혈액순환제,모바일,1,0,0,0,13,0,0,0,0
"쇼핑검색",아누카사과추출분말스틱,모바일,1,0,0,0,10,0,0,0,0
"쇼핑검색",아로니아가루2키로,모바일,1,0,0,0,13,0,0,0,0
"쇼핑검색",아로니아동결가루,모바일,1,0,0,0,10,0,0,0,0
"쇼핑검색",아로니아동결건조가루,모바일,2,0,0,0,10,0,0,0,0
"쇼핑검색",아로니아분말,모바일,4,0,0,0,12.3,0,0,0,0
"쇼핑검색",아로니아파우더,모바일,1,0,0,0,13,0,0,0,0
"쇼핑검색",아마씨가루,PC,1,0,0,0,3,0,0,0,0
"쇼핑검색",아마씨가루,모바일,8,0,0,0,4.8,0,0,0,0
"쇼핑검색",아마씨분말,모바일,4,0,0,0,6,0,0,0,0
"쇼핑검색",아마씨유가루,모바일,1,0,0,0,1,0,0,0,0
"쇼핑검색",아브마콜의브로콜리새싹분말,모바일,6,0,0,0,1.5,0,0,0,0
"쇼핑검색",아사이베리,모바일,3,0,0,0,14.3,0,0,0,0
"쇼핑검색",아스타잔틴브로콜리새싹,모바일,1,0,0,0,1,0,0,0,0
"쇼핑검색",아워홈선식,모바일,1,0,0,0,12,0,0,0,0
"쇼핑검색",아이허브블루베리분말,모바일,1,0,0,0,14,0,0,0,0
"쇼핑검색",아침간편식,모바일,1,0,0,0,15,0,0,0,0
"쇼핑검색",아침대용선식,모바일,1,0,0,0,10,0,0,0,0
"쇼핑검색",아침대용음식,모바일,1,0,0,0,8,0,0,0,0
"쇼핑검색",안동마가루,모바일,1,0,0,0,13,0,0,0,0
"쇼핑검색",안동분말가루효능효과,모바일,4,0,0,0,1,0,0,0,0
"쇼핑검색",안동참마,모바일,2,0,0,0,14,0,0,0,0
"쇼핑검색",안동참마건강밀,모바일,1,0,0,0,11,0,0,0,0
"쇼핑검색",알츠하이머치매,모바일,1,0,0,0,2,0,0,0,0
"쇼핑검색",알파옥수수가루,모바일,1,0,0,0,6,0,0,0,0
"쇼핑검색",암라가루효과,PC,1,0,0,0,2,0,0,0,0
"쇼핑검색",암라가루효과,모바일,8,0,0,0,4.3,0,0,0,0
"쇼핑검색",암환자브로콜리가루,모바일,4,0,0,0,3,0,0,0,0
"쇼핑검색",암환자브로콜리분말,모바일,2,0,0,0,2,0,0,0,0
"쇼핑검색",암환자브로콜리새싹분말,PC,2,0,0,0,1.5,0,0,0,0
"쇼핑검색",암환자새싹건조가루,모바일,1,0,0,0,1,0,0,0,0
"쇼핑검색",암환자암환자브로콜리가루,모바일,1,0,0,0,2,0,0,0,0
"쇼핑검색",액티브화이버컴플렉스,모바일,1,0,0,0,2,0,0,0,0
"쇼핑검색",야생블루베리파우더,모바일,1,0,0,0,11,0,0,0,0
"쇼핑검색",야채가루,모바일,1,0,0,0,15,0,0,0,0
"쇼핑검색",야채가루80까지,모바일,1,0,0,0,6,0,0,0,0
"쇼핑검색",야채가루80까지가루,모바일,1,0,0,0,7,0,0,0,0
"쇼핑검색",야채가루동결건조,모바일,1,0,0,0,10,0,0,0,0
"쇼핑검색",야채동결가루,모바일,3,0,0,0,8.7,0,0,0,0
"쇼핑검색",야채동결건조분말,모바일,1,0,0,0,2,0,0,0,0
"쇼핑검색",야채분말,모바일,2,0,0,0,6,0,0,0,0
"쇼핑검색",야채스틱,모바일,1,0,0,0,11,0,0,0,0
"쇼핑검색",야채톡,모바일,5,0,0,0,13,0,0,0,0
"쇼핑검색",야채파우더,모바일,4,0,0,0,6.8,0,0,0,0
"쇼핑검색",약도라지가루,모바일,1,0,0,0,11,0,0,0,0
"쇼핑검색",양배추가루,모바일,2,0,0,0,7,0,0,0,0
"쇼핑검색",양배추가루먹는방법,모바일,1,0,0,0,14,0,0,0,0
"쇼핑검색",양배추분말,모바일,5,0,0,0,6.2,0,0,0,0
"쇼핑검색",양배추분말자연드림,모바일,1,0,0,0,1,0,0,0,0
"쇼핑검색",양파농축분말,모바일,1,0,0,0,13,0,0,0,0
"쇼핑검색",양파즙분말,모바일,1,0,0,0,12,0,0,0,0
"쇼핑검색",어린브로콜리분말,모바일,1,0,0,0,2,0,0,0,0
"쇼핑검색",어린새싹보관방법,모바일,2,0,0,0,2,0,0,0,0
"쇼핑검색",어린잎보관방법,모바일,4,0,0,0,2,0,0,0,0
"쇼핑검색",어성초가루효과,모바일,1,0,0,0,2,0,0,0,0
"쇼핑검색",업소용들깨가루,모바일,1,0,0,0,13,0,0,0,0
"쇼핑검색",엉겅퀴가루효과,모바일,1,0,0,0,2,0,0,0,0
"쇼핑검색",엘더베리빌베리파우더,모바일,1,0,0,0,15,0,0,0,0
"쇼핑검색",여주가루,모바일,3,0,0,0,12,0,0,0,0
"쇼핑검색",여주분말,모바일,2,0,0,0,9,0,0,0,0
"쇼핑검색",여주분말가루,모바일,1,0,0,0,9,0,0,0,0
"쇼핑검색",여주분말먹는법,모바일,1,0,0,0,15,0,0,0,0
"쇼핑검색",연근가루,모바일,9,0,0,0,11.9,0,0,0,0
"쇼핑검색",연근가루판매,모바일,1,0,0,0,12,0,0,0,0
"쇼핑검색",연근전분,모바일,1,0,0,0,15,0,0,0,0
"쇼핑검색",연뿌리가루,모바일,1,0,0,0,13,0,0,0,0
"쇼핑검색",연세백세생식,모바일,3,0,0,0,13.7,0,0,0,0
"쇼핑검색",연세생식,모바일,4,0,0,0,13.8,0,0,0,0
"쇼핑검색",연잎가루효과,모바일,1,0,0,0,2,0,0,0,0
"쇼핑검색",염증수치브로콜리가루,모바일,2,1,"1,199","1,199",1.5,1,0,0,0
"쇼핑검색",영양선식,모바일,1,0,0,0,11,0,0,0,0
"쇼핑검색",오기남차가버섯,모바일,1,0,0,0,12,0,0,0,0
"쇼핑검색",오디가루,모바일,4,0,0,0,1.3,0,0,0,0
"쇼핑검색",오디가루동결건조,모바일,1,0,0,0,10,0,0,0,0
"쇼핑검색",오디분말,모바일,4,0,0,0,1,0,0,0,0
"쇼핑검색",오뚜기전분,모바일,1,0,0,0,12,0,0,0,0
"쇼핑검색",오사카공대브로콜리새싹,PC,1,0,0,0,1,0,0,0,0
"쇼핑검색",오사카브로콜리새싹,PC,1,0,0,0,1,0,0,0,0
"쇼핑검색",오일만주스,모바일,2,0,0,0,14.5,0,0,0,0
"쇼핑검색",오토감자전분,모바일,1,0,0,0,12,0,0,0,0
"쇼핑검색",오하잇쉐이크,모바일,2,0,0,0,1,0,0,0,0
"쇼핑검색",옥수수가루,모바일,2,0,0,0,12.5,0,0,0,0
"쇼핑검색",올방개묵가루,모바일,1,0,0,0,11,0,0,0,0
"쇼핑검색",올방개묵가루국산,모바일,1,0,0,0,15,0,0,0,0
"쇼핑검색",옹가네들깨가루,모바일,1,0,0,0,10,0,0,0,0
"쇼핑검색",와이즐리청국장가루,모바일,1,0,0,0,14,0,0,0,0
"쇼핑검색",완두콩분말,모바일,1,0,0,0,14,0,0,0,0
"쇼핑검색",왕의맥문동분말,모바일,1,0,0,0,14,0,0,0,0
"쇼핑검색",용봉가루효과,모바일,4,0,0,0,6.3,0,0,0,0
"쇼핑검색",우수가루,PC,1,0,0,0,2,0,0,0,0
"쇼핑검색",울금,모바일,7,0,0,0,5.9,0,0,0,0
"쇼핑검색",울금가루,모바일,2,0,0,0,6,0,0,0,0
"쇼핑검색",울금가루가격,모바일,1,0,0,0,9,0,0,0,0
"쇼핑검색",울금가루효능효과,모바일,1,0,0,0,1,0,0,0,0
"쇼핑검색",울릉도쑥가루,모바일,1,0,0,0,7,0,0,0,0
"쇼핑검색",원우바이오새싹,PC,1,0,0,0,2,0,0,0,0
"쇼핑검색",원우바이오새싹,모바일,1,0,0,0,2,0,0,0,0
"쇼핑검색",유근피가루,모바일,2,0,0,0,2,0,0,0,0
"쇼핑검색",유근피분말,모바일,3,0,0,0,6.7,0,0,0,0
"쇼핑검색",유기농강황,모바일,3,0,0,0,11.3,0,0,0,0
"쇼핑검색",유기농강황가루,모바일,1,0,0,0,13,0,0,0,0
"쇼핑검색",유기농곱슬케일분말가루,모바일,1,0,0,0,9,0,0,0,0
"쇼핑검색",유기농귀리가루,모바일,1,0,0,0,6,0,0,0,0
"쇼핑검색",유기농귀리분말,모바일,1,0,0,0,1,0,0,0,0
"쇼핑검색",유기농노니가루,모바일,1,0,0,0,2,0,0,0,0
"쇼핑검색",유기농노니분말,모바일,1,0,0,0,2,0,0,0,0
"쇼핑검색",유기농동결가루,모바일,1,0,0,0,14,0,0,0,0
"쇼핑검색",유기농동결건조브로콜리,PC,1,0,0,0,5,0,0,0,0
"쇼핑검색",유기농레드비트분말,모바일,1,0,0,0,1,0,0,0,0
"쇼핑검색",유기농레몬가루,모바일,1,0,0,0,11,0,0,0,0
"쇼핑검색",유기농미강,모바일,1,0,0,0,9,0,0,0,0
"쇼핑검색",유기농브로콜리가루,모바일,4,2,699,"1,397",1.8,1,0,0,0
"쇼핑검색",유기농브로콜리분말,모바일,4,0,0,0,4.3,0,0,0,0
"쇼핑검색",유기농브로콜리분말100GX2통,PC,1,0,0,0,2,0,0,0,0
"쇼핑검색",유기농브로콜리분말효능,모바일,2,0,0,0,2,0,0,0,0
"쇼핑검색",유기농브로콜리새싹,모바일,1,0,0,0,1,0,0,0,0
"쇼핑검색",유기농브로콜리새싹분말,모바일,26,0,0,0,3,0,0,0,0
"쇼핑검색",유기농브로콜리새싹분말추천,모바일,5,0,0,0,3.8,0,0,0,0
"쇼핑검색",유기농브로콜리파우더,모바일,1,0,0,0,12,0,0,0,0
"쇼핑검색",유기농블루베리가루,모바일,3,0,0,0,9.7,0,0,0,0
"쇼핑검색",유기농뽕잎가루,모바일,1,0,0,0,8,0,0,0,0
"쇼핑검색",유기농새싹보리분말,모바일,2,0,0,0,12.5,0,0,0,0
"쇼핑검색",유기농새싹브로콜리동결건조,모바일,3,1,693,693,2,1,0,0,0
"쇼핑검색",유기농새싹브로콜리분말,모바일,3,0,0,0,2,0,0,0,0
"쇼핑검색",유기농새싹브로콜리새싹분말,모바일,2,0,0,0,3.5,0,0,0,0
"쇼핑검색",유기농생강분말,모바일,1,0,0,0,11,0,0,0,0
"쇼핑검색",유기농생식,모바일,2,0,0,0,10,0,0,0,0
"쇼핑검색",유기농생식가루,모바일,1,0,0,0,11,0,0,0,0
"쇼핑검색",유기농아로니아,모바일,1,0,0,0,9,0,0,0,0
"쇼핑검색",유기농아로니아분말,모바일,1,0,0,0,13,0,0,0,0
"쇼핑검색",유기농여주분말,모바일,3,1,"1,353","1,353",12,0,0,0,0
"쇼핑검색",유기농엿기름,모바일,1,0,0,0,11,0,0,0,0
"쇼핑검색",유기농친환경새싹브로콜리동결건조,모바일,2,0,0,0,2,0,0,0,0
"쇼핑검색",유기농케일가루,모바일,1,0,0,0,13,0,0,0,0
"쇼핑검색",유기농하수오가루,모바일,1,0,0,0,12,0,0,0,0
"쇼핑검색",유럽브로콜리새싹가루,PC,5,0,0,0,2.4,0,0,0,0
"쇼핑검색",유럽산브로콜리새싹가루,PC,2,0,0,0,1.5,0,0,0,0
"쇼핑검색",유방암한살림브로콜리가루,모바일,2,0,0,0,2,0,0,0,0
"쇼핑검색",유산균으로발효한구기자분말,모바일,1,0,0,0,11,0,0,0,0
"쇼핑검색",유아식비트분말,모바일,1,0,0,0,11,0,0,0,0
"쇼핑검색",율무가루,모바일,21,0,0,0,10.9,0,0,0,0
"쇼핑검색",율무가루사마귀,모바일,1,0,0,0,6,0,0,0,0
"쇼핑검색",은행가루,모바일,1,0,0,0,13,0,0,0,0
"쇼핑검색",이경제더힘찬선식,모바일,1,0,0,0,15,0,0,0,0
"쇼핑검색",이경제더힘찬선식100,모바일,1,0,0,0,3,0,0,0,0
"쇼핑검색",이경제선식,모바일,1,0,0,0,12,0,0,0,0
"쇼핑검색",이계호청국장가루,모바일,1,0,0,0,12,0,0,0,0
"쇼핑검색",이누카사과분말,모바일,1,0,0,0,7,0,0,0,0
"쇼핑검색",이롬1일건강식,모바일,1,0,0,0,15,0,0,0,0
"쇼핑검색",이롬1일영양건강식,모바일,1,0,0,0,13,0,0,0,0
"쇼핑검색",이롬뉴밀생식,모바일,2,0,0,0,12.5,0,0,0,0
"쇼핑검색",이롬생식,모바일,2,0,0,0,14.5,0,0,0,0
"쇼핑검색",이롬생식뉴밀플러스,모바일,2,0,0,0,12,0,0,0,0
"쇼핑검색",이롬황성주박사의1일1생식뉴밀,모바일,1,0,0,0,13,0,0,0,0
"쇼핑검색",이롬황성주생식뉴밀,모바일,1,0,0,0,12,0,0,0,0
"쇼핑검색",이엠분말구매,모바일,1,0,0,0,6,0,0,0,0
"쇼핑검색",이탈리아아누카사과분말,모바일,1,0,0,0,12,0,0,0,0
"쇼핑검색",익모초효능효과가루,모바일,1,1,253,253,1,1,0,0,0
"쇼핑검색",익힌브로콜리가루,모바일,1,0,0,0,2,0,0,0,0
"쇼핑검색",인도강황,모바일,1,0,0,0,11,0,0,0,0
"쇼핑검색",인도산강황가루,모바일,1,0,0,0,11,0,0,0,0
"쇼핑검색",인도산강황분말,모바일,1,0,0,0,7,0,0,0,0
"쇼핑검색",임산부선식,모바일,1,0,0,0,14,0,0,0,0
"쇼핑검색",잎브로콜리분말,모바일,3,0,0,0,2,0,0,0,0
"쇼핑검색",자몽가루,모바일,1,0,0,0,7,0,0,0,0
"쇼핑검색",자색고구마분말,모바일,1,0,0,0,10,0,0,0,0
"쇼핑검색",자연드림동결건조브로콜리가루,모바일,1,0,0,0,2,0,0,0,0
"쇼핑검색",자연드림동결브로콜리,모바일,7,0,0,0,1.9,0,0,0,0
"쇼핑검색",자연드림브로콜리분말,모바일,1,0,0,0,2,0,0,0,0
"쇼핑검색",자연드림양배추분말,모바일,1,0,0,0,15,0,0,0,0
"쇼핑검색",자연하,모바일,1,0,0,0,3,0,0,0,0
"쇼핑검색",잔치국수분말가루,모바일,1,0,0,0,6,0,0,0,0
"쇼핑검색",장보고타피오카가루,모바일,1,0,0,0,14,0,0,0,0
"쇼핑검색",장생도라지가루,모바일,1,0,0,0,12,0,0,0,0
"쇼핑검색",저당보리떡가루,모바일,1,0,0,0,15,0,0,0,0
"쇼핑검색",저당팥가루,모바일,1,0,0,0,15,0,0,0,0
"쇼핑검색",저염다시마가루,모바일,1,0,0,0,10,0,0,0,0
"쇼핑검색",전분,모바일,1,0,0,0,2,0,0,0,0
"쇼핑검색",전분가루,모바일,1,0,0,0,9,0,0,0,0
"쇼핑검색",전분가루효과,모바일,1,0,0,0,2,0,0,0,0
"쇼핑검색",정맥순환,모바일,1,0,0,0,1,0,0,0,0
"쇼핑검색",제주보리새싹분말,모바일,1,0,0,0,9,0,0,0,0
"쇼핑검색",제주산당찬여주,모바일,1,0,0,0,15,0,0,0,0
"쇼핑검색",제주산브로콜리분말,모바일,5,1,638,638,2.8,1,0,0,0
"쇼핑검색",제주새싹보리분말,모바일,1,0,0,0,9,0,0,0,0
"쇼핑검색",제주여주분말,모바일,1,0,0,0,15,0,0,0,0
"쇼핑검색",제주유기농레몬가루,모바일,2,0,0,0,12,0,0,0,0
"쇼핑검색",좋은아마씨분말,모바일,3,0,0,0,3.7,0,0,0,0
"쇼핑검색",주성브로콜리새싹,모바일,5,0,0,0,4.2,0,0,0,0
"쇼핑검색",지엑스바이오,모바일,2,0,0,0,1,0,0,0,0
"쇼핑검색",진도강황,모바일,1,0,0,0,4,0,0,0,0
"쇼핑검색",진도산분말국산강황가루,모바일,1,0,0,0,9,0,0,0,0
"쇼핑검색",진도삼촌울금스틱,모바일,1,0,0,0,8,0,0,0,0
"쇼핑검색",진도영농조합율금,모바일,1,0,0,0,14,0,0,0,0
"쇼핑검색",진도울금,모바일,5,0,0,0,7.4,0,0,0,0
"쇼핑검색",진도울금가루,모바일,1,0,0,0,9,0,0,0,0
"쇼핑검색",진성사군자추출분말가격,모바일,1,0,0,0,1,0,0,0,0
"쇼핑검색",질금,모바일,2,0,0,0,11.5,0,0,0,0
"쇼핑검색",짜장스프,모바일,1,0,0,0,1,0,0,0,0
"쇼핑검색",짜파게티분말,모바일,2,0,0,0,10,0,0,0,0
"쇼핑검색",쪄말린생강가루효능,모바일,1,0,0,0,11,0,0,0,0
"쇼핑검색",차가버섯,모바일,1,0,0,0,8,0,0,0,0
"쇼핑검색",차가버섯분말먹는방법,모바일,2,0,0,0,4.5,0,0,0,0
"쇼핑검색",찰보리가루,모바일,2,0,0,0,13.5,0,0,0,0
"쇼핑검색",참마가루,모바일,2,0,0,0,14.5,0,0,0,0
"쇼핑검색",참마에가열하면성분상태,모바일,1,0,0,0,10,0,0,0,0
"쇼핑검색",참쑥,모바일,1,0,0,0,9,0,0,0,0
"쇼핑검색",창녕새싹브로콜리분말,모바일,13,0,0,0,2.8,0,0,0,0
"쇼핑검색",창원브로콜리분말,모바일,4,1,891,891,3,2.5,203,1,"221,000"
"쇼핑검색",채소가루스틱,모바일,1,0,0,0,3,0,0,0,0
"쇼핑검색",채소분말,모바일,2,0,0,0,13.5,0,0,0,0
"쇼핑검색",채소분말스틱,모바일,1,0,0,0,14,0,0,0,0
"쇼핑검색",천마가루효능효과,모바일,2,0,0,0,2.5,0,0,0,0
"쇼핑검색",천연농산물가루,모바일,6,0,0,0,3,0,0,0,0
"쇼핑검색",천연색소가루,모바일,1,0,0,0,9,0,0,0,0
"쇼핑검색",청국장가루,모바일,10,0,0,0,12.2,0,0,0,0
"쇼핑검색",청국장가루먹으면변비하나?,모바일,1,0,0,0,11,0,0,0,0
"쇼핑검색",청국장가루추천,모바일,2,0,0,0,10.5,0,0,0,0
"쇼핑검색",청년방앗간율무가루,모바일,1,0,0,0,10,0,0,0,0
"쇼핑검색",청양구기자농축분말,모바일,1,0,0,0,15,0,0,0,0
"쇼핑검색",청양구기자발효농축분말,PC,1,0,0,0,4,0,0,0,0
"쇼핑검색",청양구기자발효농축분말,모바일,1,0,0,0,9,0,0,0,0
"쇼핑검색",청양구기자분말,모바일,4,0,0,0,8.3,0,0,0,0
"쇼핑검색",청치자가루,모바일,1,0,0,0,14,0,0,0,0
"쇼핑검색",치자가루,모바일,1,0,0,0,11,0,0,0,0
"쇼핑검색",치자가루효능효과,모바일,1,0,0,0,1,0,0,0,0
"쇼핑검색",치커리가루,모바일,1,0,0,0,15,0,0,0,0
"쇼핑검색",치커리가루효과,PC,1,0,0,0,2,0,0,0,0
"쇼핑검색",치커리가루효과,모바일,2,0,0,0,3,0,0,0,0
"쇼핑검색",치커리동결건조가루,모바일,3,0,0,0,9.7,0,0,0,0
"쇼핑검색",치커리뿌리,모바일,1,0,0,0,15,0,0,0,0
"쇼핑검색",치커리뿌리가루효과효능,모바일,2,0,0,0,2,0,0,0,0
"쇼핑검색",친환경브로콜리가루,모바일,4,0,0,0,4,0,0,0,0
"쇼핑검색",친환경새싹브로콜리동결건조,모바일,3,0,0,0,2,0,0,0,0
"쇼핑검색",카라기난,모바일,1,0,0,0,9,0,0,0,0
"쇼핑검색",카무카무분말,모바일,2,0,0,0,8,0,0,0,0
"쇼핑검색",카스테라가루,모바일,1,0,0,0,13,0,0,0,0
"쇼핑검색",카이크로바이옴,모바일,1,0,0,0,13,0,0,0,0
"쇼핑검색",칼로하스,모바일,2,0,0,0,14,0,0,0,0
"쇼핑검색",칼로하스그린케일,모바일,10,0,0,0,12.1,0,0,0,0
"쇼핑검색",칼로하스덴마크유기농그린케일,모바일,1,0,0,0,15,0,0,0,0
"쇼핑검색",칼로하스케일,모바일,41,0,0,0,12.1,0,0,0,0
"쇼핑검색",칼로하스케일가루,모바일,1,0,0,0,13,0,0,0,0
"쇼핑검색",칼로하스케일내돈내산,모바일,1,0,0,0,11,0,0,0,0
"쇼핑검색",칼로하스케일병,모바일,1,0,0,0,12,0,0,0,0
"쇼핑검색",캐롭가루,모바일,1,0,0,0,14,0,0,0,0
"쇼핑검색",캔그린스,모바일,1,0,0,0,1,0,0,0,0
"쇼핑검색",커리케일분말,모바일,1,0,0,0,14,0,0,0,0
"쇼핑검색",커큐민가루,PC,1,0,0,0,5,0,0,0,0
"쇼핑검색",커큐민가루스틱,모바일,1,0,0,0,9,0,0,0,0
"쇼핑검색",커큐민분말스틱,모바일,1,0,0,0,10,0,0,0,0
"쇼핑검색",컬러케일분말,모바일,3,0,0,0,13.3,0,0,0,0
"쇼핑검색",컬리브로콜리분말,모바일,1,0,0,0,2,0,0,0,0
"쇼핑검색",컬리케일파우더,모바일,1,0,0,0,11,0,0,0,0
"쇼핑검색",케일가루,PC,1,0,0,0,12,0,0,0,0
"쇼핑검색",케일가루,모바일,22,0,0,0,11.5,0,0,0,0
"쇼핑검색",케일가루동결,모바일,1,0,0,0,10,0,0,0,0
"쇼핑검색",케일분말,모바일,14,0,0,0,11.7,0,0,0,0
"쇼핑검색",케일찌기영양소,모바일,1,0,0,0,14,0,0,0,0
"쇼핑검색",케일파우더,모바일,5,0,0,0,12.6,0,0,0,0
"쇼핑검색",코끼리감자전분,모바일,1,0,0,0,15,0,0,0,0
"쇼핑검색",코코넛가루성분,모바일,1,0,0,0,11,0,0,0,0
"쇼핑검색",코코넛가루칼로리,모바일,1,0,0,0,1,0,0,0,0
"쇼핑검색",코코넛분말,모바일,2,0,0,0,13,0,0,0,0
"쇼핑검색",콜징코정80미리,모바일,2,0,0,0,1.5,0,0,0,0
"쇼핑검색",콩가루라떼,모바일,1,0,0,0,11,0,0,0,0
"쇼핑검색",쿠팡강황가루,모바일,1,0,0,0,13,0,0,0,0
"쇼핑검색",쿠팡동결건조브로콜리,모바일,1,0,0,0,2,0,0,0,0
"쇼핑검색",쿠팡브로콜리분말,모바일,1,0,0,0,2,0,0,0,0
"쇼핑검색",쿠팡브로콜리새싹분말가루,모바일,6,0,0,0,1.5,0,0,0,0
"쇼핑검색",크랜베리분말,모바일,2,0,0,0,10,0,0,0,0
"쇼핑검색",크랜베리파우더,모바일,1,0,0,0,13,0,0,0,0
"쇼핑검색",키위가루,모바일,1,0,0,0,12,0,0,0,0
"쇼핑검색",타이레놀가루효과,모바일,6,0,0,0,2,0,0,0,0
"쇼핑검색",타트체리가루,모바일,1,0,0,0,15,0,0,0,0
"쇼핑검색",타피오카전분,모바일,5,0,0,0,12.8,0,0,0,0
"쇼핑검색",텃밭브로콜리삶을때가루,모바일,1,0,0,0,2,0,0,0,0
"쇼핑검색",토마토가루,모바일,1,0,0,0,10,0,0,0,0
"쇼핑검색",토마토분말,모바일,1,0,0,0,2,0,0,0,0
"쇼핑검색",토종다래동결건조분말보관방법,모바일,1,0,0,0,2,0,0,0,0
"쇼핑검색",토종마을,모바일,2,0,0,0,1.5,0,0,0,0
"쇼핑검색",토종마을브로콜리새싹,모바일,2,0,0,0,1.5,0,0,0,0
"쇼핑검색",토종마을새싹보리효능,모바일,2,0,0,0,1,0,0,0,0
"쇼핑검색",트레이더스실론시나몬가루,모바일,1,0,0,0,12,0,0,0,0
"쇼핑검색",틔움바이오동결브로콜리,모바일,3,1,924,924,1.3,1,0,0,0
"쇼핑검색",틔움바이오브로콜리새싹분말,모바일,17,0,0,0,1.8,0,0,0,0
"쇼핑검색",티젠새싹보리,모바일,1,0,0,0,9,0,0,0,0
"쇼핑검색",파래가루,모바일,3,0,0,0,9.7,0,0,0,0
"쇼핑검색",파이토케미컬가루,모바일,1,0,0,0,14,0,0,0,0
"쇼핑검색",파인애플가루,모바일,2,0,0,0,13.5,0,0,0,0
"쇼핑검색",파인애플농축분말원료,모바일,1,0,0,0,13,0,0,0,0
"쇼핑검색",파인애플연육제,모바일,1,0,0,0,14,0,0,0,0
"쇼핑검색",팜79,모바일,1,0,0,0,12,0,0,0,0
"쇼핑검색",페퍼민트가루효과,PC,1,0,0,0,2,0,0,0,0
"쇼핑검색",포스파티세린,모바일,2,0,0,0,3,0,0,0,0
"쇼핑검색",폴란드브로콜리분말,모바일,2,0,0,0,2,0,0,0,0
"쇼핑검색",표고버섯가루,모바일,3,0,0,0,12,0,0,0,0
"쇼핑검색",표고버섯가루파는곳,모바일,1,0,0,0,15,0,0,0,0
"쇼핑검색",표고버섯분말,모바일,1,0,0,0,14,0,0,0,0
"쇼핑검색",표고버섯분말가루,모바일,1,0,0,0,10,0,0,0,0
"쇼핑검색",표고버섯와사비계란,모바일,1,0,0,0,12,0,0,0,0
"쇼핑검색",표고분말가격,모바일,1,0,0,0,15,0,0,0,0
"쇼핑검색",푸로가닉동결건조브로콜리,PC,1,0,0,0,2,0,0,0,0
"쇼핑검색",핀란드브로콜리새싹가루,PC,3,0,0,0,3,0,0,0,0
"쇼핑검색",핀란드블루베리파우더,모바일,1,0,0,0,15,0,0,0,0
"쇼핑검색",하루선식,모바일,1,0,0,0,14,0,0,0,0
"쇼핑검색",하수오가루,모바일,1,0,0,0,14,0,0,0,0
"쇼핑검색",한농브로콜리가루,모바일,3,0,0,0,3,0,0,0,0
"쇼핑검색",한뜻약초여주분말,모바일,1,0,0,0,15,0,0,0,0
"쇼핑검색",한련초가루,모바일,1,0,0,0,1,0,0,0,0
"쇼핑검색",한살림가루브로콜리,모바일,1,0,0,0,2,0,0,0,0
"쇼핑검색",한살림감자전분,모바일,1,0,0,0,15,0,0,0,0
"쇼핑검색",한살림브로콜리동결건조가루,모바일,1,0,0,0,2,0,0,0,0
"쇼핑검색",한살림브로콜리분말,모바일,1,0,0,0,2,0,0,0,0
"쇼핑검색",한살림유기농브로콜리새싹분말추천,모바일,1,0,0,0,2,0,0,0,0
"쇼핑검색",한살림장보기브로콜리가루,PC,1,0,0,0,2,0,0,0,0
"쇼핑검색",한성반문잠누에,모바일,1,0,0,0,3,0,0,0,0
"쇼핑검색",한천,모바일,1,0,0,0,15,0,0,0,0
"쇼핑검색",한천가루,모바일,4,0,0,0,12.5,0,0,0,0
"쇼핑검색",한천가루대용량,모바일,1,0,0,0,10,0,0,0,0
"쇼핑검색",한천가루파는곳,모바일,1,0,0,0,14,0,0,0,0
"쇼핑검색",항암브로콜리가루,모바일,1,0,0,0,2,0,0,0,0
"쇼핑검색",허브분말,모바일,1,0,0,0,10,0,0,0,0
"쇼핑검색",헬로팜연근가루,모바일,1,0,0,0,12,0,0,0,0
"쇼핑검색",호박가루,모바일,3,0,0,0,11.7,0,0,0,0
"쇼핑검색",홍국구기자분말,모바일,1,0,0,0,13,0,0,0,0
"쇼핑검색",홍국발효구기자,모바일,4,0,0,0,9.3,0,0,0,0
"쇼핑검색",홍잠,PC,1,0,0,0,3,0,0,0,0
"쇼핑검색",홍잠,모바일,4,0,0,0,10,0,0,0,0
"쇼핑검색",홍잠누에가루,모바일,1,0,0,0,5,0,0,0,0
"쇼핑검색",홍잠분말,모바일,1,0,0,0,12,0,0,0,0
"쇼핑검색",화2식품동결건조,모바일,1,0,0,0,2,0,0,0,0
"쇼핑검색",황성주뉴밀,모바일,17,0,0,0,13.2,0,0,0,0
"쇼핑검색",황성주뉴밀생식,모바일,1,0,0,0,11,0,0,0,0
"쇼핑검색",황성주뉴밀플러스,모바일,5,0,0,0,12.4,0,0,0,0
"쇼핑검색",황성주발효건강식,모바일,1,0,0,0,15,0,0,0,0
"쇼핑검색",황성주생식,모바일,12,0,0,0,14.3,0,0,0,0
"쇼핑검색",황성주생식뉴밀,모바일,10,0,0,0,13,0,0,0,0
"쇼핑검색",황성주선식,모바일,1,0,0,0,11,0,0,0,0
"쇼핑검색",황성주선식공장견학,모바일,1,0,0,0,15,0,0,0,0
"쇼핑검색",황성주이롬뉴밀,모바일,1,0,0,0,11,0,0,0,0
"쇼핑검색",황찬현청국장가루,모바일,1,0,0,0,13,0,0,0,0
"쇼핑검색",황창현신부청국장가루,모바일,2,0,0,0,7.5,0,0,0,0
"쇼핑검색",효능가루,PC,1,0,0,0,25,0,0,0,0
"쇼핑검색",흑임자가루,모바일,6,0,0,0,10.5,0,0,0,0
"쇼핑검색",흑임자가루1KG,모바일,2,0,0,0,11,0,0,0,0
"쇼핑검색",흑임자가루탄수화물,모바일,1,0,0,0,9,0,0,0,0
"쇼핑검색",흑임자분말,모바일,1,0,0,0,8,0,0,0,0
"쇼핑검색",흥국발효구기자,모바일,1,0,0,0,11,0,0,0,0
