﻿"쇼핑검색보고서(2025.06.01.~2025.06.30.),woods8592:naver"
"캠페인유형",검색어,PC/모바일 매체,노출수,클릭수,"평균클릭비용(VAT포함,원)","총비용(VAT포함,원)",평균노출순위,방문당 평균페이지뷰,방문당 평균체류시간(초),전환수,전환매출액(원)
"파워링크",(주)착한갈비,PC,1,0,0,0,1,0,0,0,0
"파워링크",1인창업식당메뉴선정,모바일,1,0,0,0,3,0,0,0,0
"파워링크",가맹비교육비창업,모바일,1,0,0,0,3,0,0,0,0
"파워링크",갈비.냉면,모바일,1,0,0,0,3,0,0,0,0
"파워링크",갈비냉면,PC,1,0,0,0,2,0,0,0,0
"파워링크",갈비냉면,모바일,49,0,0,0,2.4,0,0,0,0
"파워링크",갈비냉면고기,PC,1,0,0,0,3,0,0,0,0
"파워링크",갈비냉면맛집,PC,3,0,0,0,1.7,0,0,0,0
"파워링크",갈비냉면맛집,모바일,57,0,0,0,1.3,0,0,0,0
"파워링크",갈비냉면전문점,모바일,1,0,0,0,2,0,0,0,0
"파워링크",갈비냉면평택,모바일,1,0,0,0,3,0,0,0,0
"파워링크",갈비밀키트,PC,18,0,0,0,4.6,0,0,0,0
"파워링크",갈비밀키트,모바일,12,0,0,0,4,0,0,0,0
"파워링크",갈비샵인샵,모바일,3,0,0,0,2,0,0,0,0
"파워링크",갈비요리샵인샵,모바일,3,0,0,0,1,0,0,0,0
"파워링크",갈비있는냉면,모바일,1,0,0,0,3,0,0,0,0
"파워링크",갈비전수창업,모바일,1,0,0,0,3,0,0,0,0
"파워링크",갈비창업비용,PC,2,0,0,0,7,0,0,0,0
"파워링크",강릉갈비명인,모바일,1,0,0,0,2,0,0,0,0
"파워링크",개성코다리냉면,모바일,1,0,0,0,1,0,0,0,0
"파워링크",경남코다리냉면,모바일,1,0,0,0,1,0,0,0,0
"파워링크",고기냉면무료창업,모바일,1,0,0,0,1,0,0,0,0
"파워링크",고기냉면창업,모바일,2,0,0,0,1,0,0,0,0
"파워링크",고기냉면체인점,모바일,1,0,0,0,1,0,0,0,0
"파워링크",군자코다리냉면,모바일,1,0,0,0,2,0,0,0,0
"파워링크",근처코다리냉면,모바일,4,0,0,0,3.3,0,0,0,0
"파워링크",냉면,PC,153,1,550,550,8.1,0,0,0,0
"파워링크",냉면,모바일,"2,496",15,511,"7,667",3.1,0,0,0,0
"파워링크",냉면+갈비맛집,모바일,1,0,0,0,2,0,0,0,0
"파워링크",냉면+고기,모바일,1,0,0,0,3,0,0,0,0
"파워링크",냉면1인배달맛집,모바일,1,0,0,0,2,0,0,0,0
"파워링크",냉면가게창업,모바일,2,0,0,0,2,0,0,0,0
"파워링크",냉면가맹,모바일,7,1,781,781,1.7,0,0,0,0
"파워링크",냉면가맹점,모바일,1,0,0,0,1,0,0,0,0
"파워링크",냉면갈비,PC,7,0,0,0,1.7,0,0,0,0
"파워링크",냉면갈비,모바일,167,0,0,0,2.5,0,0,0,0
"파워링크",냉면갈비맛집,PC,3,0,0,0,1,0,0,0,0
"파워링크",냉면갈비맛집,모바일,20,0,0,0,1.5,0,0,0,0
"파워링크",냉면갈비브랜드,모바일,1,0,0,0,3,0,0,0,0
"파워링크",냉면갈비음식점,모바일,2,0,0,0,1,0,0,0,0
"파워링크",냉면갈비전문점,PC,1,0,0,0,1,0,0,0,0
"파워링크",냉면갈비전문점,모바일,18,0,0,0,1.4,0,0,0,0
"파워링크",냉면갈비집,모바일,10,0,0,0,1.4,0,0,0,0
"파워링크",냉면갈비체인점,모바일,1,0,0,0,1,0,0,0,0
"파워링크",냉면고기체인점,PC,3,0,0,0,1.7,0,0,0,0
"파워링크",냉면고기체인점,모바일,1,0,0,0,1,0,0,0,0
"파워링크",냉면과갈비,PC,1,0,0,0,1,0,0,0,0
"파워링크",냉면과갈비,모바일,12,0,0,0,1.7,0,0,0,0
"파워링크",냉면과김치,모바일,1,0,0,0,1,0,0,0,0
"파워링크",냉면과돼지갈비,모바일,1,0,0,0,1,0,0,0,0
"파워링크",냉면냉면냉면,모바일,1,0,0,0,1,0,0,0,0
"파워링크",냉면돼지갈비,모바일,3,0,0,0,2.3,0,0,0,0
"파워링크",냉면만든재료,모바일,1,0,0,0,1,0,0,0,0
"파워링크",냉면맛만들기,모바일,1,0,0,0,1,0,0,0,0
"파워링크",냉면맛있는,모바일,1,0,0,0,3,0,0,0,0
"파워링크",냉면맛집,PC,3,0,0,0,38,0,0,0,0
"파워링크",냉면맛집,모바일,16,1,110,110,26.9,0,0,0,0
"파워링크",냉면맛집갈비,모바일,3,0,0,0,1.7,0,0,0,0
"파워링크",냉면맛집배달,모바일,2,0,0,0,3,0,0,0,0
"파워링크",냉면메뉴판,PC,4,0,0,0,2,0,0,0,0
"파워링크",냉면명인,모바일,4,0,0,0,2,0,0,0,0
"파워링크",냉면무료창업,모바일,3,1,517,517,1,0,0,0,0
"파워링크",냉면물냉면,모바일,1,0,0,0,1,0,0,0,0
"파워링크",냉면배달,PC,12,1,396,396,6.2,0,0,0,0
"파워링크",냉면배달,모바일,18,0,0,0,8.3,0,0,0,0
"파워링크",냉면배달고기,PC,2,0,0,0,2,0,0,0,0
"파워링크",냉면배달맛집,PC,3,0,0,0,2.3,0,0,0,0
"파워링크",냉면배달맛집,모바일,40,1,693,693,2.4,0,0,0,0
"파워링크",냉면배달전문점,모바일,6,0,0,0,3.7,0,0,0,0
"파워링크",냉면배달창업,PC,1,0,0,0,6,0,0,0,0
"파워링크",냉면배송,PC,1,0,0,0,10,0,0,0,0
"파워링크",냉면비빔,모바일,5,0,0,0,2.6,0,0,0,0
"파워링크",냉면샵앤샵,모바일,1,0,0,0,4,0,0,0,0
"파워링크",냉면샵인샵,PC,5,0,0,0,18,0,0,0,0
"파워링크",냉면샵인샵,모바일,10,2,605,"1,210",17.2,0,0,0,0
"파워링크",냉면샵인샵원가,모바일,1,0,0,0,2,0,0,0,0
"파워링크",냉면샵인샵추천,PC,1,0,0,0,5,0,0,0,0
"파워링크",냉면성수,모바일,1,0,0,0,1,0,0,0,0
"파워링크",냉면소갈비,PC,1,0,0,0,3,0,0,0,0
"파워링크",냉면에갈비,모바일,1,0,0,0,2,0,0,0,0
"파워링크",냉면요리,PC,3,0,0,0,3,0,0,0,0
"파워링크",냉면요리,모바일,5,0,0,0,2.8,0,0,0,0
"파워링크",냉면요리사,모바일,1,0,0,0,2,0,0,0,0
"파워링크",냉면은냉면집에서,PC,1,0,0,0,1,0,0,0,0
"파워링크",냉면의갈비,모바일,1,0,0,0,1,0,0,0,0
"파워링크",냉면의인,모바일,1,0,0,0,3,0,0,0,0
"파워링크",냉면의재료는?,모바일,1,0,0,0,1,0,0,0,0
"파워링크",냉면이랑갈비,모바일,1,0,0,0,1,0,0,0,0
"파워링크",냉면장인,PC,5,0,0,0,1,0,0,0,0
"파워링크",냉면장인,모바일,88,0,0,0,1.4,0,0,0,0
"파워링크",냉면장인과,PC,1,0,0,0,3,0,0,0,0
"파워링크",냉면장인과,모바일,5,0,0,0,1.8,0,0,0,0
"파워링크",냉면재료,PC,385,1,517,517,2.4,0,0,0,0
"파워링크",냉면재료,모바일,"5,216",207,503,"104,148",2.1,0,0,0,0
"파워링크",냉면재료2,모바일,1,0,0,0,2,0,0,0,0
"파워링크",냉면재료?,모바일,5,2,462,924,1,0,0,0,0
"파워링크",냉면재료고기,모바일,1,0,0,0,1,0,0,0,0
"파워링크",냉면재료들,PC,1,1,451,451,1,0,0,0,0
"파워링크",냉면재료만들기,모바일,27,3,312,935,1.2,0,0,0,0
"파워링크",냉면재료비,모바일,2,0,0,0,1,0,0,0,0
"파워링크",냉면재료양념,모바일,1,0,0,0,1,0,0,0,0
"파워링크",냉면재료추천,모바일,2,0,0,0,1,0,0,0,0
"파워링크",냉면전문맛집,PC,1,0,0,0,1,0,0,0,0
"파워링크",냉면전문맛집,모바일,11,0,0,0,1.5,0,0,0,0
"파워링크",냉면전문점,PC,62,0,0,0,8.5,0,0,0,0
"파워링크",냉면전문점,모바일,35,1,517,517,5.3,0,0,0,0
"파워링크",냉면전문점창업,모바일,1,1,825,825,4,0,0,0,0
"파워링크",냉면전수창업,PC,3,0,0,0,1,0,0,0,0
"파워링크",냉면전수창업,모바일,5,0,0,0,1.2,0,0,0,0
"파워링크",냉면집가맹,모바일,2,0,0,0,1,0,0,0,0
"파워링크",냉면집냉면,PC,1,0,0,0,2,0,0,0,0
"파워링크",냉면집냉면,모바일,3,0,0,0,2.3,0,0,0,0
"파워링크",냉면집배달,모바일,2,0,0,0,2,0,0,0,0
"파워링크",냉면집창업,모바일,2,0,0,0,21,0,0,0,0
"파워링크",냉면집창업비용,PC,2,0,0,0,6,0,0,0,0
"파워링크",냉면집창업비용,모바일,1,0,0,0,2,0,0,0,0
"파워링크",냉면창업,PC,1,0,0,0,22,0,0,0,0
"파워링크",냉면창업,모바일,336,0,0,0,2.4,0,0,0,0
"파워링크",냉면창업.,모바일,1,0,0,0,1,0,0,0,0
"파워링크",냉면창업교육,모바일,3,0,0,0,2.3,0,0,0,0
"파워링크",냉면창업비용,모바일,2,0,0,0,4,0,0,0,0
"파워링크",냉면창업육수,PC,2,0,0,0,1,0,0,0,0
"파워링크",냉면창업재료,PC,1,0,0,0,1,0,0,0,0
"파워링크",냉면창업재료비,PC,1,0,0,0,1,0,0,0,0
"파워링크",냉면창업전수,PC,1,0,0,0,1,0,0,0,0
"파워링크",냉면창업전수,모바일,1,0,0,0,1,0,0,0,0
"파워링크",냉면체인,PC,2,0,0,0,2,0,0,0,0
"파워링크",냉면체인,모바일,253,4,454,"1,815",2.3,0,0,0,0
"파워링크",냉면체인점,PC,1,0,0,0,14,0,0,0,0
"파워링크",냉면체인점,모바일,164,2,578,"1,155",2.6,0,0,0,0
"파워링크",냉면코다리,PC,3,2,209,418,1,0,0,0,0
"파워링크",냉면코다리,모바일,24,0,0,0,1.5,0,0,0,0
"파워링크",냉면코다리냉면,모바일,1,0,0,0,3,0,0,0,0
"파워링크",냉면코다리양념,모바일,2,0,0,0,1,0,0,0,0
"파워링크",냉면프랜차이즈,PC,4,1,"1,089","1,089",23.5,0,0,0,0
"파워링크",냉면프랜차이즈,모바일,6,2,"1,034","2,068",26,0,0,0,0
"파워링크",냉면프랜차이즈샵인샵,모바일,1,0,0,0,1,0,0,0,0
"파워링크",냉면프렌차이즈,PC,2,0,0,0,24,0,0,0,0
"파워링크",대구샵인샵,PC,1,0,0,0,3,0,0,0,0
"파워링크",대구샵인샵,모바일,2,0,0,0,4,0,0,0,0
"파워링크",대구착한코다리냉면,모바일,1,0,0,0,1,0,0,0,0
"파워링크",대한냉면창업,모바일,3,0,0,0,1,0,0,0,0
"파워링크",돈쌈냉면창업,모바일,1,0,0,0,2,0,0,0,0
"파워링크",동탄냉면갈비,PC,1,0,0,0,2,0,0,0,0
"파워링크",돼지갈비.냉면,모바일,2,0,0,0,1,0,0,0,0
"파워링크",돼지갈비냉면,PC,4,0,0,0,2,0,0,0,0
"파워링크",돼지갈비냉면,모바일,46,0,0,0,2.1,0,0,0,0
"파워링크",돼지갈비냉면체인점,모바일,1,0,0,0,1,0,0,0,0
"파워링크",돼지갈비집냉면,모바일,3,0,0,0,1,0,0,0,0
"파워링크",돼지갈비코다리회냉면,모바일,1,0,0,0,1,0,0,0,0
"파워링크",돼지고기냉면,모바일,2,0,0,0,1,0,0,0,0
"파워링크",명인갈비냉면,PC,2,0,0,0,1,0,0,0,0
"파워링크",명인갈비냉면,모바일,2,0,0,0,1,0,0,0,0
"파워링크",명인냉면,모바일,18,0,0,0,1,0,0,0,0
"파워링크",명인냉면갈비,모바일,1,0,0,0,1,0,0,0,0
"파워링크",명인면옥코다리,모바일,1,0,0,0,1,0,0,0,0
"파워링크",명인샵인샵,PC,1,0,0,0,2,0,0,0,0
"파워링크",명인창업비용,모바일,1,0,0,0,1,0,0,0,0
"파워링크",명지코다리냉면,모바일,1,0,0,0,2,0,0,0,0
"파워링크",무료창업냉면,모바일,1,0,0,0,1,0,0,0,0
"파워링크",물냉면비빔냉면전수창업,모바일,1,0,0,0,1,0,0,0,0
"파워링크",배달냉면브랜드,PC,1,0,0,0,3,0,0,0,0
"파워링크",배달냉면창업,PC,1,0,0,0,3,0,0,0,0
"파워링크",배달냉면창업,모바일,1,0,0,0,4,0,0,0,0
"파워링크",배달샵,모바일,4,0,0,0,15.5,0,0,0,0
"파워링크",배달샵앤샵,PC,1,0,0,0,22,0,0,0,0
"파워링크",배달샵앤샵,모바일,3,0,0,0,19.3,0,0,0,0
"파워링크",배달샵인샵,PC,14,0,0,0,27.9,0,0,0,0
"파워링크",배달샵인샵,모바일,19,0,0,0,34.9,0,0,0,0
"파워링크",배달식당창업,모바일,1,0,0,0,25,0,0,0,0
"파워링크",배달아이템,PC,2,0,0,0,33.5,0,0,0,0
"파워링크",배달음식,PC,590,0,0,0,6.8,0,0,0,0
"파워링크",배달음식,모바일,"54,080",61,410,"24,992",1.8,0,0,0,0
"파워링크",배달전문점,PC,3,0,0,0,71.7,0,0,0,0
"파워링크",배달전문점,모바일,4,0,0,0,74,0,0,0,0
"파워링크",배달전문점창업,모바일,3,0,0,0,101.7,0,0,0,0
"파워링크",배달전문프랜차이즈,PC,1,0,0,0,40,0,0,0,0
"파워링크",배달창업,PC,6,0,0,0,128.8,0,0,0,0
"파워링크",배달체인점,모바일,1,0,0,0,62,0,0,0,0
"파워링크",배달푸드,모바일,1,0,0,0,3,0,0,0,0
"파워링크",배달프랜차이즈창업,모바일,1,0,0,0,39,0,0,0,0
"파워링크",별내코다리냉면,PC,2,0,0,0,1,0,0,0,0
"파워링크",부산샵인샵,PC,21,0,0,0,9,0,0,0,0
"파워링크",부산샵인샵,모바일,9,0,0,0,11.1,0,0,0,0
"파워링크",부천냉면갈비,모바일,1,0,0,0,1,0,0,0,0
"파워링크",부천냉면부모님,모바일,1,0,0,0,1,0,0,0,0
"파워링크",부천코다리냉면전문,모바일,1,0,0,0,1,0,0,0,0
"파워링크",북구갈비냉면,모바일,2,0,0,0,1,0,0,0,0
"파워링크",불고기냉면샵인샵,모바일,1,0,0,0,3,0,0,0,0
"파워링크",불고기냉면창업,모바일,1,0,0,0,1,0,0,0,0
"파워링크",비빔냉면에갈비,모바일,1,0,0,0,3,0,0,0,0
"파워링크",사장님냉면,모바일,1,0,0,0,1,0,0,0,0
"파워링크",상호갈비냉면,모바일,1,0,0,0,1,0,0,0,0
"파워링크",샵앤샵창업,PC,1,0,0,0,37,0,0,0,0
"파워링크",샵엔샵,모바일,35,2,"1,089","2,178",33.7,0,0,0,0
"파워링크",샵인샵갈비,모바일,3,0,0,0,2.7,0,0,0,0
"파워링크",샵인샵냉면,PC,1,0,0,0,15,0,0,0,0
"파워링크",샵인샵냉면,모바일,2,0,0,0,16.5,0,0,0,0
"파워링크",샵인샵냉면창업,모바일,1,0,0,0,3,0,0,0,0
"파워링크",샵인샵대구,모바일,2,0,0,0,4,0,0,0,0
"파워링크",샵인샵메뉴,모바일,4,0,0,0,20,0,0,0,0
"파워링크",샵인샵배달,PC,10,0,0,0,22.3,0,0,0,0
"파워링크",샵인샵배달,모바일,13,2,"1,947","3,894",19.7,0,0,0,0
"파워링크",샵인샵배달창업,PC,5,0,0,0,12.2,0,0,0,0
"파워링크",샵인샵배달창업,모바일,6,0,0,0,7.5,0,0,0,0
"파워링크",샵인샵아이템,PC,1,0,0,0,10,0,0,0,0
"파워링크",샵인샵아이템,모바일,5,0,0,0,16.4,0,0,0,0
"파워링크",샵인샵음식,PC,2,0,0,0,5,0,0,0,0
"파워링크",샵인샵음식,모바일,4,0,0,0,3.3,0,0,0,0
"파워링크",샵인샵창업,PC,2,0,0,0,52,0,0,0,0
"파워링크",샵인샵창업,모바일,14,1,"2,145","2,145",34.9,0,0,0,0
"파워링크",샵인샵창업배달,모바일,1,0,0,0,6,0,0,0,0
"파워링크",샵인샵추천,PC,1,0,0,0,22,0,0,0,0
"파워링크",샵인샵추천,모바일,4,1,"2,057","2,057",25.5,0,0,0,0
"파워링크",샵인샵프랜차이즈,PC,5,0,0,0,23.4,0,0,0,0
"파워링크",샵인샵프랜차이즈,모바일,7,0,0,0,23,0,0,0,0
"파워링크",샾앤샾,PC,1,0,0,0,15,0,0,0,0
"파워링크",샾앤샾,모바일,3,0,0,0,23.3,0,0,0,0
"파워링크",샾인샾,모바일,21,1,55,55,14.3,0,0,0,0
"파워링크",석쇠갈비,PC,25,0,0,0,1,0,0,0,0
"파워링크",석쇠갈비,모바일,198,1,253,253,1,0,0,0,0
"파워링크",석쇠냉면창업,모바일,1,0,0,0,1,0,0,0,0
"파워링크",석쇠불고기,PC,"1,194",0,0,0,1.6,0,0,0,0
"파워링크",석쇠불고기,모바일,"12,218",28,645,"18,062",1.8,0,0,0,0
"파워링크",세종착한코다리냉면,모바일,1,0,0,0,2,0,0,0,0
"파워링크",세종코다리냉면,모바일,4,0,0,0,1.5,0,0,0,0
"파워링크",소갈비냉면,모바일,1,0,0,0,3,0,0,0,0
"파워링크",소냉면,모바일,1,0,0,0,3,0,0,0,0
"파워링크",소자본냉면창업,PC,2,1,594,594,1,0,0,0,0
"파워링크",소자본샵인샵,PC,1,0,0,0,10,0,0,0,0
"파워링크",소자본샵인샵,모바일,1,0,0,0,20,0,0,0,0
"파워링크",속초착한냉면,모바일,3,0,0,0,2,0,0,0,0
"파워링크",속초코다리냉면대전물냉면,모바일,1,0,0,0,2,0,0,0,0
"파워링크",속초코다리냉면착한식당,모바일,1,0,0,0,2,0,0,0,0
"파워링크",속초코다리냉면창업,모바일,2,0,0,0,2,0,0,0,0
"파워링크",숍인숍,PC,1,0,0,0,6,0,0,0,0
"파워링크",수라냉면창업비용,PC,1,0,0,0,1,0,0,0,0
"파워링크",숯불갈비,PC,"1,437",1,704,704,1.8,0,0,0,0
"파워링크",숯불갈비,모바일,"38,203",74,698,"51,634",1.2,0,0,0,0
"파워링크",숯불갈비브랜드스토리,모바일,1,0,0,0,1,0,0,0,0
"파워링크",숯불고기,PC,338,0,0,0,1.6,0,0,0,0
"파워링크",숯불고기,모바일,"2,261",5,306,"1,529",1.4,0,0,0,0
"파워링크",숯불냉면,모바일,20,0,0,0,1.2,0,0,0,0
"파워링크",숯불불고기냉면,모바일,1,0,0,0,1,0,0,0,0
"파워링크",식당냉면브랜드,모바일,1,0,0,0,2,0,0,0,0
"파워링크",아람착한.코다리,모바일,1,0,0,0,1,0,0,0,0
"파워링크",아람착한코다리,모바일,18,0,0,0,1,0,0,0,0
"파워링크",안성코다리냉면,모바일,1,0,0,0,2,0,0,0,0
"파워링크",여름샵인샵,PC,2,0,0,0,1,0,0,0,0
"파워링크",여름샵인샵,모바일,3,0,0,0,1,0,0,0,0
"파워링크",여름장사,PC,5,0,0,0,1.2,0,0,0,0
"파워링크",여름장사,모바일,"1,435",7,212,"1,485",1.6,0,0,0,0
"파워링크",음식점냉면,모바일,2,0,0,0,2,0,0,0,0
"파워링크",음식점샵인샵,PC,3,0,0,0,5.3,0,0,0,0
"파워링크",음식점샵인샵,모바일,5,0,0,0,3,0,0,0,0
"파워링크",이승원코다리,모바일,1,0,0,0,1,0,0,0,0
"파워링크",제천코다리냉면,모바일,4,0,0,0,1,0,0,0,0
"파워링크",중곡코다리냉면,모바일,1,0,0,0,2,0,0,0,0
"파워링크",집에서냉면재료,모바일,1,0,0,0,1,0,0,0,0
"파워링크",착한갈비2,모바일,1,0,0,0,1,0,0,0,0
"파워링크",착한갈비?,모바일,1,0,0,0,1,0,0,0,0
"파워링크",착한갈비×)!,모바일,1,0,0,0,1,0,0,0,0
"파워링크",착한갈비메뉴,모바일,3,0,0,0,1,0,0,0,0
"파워링크",착한냉면,PC,7,0,0,0,1.9,0,0,0,0
"파워링크",착한냉면,모바일,326,1,55,55,2.5,0,0,0,0
"파워링크",착한냉면&갈비,모바일,293,0,0,0,2.8,0,0,0,0
"파워링크",착한냉면갈비,모바일,"3,584",12,82,979,2.6,0,0,0,0
"파워링크",착한들냉면,모바일,1,0,0,0,1,0,0,0,0
"파워링크",착한식당냉면,모바일,2,0,0,0,1,0,0,0,0
"파워링크",착한쭝식중국냉면,모바일,1,0,0,0,1,0,0,0,0
"파워링크",착한코다리냉면,모바일,11,1,165,165,1.1,0,0,0,0
"파워링크",착한코다리냉면&갈비,PC,1,0,0,0,1,0,0,0,0
"파워링크",착한코다리냉면&갈비동탄,모바일,1,0,0,0,1,0,0,0,0
"파워링크",착한코다리냉면동탄,모바일,3,0,0,0,1,0,0,0,0
"파워링크",착한코다리메뉴,모바일,1,0,0,0,1,0,0,0,0
"파워링크",창업경쟁력,모바일,1,0,0,0,3,0,0,0,0
"파워링크",천상코다리냉면,모바일,1,0,0,0,1,0,0,0,0
"파워링크",천연재료냉면,모바일,1,0,0,0,1,0,0,0,0
"파워링크",충주코다리냉면,모바일,1,0,0,0,4,0,0,0,0
"파워링크",캠핑갈비,모바일,3,0,0,0,1.7,0,0,0,0
"파워링크",캠핑요리냉면,모바일,1,0,0,0,1,0,0,0,0
"파워링크",코다리1인맛집,모바일,1,0,0,0,1,0,0,0,0
"파워링크",코다리냉면,PC,"1,010",8,488,"3,905",2.6,0,0,0,0
"파워링크",코다리냉면,모바일,"8,948",33,415,"13,695",2.6,0,0,0,0
"파워링크",코다리냉면#,모바일,2,0,0,0,1,0,0,0,0
"파워링크",코다리냉면&육수,모바일,2,0,0,0,1,0,0,0,0
"파워링크",코다리냉면가맹절차,모바일,1,1,77,77,1,0,0,0,0
"파워링크",코다리냉면갈비탕전문,모바일,1,0,0,0,1,0,0,0,0
"파워링크",코다리냉면대부,모바일,1,0,0,0,3,0,0,0,0
"파워링크",코다리냉면만들기,모바일,1,0,0,0,2,0,0,0,0
"파워링크",코다리냉면맛,모바일,1,0,0,0,1,0,0,0,0
"파워링크",코다리냉면맛집,PC,20,0,0,0,1,0,0,0,0
"파워링크",코다리냉면맛집,모바일,461,0,0,0,1,0,0,0,0
"파워링크",코다리냉면메뉴,모바일,3,0,0,0,1,0,0,0,0
"파워링크",코다리냉면메뉴수내,모바일,1,0,0,0,1,0,0,0,0
"파워링크",코다리냉면물냉면,모바일,3,0,0,0,1.3,0,0,0,0
"파워링크",코다리냉면부산점,모바일,1,0,0,0,1,0,0,0,0
"파워링크",코다리냉면서현,모바일,1,0,0,0,1,0,0,0,0
"파워링크",코다리냉면소스,모바일,1,0,0,0,1,0,0,0,0
"파워링크",코다리냉면안산,모바일,1,0,0,0,1,0,0,0,0
"파워링크",코다리냉면육수맛,모바일,1,0,0,0,2,0,0,0,0
"파워링크",코다리냉면의코다리,모바일,1,0,0,0,3,0,0,0,0
"파워링크",코다리냉면재료,모바일,3,0,0,0,1,0,0,0,0
"파워링크",코다리냉면전수,모바일,1,0,0,0,1,0,0,0,0
"파워링크",코다리냉면조리법,모바일,2,0,0,0,1.5,0,0,0,0
"파워링크",코다리냉면종료,모바일,1,0,0,0,1,0,0,0,0
"파워링크",코다리냉면창업,모바일,3,0,0,0,1,0,0,0,0
"파워링크",코다리냉면체인,모바일,1,0,0,0,1,0,0,0,0
"파워링크",코다리냉면체인점,모바일,1,0,0,0,1,0,0,0,0
"파워링크",코다리냉면추가,모바일,1,0,0,0,2,0,0,0,0
"파워링크",코다리냉면추천,모바일,1,0,0,0,2,0,0,0,0
"파워링크",코다리냉면키트,모바일,1,0,0,0,1,0,0,0,0
"파워링크",코다리냉면평촌,모바일,1,0,0,0,1,0,0,0,0
"파워링크",코다리냉면하는법,모바일,1,0,0,0,1,0,0,0,0
"파워링크",코다리냉면해,모바일,1,0,0,0,2,0,0,0,0
"파워링크",코다리냉면회,모바일,1,0,0,0,1,0,0,0,0
"파워링크",코다리비빔냉면,PC,1,0,0,0,1,0,0,0,0
"파워링크",코다리비빔냉면,모바일,8,0,0,0,1,0,0,0,0
"파워링크",코다리음식점창업,PC,1,0,0,0,1,0,0,0,0
"파워링크",코다리재료,모바일,3,0,0,0,1,0,0,0,0
"파워링크",코다리창업비용,PC,1,0,0,0,5,0,0,0,0
"파워링크",코다리창업비용,모바일,1,0,0,0,2,0,0,0,0
"파워링크",코다리창업전수,모바일,1,0,0,0,2,0,0,0,0
"파워링크",코다리회냉면창업,모바일,1,0,0,0,1,0,0,0,0
"파워링크",특별한냉면재료,PC,1,0,0,0,1,0,0,0,0
"파워링크",평촌착한코다리,모바일,7,0,0,0,1,0,0,0,0
"파워링크",평택냉면갈비,PC,2,0,0,0,2.5,0,0,0,0
"파워링크",평택냉면갈비,모바일,5,0,0,0,2.8,0,0,0,0
"파워링크",프랜차이즈냉면맛집,모바일,1,0,0,0,2,0,0,0,0
"파워링크",프랜차이즈냉면육수,모바일,1,0,0,0,1,0,0,0,0
"파워링크",황포냉면창업,모바일,1,0,0,0,2,0,0,0,0
"파워링크",회냉면재료,모바일,1,0,0,0,1,0,0,0,0
"파워링크",회사랑갈비냉면공짜,모바일,1,0,0,0,2,0,0,0,0
"쇼핑검색",-,PC,"14,935",16,527,"8,437",2.3,1.18,4.76,1,"44,000"
"쇼핑검색",-,모바일,"13,450",35,524,"18,337",3.8,1.35,33.14,2,"44,000"
"쇼핑검색",39갈비밀키트,모바일,4,0,0,0,8.5,0,0,0,0
"쇼핑검색",GS버섯치즈,모바일,1,0,0,0,2,0,0,0,0
"쇼핑검색",LA갈비밀키트,모바일,3,0,0,0,3,0,0,0,0
"쇼핑검색",SP상회대구막창,모바일,3,0,0,0,1,0,0,0,0
"쇼핑검색",VIPS백립,모바일,1,0,0,0,2,0,0,0,0
"쇼핑검색",가나안덕밀키트,모바일,2,0,0,0,1,0,0,0,0
"쇼핑검색",간단캠핑요리메뉴,모바일,1,0,0,0,5,0,0,0,0
"쇼핑검색",간편요리밀키트,모바일,1,0,0,0,1,0,0,0,0
"쇼핑검색",갈비밀키트,PC,1,0,0,0,6,0,0,0,0
"쇼핑검색",갈비밀키트,모바일,3,0,0,0,14.7,0,0,0,0
"쇼핑검색",고기말이구이,모바일,1,0,0,0,1,0,0,0,0
"쇼핑검색",고기말이밀키트,PC,1,0,0,0,1,0,0,0,0
"쇼핑검색",고기말이밀키트,모바일,5,0,0,0,1,0,0,0,0
"쇼핑검색",고기밀키트,PC,1,0,0,0,1,0,0,0,0
"쇼핑검색",고기밀키트,모바일,4,0,0,0,3.8,0,0,0,0
"쇼핑검색",구월오리,모바일,1,0,0,0,1,0,0,0,0
"쇼핑검색",구이,PC,9,0,0,0,7.7,0,0,0,0
"쇼핑검색",구이,모바일,165,0,0,0,7.3,0,0,0,0
"쇼핑검색",구이들,PC,1,0,0,0,14,0,0,0,0
"쇼핑검색",구이들,모바일,1,0,0,0,9,0,0,0,0
"쇼핑검색",구이밀키트,PC,4,0,0,0,2.3,0,0,0,0
"쇼핑검색",구이야,모바일,1,0,0,0,1,0,0,0,0
"쇼핑검색",군산수송동군산곱창택배,모바일,1,0,0,0,1,0,0,0,0
"쇼핑검색",금복상회치품송,PC,2,0,0,0,1,0,0,0,0
"쇼핑검색",김추일,모바일,2,0,0,0,1,0,0,0,0
"쇼핑검색",김추일돈까스,모바일,1,0,0,0,1,0,0,0,0
"쇼핑검색",김추일수제돈까스떡갈비,모바일,1,0,0,0,1,0,0,0,0
"쇼핑검색",김추일수제떡갈비,PC,1,0,0,0,1,0,0,0,0
"쇼핑검색",김추일수제떡갈비,모바일,1,0,0,0,1,0,0,0,0
"쇼핑검색",꼬치구이밀키트,PC,1,0,0,0,1,0,0,0,0
"쇼핑검색",꼬치구이밀키트,모바일,1,0,0,0,2,0,0,0,0
"쇼핑검색",꼬치밀키트,PC,4,0,0,0,1,0,0,0,0
"쇼핑검색",꼬치밀키트,모바일,7,0,0,0,1.6,0,0,0,0
"쇼핑검색",꼬치요리,모바일,3,0,0,0,1,0,0,0,0
"쇼핑검색",내만바,모바일,1,0,0,0,1,0,0,0,0
"쇼핑검색",내만바치킨,PC,1,0,0,0,1,0,0,0,0
"쇼핑검색",내만바치킨,모바일,4,0,0,0,2,0,0,0,0
"쇼핑검색",냉동목살밀키트,PC,3,0,0,0,1,0,0,0,0
"쇼핑검색",다향밥앤덕쌈말이요리,모바일,1,0,0,0,1,0,0,0,0
"쇼핑검색",달지않은돼지갈비밀키트,모바일,1,0,0,0,2,0,0,0,0
"쇼핑검색",닭구이밀키트,모바일,1,0,0,0,10,0,0,0,0
"쇼핑검색",닭목살구이밀키트,PC,3,0,0,0,1.7,0,0,0,0
"쇼핑검색",닭목살구이키트,PC,2,0,0,0,1,0,0,0,0
"쇼핑검색",대치동돼지갈비밀키트,모바일,2,0,0,0,4,0,0,0,0
"쇼핑검색",대한민국농수산,PC,1,0,0,0,1,0,0,0,0
"쇼핑검색",더조은믿음식품,모바일,1,0,0,0,1,0,0,0,0
"쇼핑검색",더조은언양식돈불고기,모바일,2,0,0,0,2,0,0,0,0
"쇼핑검색",도도나,모바일,2,0,0,0,2.5,0,0,0,0
"쇼핑검색",동네주민쪽갈비,모바일,3,0,0,0,2.7,0,0,0,0
"쇼핑검색",돼지갈비맛집밀키트,모바일,3,1,836,836,3.7,1,0,0,0
"쇼핑검색",돼지갈비밀키트36000,모바일,1,0,0,0,3,0,0,0,0
"쇼핑검색",돼지갈비밀키트끝판왕,모바일,1,0,0,0,2,0,0,0,0
"쇼핑검색",돼지갈비밀키트맛집,모바일,2,0,0,0,2.5,0,0,0,0
"쇼핑검색",돼지갈비밀키트추천,모바일,1,0,0,0,4,0,0,0,0
"쇼핑검색",돼지갈비밀키트퀸즈,모바일,10,0,0,0,2.5,0,0,0,0
"쇼핑검색",돼지갈비밀키트퀸즈마켓,모바일,1,0,0,0,4,0,0,0,0
"쇼핑검색",돼지갈비밀키트퀸즈푸드마켓,모바일,60,0,0,0,4.3,0,0,0,0
"쇼핑검색",돼지갈비밀키트퀸즈푸드미켓,모바일,1,0,0,0,4,0,0,0,0
"쇼핑검색",돼지갈비밀키트퀸즈푸트,모바일,1,0,0,0,2,0,0,0,0
"쇼핑검색",돼지갈비찜밀키트,모바일,1,0,0,0,1,0,0,0,0
"쇼핑검색",돼지부속구이밀키트,모바일,1,0,0,0,2,0,0,0,0
"쇼핑검색",돼지알곱창밀키트,모바일,2,0,0,0,7,0,0,0,0
"쇼핑검색",든든한한상차림LA,모바일,1,0,0,0,1,0,0,0,0
"쇼핑검색",땡큐리,모바일,1,0,0,0,1,0,0,0,0
"쇼핑검색",마곱간,모바일,1,0,0,0,1,0,0,0,0
"쇼핑검색",만나자연탄구이오돌뼈,모바일,1,0,0,0,1,0,0,0,0
"쇼핑검색",맛집사위,모바일,1,0,0,0,1,0,0,0,0
"쇼핑검색",매운돼지갈비밀키트,PC,2,0,0,0,4,0,0,0,0
"쇼핑검색",매운돼지갈비밀키트,모바일,4,0,0,0,5.3,0,0,0,0
"쇼핑검색",맥반석구이밀키트,모바일,1,0,0,0,1,0,0,0,0
"쇼핑검색",멜라토닌멍석말이돼지갈비밀키트,모바일,1,0,0,0,4,0,0,0,0
"쇼핑검색",명물허전돼지갈비삼겹살숯불,모바일,1,0,0,0,1,0,0,0,0
"쇼핑검색",명호마농갈비,모바일,1,0,0,0,1,0,0,0,0
"쇼핑검색",목살갈비밀키트,PC,1,0,0,0,1,0,0,0,0
"쇼핑검색",목살갈비밀키트추천,모바일,1,0,0,0,4,0,0,0,0
"쇼핑검색",목살밀키트,모바일,5,0,0,0,1.4,0,0,0,0
"쇼핑검색",목살바베큐밀키트,PC,2,0,0,0,1,0,0,0,0
"쇼핑검색",목살보쌈밀키트,PC,1,0,0,0,1,0,0,0,0
"쇼핑검색",문어감자밀키트,모바일,1,0,0,0,1,0,0,0,0
"쇼핑검색",문어뽈뽀,모바일,2,0,0,0,4,0,0,0,0
"쇼핑검색",문어올리브오일구이,모바일,1,0,0,0,1,0,0,0,0
"쇼핑검색",미스터똥꼬닭발,모바일,1,0,0,0,2,0,0,0,0
"쇼핑검색",밀양터줏대감,모바일,3,0,0,0,1.3,0,0,0,0
"쇼핑검색",밀키트+구이,PC,21,0,0,0,4.5,0,0,0,0
"쇼핑검색",밀키트.돼지갈비,모바일,1,0,0,0,4,0,0,0,0
"쇼핑검색",밀키트갈비,모바일,1,0,0,0,11,0,0,0,0
"쇼핑검색",밀키트꼬치,모바일,2,0,0,0,2.5,0,0,0,0
"쇼핑검색",밀키트돼지,PC,1,0,0,0,11,0,0,0,0
"쇼핑검색",밀키트돼지갈비,PC,5,0,0,0,2.8,0,0,0,0
"쇼핑검색",밀키트돼지갈비,모바일,1,1,869,869,2,1,0,0,0
"쇼핑검색",밀키트위대갈비,모바일,1,0,0,0,3,0,0,0,0
"쇼핑검색",바베큐1인분,모바일,1,0,0,0,8,0,0,0,0
"쇼핑검색",바베큐꼬치밀키트,모바일,1,0,0,0,2,0,0,0,0
"쇼핑검색",바베큐목살밀키트,PC,1,0,0,0,1,0,0,0,0
"쇼핑검색",바베큐밀키트,PC,1,0,0,0,1,0,0,0,0
"쇼핑검색",바베큐밀키트,모바일,22,1,"1,045","1,045",2.1,1,0,0,0
"쇼핑검색",바베큐밀키트삼겹살,모바일,2,0,0,0,1,0,0,0,0
"쇼핑검색",바베큐밀키트세트,모바일,4,0,0,0,1.5,0,0,0,0
"쇼핑검색",바베큐세트2인,모바일,1,0,0,0,1,0,0,0,0
"쇼핑검색",바싹불고기밀키트,모바일,1,0,0,0,2,0,0,0,0
"쇼핑검색",백년가게택배,모바일,1,0,0,0,1,0,0,0,0
"쇼핑검색",백년밥상,모바일,4,0,0,0,1,0,0,0,0
"쇼핑검색",백년밥상고기말이,모바일,1,0,0,0,2,0,0,0,0
"쇼핑검색",백년밥상손말이고기,모바일,2,0,0,0,3.5,0,0,0,0
"쇼핑검색",복어갈비구이,모바일,1,0,0,0,1,0,0,0,0
"쇼핑검색",부산돼지갈비밀키트,모바일,1,0,0,0,2,0,0,0,0
"쇼핑검색",부산밀키트돼지갈비,PC,1,0,0,0,2,0,0,0,0
"쇼핑검색",부채살하와이안,모바일,1,0,0,0,6,0,0,0,0
"쇼핑검색",블랙라벨스테이크,PC,1,0,0,0,5,0,0,0,0
"쇼핑검색",비상한오리소년,모바일,1,0,0,0,1,0,0,0,0
"쇼핑검색",비프웰링턴,모바일,1,0,0,0,1,0,0,0,0
"쇼핑검색",비프웰링턴밀키트,PC,1,0,0,0,3,0,0,0,0
"쇼핑검색",비프웰링턴밀키트,모바일,3,0,0,0,5.7,0,0,0,0
"쇼핑검색",비프웰링턴파는곳,모바일,1,0,0,0,8,0,0,0,0
"쇼핑검색",빕스등갈비,모바일,1,0,0,0,1,0,0,0,0
"쇼핑검색",빕스밀키트,PC,1,0,0,0,1,0,0,0,0
"쇼핑검색",빕스밀키트,모바일,3,0,0,0,1,0,0,0,0
"쇼핑검색",빕스오리지널폭립밀키트,모바일,1,0,0,0,1,0,0,0,0
"쇼핑검색",빕스폭립밀키트,모바일,6,0,0,0,1.3,0,0,0,0
"쇼핑검색",뽈뽀,PC,2,0,0,0,1,0,0,0,0
"쇼핑검색",뽈뽀,모바일,3,0,0,0,1.3,0,0,0,0
"쇼핑검색",뽈뽀밀키트,PC,1,0,0,0,1,0,0,0,0
"쇼핑검색",뽈뽀밀키트,모바일,1,0,0,0,5,0,0,0,0
"쇼핑검색",사천식찹스테이크,모바일,1,0,0,0,7,0,0,0,0
"쇼핑검색",삼겹살밀키트,모바일,1,0,0,0,3,0,0,0,0
"쇼핑검색",삼겹살밀키트추천,모바일,1,0,0,0,1,0,0,0,0
"쇼핑검색",삼겹살캠핑밀키트세트,모바일,1,0,0,0,3,0,0,0,0
"쇼핑검색",상구네돼지구이밀키트,PC,1,0,0,0,2,0,0,0,0
"쇼핑검색",상온보관밀키트,PC,1,0,0,0,13,0,0,0,0
"쇼핑검색",새불고기식당,모바일,1,0,0,0,1,0,0,0,0
"쇼핑검색",새불고기식당밀키트,모바일,2,0,0,0,1.5,0,0,0,0
"쇼핑검색",새송이구이양념,모바일,1,0,0,0,1,0,0,0,0
"쇼핑검색",새송이버섯치즈,모바일,7,0,0,0,1.3,0,0,0,0
"쇼핑검색",새송이치즈,PC,3,0,0,0,1,0,0,0,0
"쇼핑검색",새송이치즈,모바일,9,0,0,0,1.2,0,0,0,0
"쇼핑검색",새우꼬치구이,모바일,1,0,0,0,1,0,0,0,0
"쇼핑검색",새우꼬치밀키트,모바일,2,0,0,0,1,0,0,0,0
"쇼핑검색",생일파티밀키트,모바일,1,0,0,0,1,0,0,0,0
"쇼핑검색",서서갈비밀키트,PC,1,0,0,0,1,0,0,0,0
"쇼핑검색",서서갈비밀키트,모바일,8,0,0,0,2.1,0,0,0,0
"쇼핑검색",석암생소금구이천안맛집,모바일,1,0,0,0,1,0,0,0,0
"쇼핑검색",성북동돼지갈비밀키트,모바일,1,0,0,0,2,0,0,0,0
"쇼핑검색",성주새불고기식당밀키트,모바일,1,0,0,0,1,0,0,0,0
"쇼핑검색",성주새불고기열무,모바일,1,0,0,0,2,0,0,0,0
"쇼핑검색",소갈비구이밀키트,PC,2,0,0,0,1,0,0,0,0
"쇼핑검색",소갈비구이밀키트,모바일,1,0,0,0,1,0,0,0,0
"쇼핑검색",소비기한임박,모바일,1,0,0,0,3,0,0,0,0
"쇼핑검색",손님상소고기야채구이,모바일,1,0,0,0,7,0,0,0,0
"쇼핑검색",손말이고기,PC,7,0,0,0,1,0,0,0,0
"쇼핑검색",손말이고기,모바일,52,0,0,0,2.3,0,0,0,0
"쇼핑검색",손말이고기밀키트,PC,2,0,0,0,1,0,0,0,0
"쇼핑검색",손말이고기밀키트,모바일,6,0,0,0,1,0,0,0,0
"쇼핑검색",송강상회,모바일,4,0,0,0,5,0,0,0,0
"쇼핑검색",송이버섯치즈구이,모바일,1,0,0,0,3,0,0,0,0
"쇼핑검색",송추돼지갈비밀키트,모바일,1,0,0,0,4,0,0,0,0
"쇼핑검색",수원갈비밀키트,모바일,1,0,0,0,1,0,0,0,0
"쇼핑검색",수원광교역돼지갈비밀키트,PC,1,0,0,0,1,0,0,0,0
"쇼핑검색",수원교개밀키트,모바일,1,0,0,0,1,0,0,0,0
"쇼핑검색",수원냉동보관,PC,1,0,0,0,1,0,0,0,0
"쇼핑검색",수원대가밀키트,모바일,4,0,0,0,1.3,0,0,0,0
"쇼핑검색",수원돼지갈비밀키트,모바일,4,0,0,0,2.3,0,0,0,0
"쇼핑검색",수원밀키트포장,PC,1,0,0,0,2,0,0,0,0
"쇼핑검색",수원밀키트포장,모바일,1,0,0,0,1,0,0,0,0
"쇼핑검색",수원야구장밀키트,PC,1,0,0,0,1,0,0,0,0
"쇼핑검색",수원양념갈비밀키트,PC,1,0,0,0,1,0,0,0,0
"쇼핑검색",수원왕갈비밀키트,PC,1,0,0,0,3,0,0,0,0
"쇼핑검색",수원왕갈비밀키트,모바일,4,0,0,0,3.5,0,0,0,0
"쇼핑검색",수원장독숙성돼지갈비밀키트,모바일,1,0,0,0,1,0,0,0,0
"쇼핑검색",수원포장밀키트,모바일,1,0,0,0,1,0,0,0,0
"쇼핑검색",수제돼지갈비밀키트,모바일,1,0,0,0,2,0,0,0,0
"쇼핑검색",술안주메뉴,PC,1,0,0,0,1,0,0,0,0
"쇼핑검색",술안주밀키트,PC,1,0,0,0,1,0,0,0,0
"쇼핑검색",술안주밀키트,모바일,1,0,0,0,1,0,0,0,0
"쇼핑검색",술안주밀키트추천,모바일,1,0,0,0,1,0,0,0,0
"쇼핑검색",숯불갈비밀키트,PC,3,0,0,0,4,0,0,0,0
"쇼핑검색",숯불바베큐밀키트,모바일,1,0,0,0,7,0,0,0,0
"쇼핑검색",숯불치킨밀키트,모바일,2,0,0,0,1.5,0,0,0,0
"쇼핑검색",스테이크밀키트,모바일,15,0,0,0,2.7,0,0,0,0
"쇼핑검색",스테이크밀키트추천,모바일,1,0,0,0,6,0,0,0,0
"쇼핑검색",심쿡매운돼지갈비밀키트,PC,1,0,0,0,1,0,0,0,0
"쇼핑검색",애슐리등심,모바일,1,0,0,0,1,0,0,0,0
"쇼핑검색",애슐리등심스테이크,모바일,1,0,0,0,9,0,0,0,0
"쇼핑검색",애슐리밀키트,모바일,2,0,0,0,1,0,0,0,0
"쇼핑검색",애슐리블랙킹,모바일,1,0,0,0,10,0,0,0,0
"쇼핑검색",애슐리살치살스테이크,모바일,1,0,0,0,1,0,0,0,0
"쇼핑검색",애슐리스테이크,모바일,3,0,0,0,7,0,0,0,0
"쇼핑검색",애슐리시그니처스테이크,모바일,2,0,0,0,8,0,0,0,0
"쇼핑검색",애슐리함박,모바일,1,0,0,0,9,0,0,0,0
"쇼핑검색",야마야대창볶음,모바일,1,0,0,0,1,0,0,0,0
"쇼핑검색",야마야소대창미소볶음,모바일,1,0,0,0,1,0,0,0,0
"쇼핑검색",야키토리밀키트,모바일,4,0,0,0,1,0,0,0,0
"쇼핑검색",양꼬치밀키트,PC,1,0,0,0,2,0,0,0,0
"쇼핑검색",양꼬치밀키트,모바일,6,0,0,0,1.3,0,0,0,0
"쇼핑검색",양념갈비살밀키트,모바일,3,0,0,0,1.3,0,0,0,0
"쇼핑검색",양념고기밀키트,PC,1,0,0,0,10,0,0,0,0
"쇼핑검색",양념대창밀키트,PC,1,0,0,0,6,0,0,0,0
"쇼핑검색",양념대창밀키트,모바일,1,0,0,0,4,0,0,0,0
"쇼핑검색",양념돼지갈비숯불갈비밀키트800G,PC,1,0,0,0,3,0,0,0,0
"쇼핑검색",양념목심밀키트,모바일,2,0,0,0,6,0,0,0,0
"쇼핑검색",양평캠핑바베큐세트,PC,1,0,0,0,3,0,0,0,0
"쇼핑검색",양푼갈비밀키트,PC,1,0,0,0,1,0,0,0,0
"쇼핑검색",어린이닭꼬치,모바일,1,0,0,0,1,0,0,0,0
"쇼핑검색",에이스푸드홀랑닭발,모바일,2,0,0,0,1,0,0,0,0
"쇼핑검색",오래푸드수제양념돼지갈비맛쑥잎왕구이,모바일,1,0,0,0,1,0,0,0,0
"쇼핑검색",오래푸드쑥잎,모바일,1,0,0,0,1,0,0,0,0
"쇼핑검색",오리+주물럭+밀키트밀양터줏대감,모바일,1,0,0,0,1,0,0,0,0
"쇼핑검색",오리간장불고기밀키트,모바일,1,0,0,0,7,0,0,0,0
"쇼핑검색",오리고기밀키트,PC,1,0,0,0,1,0,0,0,0
"쇼핑검색",오리고기밀키트,모바일,2,0,0,0,1,0,0,0,0
"쇼핑검색",오리밀키트,모바일,1,0,0,0,1,0,0,0,0
"쇼핑검색",오리불고기밀키트,PC,1,0,0,0,1,0,0,0,0
"쇼핑검색",오리불고기밀키트,모바일,3,0,0,0,5,0,0,0,0
"쇼핑검색",오리양념밀키트,PC,1,0,0,0,1,0,0,0,0
"쇼핑검색",오리주물럭밀키트,모바일,1,0,0,0,1,0,0,0,0
"쇼핑검색",오리주물럭밀키트추천,모바일,1,0,0,0,2,0,0,0,0
"쇼핑검색",와이탑비프웰링턴,모바일,2,0,0,0,2,0,0,0,0
"쇼핑검색",우대갈비밀키트,PC,1,0,0,0,1,0,0,0,0
"쇼핑검색",우대갈비밀키트,모바일,4,0,0,0,1,0,0,0,0
"쇼핑검색",우리이야기불고기,모바일,1,0,0,0,3,0,0,0,0
"쇼핑검색",워커힐밀키트,모바일,1,0,0,0,1,0,0,0,0
"쇼핑검색",윤실네진부령황태,모바일,1,0,0,0,2,0,0,0,0
"쇼핑검색",윤실네황태,모바일,1,0,0,0,2,0,0,0,0
"쇼핑검색",이가네양꼬치밀키트,모바일,1,0,0,0,1,0,0,0,0
"쇼핑검색",일산오리주물럭밀키트,모바일,1,0,0,0,1,0,0,0,0
"쇼핑검색",자매갈비밀키트,모바일,1,0,0,0,8,0,0,0,0
"쇼핑검색",장각구이/밀키트,모바일,1,0,0,0,6,0,0,0,0
"쇼핑검색",장군뒷고기,모바일,1,0,0,0,1,0,0,0,0
"쇼핑검색",정통,모바일,2,0,0,0,5,0,0,0,0
"쇼핑검색",정통들이랑,PC,1,0,0,0,4,0,0,0,0
"쇼핑검색",정통알배추구이,모바일,1,0,0,0,1,0,0,0,0
"쇼핑검색",주민쪽갈비,모바일,4,0,0,0,1.8,0,0,0,0
"쇼핑검색",주왕산,PC,1,0,0,0,1,0,0,0,0
"쇼핑검색",주왕산,모바일,1,0,0,0,1,0,0,0,0
"쇼핑검색",주왕산가든,PC,1,0,0,0,1,0,0,0,0
"쇼핑검색",주왕산가든,모바일,16,0,0,0,1.1,0,0,0,0
"쇼핑검색",주왕산가든돼지갈비,PC,1,0,0,0,1,0,0,0,0
"쇼핑검색",주왕산가든돼지갈비,모바일,5,0,0,0,1,0,0,0,0
"쇼핑검색",주왕산가든밀키트,PC,1,0,0,0,1,0,0,0,0
"쇼핑검색",주왕산가든밀키트,모바일,1,0,0,0,6,0,0,0,0
"쇼핑검색",주왕산가든불고기,모바일,1,0,0,0,1,0,0,0,0
"쇼핑검색",주왕산갈비,모바일,1,0,0,0,1,0,0,0,0
"쇼핑검색",주왕산불고기,모바일,1,0,0,0,4,0,0,0,0
"쇼핑검색",집들이밀키트불고기,모바일,1,0,0,0,2,0,0,0,0
"쇼핑검색",집들이찜닭스테이크,모바일,1,0,0,0,1,0,0,0,0
"쇼핑검색",쩝쩝박사치즈버섯,PC,1,0,0,0,1,0,0,0,0
"쇼핑검색",쪽갈비,모바일,2,0,0,0,1,0,0,0,0
"쇼핑검색",쪽갈비밀키트,PC,3,0,0,0,1,0,0,0,0
"쇼핑검색",쪽갈비밀키트,모바일,6,0,0,0,1,0,0,0,0
"쇼핑검색",쯔란갈비밀키트,모바일,2,0,0,0,6.5,0,0,0,0
"쇼핑검색",참미나리밀키트,모바일,1,0,0,0,2,0,0,0,0
"쇼핑검색",찹스테이크,PC,2,0,0,0,1,0,0,0,0
"쇼핑검색",찹스테이크,모바일,3,0,0,0,1.7,0,0,0,0
"쇼핑검색",찹스테이크2인분,모바일,1,0,0,0,8,0,0,0,0
"쇼핑검색",찹스테이크밀키트,모바일,6,0,0,0,4.8,0,0,0,0
"쇼핑검색",찹스테이크와어울리는음식,모바일,1,0,0,0,4,0,0,0,0
"쇼핑검색",천지연돼지갈비구이밀키트,모바일,1,0,0,0,2,0,0,0,0
"쇼핑검색",청주도도나밀키트,모바일,1,0,0,0,3,0,0,0,0
"쇼핑검색",청주돼지갈비밀키트,모바일,1,0,0,0,3,0,0,0,0
"쇼핑검색",초가집돼지갈비밀키트,모바일,1,0,0,0,3,0,0,0,0
"쇼핑검색",초벌등갈비,모바일,1,0,0,0,1,0,0,0,0
"쇼핑검색",초벌쪽갈비,모바일,1,0,0,0,1,0,0,0,0
"쇼핑검색",초필살돼지구이밀키트,PC,12,0,0,0,2,0,0,0,0
"쇼핑검색",초필살돼지구이밀키트,모바일,18,0,0,0,2,0,0,0,0
"쇼핑검색",최현석갈비찜,모바일,1,0,0,0,1,0,0,0,0
"쇼핑검색",최현석스테이크,모바일,1,0,0,0,1,0,0,0,0
"쇼핑검색",치즈를품은버섯,모바일,1,0,0,0,1,0,0,0,0
"쇼핑검색",치즈를품은새송이,PC,1,0,0,0,1,0,0,0,0
"쇼핑검색",치즈를품은새송이,모바일,8,0,0,0,1.3,0,0,0,0
"쇼핑검색",치즈버섯,모바일,9,0,0,0,1.1,0,0,0,0
"쇼핑검색",치즈새송이,PC,1,0,0,0,1,0,0,0,0
"쇼핑검색",치즈새송이,모바일,9,0,0,0,1.4,0,0,0,0
"쇼핑검색",치즈쏙새송이,모바일,1,0,0,0,1,0,0,0,0
"쇼핑검색",치즈품은,모바일,1,0,0,0,1,0,0,0,0
"쇼핑검색",치즈품은버섯,모바일,3,0,0,0,1,0,0,0,0
"쇼핑검색",치즈품은새송이,모바일,27,0,0,0,1.6,0,0,0,0
"쇼핑검색",치즈품은새송이버섯,모바일,3,0,0,0,1,0,0,0,0
"쇼핑검색",치즈품은송이,PC,5,0,0,0,1,0,0,0,0
"쇼핑검색",치즈품은송이,모바일,43,0,0,0,1.4,0,0,0,0
"쇼핑검색",치즈품은송이버섯,모바일,2,0,0,0,2,0,0,0,0
"쇼핑검색",치품송,PC,36,0,0,0,1,0,0,0,0
"쇼핑검색",치품송,모바일,209,0,0,0,1.2,0,0,0,0
"쇼핑검색",치품송가격,모바일,1,0,0,0,1,0,0,0,0
"쇼핑검색",치품송파는곳,모바일,1,0,0,0,1,0,0,0,0
"쇼핑검색",캠크닉밀키트,모바일,1,0,0,0,30,0,0,0,0
"쇼핑검색",캠핑고기말이,PC,1,0,0,0,1,0,0,0,0
"쇼핑검색",캠핑고기말이,모바일,2,0,0,0,1,0,0,0,0
"쇼핑검색",캠핑고기밀키트,PC,1,0,0,0,1,0,0,0,0
"쇼핑검색",캠핑고기밀키트,모바일,1,0,0,0,8,0,0,0,0
"쇼핑검색",캠핑고기키트,모바일,1,0,0,0,1,0,0,0,0
"쇼핑검색",캠핑구이밀키트,모바일,3,0,0,0,1,0,0,0,0
"쇼핑검색",캠핑구이세트,모바일,2,0,0,0,1,0,0,0,0
"쇼핑검색",캠핑구이용밀키트,PC,1,0,0,0,1,0,0,0,0
"쇼핑검색",캠핑꼬치,모바일,1,0,0,0,1,0,0,0,0
"쇼핑검색",캠핑꼬치구이밀키트,모바일,1,0,0,0,1,0,0,0,0
"쇼핑검색",캠핑꼬치밀키트,PC,1,0,0,0,1,0,0,0,0
"쇼핑검색",캠핑꼬치밀키트,모바일,7,0,0,0,1.4,0,0,0,0
"쇼핑검색",캠핑밀키트사이트,PC,1,0,0,0,1,0,0,0,0
"쇼핑검색",캠핑밀키트음식,모바일,2,0,0,0,2,0,0,0,0
"쇼핑검색",캠핑바베큐밀키트,모바일,3,0,0,0,2.3,0,0,0,0
"쇼핑검색",캠핑뽈뽀,모바일,1,0,0,0,3,0,0,0,0
"쇼핑검색",캠핑손말이고기,모바일,2,0,0,0,8.5,0,0,0,0
"쇼핑검색",캠핑야끼토리밀키트,모바일,1,0,0,0,1,0,0,0,0
"쇼핑검색",캠핑야식밀키트,모바일,1,0,0,0,1,0,0,0,0
"쇼핑검색",캠핑어린이음식밀키트,모바일,1,0,0,0,2,0,0,0,0
"쇼핑검색",캠핑요리,PC,17,0,0,0,1,0,0,0,0
"쇼핑검색",캠핑요리,모바일,105,0,0,0,1.1,0,0,0,0
"쇼핑검색",캠핑요리추천,PC,3,0,0,0,1,0,0,0,0
"쇼핑검색",캠핑요리추천,모바일,9,0,0,0,1.3,0,0,0,0
"쇼핑검색",캠핑용밀키트꼬치,모바일,1,0,0,0,1,0,0,0,0
"쇼핑검색",캠핑용키트,PC,1,0,0,0,1,0,0,0,0
"쇼핑검색",캠핑음식꾸러미,모바일,1,0,0,0,1,0,0,0,0
"쇼핑검색",캠핑음식밀키트,PC,1,0,0,0,1,0,0,0,0
"쇼핑검색",캠핑음식밀키트,모바일,2,0,0,0,1,0,0,0,0
"쇼핑검색",캠핑음식밀키트추천,모바일,1,0,0,0,2,0,0,0,0
"쇼핑검색",캠핑이색요리,모바일,1,0,0,0,1,0,0,0,0
"쇼핑검색",캠핑일정음식,모바일,1,0,0,0,1,0,0,0,0
"쇼핑검색",캠핑장밀키트,모바일,1,0,0,0,1,0,0,0,0
"쇼핑검색",캠핑장밀키트쇼핑몰,모바일,1,0,0,0,8,0,0,0,0
"쇼핑검색",캠핑장밀키트추천,모바일,1,0,0,0,7,0,0,0,0
"쇼핑검색",컬리뽈뽀스테이크,모바일,1,0,0,0,1,0,0,0,0
"쇼핑검색",코스트코쭈꾸미밀키트,모바일,1,0,0,0,5,0,0,0,0
"쇼핑검색",퀘사이다,모바일,1,0,0,0,11,0,0,0,0
"쇼핑검색",퀸즈푸드돼지갈비밀키트,모바일,4,0,0,0,4.8,0,0,0,0
"쇼핑검색",퀸즈푸드마켓돼지갈비밀키트,PC,1,0,0,0,5,0,0,0,0
"쇼핑검색",퀸즈푸드마켓돼지갈비밀키트,모바일,3,0,0,0,5,0,0,0,0
"쇼핑검색",터줏대감오리고기,모바일,1,0,0,0,1,0,0,0,0
"쇼핑검색",텍사스식바베큐밀키트,모바일,1,0,0,0,6,0,0,0,0
"쇼핑검색",토마토안주술집,모바일,1,0,0,0,8,0,0,0,0
"쇼핑검색",특산품밀키트,모바일,1,0,0,0,1,0,0,0,0
"쇼핑검색",티본밀키트,모바일,1,0,0,0,8,0,0,0,0
"쇼핑검색",펜션밀키트,PC,3,0,0,0,1,0,0,0,0
"쇼핑검색",펜션밀키트,모바일,6,0,0,0,1.5,0,0,0,0
"쇼핑검색",펜션밀키트추천,모바일,5,0,0,0,1,0,0,0,0
"쇼핑검색",펜션바베큐고기,모바일,1,0,0,0,2,0,0,0,0
"쇼핑검색",편스토랑출시상품,모바일,1,0,0,0,1,0,0,0,0
"쇼핑검색",포천바베큐밀키트,모바일,1,0,0,0,7,0,0,0,0
"쇼핑검색",포항돼지갈비밀키트,모바일,1,0,0,0,2,0,0,0,0
"쇼핑검색",풍무양꼬치밀키트,모바일,1,0,0,0,7,0,0,0,0
"쇼핑검색",프레시지,모바일,4,0,0,0,1.5,0,0,0,0
"쇼핑검색",프레시지밸런스밀생선도시락,모바일,1,0,0,0,1,0,0,0,0
"쇼핑검색",프레시지부채살하와이안,모바일,1,0,0,0,6,0,0,0,0
"쇼핑검색",프레시지스테이크,모바일,1,0,0,0,1,0,0,0,0
"쇼핑검색",플란차문어오븐구이,PC,1,0,0,0,1,0,0,0,0
"쇼핑검색",한우1뿔정육식당판매가,모바일,1,0,0,0,3,0,0,0,0
"쇼핑검색",한울푸드닭갈비,PC,1,0,0,0,1,0,0,0,0
"쇼핑검색",한입프레시지LA갈비,모바일,1,0,0,0,1,0,0,0,0
"쇼핑검색",해물꼬치,모바일,5,0,0,0,1.2,0,0,0,0
"쇼핑검색",해수욕장밀키트,모바일,1,0,0,0,1,0,0,0,0
"쇼핑검색",햄버거밀키트,모바일,1,0,0,0,1,0,0,0,0
"쇼핑검색",홀랑닭발,모바일,2,0,0,0,1,0,0,0,0
"쇼핑검색",홍진경성북동돼지갈비,모바일,1,0,0,0,1,0,0,0,0
"쇼핑검색",황칠돼지갈비밀키트,PC,2,0,0,0,4,0,0,0,0
