﻿"쇼핑검색보고서(2025.06.01.~2025.06.30.),fromko02:naver"
"캠페인유형",검색어,PC/모바일 매체,노출수,클릭수,"평균클릭비용(VAT포함,원)","총비용(VAT포함,원)",평균노출순위,방문당 평균페이지뷰,방문당 평균체류시간(초),전환수,전환매출액(원)
"파워링크",40FTHQ컨테이너,PC,1,0,0,0,2,0,0,0,0
"파워링크",40FTHQ컨테이너무게,PC,1,0,0,0,1,0,0,0,0
"파워링크",40FTHQ컨테이너보관,PC,1,0,0,0,1,0,0,0,0
"파워링크",40FT수출컨테이너,PC,1,0,0,0,3,0,0,0,0
"파워링크",40FT컨테이너HQ,PC,1,0,0,0,2,0,0,0,0
"파워링크",40FT컨테이너규격,PC,1,0,0,0,2,0,0,0,0
"파워링크",40FT컨테이너적재규격,PC,1,0,0,0,2,0,0,0,0
"파워링크",40FT컨테이너적재무게,PC,1,0,0,0,2,0,0,0,0
"파워링크",40FT컨테이너적재중량,PC,4,0,0,0,2.3,0,0,0,0
"파워링크",40FT컨테이너지게차,모바일,1,0,0,0,2,0,0,0,0
"파워링크",40FT컨테이너크기,PC,2,0,0,0,2.5,0,0,0,0
"파워링크",40FT컨테이너크기,모바일,2,0,0,0,1,0,0,0,0
"파워링크",40FT컨테이너파렛트,PC,1,0,0,0,1,0,0,0,0
"파워링크",DHLUP,모바일,1,0,0,0,3,0,0,0,0
"파워링크",DHL필리핀,모바일,1,0,0,0,1,0,0,0,0
"파워링크",DHL필리핀에서한국으로,모바일,1,0,0,0,1,0,0,0,0
"파워링크",FCL컨테이너LCL컨테이너,모바일,1,0,0,0,2,0,0,0,0
"파워링크",HQ컨테이너규격,모바일,1,0,0,0,2,0,0,0,0
"파워링크",LCL컨테이너,PC,3,0,0,0,2.7,0,0,0,0
"파워링크",SHOPEE구매,모바일,5,0,0,0,2.8,0,0,0,0
"파워링크",SHOPEE구매대행,PC,12,2,220,440,1.6,0,0,0,0
"파워링크",SHOPEE구매대행,모바일,46,3,242,726,2.7,0,0,0,0
"파워링크",SHOPEE직구,PC,32,2,259,517,1,0,0,0,0
"파워링크",SHOPEE직구,모바일,124,2,308,616,1,0,0,0,0
"파워링크",SHOPEE필리핀구매대행,PC,1,0,0,0,1,0,0,0,0
"파워링크",SKID,PC,42,0,0,0,8.5,0,0,0,0
"파워링크",SKID,모바일,31,0,0,0,4.6,0,0,0,0
"파워링크",SKIDBOX,모바일,1,0,0,0,1,0,0,0,0
"파워링크",SKID작업,PC,1,0,0,0,1,0,0,0,0
"파워링크",SKID작업포장,PC,1,0,0,0,1,0,0,0,0
"파워링크",SKID포장,PC,9,0,0,0,4.2,0,0,0,0
"파워링크",UPS통관대행,PC,1,0,0,0,2,0,0,0,0
"파워링크",UPS통관대행,모바일,2,0,0,0,2,0,0,0,0
"파워링크",WOODPACKING,PC,5,0,0,0,4.4,0,0,0,0
"파워링크",구매대행국제플랫폼,PC,1,0,0,0,2,0,0,0,0
"파워링크",구매대행배송,PC,2,0,0,0,9.5,0,0,0,0
"파워링크",구매대행배송,모바일,2,0,0,0,2.5,0,0,0,0
"파워링크",구매대행배송지,모바일,1,0,0,0,3,0,0,0,0
"파워링크",구매대행수입대행배송대행,모바일,1,0,0,0,2,0,0,0,0
"파워링크",구매대행에서입항일이란,PC,1,0,0,0,1,0,0,0,0
"파워링크",구매대행이민,모바일,1,0,0,0,1,0,0,0,0
"파워링크",구매대행한국,모바일,1,1,275,275,2,0,0,0,0
"파워링크",구매대행항공특송배송비,모바일,1,0,0,0,3,0,0,0,0
"파워링크",구매대행해외,PC,2,0,0,0,5.5,0,0,0,0
"파워링크",구매대행해외배송,PC,1,0,0,0,2,0,0,0,0
"파워링크",구매대행환율,PC,1,0,0,0,3,0,0,0,0
"파워링크",국제배송FROM,모바일,1,0,0,0,1,0,0,0,0
"파워링크",국제소포배송,PC,2,0,0,0,8.5,0,0,0,0
"파워링크",국제소포수출,PC,1,0,0,0,2,0,0,0,0
"파워링크",국제소포접수,PC,1,0,0,0,2,0,0,0,0
"파워링크",국제소포접수,모바일,1,0,0,0,2,0,0,0,0
"파워링크",국제소포포장,모바일,1,0,0,0,4,0,0,0,0
"파워링크",국제우편FEDEX,PC,2,0,0,0,1,0,0,0,0
"파워링크",국제우편대행,모바일,1,0,0,0,1,0,0,0,0
"파워링크",국제우편소포,PC,1,0,0,0,2,0,0,0,0
"파워링크",국제우편소포,모바일,1,0,0,0,2,0,0,0,0
"파워링크",국제우편해외수출,모바일,1,0,0,0,3,0,0,0,0
"파워링크",국제운송,PC,3,0,0,0,52,0,0,0,0
"파워링크",국제택배필리핀,PC,1,0,0,0,2,0,0,0,0
"파워링크",국제택배필리핀,모바일,2,1,352,352,1.5,0,0,0,0
"파워링크",국제화물,모바일,1,0,0,0,23,0,0,0,0
"파워링크",그림포장,모바일,1,0,0,0,15,0,0,0,0
"파워링크",글로벌상품구매,모바일,1,0,0,0,2,0,0,0,0
"파워링크",나무빠레트,PC,3,0,0,0,9.7,0,0,0,0
"파워링크",나무상자제작,PC,8,0,0,0,9.9,0,0,0,0
"파워링크",나무상자제작,모바일,6,0,0,0,5.5,0,0,0,0
"파워링크",나무상자주문제작,PC,16,0,0,0,7.6,0,0,0,0
"파워링크",나무상자주문제작,모바일,1,0,0,0,5,0,0,0,0
"파워링크",나무파레트,PC,24,0,0,0,8.5,0,0,0,0
"파워링크",나무파레트,모바일,3,0,0,0,5.7,0,0,0,0
"파워링크",나무파레트무게,PC,1,0,0,0,2,0,0,0,0
"파워링크",나무파레트무게,모바일,3,0,0,0,1,0,0,0,0
"파워링크",나무파렛트무게,PC,7,0,0,0,3.1,0,0,0,0
"파워링크",나무파렛트무게,모바일,7,0,0,0,2,0,0,0,0
"파워링크",나무팔레트,모바일,1,0,0,0,4,0,0,0,0
"파워링크",나무포장,PC,1,0,0,0,4,0,0,0,0
"파워링크",나무포장,모바일,12,0,0,0,9,0,0,0,0
"파워링크",나무포장박스,PC,2,0,0,0,9.5,0,0,0,0
"파워링크",나무포장박스,모바일,1,0,0,0,4,0,0,0,0
"파워링크",단면파레트,PC,2,0,0,0,9,0,0,0,0
"파워링크",단면파레트,모바일,1,0,0,0,4,0,0,0,0
"파워링크",단면파렛트,PC,4,0,0,0,3.8,0,0,0,0
"파워링크",단면파렛트,모바일,2,0,0,0,2,0,0,0,0
"파워링크",대량포장,모바일,3,0,0,0,1.3,0,0,0,0
"파워링크",대한민국대행,PC,1,0,0,0,1,0,0,0,0
"파워링크",대한민국배송대행자,PC,1,0,0,0,1,0,0,0,0
"파워링크",대한민국배송지대행,모바일,1,0,0,0,2,0,0,0,0
"파워링크",대형파레트,PC,2,0,0,0,5.5,0,0,0,0
"파워링크",대형파레트,모바일,15,0,0,0,2.1,0,0,0,0
"파워링크",대형파렛트,PC,3,0,0,0,3.7,0,0,0,0
"파워링크",대형파렛트,모바일,9,0,0,0,2.1,0,0,0,0
"파워링크",대형포장,모바일,4,0,0,0,3,0,0,0,0
"파워링크",동남아쇼핑몰,PC,21,0,0,0,6,0,0,0,0
"파워링크",동남아쇼핑몰,모바일,2,0,0,0,4,0,0,0,0
"파워링크",라자다구매대행,PC,21,0,0,0,2.3,0,0,0,0
"파워링크",라자다구매대행,모바일,104,4,110,440,1.9,0,0,0,0
"파워링크",마트구매배송대행,모바일,1,0,0,0,2,0,0,0,0
"파워링크",목상자,PC,1,0,0,0,18,0,0,0,0
"파워링크",목상자제작,PC,4,0,0,0,6.3,0,0,0,0
"파워링크",목상자포장,PC,1,0,0,0,7,0,0,0,0
"파워링크",목재밀폐형포장,PC,1,0,0,0,1,0,0,0,0
"파워링크",목재상자,PC,3,0,0,0,5.3,0,0,0,0
"파워링크",목재상자,모바일,1,0,0,0,4,0,0,0,0
"파워링크",목재수출포장,PC,1,0,0,0,9,0,0,0,0
"파워링크",목재수출포장,모바일,3,0,0,0,9,0,0,0,0
"파워링크",목재열처리,PC,3,0,0,0,7.7,0,0,0,0
"파워링크",목재열처리,모바일,2,0,0,0,2.5,0,0,0,0
"파워링크",목재컨테이너,PC,5,0,0,0,2,0,0,0,0
"파워링크",목재파레트,PC,2,0,0,0,5.5,0,0,0,0
"파워링크",목재파레트,모바일,2,0,0,0,11.5,0,0,0,0
"파워링크",목재파렛트,PC,2,0,0,0,8.5,0,0,0,0
"파워링크",목재파렛트,모바일,4,0,0,0,9.8,0,0,0,0
"파워링크",목재파렛트제작,PC,3,0,0,0,10.3,0,0,0,0
"파워링크",목재파렛트제작,모바일,4,0,0,0,3,0,0,0,0
"파워링크",목재팔레트,모바일,3,0,0,0,3,0,0,0,0
"파워링크",목포장,PC,1,0,0,0,2,0,0,0,0
"파워링크",목포장,모바일,14,0,0,0,2,0,0,0,0
"파워링크",물류SKID,PC,1,0,0,0,2,0,0,0,0
"파워링크",물류보관컨테이너구입,모바일,1,0,0,0,3,0,0,0,0
"파워링크",물류비용3팔레트,모바일,1,0,0,0,3,0,0,0,0
"파워링크",물류업체포장배송처리,PC,1,0,0,0,2,0,0,0,0
"파워링크",물류용어컨테이너작업,모바일,1,0,0,0,1,0,0,0,0
"파워링크",물류작업안전,PC,2,0,0,0,2,0,0,0,0
"파워링크",물류작업종류,PC,1,0,0,0,1,0,0,0,0
"파워링크",물류처리,모바일,1,0,0,0,3,0,0,0,0
"파워링크",물류컨테이너단가,PC,1,0,0,0,1,0,0,0,0
"파워링크",물류컨테이너의종류,모바일,1,0,0,0,3,0,0,0,0
"파워링크",물류컨테이너크기,PC,1,0,0,0,3,0,0,0,0
"파워링크",물류포장기준,모바일,1,0,0,0,1,0,0,0,0
"파워링크",물류포장작업대,PC,3,0,0,0,2,0,0,0,0
"파워링크",물류한국팔레트,모바일,2,0,0,0,1,0,0,0,0
"파워링크",밀폐포장,PC,1,0,0,0,7,0,0,0,0
"파워링크",바이크부품,PC,25,0,0,0,6.1,0,0,0,0
"파워링크",바이크부품,모바일,90,0,0,0,2.1,0,0,0,0
"파워링크",바이크부품직구,모바일,1,0,0,0,1,0,0,0,0
"파워링크",박스및나무팔레트제작업체수출,PC,1,0,0,0,1,0,0,0,0
"파워링크",배대지4PL,PC,1,0,0,0,1,0,0,0,0
"파워링크",배대지구매대행,PC,9,0,0,0,3.9,0,0,0,0
"파워링크",배대지구매대행,모바일,2,0,0,0,3,0,0,0,0
"파워링크",배대지대행,모바일,1,0,0,0,4,0,0,0,0
"파워링크",배대지수출,PC,1,0,0,0,2,0,0,0,0
"파워링크",배대지항공특송,모바일,1,0,0,0,3,0,0,0,0
"파워링크",배대지항공해상,모바일,1,0,0,0,1,0,0,0,0
"파워링크",배대지해운특송,PC,1,0,0,0,3,0,0,0,0
"파워링크",배송대행항공해운,PC,1,0,0,0,2,0,0,0,0
"파워링크",베트남으로국제택배대행,모바일,1,0,0,0,3,0,0,0,0
"파워링크",베트남해외대행구매,모바일,1,0,0,0,3,0,0,0,0
"파워링크",보관용컨테이너구매비용,모바일,1,0,0,0,3,0,0,0,0
"파워링크",보관용컨테이너비용,모바일,1,0,0,0,3,0,0,0,0
"파워링크",보홀택배,모바일,9,0,0,0,1,0,0,0,0
"파워링크",빠랫트,PC,2,0,0,0,4,0,0,0,0
"파워링크",빠랫트,모바일,8,0,0,0,3.4,0,0,0,0
"파워링크",빠레트,PC,2,0,0,0,10,0,0,0,0
"파워링크",빠레트,모바일,1,0,0,0,15,0,0,0,0
"파워링크",빠레트사이즈,PC,3,0,0,0,9,0,0,0,0
"파워링크",빠레트사이즈,모바일,3,0,0,0,3.3,0,0,0,0
"파워링크",빠렛트가격,모바일,24,0,0,0,4.3,0,0,0,0
"파워링크",빠른특송,모바일,2,0,0,0,3,0,0,0,0
"파워링크",상품구매대행,모바일,2,0,0,0,3,0,0,0,0
"파워링크",상품대행,모바일,1,0,0,0,1,0,0,0,0
"파워링크",상품특송,모바일,1,0,0,0,1,0,0,0,0
"파워링크",서비스상품수출,PC,1,0,0,0,3,0,0,0,0
"파워링크",서비스필리핀,모바일,1,0,0,0,3,0,0,0,0
"파워링크",세계로구매대행,모바일,4,0,0,0,1,0,0,0,0
"파워링크",세부구매대행,PC,1,0,0,0,2,0,0,0,0
"파워링크",세부구매대행,모바일,6,1,66,66,1.2,0,0,0,0
"파워링크",세부구입대행,모바일,1,0,0,0,1,0,0,0,0
"파워링크",세부배송,모바일,2,0,0,0,2,0,0,0,0
"파워링크",세부택배,PC,4,0,0,0,2,0,0,0,0
"파워링크",세부택배,모바일,7,0,0,0,2.6,0,0,0,0
"파워링크",소형포장,PC,7,0,0,0,2.3,0,0,0,0
"파워링크",소형포장,모바일,7,0,0,0,1.3,0,0,0,0
"파워링크",쇼피구매,PC,16,0,0,0,1.8,0,0,0,0
"파워링크",쇼피구매,모바일,46,0,0,0,2,0,0,0,0
"파워링크",쇼피구매대행,PC,10,0,0,0,1.1,0,0,0,0
"파워링크",쇼피구매대행,모바일,43,6,149,891,1.8,0,0,0,0
"파워링크",쇼피구매하기,모바일,1,0,0,0,4,0,0,0,0
"파워링크",쇼피는구매대행?,모바일,1,0,0,0,3,0,0,0,0
"파워링크",쇼피쇼핑,PC,1,0,0,0,1,0,0,0,0
"파워링크",쇼피쇼핑,모바일,1,0,0,0,1,0,0,0,0
"파워링크",쇼피에서구매,모바일,1,0,0,0,3,0,0,0,0
"파워링크",쇼피에서구매하기,모바일,1,0,0,0,2,0,0,0,0
"파워링크",쇼피에서판매하기,PC,1,0,0,0,3,0,0,0,0
"파워링크",쇼피직구,PC,15,0,0,0,2.9,0,0,0,0
"파워링크",쇼피직구,모바일,4,0,0,0,3,0,0,0,0
"파워링크",쇼피판매,PC,15,0,0,0,6.8,0,0,0,0
"파워링크",쇼피판매란,모바일,1,0,0,0,2,0,0,0,0
"파워링크",쇼피판매하기,PC,1,0,0,0,1,0,0,0,0
"파워링크",쇼피필리핀구매,PC,1,1,55,55,1,0,0,0,0
"파워링크",쇼피한국,모바일,2,0,0,0,2,0,0,0,0
"파워링크",수출나무박스,PC,2,0,0,0,1,0,0,0,0
"파워링크",수출나무포장,PC,1,1,110,110,2,0,0,0,0
"파워링크",수출나무포장,모바일,2,0,0,0,2,0,0,0,0
"파워링크",수출물류업체,PC,3,0,0,0,8,0,0,0,0
"파워링크",수출밀폐형포장종류,PC,1,0,0,0,2,0,0,0,0
"파워링크",수출배대지,PC,1,0,0,0,2,0,0,0,0
"파워링크",수출소형컨테이너,모바일,1,0,0,0,2,0,0,0,0
"파워링크",수출용나무박스,모바일,1,0,0,0,4,0,0,0,0
"파워링크",수출용나무상자,PC,6,0,0,0,8.3,0,0,0,0
"파워링크",수출용나무파레트,PC,1,0,0,0,9,0,0,0,0
"파워링크",수출용소형컨테이너3×4,모바일,1,0,0,0,2,0,0,0,0
"파워링크",수출용우드박스,PC,3,1,121,121,1.7,0,0,0,0
"파워링크",수출용우드박스,모바일,1,0,0,0,3,0,0,0,0
"파워링크",수출용종이박스,PC,2,0,0,0,9,0,0,0,0
"파워링크",수출용카톤박스,PC,3,0,0,0,5,0,0,0,0
"파워링크",수출용카톤박스,모바일,2,0,0,0,2,0,0,0,0
"파워링크",수출용컨테이너40FT,PC,1,0,0,0,2,0,0,0,0
"파워링크",수출용컨테이너가격중고,PC,2,0,0,0,2,0,0,0,0
"파워링크",수출용컨테이너가격중고,모바일,4,0,0,0,2.3,0,0,0,0
"파워링크",수출용컨테이너구매,PC,2,0,0,0,4,0,0,0,0
"파워링크",수출용컨테이너구매,모바일,1,0,0,0,4,0,0,0,0
"파워링크",수출용컨테이너규격,PC,7,0,0,0,3.9,0,0,0,0
"파워링크",수출용컨테이너규격,모바일,3,0,0,0,3.3,0,0,0,0
"파워링크",수출용컨테이너매입,모바일,1,0,0,0,4,0,0,0,0
"파워링크",수출용컨테이너무게,모바일,5,0,0,0,3,0,0,0,0
"파워링크",수출용컨테이너박스중고,모바일,1,0,0,0,3,0,0,0,0
"파워링크",수출용컨테이너비용,PC,1,0,0,0,8,0,0,0,0
"파워링크",수출용컨테이너사이즈,PC,9,0,0,0,5.1,0,0,0,0
"파워링크",수출용컨테이너사이즈,모바일,6,0,0,0,2,0,0,0,0
"파워링크",수출용컨테이너자재,모바일,1,0,0,0,1,0,0,0,0
"파워링크",수출용컨테이너중고,PC,4,0,0,0,8,0,0,0,0
"파워링크",수출용컨테이너중고,모바일,5,0,0,0,3.6,0,0,0,0
"파워링크",수출용컨테이너중고가격,PC,1,0,0,0,3,0,0,0,0
"파워링크",수출용컨테이너중고가격,모바일,1,0,0,0,2,0,0,0,0
"파워링크",수출용컨테이너지게차,PC,1,0,0,0,2,0,0,0,0
"파워링크",수출용컨테이너지게차,모바일,1,0,0,0,3,0,0,0,0
"파워링크",수출용컨테이너지게차작업,PC,1,0,0,0,2,0,0,0,0
"파워링크",수출용컨테이너크기,PC,15,0,0,0,3.5,0,0,0,0
"파워링크",수출용컨테이너크기,모바일,32,1,209,209,2.5,0,0,0,0
"파워링크",수출용컨테이너판매,모바일,2,0,0,0,3,0,0,0,0
"파워링크",수출용파렛트,PC,4,0,0,0,7,0,0,0,0
"파워링크",수출용파렛트사이즈,모바일,1,0,0,0,4,0,0,0,0
"파워링크",수출용포장박스,PC,1,0,0,0,7,0,0,0,0
"파워링크",수출우드박스가격,PC,1,0,0,0,2,0,0,0,0
"파워링크",수출입컨테이너,PC,2,0,0,0,5,0,0,0,0
"파워링크",수출입컨테이너,모바일,2,0,0,0,3,0,0,0,0
"파워링크",수출입컨테이너사이즈,PC,1,0,0,0,1,0,0,0,0
"파워링크",수출입포장,PC,2,0,0,0,3,0,0,0,0
"파워링크",수출입포장,모바일,2,0,0,0,3,0,0,0,0
"파워링크",수출중고컨테이너,PC,1,0,0,0,6,0,0,0,0
"파워링크",수출컨테이너가격,PC,2,0,0,0,1.5,0,0,0,0
"파워링크",수출컨테이너가격,모바일,3,0,0,0,2.7,0,0,0,0
"파워링크",수출컨테이너구매,PC,1,0,0,0,4,0,0,0,0
"파워링크",수출컨테이너규격,모바일,10,0,0,0,2.7,0,0,0,0
"파워링크",수출컨테이너규격및종류,모바일,1,0,0,0,3,0,0,0,0
"파워링크",수출컨테이너비용,PC,1,0,0,0,6,0,0,0,0
"파워링크",수출컨테이너비용,모바일,1,0,0,0,2,0,0,0,0
"파워링크",수출컨테이너사이즈,PC,4,0,0,0,2.5,0,0,0,0
"파워링크",수출컨테이너사이즈,모바일,2,0,0,0,1.5,0,0,0,0
"파워링크",수출컨테이너작업,PC,2,0,0,0,3.5,0,0,0,0
"파워링크",수출컨테이너작업,모바일,2,0,0,0,2,0,0,0,0
"파워링크",수출컨테이너작업장,모바일,1,0,0,0,1,0,0,0,0
"파워링크",수출컨테이너적재사이즈,PC,1,0,0,0,3,0,0,0,0
"파워링크",수출컨테이너제품적재,PC,1,0,0,0,3,0,0,0,0
"파워링크",수출컨테이너종류,PC,3,0,0,0,1.7,0,0,0,0
"파워링크",수출파레트,PC,1,0,0,0,7,0,0,0,0
"파워링크",수출파레트,모바일,1,0,0,0,10,0,0,0,0
"파워링크",수출파렛트,PC,1,0,0,0,31,0,0,0,0
"파워링크",수출포장,PC,1,0,0,0,30,0,0,0,0
"파워링크",수출포장견적,PC,3,0,0,0,5.3,0,0,0,0
"파워링크",수출포장규격,PC,1,0,0,0,4,0,0,0,0
"파워링크",수출포장기준,PC,1,1,187,187,2,0,0,0,0
"파워링크",수출포장마크종류,모바일,1,0,0,0,1,0,0,0,0
"파워링크",수출포장박스,모바일,7,0,0,0,11.4,0,0,0,0
"파워링크",수출포장방법,PC,4,0,0,0,5.5,0,0,0,0
"파워링크",수출포장방법,모바일,1,0,0,0,3,0,0,0,0
"파워링크",수출포장소분,PC,3,0,0,0,1,0,0,0,0
"파워링크",수출포장업체,모바일,2,1,341,341,21.5,0,0,0,0
"파워링크",수출포장용어,모바일,3,1,77,77,1,0,0,0,0
"파워링크",수출포장전문업체,PC,1,0,0,0,6,0,0,0,0
"파워링크",수출포장전문업체,모바일,1,0,0,0,4,0,0,0,0
"파워링크",수출포장절차,PC,2,0,0,0,5.5,0,0,0,0
"파워링크",수출포장절차서,PC,1,0,0,0,1,0,0,0,0
"파워링크",수출포장절차서,모바일,2,1,77,77,1,0,0,0,0
"파워링크",수출포장종류,PC,2,0,0,0,7,0,0,0,0
"파워링크",수출포장파레트라싱,PC,1,0,0,0,1,0,0,0,0
"파워링크",수출품컨테이너배송업체,모바일,1,0,0,0,3,0,0,0,0
"파워링크",수출품포장,PC,2,0,0,0,8,0,0,0,0
"파워링크",수출형컨테이너규격,PC,2,0,0,0,3,0,0,0,0
"파워링크",수출형컨테이너규격?,모바일,3,0,0,0,3,0,0,0,0
"파워링크",스키드,PC,71,0,0,0,4.2,0,0,0,0
"파워링크",스키드,모바일,37,0,0,0,3.8,0,0,0,0
"파워링크",스키드컨테이너,PC,1,0,0,0,2,0,0,0,0
"파워링크",스키드포장,PC,26,0,0,0,9.3,0,0,0,0
"파워링크",스키드포장,모바일,2,0,0,0,6,0,0,0,0
"파워링크",스틸포장,PC,3,0,0,0,2,0,0,0,0
"파워링크",스틸포장,모바일,4,0,0,0,2.3,0,0,0,0
"파워링크",안전포장,PC,3,0,0,0,7.3,0,0,0,0
"파워링크",업무용컨테이너,모바일,1,0,0,0,3,0,0,0,0
"파워링크",역구매대행,PC,31,2,424,847,4.7,0,0,0,0
"파워링크",역구매대행,모바일,4,0,0,0,6.5,0,0,0,0
"파워링크",역직구,PC,8,0,0,0,10,0,0,0,0
"파워링크",역직구,모바일,1,0,0,0,12,0,0,0,0
"파워링크",역직구대행구매대행,PC,1,0,0,0,2,0,0,0,0
"파워링크",역직구대행수출,PC,1,0,0,0,1,0,0,0,0
"파워링크",역직구배대지,PC,13,0,0,0,1.5,0,0,0,0
"파워링크",역직구배대지,모바일,10,1,187,187,1.2,0,0,0,0
"파워링크",역해외구매대행,모바일,2,0,0,0,3,0,0,0,0
"파워링크",열처리목재,모바일,1,0,0,0,2,0,0,0,0
"파워링크",오토바이부품직구,PC,1,0,0,0,2,0,0,0,0
"파워링크",우드박스,PC,21,0,0,0,7.4,0,0,0,0
"파워링크",우드박스,모바일,7,0,0,0,5,0,0,0,0
"파워링크",우드박스포장,PC,1,0,0,0,6,0,0,0,0
"파워링크",우드패킹,PC,27,1,374,374,9.4,0,0,0,0
"파워링크",우드포장,PC,6,0,0,0,5.7,0,0,0,0
"파워링크",우드포장,모바일,1,0,0,0,3,0,0,0,0
"파워링크",우든PACKING,PC,1,0,0,0,3,0,0,0,0
"파워링크",우든박스,PC,155,1,341,341,4.7,0,0,0,0
"파워링크",우든박스,모바일,169,0,0,0,3.2,0,0,0,0
"파워링크",우든스키드,PC,1,0,0,0,1,0,0,0,0
"파워링크",우든패킹,PC,3,0,0,0,3.3,0,0,0,0
"파워링크",우든패킹,모바일,3,0,0,0,2,0,0,0,0
"파워링크",우리나라대행,모바일,1,0,0,0,3,0,0,0,0
"파워링크",우리나라대행들,PC,1,0,0,0,1,0,0,0,0
"파워링크",우리나라배대지,PC,1,0,0,0,7,0,0,0,0
"파워링크",우리나라상품을해외에서판매,PC,2,0,0,0,2,0,0,0,0
"파워링크",우리나라수출주,모바일,1,0,0,0,1,0,0,0,0
"파워링크",우리나라최고컨테이너회사,모바일,1,0,0,0,1,0,0,0,0
"파워링크",우편물해외대행,PC,1,0,0,0,2,0,0,0,0
"파워링크",우편물해외배송대행,PC,1,0,0,0,2,0,0,0,0
"파워링크",위하고물류수출처리,모바일,1,0,0,0,2,0,0,0,0
"파워링크",이지필,PC,94,27,182,"4,917",1.1,0,0,0,0
"파워링크",이지필,모바일,231,79,344,"27,192",1.1,0,0,0,0
"파워링크",이지필구매,PC,1,0,0,0,2,0,0,0,0
"파워링크",이지필구매대행,모바일,4,0,0,0,1,0,0,0,0
"파워링크",이지필필리핀구매대행,PC,2,0,0,0,1.5,0,0,0,0
"파워링크",인증구매대행,모바일,1,0,0,0,3,0,0,0,0
"파워링크",일회용파렛트,PC,2,0,0,0,8,0,0,0,0
"파워링크",일회용파렛트,모바일,3,0,0,0,2.7,0,0,0,0
"파워링크",장비이동,PC,29,0,0,0,2.9,0,0,0,0
"파워링크",장비이동,모바일,2,0,0,0,2,0,0,0,0
"파워링크",장비포장,PC,5,0,0,0,2.6,0,0,0,0
"파워링크",장비포장,모바일,7,0,0,0,1.7,0,0,0,0
"파워링크",전시용컨테이너구매,모바일,1,0,0,0,2,0,0,0,0
"파워링크",전자기기포장,모바일,2,0,0,0,2.5,0,0,0,0
"파워링크",전자제품포장,모바일,8,0,0,0,1.8,0,0,0,0
"파워링크",제품구매하여해외배송,PC,1,0,0,0,1,0,0,0,0
"파워링크",제품물류작업,모바일,1,0,0,0,3,0,0,0,0
"파워링크",제품포장설계,PC,1,0,0,0,3,0,0,0,0
"파워링크",제품포장업체,PC,1,0,0,0,7,0,0,0,0
"파워링크",중고나무파레트,PC,8,0,0,0,6.3,0,0,0,0
"파워링크",중고나무파레트,모바일,3,0,0,0,4,0,0,0,0
"파워링크",중고나무파렛트,PC,13,1,352,352,9.3,0,0,0,0
"파워링크",중고나무파렛트,모바일,11,0,0,0,3.7,0,0,0,0
"파워링크",중고목재파레트,PC,2,0,0,0,2,0,0,0,0
"파워링크",중고목재파렛트,PC,2,0,0,0,7,0,0,0,0
"파워링크",중고목재파렛트,모바일,1,0,0,0,4,0,0,0,0
"파워링크",중고수출용컨테이너가격,모바일,1,0,0,0,4,0,0,0,0
"파워링크",중고수출컨테이너,PC,5,0,0,0,8.4,0,0,0,0
"파워링크",중고컨테이너40FT,모바일,1,0,0,0,3,0,0,0,0
"파워링크",중고파렛트,PC,5,0,0,0,29.8,0,0,0,0
"파워링크",중고파렛트,모바일,7,0,0,0,15.9,0,0,0,0
"파워링크",중고파렛트매입,PC,1,0,0,0,6,0,0,0,0
"파워링크",중고파렛트매입,모바일,5,0,0,0,4.4,0,0,0,0
"파워링크",중량파레트,PC,46,0,0,0,4.4,0,0,0,0
"파워링크",중량파레트,모바일,78,0,0,0,2.1,0,0,0,0
"파워링크",중량파렛트,PC,27,0,0,0,4.1,0,0,0,0
"파워링크",중량파렛트,모바일,42,0,0,0,2.4,0,0,0,0
"파워링크",중장비수출,모바일,2,0,0,0,6,0,0,0,0
"파워링크",중장비수출업체,모바일,1,0,0,0,4,0,0,0,0
"파워링크",진공컨테이너,PC,3,0,0,0,1.3,0,0,0,0
"파워링크",진공컨테이너,모바일,4,0,0,0,1,0,0,0,0
"파워링크",진공포장,모바일,1,0,0,0,38,0,0,0,0
"파워링크",컨테이너40FT,PC,1,0,0,0,2,0,0,0,0
"파워링크",컨테이너40FT,모바일,1,0,0,0,2,0,0,0,0
"파워링크",컨테이너HQ,PC,6,0,0,0,1.3,0,0,0,0
"파워링크",컨테이너구매비용처리,PC,1,0,0,0,1,0,0,0,0
"파워링크",컨테이너국내물류업체,PC,1,0,0,0,2,0,0,0,0
"파워링크",컨테이너규격종류,PC,2,0,0,0,1,0,0,0,0
"파워링크",컨테이너규격종류,모바일,1,0,0,0,2,0,0,0,0
"파워링크",컨테이너단가,PC,3,0,0,0,1.7,0,0,0,0
"파워링크",컨테이너라싱비용,PC,1,0,0,0,1,0,0,0,0
"파워링크",컨테이너라싱업체,모바일,1,0,0,0,1,0,0,0,0
"파워링크",컨테이너라싱작업,모바일,1,0,0,0,1,0,0,0,0
"파워링크",컨테이너목재보관,모바일,1,0,0,0,2,0,0,0,0
"파워링크",컨테이너물류비용,PC,2,0,0,0,7.5,0,0,0,0
"파워링크",컨테이너물류비용,모바일,1,0,0,0,3,0,0,0,0
"파워링크",컨테이너보관팔레트,모바일,1,0,0,0,2,0,0,0,0
"파워링크",컨테이너상차,PC,21,0,0,0,2.1,0,0,0,0
"파워링크",컨테이너상차,모바일,13,0,0,0,1.7,0,0,0,0
"파워링크",컨테이너상차비용,PC,1,0,0,0,1,0,0,0,0
"파워링크",컨테이너상차비용,모바일,1,0,0,0,2,0,0,0,0
"파워링크",컨테이너상차작업,PC,1,0,0,0,2,0,0,0,0
"파워링크",컨테이너상차작업,모바일,2,0,0,0,3,0,0,0,0
"파워링크",컨테이너상차지,PC,4,0,0,0,1,0,0,0,0
"파워링크",컨테이너선적비용,PC,1,0,0,0,6,0,0,0,0
"파워링크",컨테이너선적비용,모바일,1,0,0,0,3,0,0,0,0
"파워링크",컨테이너쇼링,PC,24,0,0,0,5.2,0,0,0,0
"파워링크",컨테이너쇼링,모바일,21,0,0,0,3.6,0,0,0,0
"파워링크",컨테이너쇼링비용,모바일,1,0,0,0,1,0,0,0,0
"파워링크",컨테이너쇼링작업,PC,11,0,0,0,1,0,0,0,0
"파워링크",컨테이너쇼링작업,모바일,3,0,0,0,1,0,0,0,0
"파워링크",컨테이너쇼핑,PC,2,0,0,0,2,0,0,0,0
"파워링크",컨테이너쇼핑업체,PC,1,0,0,0,2,0,0,0,0
"파워링크",컨테이너쇼핑업체,모바일,2,1,187,187,1.5,0,0,0,0
"파워링크",컨테이너쇼핑장비,PC,1,0,0,0,1,0,0,0,0
"파워링크",컨테이너수출비용,모바일,2,0,0,0,3.5,0,0,0,0
"파워링크",컨테이너수출용,모바일,1,0,0,0,4,0,0,0,0
"파워링크",컨테이너수출작업,모바일,1,0,0,0,3,0,0,0,0
"파워링크",컨테이너수출파레트사이즈?무게?,모바일,1,0,0,0,1,0,0,0,0
"파워링크",컨테이너에서포장작업,모바일,1,0,0,0,1,0,0,0,0
"파워링크",컨테이너에파레트,모바일,1,0,0,0,3,0,0,0,0
"파워링크",컨테이너에파레트적재,PC,1,0,0,0,1,0,0,0,0
"파워링크",컨테이너용파레트규격,PC,1,0,0,0,1,0,0,0,0
"파워링크",컨테이너작업,모바일,5,0,0,0,3.8,0,0,0,0
"파워링크",컨테이너작업다이,PC,2,0,0,0,2.5,0,0,0,0
"파워링크",컨테이너작업대,PC,5,0,0,0,2,0,0,0,0
"파워링크",컨테이너작업대행,모바일,6,0,0,0,1,0,0,0,0
"파워링크",컨테이너작업라싱,PC,1,0,0,0,1,0,0,0,0
"파워링크",컨테이너작업문의,모바일,1,0,0,0,3,0,0,0,0
"파워링크",컨테이너작업용어,모바일,1,0,0,0,1,0,0,0,0
"파워링크",컨테이너작업장,PC,2,0,0,0,2,0,0,0,0
"파워링크",컨테이너작업장,모바일,2,0,0,0,2.5,0,0,0,0
"파워링크",컨테이너적입,PC,5,0,0,0,1,0,0,0,0
"파워링크",컨테이너적입,모바일,2,0,0,0,1,0,0,0,0
"파워링크",컨테이너적입적재,PC,1,0,0,0,1,0,0,0,0
"파워링크",컨테이너적재대행,모바일,1,0,0,0,2,0,0,0,0
"파워링크",컨테이너적재방법,PC,4,0,0,0,1,0,0,0,0
"파워링크",컨테이너적재방법파레트,PC,1,0,0,0,1,0,0,0,0
"파워링크",컨테이너적재사이즈,PC,1,0,0,0,2,0,0,0,0
"파워링크",컨테이너적재업무,모바일,1,0,0,0,1,0,0,0,0
"파워링크",컨테이너적재작업,PC,1,0,0,0,2,0,0,0,0
"파워링크",컨테이너적재작업,모바일,1,0,0,0,2,0,0,0,0
"파워링크",컨테이너적재작업물류,PC,1,0,0,0,1,0,0,0,0
"파워링크",컨테이너적재중량,PC,4,0,0,0,2,0,0,0,0
"파워링크",컨테이너적재중량,모바일,2,0,0,0,1.5,0,0,0,0
"파워링크",컨테이너제품적재,모바일,3,0,0,0,2.3,0,0,0,0
"파워링크",컨테이너주문규격,PC,1,0,0,0,3,0,0,0,0
"파워링크",컨테이너지게차비용,모바일,1,0,0,0,1,0,0,0,0
"파워링크",컨테이너진공,모바일,2,0,0,0,1,0,0,0,0
"파워링크",컨테이너처리비용,PC,1,0,0,0,2,0,0,0,0
"파워링크",컨테이너파레트작업,모바일,1,0,0,0,1,0,0,0,0
"파워링크",컨테이너파레트적재,PC,1,0,0,0,3,0,0,0,0
"파워링크",콘테이너에파레트,모바일,1,0,0,0,2,0,0,0,0
"파워링크",콜센터필리핀,모바일,1,0,0,0,2,0,0,0,0
"파워링크",택배접수대행,모바일,3,0,0,0,3,0,0,0,0
"파워링크",특송수입,모바일,1,0,0,0,3,0,0,0,0
"파워링크",파레트SKID,모바일,1,0,0,0,2,0,0,0,0
"파워링크",파레트가격,모바일,3,0,0,0,3,0,0,0,0
"파워링크",파레트구매,PC,5,0,0,0,8.8,0,0,0,0
"파워링크",파레트규격,PC,12,0,0,0,6.9,0,0,0,0
"파워링크",파레트규격,모바일,11,1,440,440,3.4,0,0,0,0
"파워링크",파레트사이즈,PC,1,0,0,0,5,0,0,0,0
"파워링크",파레트사이즈,모바일,5,0,0,0,2.4,0,0,0,0
"파워링크",파레트업체등록,모바일,1,0,0,0,2,0,0,0,0
"파워링크",파레트제작,PC,1,0,0,0,9,0,0,0,0
"파워링크",파레트제작,모바일,2,0,0,0,2,0,0,0,0
"파워링크",파레트종류,PC,3,0,0,0,4.3,0,0,0,0
"파워링크",파레트종류,모바일,3,0,0,0,2.7,0,0,0,0
"파워링크",파레트크기,PC,4,0,0,0,6,0,0,0,0
"파워링크",파레트크기,모바일,34,0,0,0,1.9,0,0,0,0
"파워링크",파렛트,PC,6,0,0,0,14.8,0,0,0,0
"파워링크",파렛트,모바일,4,0,0,0,13.3,0,0,0,0
"파워링크",파렛트가격,PC,11,0,0,0,4.9,0,0,0,0
"파워링크",파렛트가격,모바일,24,0,0,0,3.5,0,0,0,0
"파워링크",파렛트구매,PC,3,0,0,0,3.3,0,0,0,0
"파워링크",파렛트구매,모바일,1,0,0,0,3,0,0,0,0
"파워링크",파렛트구입,PC,1,0,0,0,7,0,0,0,0
"파워링크",파렛트규격,PC,28,0,0,0,6.9,0,0,0,0
"파워링크",파렛트규격,모바일,63,1,352,352,3.3,0,0,0,0
"파워링크",파렛트매입,PC,2,0,0,0,2,0,0,0,0
"파워링크",파렛트매입,모바일,5,0,0,0,2.8,0,0,0,0
"파워링크",파렛트제작,모바일,1,0,0,0,5,0,0,0,0
"파워링크",파렛트종류,PC,20,0,0,0,5.3,0,0,0,0
"파워링크",파렛트종류,모바일,52,1,440,440,3,0,0,0,0
"파워링크",파렛트컨테이너,PC,1,0,0,0,1,0,0,0,0
"파워링크",파렛트컨테이너,모바일,2,0,0,0,4,0,0,0,0
"파워링크",파렛트판매,PC,1,0,0,0,8,0,0,0,0
"파워링크",팔레트구매,PC,1,0,0,0,10,0,0,0,0
"파워링크",팔레트사이즈,PC,3,0,0,0,6.3,0,0,0,0
"파워링크",팔레트사이즈,모바일,18,0,0,0,2.9,0,0,0,0
"파워링크",팔레트수출포장견적,PC,1,0,0,0,3,0,0,0,0
"파워링크",팔레트종류,PC,8,0,0,0,4.1,0,0,0,0
"파워링크",팔레트종류,모바일,2,0,0,0,2,0,0,0,0
"파워링크",팔레트포장,PC,3,0,0,0,2.3,0,0,0,0
"파워링크",패킹업체,모바일,1,0,0,0,2,0,0,0,0
"파워링크",팩킹,PC,4,0,0,0,3.3,0,0,0,0
"파워링크",팩킹,모바일,6,0,0,0,3.3,0,0,0,0
"파워링크",포장SKID,PC,1,0,0,0,1,0,0,0,0
"파워링크",포장설계,PC,2,0,0,0,2.5,0,0,0,0
"파워링크",필리핀EMS가격,모바일,1,0,0,0,1,0,0,0,0
"파워링크",필리핀EMS택배,모바일,1,0,0,0,2,0,0,0,0
"파워링크",필리핀UPS,모바일,2,0,0,0,2,0,0,0,0
"파워링크",필리핀결제대행,모바일,8,1,55,55,2.6,0,0,0,0
"파워링크",필리핀교민택배서비스,PC,1,0,0,0,1,0,0,0,0
"파워링크",필리핀구매대행,PC,76,5,62,308,3.5,0,0,0,0
"파워링크",필리핀구매대행,모바일,88,2,176,352,2.8,0,0,0,0
"파워링크",필리핀구매대행사이트,PC,6,0,0,0,1.5,0,0,0,0
"파워링크",필리핀구매대행사이트,모바일,1,0,0,0,2,0,0,0,0
"파워링크",필리핀구매사이트,PC,1,0,0,0,2,0,0,0,0
"파워링크",필리핀구매사이트,모바일,3,1,319,319,1,0,0,0,0
"파워링크",필리핀구입,PC,1,0,0,0,2,0,0,0,0
"파워링크",필리핀국제배송,PC,2,0,0,0,9,0,0,0,0
"파워링크",필리핀국제우편,PC,3,0,0,0,1.7,0,0,0,0
"파워링크",필리핀국제우편,모바일,14,1,77,77,1.3,0,0,0,0
"파워링크",필리핀국제택배신청방법,모바일,1,0,0,0,1,0,0,0,0
"파워링크",필리핀국제택배해상운송,모바일,1,0,0,0,1,0,0,0,0
"파워링크",필리핀국제특송,PC,1,0,0,0,7,0,0,0,0
"파워링크",필리핀대리구매,모바일,6,0,0,0,2.3,0,0,0,0
"파워링크",필리핀물류,모바일,1,0,0,0,4,0,0,0,0
"파워링크",필리핀물품,모바일,1,0,0,0,2,0,0,0,0
"파워링크",필리핀배대지,PC,40,4,124,495,2.3,0,0,0,0
"파워링크",필리핀배대지,모바일,66,2,121,242,1.9,0,0,0,0
"파워링크",필리핀배대지해외배송,모바일,2,2,116,231,1.5,0,0,0,0
"파워링크",필리핀배송대행,PC,14,3,268,803,2.9,0,0,0,0
"파워링크",필리핀배송대행,모바일,8,1,220,220,2.9,0,0,0,0
"파워링크",필리핀배송대행지,PC,4,0,0,0,1.5,0,0,0,0
"파워링크",필리핀배송대행지,모바일,2,0,0,0,1.5,0,0,0,0
"파워링크",필리핀배송비용,PC,2,0,0,0,2.5,0,0,0,0
"파워링크",필리핀비행기택배,모바일,1,0,0,0,1,0,0,0,0
"파워링크",필리핀상품,모바일,6,0,0,0,3,0,0,0,0
"파워링크",필리핀서비스,모바일,1,0,0,0,3,0,0,0,0
"파워링크",필리핀세부항공택배,모바일,1,0,0,0,1,0,0,0,0
"파워링크",필리핀소포보내기,모바일,2,0,0,0,1,0,0,0,0
"파워링크",필리핀소포항공,모바일,1,0,0,0,1,0,0,0,0
"파워링크",필리핀쇼피구매대행,PC,1,0,0,0,1,0,0,0,0
"파워링크",필리핀쇼핑구매대행,PC,2,0,0,0,1.5,0,0,0,0
"파워링크",필리핀쇼핑구매대행,모바일,2,2,253,506,1.5,0,0,0,0
"파워링크",필리핀쇼핑배송,모바일,1,0,0,0,2,0,0,0,0
"파워링크",필리핀수출,PC,31,0,0,0,4.1,0,0,0,0
"파워링크",필리핀수출,모바일,73,0,0,0,3.6,0,0,0,0
"파워링크",필리핀수출대행,모바일,2,0,0,0,1,0,0,0,0
"파워링크",필리핀수출문의,PC,1,0,0,0,2,0,0,0,0
"파워링크",필리핀수출제품,PC,1,0,0,0,2,0,0,0,0
"파워링크",필리핀수출통관,PC,3,0,0,0,1,0,0,0,0
"파워링크",필리핀수출품목,모바일,1,0,0,0,1,0,0,0,0
"파워링크",필리핀에국제택배보내기,모바일,2,1,429,429,1.5,0,0,0,0
"파워링크",필리핀에배송,모바일,1,0,0,0,1,0,0,0,0
"파워링크",필리핀에서구매,모바일,1,0,0,0,3,0,0,0,0
"파워링크",필리핀에서택배,모바일,6,0,0,0,1.8,0,0,0,0
"파워링크",필리핀에서한국EMS,모바일,1,1,77,77,1,0,0,0,0
"파워링크",필리핀에서한국으로배송,모바일,2,0,0,0,1.5,0,0,0,0
"파워링크",필리핀에서한국으로택배,PC,18,0,0,0,1.4,0,0,0,0
"파워링크",필리핀에서한국으로택배,모바일,9,0,0,0,2.2,0,0,0,0
"파워링크",필리핀에서한국으로택배보내기,모바일,2,0,0,0,1.5,0,0,0,0
"파워링크",필리핀에서한국택배,PC,2,0,0,0,2.5,0,0,0,0
"파워링크",필리핀에서한국택배,모바일,46,3,378,"1,133",1.9,0,0,0,0
"파워링크",필리핀에서한국택배보내기,모바일,2,0,0,0,1.5,0,0,0,0
"파워링크",필리핀에서한국택배업체,PC,1,0,0,0,1,0,0,0,0
"파워링크",필리핀에서한국해운택배,모바일,1,0,0,0,1,0,0,0,0
"파워링크",필리핀에택배,PC,4,0,0,0,2,0,0,0,0
"파워링크",필리핀에택배,모바일,2,0,0,0,1.5,0,0,0,0
"파워링크",필리핀에택배보내기,모바일,4,0,0,0,1.5,0,0,0,0
"파워링크",필리핀에택배보내는방법,모바일,1,0,0,0,1,0,0,0,0
"파워링크",필리핀에해운택배,모바일,4,0,0,0,1.5,0,0,0,0
"파워링크",필리핀에화물보내기,PC,2,0,0,0,1.5,0,0,0,0
"파워링크",필리핀역직구,PC,1,0,0,0,1,0,0,0,0
"파워링크",필리핀역직구,모바일,1,0,0,0,1,0,0,0,0
"파워링크",필리핀우편,PC,1,0,0,0,1,0,0,0,0
"파워링크",필리핀운송,PC,4,0,0,0,4.3,0,0,0,0
"파워링크",필리핀으로국제우편,모바일,1,0,0,0,1,0,0,0,0
"파워링크",필리핀으로택배,PC,2,0,0,0,2,0,0,0,0
"파워링크",필리핀으로택배,모바일,15,0,0,0,2.1,0,0,0,0
"파워링크",필리핀으로택배보내기,PC,9,0,0,0,4.1,0,0,0,0
"파워링크",필리핀으로택배보내기,모바일,8,0,0,0,2.4,0,0,0,0
"파워링크",필리핀으로택배보내는방법,모바일,1,0,0,0,3,0,0,0,0
"파워링크",필리핀으로택배보내는법,모바일,1,0,0,0,3,0,0,0,0
"파워링크",필리핀으로택배보내는비용,모바일,2,0,0,0,2,0,0,0,0
"파워링크",필리핀으로화물보내기,모바일,2,0,0,0,2.5,0,0,0,0
"파워링크",필리핀이지필,PC,2,0,0,0,1.5,0,0,0,0
"파워링크",필리핀저렴한물건,모바일,1,0,0,0,1,0,0,0,0
"파워링크",필리핀제품,모바일,4,0,0,0,2,0,0,0,0
"파워링크",필리핀제품구매대행,PC,2,0,0,0,1.5,0,0,0,0
"파워링크",필리핀제품구매대행,모바일,4,2,77,154,1.5,0,0,0,0
"파워링크",필리핀직구사이트,PC,1,1,77,77,1,0,0,0,0
"파워링크",필리핀코리아,PC,1,0,0,0,3,0,0,0,0
"파워링크",필리핀코리아,모바일,3,0,0,0,2.7,0,0,0,0
"파워링크",필리핀택배,PC,6,1,374,374,15,0,0,0,0
"파워링크",필리핀택배,모바일,23,0,0,0,13.1,0,0,0,0
"파워링크",필리핀택배가격,PC,4,0,0,0,2,0,0,0,0
"파워링크",필리핀택배가격,모바일,27,2,226,451,2.1,0,0,0,0
"파워링크",필리핀택배배대지,PC,2,0,0,0,1.5,0,0,0,0
"파워링크",필리핀택배보내기,PC,15,0,0,0,6.4,0,0,0,0
"파워링크",필리핀택배보내기,모바일,8,0,0,0,3.4,0,0,0,0
"파워링크",필리핀택배보내는법,PC,4,0,0,0,4.3,0,0,0,0
"파워링크",필리핀택배보내는법,모바일,10,1,264,264,3.9,0,0,0,0
"파워링크",필리핀택배비,모바일,2,0,0,0,2.5,0,0,0,0
"파워링크",필리핀택배비용,모바일,3,0,0,0,3.3,0,0,0,0
"파워링크",필리핀택배포장,모바일,1,0,0,0,2,0,0,0,0
"파워링크",필리핀택배한국,모바일,2,0,0,0,2.5,0,0,0,0
"파워링크",필리핀통관,PC,9,0,0,0,4.8,0,0,0,0
"파워링크",필리핀특송,PC,2,0,0,0,16.5,0,0,0,0
"파워링크",필리핀한국DHL,모바일,1,0,0,0,1,0,0,0,0
"파워링크",필리핀한국EMS,모바일,1,1,77,77,1,0,0,0,0
"파워링크",필리핀한국배송,모바일,8,0,0,0,1.5,0,0,0,0
"파워링크",필리핀한국배송비,모바일,1,0,0,0,2,0,0,0,0
"파워링크",필리핀한국상품,모바일,2,0,0,0,1.5,0,0,0,0
"파워링크",필리핀한국소포,모바일,3,1,385,385,1.3,0,0,0,0
"파워링크",필리핀한국으로해운택배,모바일,1,0,0,0,1,0,0,0,0
"파워링크",필리핀한국택배,모바일,4,0,0,0,1.5,0,0,0,0
"파워링크",필리핀한국택배비용,모바일,2,0,0,0,2.5,0,0,0,0
"파워링크",필리핀한국해운택배,모바일,1,0,0,0,1,0,0,0,0
"파워링크",필리핀항공택배,PC,6,1,418,418,4.3,0,0,0,0
"파워링크",필리핀항공택배,모바일,2,0,0,0,4,0,0,0,0
"파워링크",필리핀항공특송,PC,11,1,77,77,6.7,0,0,0,0
"파워링크",필리핀항공화물,모바일,7,0,0,0,2.6,0,0,0,0
"파워링크",필리핀해상운송,PC,1,0,0,0,10,0,0,0,0
"파워링크",필리핀해외배송,PC,3,0,0,0,7,0,0,0,0
"파워링크",필리핀해외배송,모바일,1,0,0,0,3,0,0,0,0
"파워링크",필리핀해외배송가격,모바일,3,0,0,0,1,0,0,0,0
"파워링크",필리핀해외택배배송,모바일,1,0,0,0,2,0,0,0,0
"파워링크",필리핀해외택배비용,PC,1,0,0,0,2,0,0,0,0
"파워링크",필리핀해운,PC,3,0,0,0,1.7,0,0,0,0
"파워링크",필리핀해운,모바일,5,1,143,143,1,0,0,0,0
"파워링크",필리핀해운택배,PC,1,0,0,0,3,0,0,0,0
"파워링크",필리핀해운택배,모바일,10,0,0,0,2.7,0,0,0,0
"파워링크",필리핀핸드캐리,PC,1,0,0,0,7,0,0,0,0
"파워링크",필리핀화물,모바일,1,0,0,0,6,0,0,0,0
"파워링크",필리핀화물배송,모바일,2,0,0,0,1.5,0,0,0,0
"파워링크",필리핀화물택배,PC,2,0,0,0,1.5,0,0,0,0
"파워링크",한국구매대행,PC,39,1,473,473,5.4,0,0,0,0
"파워링크",한국구매대행,모바일,5,0,0,0,8.4,0,0,0,0
"파워링크",한국구매대행배대지,모바일,1,0,0,0,1,0,0,0,0
"파워링크",한국구매대행상품,모바일,1,1,440,440,2,0,0,0,0
"파워링크",한국구매대행해외로수출,모바일,1,0,0,0,2,0,0,0,0
"파워링크",한국구매해외배송,모바일,1,0,0,0,1,0,0,0,0
"파워링크",한국물건구매대행,모바일,3,0,0,0,1.3,0,0,0,0
"파워링크",한국배대지,PC,47,0,0,0,6.7,0,0,0,0
"파워링크",한국배대지사업,PC,1,0,0,0,2,0,0,0,0
"파워링크",한국배대지사업,모바일,6,0,0,0,1.7,0,0,0,0
"파워링크",한국배대지수출,PC,1,0,0,0,1,0,0,0,0
"파워링크",한국배송대행,PC,3,0,0,0,5.7,0,0,0,0
"파워링크",한국배송대행,모바일,2,0,0,0,6.5,0,0,0,0
"파워링크",한국배송대행지,PC,2,0,0,0,2.5,0,0,0,0
"파워링크",한국배송대행지,모바일,5,1,198,198,1,0,0,0,0
"파워링크",한국상품구매대행,모바일,2,0,0,0,3,0,0,0,0
"파워링크",한국수출포장,PC,45,0,0,0,1.9,0,0,0,0
"파워링크",한국수출포장,모바일,780,2,77,154,2.8,0,0,0,0
"파워링크",한국에서마닐라로택배보내기,모바일,1,0,0,0,1,0,0,0,0
"파워링크",한국에서베트남구매대행,모바일,2,0,0,0,2.5,0,0,0,0
"파워링크",한국에서필리핀국제배송,모바일,1,0,0,0,2,0,0,0,0
"파워링크",한국에서필리핀물류대행,PC,1,0,0,0,1,0,0,0,0
"파워링크",한국에서필리핀배송비,PC,1,0,0,0,2,0,0,0,0
"파워링크",한국에서필리핀배송비,모바일,3,0,0,0,2,0,0,0,0
"파워링크",한국에서필리핀소포보내기,모바일,1,0,0,0,1,0,0,0,0
"파워링크",한국에서필리핀으로택배보내기,모바일,2,0,0,0,1.5,0,0,0,0
"파워링크",한국에서필리핀택배,PC,21,0,0,0,3.6,0,0,0,0
"파워링크",한국에서필리핀택배,모바일,87,1,88,88,2.3,0,0,0,0
"파워링크",한국에서필리핀택배보내기,PC,1,0,0,0,1,0,0,0,0
"파워링크",한국에서필리핀택배보내기,모바일,6,0,0,0,1.5,0,0,0,0
"파워링크",한국에서필리핀택배보내려면?,모바일,1,0,0,0,1,0,0,0,0
"파워링크",한국에서필리핀항공택배보내기,모바일,1,0,0,0,1,0,0,0,0
"파워링크",한국에서필리핀화물,모바일,1,0,0,0,2,0,0,0,0
"파워링크",한국에서한국배송대행,모바일,1,0,0,0,1,0,0,0,0
"파워링크",한국에서해외로구매대행,PC,1,0,0,0,1,0,0,0,0
"파워링크",한국에서해외로구매대행,모바일,1,0,0,0,2,0,0,0,0
"파워링크",한국에서해외로배송,PC,1,0,0,0,6,0,0,0,0
"파워링크",한국에서해외배송사업,PC,1,0,0,0,1,0,0,0,0
"파워링크",한국에서해외택배대행,모바일,1,0,0,0,2,0,0,0,0
"파워링크",한국에서해외해운배송,PC,1,0,0,0,2,0,0,0,0
"파워링크",한국으로국제택배,PC,1,0,0,0,5,0,0,0,0
"파워링크",한국제품구매대행,PC,2,1,451,451,2.5,0,0,0,0
"파워링크",한국제품구매대행,모바일,7,0,0,0,1.3,0,0,0,0
"파워링크",한국택배대행,모바일,3,0,0,0,1.7,0,0,0,0
"파워링크",한국필리핀마트,PC,1,0,0,0,1,0,0,0,0
"파워링크",한국필리핀마트,모바일,1,0,0,0,1,0,0,0,0
"파워링크",한국필리핀배송,모바일,1,0,0,0,2,0,0,0,0
"파워링크",한국필리핀택배,모바일,3,0,0,0,4,0,0,0,0
"파워링크",한국필리핀택배비용,모바일,2,0,0,0,2.5,0,0,0,0
"파워링크",한국필리핀해상택배,모바일,1,0,0,0,1,0,0,0,0
"파워링크",한국필리핀해외배송,모바일,2,0,0,0,1.5,0,0,0,0
"파워링크",한국해외구매대행,PC,1,0,0,0,2,0,0,0,0
"파워링크",한국해외배송,모바일,2,0,0,0,3.5,0,0,0,0
"파워링크",한국해외배송대행,모바일,1,0,0,0,2,0,0,0,0
"파워링크",한국해외수출배대지,모바일,1,0,0,0,1,0,0,0,0
"파워링크",항공구매대행,모바일,1,0,0,0,3,0,0,0,0
"파워링크",항공수출컨테이너규격,PC,1,0,0,0,1,0,0,0,0
"파워링크",항공수출포장,PC,2,0,0,0,4.5,0,0,0,0
"파워링크",항공위험물포장,PC,1,0,0,0,8,0,0,0,0
"파워링크",항공으로빠르게배송,PC,1,0,0,0,1,0,0,0,0
"파워링크",항공택배가격,모바일,6,0,0,0,2.8,0,0,0,0
"파워링크",항공택배비용,PC,2,0,0,0,3,0,0,0,0
"파워링크",항공택배비용,모바일,5,0,0,0,3,0,0,0,0
"파워링크",항공포장,PC,1,0,0,0,3,0,0,0,0
"파워링크",항공해외배송,모바일,1,0,0,0,2,0,0,0,0
"파워링크",항공화물포장,모바일,3,0,0,0,2.7,0,0,0,0
"파워링크",해상국제택배필리핀,모바일,1,0,0,0,2,0,0,0,0
"파워링크",해상운송배대지,PC,1,0,0,0,1,0,0,0,0
"파워링크",해상운송배대지,모바일,1,0,0,0,4,0,0,0,0
"파워링크",해상해외배송대행,PC,1,0,0,0,3,0,0,0,0
"파워링크",해외구매대행물류,모바일,1,0,0,0,3,0,0,0,0
"파워링크",해외구매대행배대지,PC,4,0,0,0,6.8,0,0,0,0
"파워링크",해외구매대행배송비,모바일,1,0,0,0,4,0,0,0,0
"파워링크",해외구매대행베트남,모바일,1,0,0,0,1,0,0,0,0
"파워링크",해외구매대행상품,PC,2,0,0,0,2,0,0,0,0
"파워링크",해외구매대행상품,모바일,2,0,0,0,2.5,0,0,0,0
"파워링크",해외구매대행상품이미지,모바일,1,0,0,0,3,0,0,0,0
"파워링크",해외구매대행서비스,PC,1,0,0,0,4,0,0,0,0
"파워링크",해외구매대행서비스,모바일,1,0,0,0,3,0,0,0,0
"파워링크",해외구매대행안전,PC,1,0,0,0,2,0,0,0,0
"파워링크",해외구매대행역직구,모바일,1,0,0,0,1,0,0,0,0
"파워링크",해외구매대행이민,모바일,1,0,0,0,1,0,0,0,0
"파워링크",해외구매대행제품,PC,2,0,0,0,4,0,0,0,0
"파워링크",해외구매대행포장,PC,1,0,0,0,1,0,0,0,0
"파워링크",해외구매대행포장,모바일,1,0,0,0,1,0,0,0,0
"파워링크",해외구매대행한국에서,모바일,1,0,0,0,1,0,0,0,0
"파워링크",해외구매대행힘들다,모바일,1,0,0,0,2,0,0,0,0
"파워링크",해외구매배송,모바일,2,0,0,0,4,0,0,0,0
"파워링크",해외대행소포,모바일,1,0,0,0,1,0,0,0,0
"파워링크",해외대행포장,모바일,1,0,0,0,2,0,0,0,0
"파워링크",해외물건구매대행,모바일,3,0,0,0,3.7,0,0,0,0
"파워링크",해외물품구매대행,모바일,1,0,0,0,4,0,0,0,0
"파워링크",해외배대지,모바일,3,0,0,0,4,0,0,0,0
"파워링크",해외배송구매,모바일,2,0,0,0,3,0,0,0,0
"파워링크",해외배송구매대행사업,PC,1,0,0,0,2,0,0,0,0
"파워링크",해외배송대행사,PC,1,0,0,0,9,0,0,0,0
"파워링크",해외배송대행서비스,모바일,3,0,0,0,2.3,0,0,0,0
"파워링크",해외배송대행아이,PC,1,0,0,0,2,0,0,0,0
"파워링크",해외배송물건,모바일,1,0,0,0,3,0,0,0,0
"파워링크",해외배송물품,모바일,2,0,0,0,3,0,0,0,0
"파워링크",해외배송배대지,모바일,1,0,0,0,3,0,0,0,0
"파워링크",해외배송상품,모바일,2,0,0,0,2.5,0,0,0,0
"파워링크",해외배송상품구매,PC,1,0,0,0,1,0,0,0,0
"파워링크",해외배송서비스,PC,1,0,0,0,5,0,0,0,0
"파워링크",해외배송용목재포장,모바일,1,0,0,0,1,0,0,0,0
"파워링크",해외배송접수대행,모바일,1,0,0,0,1,0,0,0,0
"파워링크",해외배송지서비스,모바일,1,0,0,0,3,0,0,0,0
"파워링크",해외배송포장,모바일,1,0,0,0,3,0,0,0,0
"파워링크",해외배송포장대행,모바일,1,0,0,0,2,0,0,0,0
"파워링크",해외배송품목,모바일,1,0,0,0,1,0,0,0,0
"파워링크",해외배송필리핀,모바일,1,1,253,253,2,0,0,0,0
"파워링크",해외배송합배송플랫폼,PC,1,0,0,0,1,0,0,0,0
"파워링크",해외배송항공,모바일,1,0,0,0,2,0,0,0,0
"파워링크",해외상품구매대행,PC,3,0,0,0,3.3,0,0,0,0
"파워링크",해외상품구매대행,모바일,7,0,0,0,2.1,0,0,0,0
"파워링크",해외상품배송,PC,1,0,0,0,3,0,0,0,0
"파워링크",해외상품배송,모바일,8,0,0,0,1.6,0,0,0,0
"파워링크",해외상품한국배송,모바일,1,0,0,0,1,0,0,0,0
"파워링크",해외소포포장대행,PC,4,0,0,0,1.8,0,0,0,0
"파워링크",해외수출배대지,모바일,1,0,0,0,1,0,0,0,0
"파워링크",해외수출배송,PC,1,0,0,0,8,0,0,0,0
"파워링크",해외수출배송,모바일,1,0,0,0,4,0,0,0,0
"파워링크",해외수출용컨테이너,모바일,1,0,0,0,1,0,0,0,0
"파워링크",해외수출컨테이너가격,모바일,1,0,0,0,2,0,0,0,0
"파워링크",해외수출컨테이너비용,모바일,1,0,0,0,3,0,0,0,0
"파워링크",해외수출포장,PC,1,0,0,0,10,0,0,0,0
"파워링크",해외수출포장,모바일,3,0,0,0,10,0,0,0,0
"파워링크",해외수출포장규격,PC,1,0,0,0,2,0,0,0,0
"파워링크",해외심부름대행,모바일,1,0,0,0,1,0,0,0,0
"파워링크",해외에서한국배송대행,모바일,1,0,0,0,2,0,0,0,0
"파워링크",해외에서한국상품구매,모바일,1,0,0,0,1,0,0,0,0
"파워링크",해외에서한국으로구매대행,PC,1,0,0,0,1,0,0,0,0
"파워링크",해외제품.구매대행,모바일,1,0,0,0,3,0,0,0,0
"파워링크",해외제품구매대행,모바일,1,0,0,0,1,0,0,0,0
"파워링크",해외택배보내기필리핀,PC,2,0,0,0,2.5,0,0,0,0
"파워링크",해외택배비용필리핀,모바일,2,1,396,396,1,0,0,0,0
"파워링크",해외포장,PC,1,0,0,0,2,0,0,0,0
"파워링크",해외포장박스,PC,1,0,0,0,8,0,0,0,0
"쇼핑검색",-,PC,754,1,286,286,3.2,1,0,0,0
"쇼핑검색",-,모바일,"20,096",71,217,"15,378",5.3,1,0,0,0
"쇼핑검색",1.13KGG변환,모바일,1,0,0,0,1,0,0,0,0
"쇼핑검색",CCCOFFEE,모바일,12,0,0,0,1,0,0,0,0
"쇼핑검색",CC커피,모바일,2,0,0,0,1,0,0,0,0
"쇼핑검색",CJ사골곰탕500,모바일,2,0,0,0,11,0,0,0,0
"쇼핑검색",RICOLA,PC,4,0,0,0,8,0,0,0,0
"쇼핑검색",RICOLA,모바일,5,0,0,0,3.6,0,0,0,0
"쇼핑검색",RICOLA레몬,PC,1,0,0,0,7,0,0,0,0
"쇼핑검색",RICOLA레몬,모바일,9,0,0,0,7.7,0,0,0,0
"쇼핑검색",RICOLA레몬민트,PC,1,0,0,0,6,0,0,0,0
"쇼핑검색",RICOLA맛,모바일,2,0,0,0,1,0,0,0,0
"쇼핑검색",RICOLA무설탕,모바일,1,0,0,0,1,0,0,0,0
"쇼핑검색",RICOLA민트,모바일,1,0,0,0,6,0,0,0,0
"쇼핑검색",RICOLA사탕,PC,2,0,0,0,1.5,0,0,0,0
"쇼핑검색",RICOLA사탕,모바일,17,0,0,0,5.8,0,0,0,0
"쇼핑검색",RICOLA사탕맛,모바일,1,0,0,0,1,0,0,0,0
"쇼핑검색",RICOLA사탕스위스,모바일,1,0,0,0,7,0,0,0,0
"쇼핑검색",STARBUCKS브렉퍼스트,PC,2,0,0,0,1.5,0,0,0,0
"쇼핑검색",국과CC,PC,2,0,0,0,1,0,0,0,0
"쇼핑검색",국과CC,모바일,20,0,0,0,1,0,0,0,0
"쇼핑검색",레몬맛,모바일,1,0,0,0,2,0,0,0,0
"쇼핑검색",레몬맛과자,PC,1,0,0,0,17,0,0,0,0
"쇼핑검색",레몬맛민트,모바일,1,0,0,0,16,0,0,0,0
"쇼핑검색",레몬맛민트사랑,모바일,1,0,0,0,2,0,0,0,0
"쇼핑검색",레몬맛사탕,모바일,10,0,0,0,5.9,0,0,0,0
"쇼핑검색",레몬맛캔디,PC,2,0,0,0,7.5,0,0,0,0
"쇼핑검색",레몬맛캔디,모바일,7,0,0,0,9.3,0,0,0,0
"쇼핑검색",레몬무설탕사탕,모바일,1,0,0,0,10,0,0,0,0
"쇼핑검색",레몬민트,PC,1,0,0,0,1,0,0,0,0
"쇼핑검색",레몬민트,모바일,11,1,275,275,2.3,1,0,0,0
"쇼핑검색",레몬민트사탕,PC,1,0,0,0,7,0,0,0,0
"쇼핑검색",레몬민트사탕,모바일,5,0,0,0,7.6,0,0,0,0
"쇼핑검색",레몬사탕,PC,1,0,0,0,29,0,0,0,0
"쇼핑검색",레몬사탕,모바일,15,0,0,0,21.1,0,0,0,0
"쇼핑검색",레몬사탕리콜라,모바일,1,0,0,0,6,0,0,0,0
"쇼핑검색",레몬캔디,모바일,4,0,0,0,28.3,0,0,0,0
"쇼핑검색",로스팅커피유통기한,모바일,1,0,0,0,2,0,0,0,0
"쇼핑검색",루꼴라사탕,모바일,1,0,0,0,6,0,0,0,0
"쇼핑검색",리꼴라사탕,모바일,4,0,0,0,9.8,0,0,0,0
"쇼핑검색",리꼴라엘더플라워맛,모바일,1,0,0,0,1,0,0,0,0
"쇼핑검색",리코타캔디342G,모바일,1,0,0,0,2,0,0,0,0
"쇼핑검색",리콜라,PC,33,0,0,0,4.6,0,0,0,0
"쇼핑검색",리콜라,모바일,159,2,259,517,4.1,1,0,0,0
"쇼핑검색",리콜라342,PC,11,0,0,0,3.3,0,0,0,0
"쇼핑검색",리콜라342,모바일,41,0,0,0,2,0,0,0,0
"쇼핑검색",리콜라3422개,모바일,4,0,0,0,3,0,0,0,0
"쇼핑검색",리콜라342G,PC,5,0,0,0,3,0,0,0,0
"쇼핑검색",리콜라342G,모바일,14,0,0,0,2.4,0,0,0,0
"쇼핑검색",리콜라342코스트코,모바일,1,0,0,0,3,0,0,0,0
"쇼핑검색",리콜라라즈베리,PC,1,0,0,0,3,0,0,0,0
"쇼핑검색",리콜라라즈베리,모바일,2,0,0,0,6,0,0,0,0
"쇼핑검색",리콜라레몬,PC,4,0,0,0,5.5,0,0,0,0
"쇼핑검색",리콜라레몬,모바일,17,0,0,0,7.2,0,0,0,0
"쇼핑검색",리콜라레몬맛,모바일,3,0,0,0,1,0,0,0,0
"쇼핑검색",리콜라레몬맛무설탕사탕,모바일,1,0,0,0,1,0,0,0,0
"쇼핑검색",리콜라레몬맛입덧,모바일,1,0,0,0,1,0,0,0,0
"쇼핑검색",리콜라레몬무설탕342,모바일,2,0,0,0,4,0,0,0,0
"쇼핑검색",리콜라레몬민트,PC,16,0,0,0,4.7,0,0,0,0
"쇼핑검색",리콜라레몬민트,모바일,117,5,253,"1,265",3.8,1,0,0,0
"쇼핑검색",리콜라레몬민트342,PC,5,0,0,0,2,0,0,0,0
"쇼핑검색",리콜라레몬민트342,모바일,37,1,253,253,1.6,1,0,0,0
"쇼핑검색",리콜라레몬민트342G,PC,6,0,0,0,2.7,0,0,0,0
"쇼핑검색",리콜라레몬민트342G3개,PC,1,0,0,0,3,0,0,0,0
"쇼핑검색",리콜라레몬민트342몇개,모바일,1,0,0,0,2,0,0,0,0
"쇼핑검색",리콜라레몬민트가격,모바일,1,0,0,0,5,0,0,0,0
"쇼핑검색",리콜라레몬민트맛,모바일,2,0,0,0,1,0,0,0,0
"쇼핑검색",리콜라레몬민트무설탕,PC,2,0,0,0,4.5,0,0,0,0
"쇼핑검색",리콜라레몬민트무설탕,모바일,7,1,385,385,2.7,1,0,0,0
"쇼핑검색",리콜라레몬민트무설탕342,모바일,1,0,0,0,1,0,0,0,0
"쇼핑검색",리콜라레몬민트무설탕342G,모바일,3,0,0,0,4,0,0,0,0
"쇼핑검색",리콜라레몬민트무설탕대용량,모바일,1,0,0,0,5,0,0,0,0
"쇼핑검색",리콜라레몬민트무설탕비교,모바일,4,0,0,0,1.5,0,0,0,0
"쇼핑검색",리콜라레몬민트사탕대용량,모바일,1,0,0,0,5,0,0,0,0
"쇼핑검색",리콜라레몬민트캔디342,모바일,1,0,0,0,1,0,0,0,0
"쇼핑검색",리콜라레몬민트틴케이스,모바일,1,0,0,0,6,0,0,0,0
"쇼핑검색",리콜라레몬민트허브캔디코스트코,모바일,1,0,0,0,6,0,0,0,0
"쇼핑검색",리콜라레몬사탕,PC,4,0,0,0,4.3,0,0,0,0
"쇼핑검색",리콜라레몬사탕,모바일,29,0,0,0,5.9,0,0,0,0
"쇼핑검색",리콜라레몬사탕11200원,모바일,1,0,0,0,1,0,0,0,0
"쇼핑검색",리콜라레몬캔디,PC,2,0,0,0,5,0,0,0,0
"쇼핑검색",리콜라레몬캔디,모바일,3,0,0,0,2,0,0,0,0
"쇼핑검색",리콜라레몬캔디342,PC,1,0,0,0,3,0,0,0,0
"쇼핑검색",리콜라맛,PC,8,0,0,0,1,0,0,0,0
"쇼핑검색",리콜라맛,모바일,18,0,0,0,1,0,0,0,0
"쇼핑검색",리콜라맛추천,모바일,6,0,0,0,1,0,0,0,0
"쇼핑검색",리콜라무설당허브캔디342G,PC,1,0,0,0,3,0,0,0,0
"쇼핑검색",리콜라무설탕,PC,8,0,0,0,4.6,0,0,0,0
"쇼핑검색",리콜라무설탕,모바일,136,3,260,781,2.6,1,0,0,0
"쇼핑검색",리콜라무설탕342,PC,3,0,0,0,3,0,0,0,0
"쇼핑검색",리콜라무설탕342,모바일,4,0,0,0,1.8,0,0,0,0
"쇼핑검색",리콜라무설탕342G,모바일,8,0,0,0,2.9,0,0,0,0
"쇼핑검색",리콜라무설탕글라시어,모바일,2,0,0,0,4,0,0,0,0
"쇼핑검색",리콜라무설탕내돈내산,모바일,1,0,0,0,2,0,0,0,0
"쇼핑검색",리콜라무설탕라즈베리,PC,1,0,0,0,4,0,0,0,0
"쇼핑검색",리콜라무설탕레몬민트,모바일,1,0,0,0,5,0,0,0,0
"쇼핑검색",리콜라무설탕레몬민트틴케이스,모바일,1,0,0,0,5,0,0,0,0
"쇼핑검색",리콜라무설탕레몬캔디100G,모바일,2,0,0,0,3,0,0,0,0
"쇼핑검색",리콜라무설탕맛,모바일,1,0,0,0,1,0,0,0,0
"쇼핑검색",리콜라무설탕캔디,PC,8,0,0,0,1.6,0,0,0,0
"쇼핑검색",리콜라무설탕캔디,모바일,17,0,0,0,4.2,0,0,0,0
"쇼핑검색",리콜라무설탕캔디100G,모바일,1,0,0,0,4,0,0,0,0
"쇼핑검색",리콜라무설탕캔디342,모바일,1,0,0,0,2,0,0,0,0
"쇼핑검색",리콜라무설탕캔디342G,모바일,3,0,0,0,1.7,0,0,0,0
"쇼핑검색",리콜라민트,PC,1,0,0,0,8,0,0,0,0
"쇼핑검색",리콜라민트,모바일,12,0,0,0,4.4,0,0,0,0
"쇼핑검색",리콜라민트맛,모바일,4,0,0,0,1,0,0,0,0
"쇼핑검색",리콜라민트사탕,모바일,1,0,0,0,7,0,0,0,0
"쇼핑검색",리콜라민트허브,모바일,2,0,0,0,8,0,0,0,0
"쇼핑검색",리콜라사탕,PC,3,0,0,0,16,0,0,0,0
"쇼핑검색",리콜라사탕,모바일,3,0,0,0,1.7,0,0,0,0
"쇼핑검색",리콜라사탕342,PC,1,0,0,0,2,0,0,0,0
"쇼핑검색",리콜라사탕레몬민트캔디27.5G,모바일,1,0,0,0,5,0,0,0,0
"쇼핑검색",리콜라사탕맛,모바일,8,0,0,0,1,0,0,0,0
"쇼핑검색",리콜라스위스레몬민트맛캔디,PC,1,0,0,0,2,0,0,0,0
"쇼핑검색",리콜라스위스레몬민트맛캔디,모바일,1,0,0,0,3,0,0,0,0
"쇼핑검색",리콜라스위스캔디레몬민트맛,모바일,1,0,0,0,4,0,0,0,0
"쇼핑검색",리콜라스위스허브캔디레몬민트342G,PC,4,0,0,0,4.3,0,0,0,0
"쇼핑검색",리콜라스위스허브캔디레몬민트맛,모바일,1,0,0,0,3,0,0,0,0
"쇼핑검색",리콜라스위트허브캔디레몬민트맛,모바일,1,0,0,0,1,0,0,0,0
"쇼핑검색",리콜라아이시민트,모바일,1,0,0,0,10,0,0,0,0
"쇼핑검색",리콜라추천맛,모바일,2,0,0,0,1,0,0,0,0
"쇼핑검색",리콜라캔디,PC,31,1,264,264,4.3,1,0,0,0
"쇼핑검색",리콜라캔디,모바일,248,2,308,616,5.8,1,0,0,0
"쇼핑검색",리콜라캔디342,PC,9,0,0,0,1.6,0,0,0,0
"쇼핑검색",리콜라캔디342,모바일,15,0,0,0,2.1,0,0,0,0
"쇼핑검색",리콜라캔디3422개,모바일,3,0,0,0,3,0,0,0,0
"쇼핑검색",리콜라캔디342G,모바일,6,1,264,264,2.5,1,0,0,0
"쇼핑검색",리콜라캔디342G10개,PC,3,0,0,0,2,0,0,0,0
"쇼핑검색",리콜라캔디342G20개,PC,1,0,0,0,6,0,0,0,0
"쇼핑검색",리콜라캔디342G2개,PC,1,0,0,0,3,0,0,0,0
"쇼핑검색",리콜라캔디342G2개,모바일,3,0,0,0,4,0,0,0,0
"쇼핑검색",리콜라캔디레몬,모바일,1,0,0,0,7,0,0,0,0
"쇼핑검색",리콜라캔디레몬민트,PC,1,0,0,0,4,0,0,0,0
"쇼핑검색",리콜라캔디레몬민트,모바일,1,0,0,0,3,0,0,0,0
"쇼핑검색",리콜라캔디레몬민트맛,모바일,1,0,0,0,1,0,0,0,0
"쇼핑검색",리콜라캔디레몬민트맛660G,모바일,1,0,0,0,1,0,0,0,0
"쇼핑검색",리콜라캔디레몬민트무설탕허브100개,PC,2,0,0,0,3,0,0,0,0
"쇼핑검색",리콜라캔디맛,모바일,1,0,0,0,1,0,0,0,0
"쇼핑검색",리콜라캔디맛추천,모바일,1,0,0,0,1,0,0,0,0
"쇼핑검색",리콜라캔디맛후기,모바일,1,0,0,0,1,0,0,0,0
"쇼핑검색",리콜라캔디무설탕,PC,3,0,0,0,1.3,0,0,0,0
"쇼핑검색",리콜라캔디무설탕,모바일,10,0,0,0,2.7,0,0,0,0
"쇼핑검색",리콜라캔디무설탕342,모바일,1,0,0,0,1,0,0,0,0
"쇼핑검색",리콜라캔디무설탕342G,모바일,1,0,0,0,1,0,0,0,0
"쇼핑검색",리콜라캔디민트,PC,3,0,0,0,2.7,0,0,0,0
"쇼핑검색",리콜라캔디와혈당,모바일,1,0,0,0,5,0,0,0,0
"쇼핑검색",리콜라캔디작은거,모바일,1,0,0,0,6,0,0,0,0
"쇼핑검색",리콜라캔디차은우,모바일,1,0,0,0,6,0,0,0,0
"쇼핑검색",리콜라캔디캔,모바일,1,0,0,0,6,0,0,0,0
"쇼핑검색",리콜라크랜베리342,모바일,3,0,0,0,4,0,0,0,0
"쇼핑검색",리콜라크랜베리342G,모바일,1,0,0,0,4,0,0,0,0
"쇼핑검색",리콜라특이한맛,모바일,1,0,0,0,1,0,0,0,0
"쇼핑검색",리콜라틴,모바일,1,0,0,0,7,0,0,0,0
"쇼핑검색",리콜라허니342G,모바일,1,0,0,0,3,0,0,0,0
"쇼핑검색",리콜라허브,모바일,4,0,0,0,1.5,0,0,0,0
"쇼핑검색",리콜라허브맛,모바일,1,0,0,0,1,0,0,0,0
"쇼핑검색",리콜라허브무설탕캔디,PC,3,0,0,0,1.7,0,0,0,0
"쇼핑검색",리콜라허브민트대용량,모바일,2,0,0,0,8,0,0,0,0
"쇼핑검색",리콜라허브캔디,PC,6,0,0,0,10,0,0,0,0
"쇼핑검색",리콜라허브캔디,모바일,17,0,0,0,3.3,0,0,0,0
"쇼핑검색",리콜라허브캔디11200원,모바일,1,0,0,0,1,0,0,0,0
"쇼핑검색",리콜라허브캔디342개수,모바일,2,0,0,0,2,0,0,0,0
"쇼핑검색",리콜라허브캔디레몬민트맛,모바일,1,0,0,0,1,0,0,0,0
"쇼핑검색",리콜라허브캔디추천,모바일,1,0,0,0,1,0,0,0,0
"쇼핑검색",무설탕레몬사탕,모바일,6,0,0,0,9.7,0,0,0,0
"쇼핑검색",무설탕레몬캔디,모바일,2,0,0,0,14.5,0,0,0,0
"쇼핑검색",무설탕리콜라,PC,1,0,0,0,1,0,0,0,0
"쇼핑검색",무설탕리콜라,모바일,6,0,0,0,1.7,0,0,0,0
"쇼핑검색",무설탕리콜라40G,모바일,1,0,0,0,3,0,0,0,0
"쇼핑검색",무설탕리콜라캔디,모바일,2,0,0,0,11,0,0,0,0
"쇼핑검색",무설탕민트,모바일,1,0,0,0,23,0,0,0,0
"쇼핑검색",무설탕민트캔디,모바일,1,0,0,0,18,0,0,0,0
"쇼핑검색",무설탕사탕,PC,2,0,0,0,1.5,0,0,0,0
"쇼핑검색",무설탕사탕,모바일,16,0,0,0,1.3,0,0,0,0
"쇼핑검색",무설탕캔디,PC,6,0,0,0,52.8,0,0,0,0
"쇼핑검색",무설탕캔디,모바일,10,0,0,0,30,0,0,0,0
"쇼핑검색",무설탕캔디342G,모바일,1,0,0,0,2,0,0,0,0
"쇼핑검색",무설탕캔디리콜라,모바일,1,0,0,0,3,0,0,0,0
"쇼핑검색",무설탕허브,모바일,1,0,0,0,4,0,0,0,0
"쇼핑검색",민트맛,모바일,4,0,0,0,9,0,0,0,0
"쇼핑검색",민트맛사탕,모바일,2,0,0,0,9.5,0,0,0,0
"쇼핑검색",민트맛캔디,PC,2,0,0,0,5.5,0,0,0,0
"쇼핑검색",민트맛캔디,모바일,2,0,0,0,7,0,0,0,0
"쇼핑검색",민트사탕,모바일,2,0,0,0,65.5,0,0,0,0
"쇼핑검색",민트캔디,PC,1,0,0,0,36,0,0,0,0
"쇼핑검색",민트캔디,모바일,5,0,0,0,48.2,0,0,0,0
"쇼핑검색",보라CC커피가격,모바일,1,0,0,0,1,0,0,0,0
"쇼핑검색",브렉퍼스트1.13KG,PC,3,0,0,0,1,0,0,0,0
"쇼핑검색",브렉퍼스트1.13KG,모바일,2,0,0,0,1,0,0,0,0
"쇼핑검색",브렉퍼스트블렌드,PC,7,0,0,0,1.6,0,0,0,0
"쇼핑검색",브렉퍼스트블렌드,모바일,20,0,0,0,1.5,0,0,0,0
"쇼핑검색",브렉퍼스트블렌드홀빈,모바일,1,0,0,0,1,0,0,0,0
"쇼핑검색",브렉퍼스트스벅,모바일,1,0,0,0,2,0,0,0,0
"쇼핑검색",브렉퍼스트카페인,PC,2,0,0,0,1.5,0,0,0,0
"쇼핑검색",브렉퍼스트커피,PC,3,1,275,275,1.7,1,0,0,0
"쇼핑검색",브렉퍼스트커피,모바일,1,0,0,0,2,0,0,0,0
"쇼핑검색",브렉퍼스트홀빈,모바일,5,0,0,0,2,0,0,0,0
"쇼핑검색",브렉퍼스트홀빈1.13KG,PC,6,0,0,0,1,0,0,0,0
"쇼핑검색",비비고,PC,12,0,0,0,7,0,0,0,0
"쇼핑검색",비비고,모바일,3,0,0,0,19,0,0,0,0
"쇼핑검색",비비고사골곰탕,PC,3,0,0,0,9.3,0,0,0,0
"쇼핑검색",비비고사골곰탕,모바일,20,0,0,0,8.1,0,0,0,0
"쇼핑검색",비비고사골곰탕500,PC,1,0,0,0,9,0,0,0,0
"쇼핑검색",비비고사골곰탕500,모바일,1,0,0,0,9,0,0,0,0
"쇼핑검색",비비고사골곰탕500G,PC,3,0,0,0,4.3,0,0,0,0
"쇼핑검색",비비고사골곰탕500G,모바일,8,0,0,0,7.8,0,0,0,0
"쇼핑검색",비비고사골곰탕500G4,PC,1,0,0,0,1,0,0,0,0
"쇼핑검색",비비고사골곰탕500GX,PC,1,0,0,0,2,0,0,0,0
"쇼핑검색",비비고사골곰탕500GX18개,모바일,1,0,0,0,3,0,0,0,0
"쇼핑검색",비비고사골곰탕500GX8개,모바일,1,0,0,0,2,0,0,0,0
"쇼핑검색",비비고프리미엄곰탕460GX4,PC,1,0,0,0,1,0,0,0,0
"쇼핑검색",비아파이크플레이스,모바일,2,0,0,0,3,0,0,0,0
"쇼핑검색",비치형탈취제,모바일,1,0,0,0,8,0,0,0,0
"쇼핑검색",사골곰탕,PC,1,0,0,0,3,0,0,0,0
"쇼핑검색",사탕,PC,3,0,0,0,89.3,0,0,0,0
"쇼핑검색",사탕,모바일,3,0,0,0,95,0,0,0,0
"쇼핑검색",사탕RICOLA342,PC,1,0,0,0,3,0,0,0,0
"쇼핑검색",사탕레몬맛,모바일,1,0,0,0,10,0,0,0,0
"쇼핑검색",사탕무설탕,PC,2,0,0,0,1,0,0,0,0
"쇼핑검색",사탕무설탕,모바일,1,0,0,0,1,0,0,0,0
"쇼핑검색",상큼한과자,PC,1,0,0,0,2,0,0,0,0
"쇼핑검색",상큼한과자,모바일,6,0,0,0,2,0,0,0,0
"쇼핑검색",상큼한맛,PC,4,0,0,0,2,0,0,0,0
"쇼핑검색",상큼한맛,모바일,2,0,0,0,2,0,0,0,0
"쇼핑검색",상큼한무설탕캔디,PC,1,0,0,0,1,0,0,0,0
"쇼핑검색",상큼한민트,모바일,1,0,0,0,1,0,0,0,0
"쇼핑검색",상큼한비타씨사탕,모바일,1,0,0,0,5,0,0,0,0
"쇼핑검색",상큼한비타씨캔디,모바일,1,0,0,0,1,0,0,0,0
"쇼핑검색",상큼한사탕,PC,4,0,0,0,1,0,0,0,0
"쇼핑검색",상큼한사탕,모바일,20,0,0,0,1.1,0,0,0,0
"쇼핑검색",상큼한종류맛,모바일,1,0,0,0,2,0,0,0,0
"쇼핑검색",상큼한캔디,PC,2,0,0,0,1,0,0,0,0
"쇼핑검색",상큼한캔디,모바일,6,0,0,0,1,0,0,0,0
"쇼핑검색",서서울CC커피가격,모바일,1,0,0,0,1,0,0,0,0
"쇼핑검색",세라지오CC스타벅스,모바일,1,0,0,0,1,0,0,0,0
"쇼핑검색",솔모로CC커피로스팅,모바일,1,0,0,0,1,0,0,0,0
"쇼핑검색",스벅브렉퍼스트블렌드,모바일,2,0,0,0,1.5,0,0,0,0
"쇼핑검색",스벅원두,모바일,6,0,0,0,13.3,0,0,0,0
"쇼핑검색",스벅원두1.13,모바일,1,0,0,0,6,0,0,0,0
"쇼핑검색",스벅커피원두,모바일,1,0,0,0,12,0,0,0,0
"쇼핑검색",스벅홀빈,모바일,1,0,0,0,8,0,0,0,0
"쇼핑검색",스타벅스1.13,PC,1,0,0,0,4,0,0,0,0
"쇼핑검색",스타벅스1.13,모바일,1,0,0,0,5,0,0,0,0
"쇼핑검색",스타벅스1.13KG,PC,2,0,0,0,7,0,0,0,0
"쇼핑검색",스타벅스1.13KG,모바일,7,0,0,0,7.9,0,0,0,0
"쇼핑검색",스타벅스1.13브렉퍼스트,모바일,1,0,0,0,1,0,0,0,0
"쇼핑검색",스타벅스베로나원두,모바일,2,0,0,0,1,0,0,0,0
"쇼핑검색",스타벅스분쇄,모바일,3,0,0,0,7.3,0,0,0,0
"쇼핑검색",스타벅스분쇄원두,PC,1,0,0,0,12,0,0,0,0
"쇼핑검색",스타벅스분쇄원두,모바일,6,0,0,0,11.3,0,0,0,0
"쇼핑검색",스타벅스분쇄커피,모바일,1,0,0,0,12,0,0,0,0
"쇼핑검색",스타벅스브랙퍼스트,모바일,1,0,0,0,2,0,0,0,0
"쇼핑검색",스타벅스브렉퍼스트,PC,16,1,253,253,1,1,0,0,0
"쇼핑검색",스타벅스브렉퍼스트,모바일,10,1,209,209,4.8,1,0,0,0
"쇼핑검색",스타벅스브렉퍼스트1.13,PC,5,0,0,0,1,0,0,0,0
"쇼핑검색",스타벅스브렉퍼스트1.13,모바일,1,0,0,0,2,0,0,0,0
"쇼핑검색",스타벅스브렉퍼스트1.13KG,PC,3,0,0,0,1,0,0,0,0
"쇼핑검색",스타벅스브렉퍼스트1.13KG,모바일,1,0,0,0,21,0,0,0,0
"쇼핑검색",스타벅스브렉퍼스트브랜드원두,모바일,1,0,0,0,2,0,0,0,0
"쇼핑검색",스타벅스브렉퍼스트브랜드원두추천,모바일,1,0,0,0,2,0,0,0,0
"쇼핑검색",스타벅스브렉퍼스트블렌드,PC,12,1,253,253,1.6,1,0,0,0
"쇼핑검색",스타벅스브렉퍼스트블렌드,모바일,13,2,154,308,1.5,1,0,0,0
"쇼핑검색",스타벅스브렉퍼스트블렌드1.13KG,모바일,1,0,0,0,1,0,0,0,0
"쇼핑검색",스타벅스브렉퍼스트블렌드마일드,PC,5,0,0,0,2,0,0,0,0
"쇼핑검색",스타벅스브렉퍼스트블렌드분쇄,모바일,1,0,0,0,1,0,0,0,0
"쇼핑검색",스타벅스브렉퍼스트블렌드원두,모바일,2,0,0,0,1.5,0,0,0,0
"쇼핑검색",스타벅스브렉퍼스트블렌드커피원두,PC,1,0,0,0,2,0,0,0,0
"쇼핑검색",스타벅스브렉퍼스트블렌드홀빈,모바일,2,0,0,0,1,0,0,0,0
"쇼핑검색",스타벅스브렉퍼스트블렌드홀빈1.13,모바일,2,0,0,0,1,0,0,0,0
"쇼핑검색",스타벅스브렉퍼스트블렌드홀빈구매처,모바일,2,0,0,0,2,0,0,0,0
"쇼핑검색",스타벅스브렉퍼스트샌드위치,모바일,1,0,0,0,2,0,0,0,0
"쇼핑검색",스타벅스브렉퍼스트시간,모바일,2,0,0,0,2,0,0,0,0
"쇼핑검색",스타벅스브렉퍼스트원두,PC,35,0,0,0,1.6,0,0,0,0
"쇼핑검색",스타벅스브렉퍼스트원두,모바일,20,0,0,0,2,0,0,0,0
"쇼핑검색",스타벅스브렉퍼스트카페인,모바일,1,0,0,0,2,0,0,0,0
"쇼핑검색",스타벅스브렉퍼스트커피원두,PC,4,0,0,0,1.8,0,0,0,0
"쇼핑검색",스타벅스브렉퍼스트티라떼,PC,1,0,0,0,2,0,0,0,0
"쇼핑검색",스타벅스브렉퍼스트홀빈,PC,2,0,0,0,1.5,0,0,0,0
"쇼핑검색",스타벅스브렉퍼스트홀빈,모바일,7,0,0,0,2,0,0,0,0
"쇼핑검색",스타벅스브렉퍼스트홀빈1.13KG,PC,1,0,0,0,1,0,0,0,0
"쇼핑검색",스타벅스블랙퍼스트1.13KG,모바일,1,0,0,0,5,0,0,0,0
"쇼핑검색",스타벅스에스프레소로스트,모바일,1,0,0,0,1,0,0,0,0
"쇼핑검색",스타벅스에스프레소로스트홀빈,모바일,1,0,0,0,3,0,0,0,0
"쇼핑검색",스타벅스에스프레소홀빈,모바일,1,0,0,0,1,0,0,0,0
"쇼핑검색",스타벅스원두,PC,76,0,0,0,9.8,0,0,0,0
"쇼핑검색",스타벅스원두,모바일,326,0,0,0,10.4,0,0,0,0
"쇼핑검색",스타벅스원두1.13,PC,3,0,0,0,4.3,0,0,0,0
"쇼핑검색",스타벅스원두1.13,모바일,14,0,0,0,6.1,0,0,0,0
"쇼핑검색",스타벅스원두1.13KG,모바일,3,0,0,0,15.7,0,0,0,0
"쇼핑검색",스타벅스원두가격,모바일,3,0,0,0,9.7,0,0,0,0
"쇼핑검색",스타벅스원두구매추천,PC,1,0,0,0,10,0,0,0,0
"쇼핑검색",스타벅스원두분쇄커피,모바일,2,0,0,0,12,0,0,0,0
"쇼핑검색",스타벅스원두브렉퍼스트,PC,4,0,0,0,1.5,0,0,0,0
"쇼핑검색",스타벅스원두브렉퍼스트브랜드,PC,1,0,0,0,2,0,0,0,0
"쇼핑검색",스타벅스원두브렉퍼스트블렌드,모바일,7,0,0,0,1.6,0,0,0,0
"쇼핑검색",스타벅스원두블랙퍼스트,모바일,1,0,0,0,1,0,0,0,0
"쇼핑검색",스타벅스원두커피,PC,7,0,0,0,11.1,0,0,0,0
"쇼핑검색",스타벅스원두커피,모바일,28,0,0,0,11.4,0,0,0,0
"쇼핑검색",스타벅스원두커피추천,모바일,2,0,0,0,26.5,0,0,0,0
"쇼핑검색",스타벅스원두콩,모바일,1,0,0,0,2,0,0,0,0
"쇼핑검색",스타벅스원두홀빈,PC,2,0,0,0,9,0,0,0,0
"쇼핑검색",스타벅스원두홀빈,모바일,3,0,0,0,11,0,0,0,0
"쇼핑검색",스타벅스원두홀빈1.13,모바일,1,0,0,0,6,0,0,0,0
"쇼핑검색",스타벅스원두홀빈1.13KG,PC,1,0,0,0,16,0,0,0,0
"쇼핑검색",스타벅스원두홀빈브렉퍼스트드립,PC,1,0,0,0,2,0,0,0,0
"쇼핑검색",스타벅스유통기한임박,모바일,1,0,0,0,1,0,0,0,0
"쇼핑검색",스타벅스잉글리쉬브렉퍼스트,PC,5,0,0,0,2,0,0,0,0
"쇼핑검색",스타벅스잉글리쉬브렉퍼스트,모바일,30,0,0,0,2,0,0,0,0
"쇼핑검색",스타벅스잉글리쉬브렉퍼스트카페인,모바일,1,0,0,0,2,0,0,0,0
"쇼핑검색",스타벅스잉글리시브렉퍼스트,PC,1,0,0,0,2,0,0,0,0
"쇼핑검색",스타벅스잉글리시브렉퍼스트,모바일,1,0,0,0,2,0,0,0,0
"쇼핑검색",스타벅스카페베로나,모바일,2,0,0,0,5,0,0,0,0
"쇼핑검색",스타벅스카페베로나블렌드,PC,1,0,0,0,1,0,0,0,0
"쇼핑검색",스타벅스커피,PC,2,0,0,0,27,0,0,0,0
"쇼핑검색",스타벅스커피,모바일,7,0,0,0,20.6,0,0,0,0
"쇼핑검색",스타벅스커피1000,모바일,2,0,0,0,1,0,0,0,0
"쇼핑검색",스타벅스커피원두,PC,3,0,0,0,10.7,0,0,0,0
"쇼핑검색",스타벅스커피원두,모바일,5,0,0,0,12.4,0,0,0,0
"쇼핑검색",스타벅스커피원두1.13KG,PC,1,0,0,0,8,0,0,0,0
"쇼핑검색",스타벅스커피원두1.13KG,모바일,1,0,0,0,9,0,0,0,0
"쇼핑검색",스타벅스커피원두가격,모바일,1,0,0,0,11,0,0,0,0
"쇼핑검색",스타벅스커피하우스블랜드,모바일,1,0,0,0,6,0,0,0,0
"쇼핑검색",스타벅스파이크플레이스1.13,모바일,1,0,0,0,3,0,0,0,0
"쇼핑검색",스타벅스프렌치로스트다홀빈크,모바일,2,0,0,0,1,0,0,0,0
"쇼핑검색",스타벅스홀빈,PC,9,0,0,0,7.2,0,0,0,0
"쇼핑검색",스타벅스홀빈,모바일,28,0,0,0,9.2,0,0,0,0
"쇼핑검색",스타벅스홀빈1.13,PC,1,0,0,0,3,0,0,0,0
"쇼핑검색",스타벅스홀빈1.13,모바일,2,0,0,0,5,0,0,0,0
"쇼핑검색",스타벅스홀빈1.13KG,PC,5,0,0,0,7.4,0,0,0,0
"쇼핑검색",스타벅스홀빈1.13KG,모바일,14,0,0,0,8.9,0,0,0,0
"쇼핑검색",스타벅스홀빈브렉퍼스트,모바일,1,0,0,0,2,0,0,0,0
"쇼핑검색",스타벅스홀빈원두,PC,4,0,0,0,13.3,0,0,0,0
"쇼핑검색",스타벅스홀빈원두,모바일,4,0,0,0,10,0,0,0,0
"쇼핑검색",시큼한사탕,PC,1,0,0,0,1,0,0,0,0
"쇼핑검색",시큼한사탕,모바일,2,0,0,0,1,0,0,0,0
"쇼핑검색",실내비치형탈취제,모바일,2,0,0,0,5.5,0,0,0,0
"쇼핑검색",씬디무설탕레몬맛캔디,모바일,1,0,0,0,2,0,0,0,0
"쇼핑검색",여주CC커피가격,모바일,1,0,0,0,1,0,0,0,0
"쇼핑검색",원두,모바일,6,0,0,0,3.8,0,0,0,0
"쇼핑검색",원두1.13,PC,1,0,0,0,12,0,0,0,0
"쇼핑검색",원두구매스타벅스,PC,1,0,0,0,13,0,0,0,0
"쇼핑검색",원두스타벅스브렉퍼스트,모바일,2,0,0,0,2,0,0,0,0
"쇼핑검색",원두임박,모바일,1,0,0,0,1,0,0,0,0
"쇼핑검색",원두커피홀빈,PC,1,0,0,0,5,0,0,0,0
"쇼핑검색",유통기한임박원두,모바일,1,0,0,0,1,0,0,0,0
"쇼핑검색",은화삼CC음료,PC,1,0,0,0,2,0,0,0,0
"쇼핑검색",이탈리아리콜라맛추천,모바일,1,0,0,0,1,0,0,0,0
"쇼핑검색",일본스타벅스브렉퍼스트블렌드원두,모바일,1,0,0,0,2,0,0,0,0
"쇼핑검색",잉글리시브렉퍼스트스타벅스,모바일,1,0,0,0,2,0,0,0,0
"쇼핑검색",자유CC스타벅스커피,모바일,1,0,0,0,1,0,0,0,0
"쇼핑검색",자유CC스타벅스커피가격,모바일,2,0,0,0,1,0,0,0,0
"쇼핑검색",쫀득민트레몬맛,모바일,1,0,0,0,1,0,0,0,0
"쇼핑검색",천CC커피,모바일,1,0,0,0,1,0,0,0,0
"쇼핑검색",천CC커피카페인,모바일,1,0,0,0,1,0,0,0,0
"쇼핑검색",초코민트허브맛,모바일,1,0,0,0,1,0,0,0,0
"쇼핑검색",추억의레몬맛캔디,모바일,1,0,0,0,10,0,0,0,0
"쇼핑검색",카페베로나,모바일,2,0,0,0,1,0,0,0,0
"쇼핑검색",카페베로나1.13KG,모바일,1,0,0,0,1,0,0,0,0
"쇼핑검색",캔디,모바일,1,0,0,0,82,0,0,0,0
"쇼핑검색",커피원두,모바일,1,0,0,0,8,0,0,0,0
"쇼핑검색",커피원두1.13KG,모바일,1,0,0,0,10,0,0,0,0
"쇼핑검색",커피원두유통기한,모바일,1,0,0,0,2,0,0,0,0
"쇼핑검색",커피홀빈,모바일,1,0,0,0,6,0,0,0,0
"쇼핑검색",코스트코스타벅스브렉퍼스트블렌드,모바일,1,0,0,0,5,0,0,0,0
"쇼핑검색",타먹는원두,모바일,1,0,0,0,3,0,0,0,0
"쇼핑검색",탈취제비치형,PC,1,0,0,0,18,0,0,0,0
"쇼핑검색",트레이더스스타벅스브렉퍼스트커피원두,모바일,2,0,0,0,2,0,0,0,0
"쇼핑검색",파이크플레이스1.13,모바일,1,0,0,0,3,0,0,0,0
"쇼핑검색",페를레디솔레레몬맛캔디(레몬에센셜오,모바일,1,0,0,0,8,0,0,0,0
"쇼핑검색",페브리즈비취형방향제,모바일,1,0,0,0,86,0,0,0,0
"쇼핑검색",항암상큼한사탕,모바일,2,0,0,0,1,0,0,0,0
"쇼핑검색",해솔리아CC음료,모바일,1,0,0,0,2,0,0,0,0
"쇼핑검색",허브민트,모바일,3,0,0,0,10,0,0,0,0
"쇼핑검색",허브민트맛,모바일,2,0,0,0,1,0,0,0,0
"쇼핑검색",허브민트사탕,모바일,1,0,0,0,8,0,0,0,0
"쇼핑검색",허브민트캔디,모바일,2,0,0,0,9,0,0,0,0
"쇼핑검색",허브사탕,PC,2,0,0,0,15,0,0,0,0
"쇼핑검색",허브사탕,모바일,2,0,0,0,5,0,0,0,0
"쇼핑검색",허브캔디,PC,3,0,0,0,17,0,0,0,0
"쇼핑검색",허브캔디,모바일,5,0,0,0,4.6,0,0,0,0
"쇼핑검색",홀빈스타벅스,모바일,1,0,0,0,7,0,0,0,0
"쇼핑검색",화장실방향제,PC,1,0,0,0,95,0,0,0,0
"쇼핑검색",화장실방향제,모바일,3,0,0,0,72.3,0,0,0,0
