﻿"플레이스보고서(2025.06.01.~2025.06.30.),yhchoi1258:naver"
"캠페인유형",캠페인,광고그룹,PC/모바일 매체,검색어,노출수,클릭수,"평균클릭비용(VAT포함,원)","총비용(VAT포함,원)",평균노출순위
"파워링크",파워링크#1,파워링크#1_광고그룹#1,PC,송도닭갈비,144,0,0,0,1.4
"파워링크",파워링크#1,파워링크#1_광고그룹#1,PC,송도닭갈비맛집,13,0,0,0,1.5
"파워링크",파워링크#1,파워링크#1_광고그룹#1,PC,송도맛집,"1,229",0,0,0,4.1
"파워링크",파워링크#1,파워링크#1_광고그룹#1,PC,송도부대찌개,105,0,0,0,1.2
"파워링크",파워링크#1,파워링크#1_광고그룹#1,PC,송도부대찌개맛집,19,0,0,0,1.1
"파워링크",파워링크#1,파워링크#1_광고그룹#1,PC,인천닭갈비,116,0,0,0,1.6
"파워링크",파워링크#1,파워링크#1_광고그룹#1,PC,인천맛집,31,0,0,0,22.2
"파워링크",파워링크#1,파워링크#1_광고그룹#1,PC,인천부대찌개,81,0,0,0,2.1
"파워링크",파워링크#1,파워링크#1_광고그룹#1,모바일,송도닭갈비,"1,415",2,253,506,1.5
"파워링크",파워링크#1,파워링크#1_광고그룹#1,모바일,송도닭갈비맛집,171,1,77,77,1.7
"파워링크",파워링크#1,파워링크#1_광고그룹#1,모바일,송도맛집,"1,180",8,330,"2,640",9.8
"파워링크",파워링크#1,파워링크#1_광고그룹#1,모바일,송도부대찌개,831,1,352,352,1.6
"파워링크",파워링크#1,파워링크#1_광고그룹#1,모바일,송도부대찌개맛집,233,0,0,0,1.3
"파워링크",파워링크#1,파워링크#1_광고그룹#1,모바일,송도부대찌게,1,0,0,0,1
"파워링크",파워링크#1,파워링크#1_광고그룹#1,모바일,인천닭갈비,623,1,99,99,1.6
"파워링크",파워링크#1,파워링크#1_광고그룹#1,모바일,인천맛집,162,2,325,649,26.1
"파워링크",파워링크#1,파워링크#1_광고그룹#1,모바일,인천부대찌개,546,0,0,0,2.1
"플레이스",플레이스#1,플레이스#1_광고그룹#1,PC,-,33,1,88,88,2.8
"플레이스",플레이스#1,플레이스#1_광고그룹#1,PC,국제업무지구역맛집,2,0,0,0,1
"플레이스",플레이스#1,플레이스#1_광고그룹#1,PC,근처김치찌개,3,0,0,0,1.7
"플레이스",플레이스#1,플레이스#1_광고그룹#1,PC,근처맛집,2,0,0,0,4
"플레이스",플레이스#1,플레이스#1_광고그룹#1,PC,근처부대찌개,2,1,77,77,1
"플레이스",플레이스#1,플레이스#1_광고그룹#1,PC,근처식당,5,0,0,0,1
"플레이스",플레이스#1,플레이스#1_광고그룹#1,PC,김치찌개,33,1,55,55,1.5
"플레이스",플레이스#1,플레이스#1_광고그룹#1,PC,닭갈비,59,3,77,231,1.1
"플레이스",플레이스#1,플레이스#1_광고그룹#1,PC,닭갈비맛집,2,0,0,0,1
"플레이스",플레이스#1,플레이스#1_광고그룹#1,PC,닭갈비송도,3,0,0,0,1
"플레이스",플레이스#1,플레이스#1_광고그룹#1,PC,닭갈비인천,1,0,0,0,2
"플레이스",플레이스#1,플레이스#1_광고그룹#1,PC,맛집,34,5,156,781,1.7
"플레이스",플레이스#1,플레이스#1_광고그룹#1,PC,부대찌개,34,4,74,297,1
"플레이스",플레이스#1,플레이스#1_광고그룹#1,PC,부대찌개맛집,4,0,0,0,1
"플레이스",플레이스#1,플레이스#1_광고그룹#1,PC,부대찌개맛집인천,1,0,0,0,3
"플레이스",플레이스#1,플레이스#1_광고그룹#1,PC,부대찌개송도,2,0,0,0,1
"플레이스",플레이스#1,플레이스#1_광고그룹#1,PC,부대찌개인천,2,0,0,0,1
"플레이스",플레이스#1,플레이스#1_광고그룹#1,PC,센트럴파크닭갈비,3,0,0,0,1
"플레이스",플레이스#1,플레이스#1_광고그룹#1,PC,송도김치찌개,68,1,77,77,1.6
"플레이스",플레이스#1,플레이스#1_광고그룹#1,PC,송도김치찌개맛집,50,3,81,242,1.6
"플레이스",플레이스#1,플레이스#1_광고그룹#1,PC,송도닭갈비,234,4,105,418,1
"플레이스",플레이스#1,플레이스#1_광고그룹#1,PC,송도닭갈비맛집,15,0,0,0,1
"플레이스",플레이스#1,플레이스#1_광고그룹#1,PC,송도동김치찌개,1,0,0,0,2
"플레이스",플레이스#1,플레이스#1_광고그룹#1,PC,송도동무한리필,3,0,0,0,1
"플레이스",플레이스#1,플레이스#1_광고그룹#1,PC,송도맛집,16,4,253,"1,012",2.6
"플레이스",플레이스#1,플레이스#1_광고그룹#1,PC,송도무한리필,161,4,72,286,1.9
"플레이스",플레이스#1,플레이스#1_광고그룹#1,PC,송도부대찌개,131,9,122,"1,100",1
"플레이스",플레이스#1,플레이스#1_광고그룹#1,PC,송도부대찌개맛집,27,2,77,154,1
"플레이스",플레이스#1,플레이스#1_광고그룹#1,PC,송도센트럴파크닭갈비,3,0,0,0,1
"플레이스",플레이스#1,플레이스#1_광고그룹#1,PC,송도센트럴파크부대찌개,5,1,77,77,1
"플레이스",플레이스#1,플레이스#1_광고그룹#1,PC,송도식당,2,0,0,0,1
"플레이스",플레이스#1,플레이스#1_광고그룹#1,PC,송도신도시닭갈비,7,0,0,0,1.9
"플레이스",플레이스#1,플레이스#1_광고그룹#1,PC,송도신도시무한리필,5,0,0,0,2.4
"플레이스",플레이스#1,플레이스#1_광고그룹#1,PC,송도신도시부대찌개,8,1,198,198,1.5
"플레이스",플레이스#1,플레이스#1_광고그룹#1,PC,송도전골,10,0,0,0,1.9
"플레이스",플레이스#1,플레이스#1_광고그룹#1,PC,송도전골맛집,11,0,0,0,1.2
"플레이스",플레이스#1,플레이스#1_광고그룹#1,PC,송도찌개,46,0,0,0,1.5
"플레이스",플레이스#1,플레이스#1_광고그룹#1,PC,송도찌개맛집,14,0,0,0,1.5
"플레이스",플레이스#1,플레이스#1_광고그룹#1,PC,송도찌게,1,0,0,0,1
"플레이스",플레이스#1,플레이스#1_광고그룹#1,PC,송도한식맛집,1,0,0,0,12
"플레이스",플레이스#1,플레이스#1_광고그룹#1,PC,식당,27,2,165,330,1.7
"플레이스",플레이스#1,플레이스#1_광고그룹#1,PC,연수구김치찌개,4,0,0,0,3.3
"플레이스",플레이스#1,플레이스#1_광고그룹#1,PC,연수구닭갈비,11,0,0,0,1.5
"플레이스",플레이스#1,플레이스#1_광고그룹#1,PC,연수구닭갈비맛집,1,0,0,0,2
"플레이스",플레이스#1,플레이스#1_광고그룹#1,PC,연수구맛집,1,0,0,0,1
"플레이스",플레이스#1,플레이스#1_광고그룹#1,PC,연수구무한리필,11,0,0,0,1.7
"플레이스",플레이스#1,플레이스#1_광고그룹#1,PC,연수구부대찌개,9,0,0,0,1
"플레이스",플레이스#1,플레이스#1_광고그룹#1,PC,음식점,433,65,147,"9,581",1.9
"플레이스",플레이스#1,플레이스#1_광고그룹#1,PC,인천김치찌개맛집,1,0,0,0,10
"플레이스",플레이스#1,플레이스#1_광고그룹#1,PC,인천닭갈비,17,0,0,0,3.5
"플레이스",플레이스#1,플레이스#1_광고그룹#1,PC,인천닭갈비맛집,15,1,253,253,4.9
"플레이스",플레이스#1,플레이스#1_광고그룹#1,PC,인천대입구역닭갈비,3,0,0,0,1
"플레이스",플레이스#1,플레이스#1_광고그룹#1,PC,인천무한리필,38,2,231,462,6.5
"플레이스",플레이스#1,플레이스#1_광고그룹#1,PC,인천부대찌개,33,1,187,187,2.6
"플레이스",플레이스#1,플레이스#1_광고그룹#1,PC,인천부대찌개맛집,27,1,165,165,2.5
"플레이스",플레이스#1,플레이스#1_광고그룹#1,PC,인천송도김치찌개,16,1,242,242,1.6
"플레이스",플레이스#1,플레이스#1_광고그룹#1,PC,인천송도김치찌개맛집,5,0,0,0,2
"플레이스",플레이스#1,플레이스#1_광고그룹#1,PC,인천송도닭갈비,23,1,77,77,1.1
"플레이스",플레이스#1,플레이스#1_광고그룹#1,PC,인천송도무한리필,25,0,0,0,2
"플레이스",플레이스#1,플레이스#1_광고그룹#1,PC,인천송도부대찌개,9,0,0,0,1
"플레이스",플레이스#1,플레이스#1_광고그룹#1,PC,인천송도부대찌개맛집,3,0,0,0,1
"플레이스",플레이스#1,플레이스#1_광고그룹#1,PC,인천송도전골,2,0,0,0,1
"플레이스",플레이스#1,플레이스#1_광고그룹#1,PC,인천연수구김치찌개맛집,2,0,0,0,2
"플레이스",플레이스#1,플레이스#1_광고그룹#1,PC,인천연수구닭갈비,4,0,0,0,2
"플레이스",플레이스#1,플레이스#1_광고그룹#1,PC,인천연수구무한리필,3,0,0,0,2
"플레이스",플레이스#1,플레이스#1_광고그룹#1,PC,인천연수구부대찌개,1,0,0,0,1
"플레이스",플레이스#1,플레이스#1_광고그룹#1,PC,인천찌개,2,1,253,253,2
"플레이스",플레이스#1,플레이스#1_광고그룹#1,PC,인천찌개맛집,1,0,0,0,2
"플레이스",플레이스#1,플레이스#1_광고그룹#1,PC,전골,3,0,0,0,2.3
"플레이스",플레이스#1,플레이스#1_광고그룹#1,PC,주변부대찌개,1,1,77,77,1
"플레이스",플레이스#1,플레이스#1_광고그룹#1,PC,찌개,8,0,0,0,1.3
"플레이스",플레이스#1,플레이스#1_광고그룹#1,PC,찌게,2,0,0,0,1.5
"플레이스",플레이스#1,플레이스#1_광고그룹#1,PC,커낼워크맛집,1,0,0,0,12
"플레이스",플레이스#1,플레이스#1_광고그룹#1,PC,커넬워크맛집,4,1,275,275,10.5
"플레이스",플레이스#1,플레이스#1_광고그룹#1,PC,커넬워크부대찌개,4,0,0,0,1
"플레이스",플레이스#1,플레이스#1_광고그룹#1,PC,커넬워크한식,3,0,0,0,8.3
"플레이스",플레이스#1,플레이스#1_광고그룹#1,PC,한식,2,0,0,0,1.5
"플레이스",플레이스#1,플레이스#1_광고그룹#1,모바일,-,170,4,165,660,2.1
"플레이스",플레이스#1,플레이스#1_광고그룹#1,모바일,가까운부대찌개,2,2,77,154,1
"플레이스",플레이스#1,플레이스#1_광고그룹#1,모바일,근처김치찌개,15,1,88,88,1.8
"플레이스",플레이스#1,플레이스#1_광고그룹#1,모바일,근처닭갈비,11,2,132,264,1.1
"플레이스",플레이스#1,플레이스#1_광고그룹#1,모바일,근처맛집,445,6,218,"1,309",3.4
"플레이스",플레이스#1,플레이스#1_광고그룹#1,모바일,근처부대찌개,13,2,121,242,1
"플레이스",플레이스#1,플레이스#1_광고그룹#1,모바일,근처식당,236,3,242,726,3.6
"플레이스",플레이스#1,플레이스#1_광고그룹#1,모바일,근처음식,2,0,0,0,4
"플레이스",플레이스#1,플레이스#1_광고그룹#1,모바일,근처음식점,16,1,242,242,1.8
"플레이스",플레이스#1,플레이스#1_광고그룹#1,모바일,근처찌개,9,1,77,77,1
"플레이스",플레이스#1,플레이스#1_광고그룹#1,모바일,근처찌개집,2,0,0,0,1
"플레이스",플레이스#1,플레이스#1_광고그룹#1,모바일,근처한식,7,0,0,0,1
"플레이스",플레이스#1,플레이스#1_광고그룹#1,모바일,근처한식맛집,1,0,0,0,4
"플레이스",플레이스#1,플레이스#1_광고그룹#1,모바일,근처한식집,9,1,264,264,6.9
"플레이스",플레이스#1,플레이스#1_광고그룹#1,모바일,김치찌개,503,14,127,"1,782",1.6
"플레이스",플레이스#1,플레이스#1_광고그룹#1,모바일,김치찌개맛집,39,1,88,88,1.5
"플레이스",플레이스#1,플레이스#1_광고그룹#1,모바일,남동공단김치찌개,2,0,0,0,5
"플레이스",플레이스#1,플레이스#1_광고그룹#1,모바일,내근처맛집,55,1,275,275,3.4
"플레이스",플레이스#1,플레이스#1_광고그룹#1,모바일,내근처부대찌개,1,0,0,0,1
"플레이스",플레이스#1,플레이스#1_광고그룹#1,모바일,내근처식당,11,0,0,0,4
"플레이스",플레이스#1,플레이스#1_광고그룹#1,모바일,내주변맛집,62,0,0,0,3.4
"플레이스",플레이스#1,플레이스#1_광고그룹#1,모바일,내주변식당,22,0,0,0,1.5
"플레이스",플레이스#1,플레이스#1_광고그룹#1,모바일,닭갈비,812,18,125,"2,255",1.3
"플레이스",플레이스#1,플레이스#1_광고그룹#1,모바일,닭갈비맛집,39,2,77,154,1.2
"플레이스",플레이스#1,플레이스#1_광고그룹#1,모바일,닭갈비맛집인천,1,0,0,0,3
"플레이스",플레이스#1,플레이스#1_광고그룹#1,모바일,닭갈비송도,52,0,0,0,1.5
"플레이스",플레이스#1,플레이스#1_광고그룹#1,모바일,닭갈비인천,24,0,0,0,7.3
"플레이스",플레이스#1,플레이스#1_광고그룹#1,모바일,맛집,"1,012",9,211,"1,903",3.2
"플레이스",플레이스#1,플레이스#1_광고그룹#1,모바일,부대찌개,753,76,108,"8,228",1.2
"플레이스",플레이스#1,플레이스#1_광고그룹#1,모바일,부대찌개맛집,46,6,77,462,1.3
"플레이스",플레이스#1,플레이스#1_광고그룹#1,모바일,부대찌개맛집인천,1,0,0,0,5
"플레이스",플레이스#1,플레이스#1_광고그룹#1,모바일,부대찌개송도,50,4,204,814,1.6
"플레이스",플레이스#1,플레이스#1_광고그룹#1,모바일,부대찌개인천,4,0,0,0,1.3
"플레이스",플레이스#1,플레이스#1_광고그룹#1,모바일,부대찌게,22,4,77,308,1.2
"플레이스",플레이스#1,플레이스#1_광고그룹#1,모바일,센트럴파크닭갈비,23,1,77,77,1
"플레이스",플레이스#1,플레이스#1_광고그룹#1,모바일,센트럴파크맛집,16,0,0,0,6.8
"플레이스",플레이스#1,플레이스#1_광고그룹#1,모바일,센트럴파크부대찌개,8,0,0,0,1
"플레이스",플레이스#1,플레이스#1_광고그룹#1,모바일,센트럴파크역맛집,8,0,0,0,6.3
"플레이스",플레이스#1,플레이스#1_광고그룹#1,모바일,송도SK뷰맛집,1,0,0,0,6
"플레이스",플레이스#1,플레이스#1_광고그룹#1,모바일,송도김치찌개,518,11,195,"2,145",2
"플레이스",플레이스#1,플레이스#1_광고그룹#1,모바일,송도김치찌개맛집,150,0,0,0,1.9
"플레이스",플레이스#1,플레이스#1_광고그룹#1,모바일,송도닭갈비,"1,448",35,184,"6,457",1.4
"플레이스",플레이스#1,플레이스#1_광고그룹#1,모바일,송도닭갈비맛집,140,6,77,462,1.5
"플레이스",플레이스#1,플레이스#1_광고그룹#1,모바일,송도동김치찌개,17,0,0,0,2.7
"플레이스",플레이스#1,플레이스#1_광고그룹#1,모바일,송도동닭갈비,10,0,0,0,1.3
"플레이스",플레이스#1,플레이스#1_광고그룹#1,모바일,송도동무한리필,5,0,0,0,1.6
"플레이스",플레이스#1,플레이스#1_광고그룹#1,모바일,송도동부대찌개,8,0,0,0,1.9
"플레이스",플레이스#1,플레이스#1_광고그룹#1,모바일,송도맛집,149,0,0,0,3.8
"플레이스",플레이스#1,플레이스#1_광고그룹#1,모바일,송도무한리필,727,11,77,847,1.9
"플레이스",플레이스#1,플레이스#1_광고그룹#1,모바일,송도부대찌개,767,64,191,"12,243",1.3
"플레이스",플레이스#1,플레이스#1_광고그룹#1,모바일,송도부대찌개맛집,200,22,77,"1,694",1.4
"플레이스",플레이스#1,플레이스#1_광고그룹#1,모바일,송도부대찌게,2,0,0,0,1
"플레이스",플레이스#1,플레이스#1_광고그룹#1,모바일,송도센트럴파크김치찌개,5,0,0,0,1.4
"플레이스",플레이스#1,플레이스#1_광고그룹#1,모바일,송도센트럴파크닭갈비,20,1,77,77,1
"플레이스",플레이스#1,플레이스#1_광고그룹#1,모바일,송도센트럴파크맛집,4,0,0,0,7
"플레이스",플레이스#1,플레이스#1_광고그룹#1,모바일,송도센트럴파크무한리필,4,0,0,0,2.3
"플레이스",플레이스#1,플레이스#1_광고그룹#1,모바일,송도센트럴파크부대찌개,1,0,0,0,1
"플레이스",플레이스#1,플레이스#1_광고그룹#1,모바일,송도센트럴파크식당,2,0,0,0,5
"플레이스",플레이스#1,플레이스#1_광고그룹#1,모바일,송도식당,23,0,0,0,2.4
"플레이스",플레이스#1,플레이스#1_광고그룹#1,모바일,송도신도시닭갈비,18,0,0,0,1.7
"플레이스",플레이스#1,플레이스#1_광고그룹#1,모바일,송도신도시맛집,2,0,0,0,3
"플레이스",플레이스#1,플레이스#1_광고그룹#1,모바일,송도신도시무한리필,22,1,66,66,2.8
"플레이스",플레이스#1,플레이스#1_광고그룹#1,모바일,송도신도시부대찌개,12,2,204,407,1.7
"플레이스",플레이스#1,플레이스#1_광고그룹#1,모바일,송도신도시부대찌게,4,0,0,0,1
"플레이스",플레이스#1,플레이스#1_광고그룹#1,모바일,송도음식점,12,0,0,0,5
"플레이스",플레이스#1,플레이스#1_광고그룹#1,모바일,송도전골,101,0,0,0,2.6
"플레이스",플레이스#1,플레이스#1_광고그룹#1,모바일,송도전골맛집,43,0,0,0,2.6
"플레이스",플레이스#1,플레이스#1_광고그룹#1,모바일,송도전골요리,2,0,0,0,4
"플레이스",플레이스#1,플레이스#1_광고그룹#1,모바일,송도찌개,144,2,193,385,1.5
"플레이스",플레이스#1,플레이스#1_광고그룹#1,모바일,송도찌개맛집,41,0,0,0,1.4
"플레이스",플레이스#1,플레이스#1_광고그룹#1,모바일,송도컨벤시아맛집,4,0,0,0,3
"플레이스",플레이스#1,플레이스#1_광고그룹#1,모바일,송도한식맛집,2,0,0,0,2
"플레이스",플레이스#1,플레이스#1_광고그룹#1,모바일,송도한옥마을식당,1,0,0,0,2
"플레이스",플레이스#1,플레이스#1_광고그룹#1,모바일,식당,561,6,255,"1,529",3.2
"플레이스",플레이스#1,플레이스#1_광고그룹#1,모바일,연수구김치찌개,35,0,0,0,3.4
"플레이스",플레이스#1,플레이스#1_광고그룹#1,모바일,연수구닭갈비,80,1,231,231,2.5
"플레이스",플레이스#1,플레이스#1_광고그룹#1,모바일,연수구닭갈비맛집,8,0,0,0,1.5
"플레이스",플레이스#1,플레이스#1_광고그룹#1,모바일,연수구맛집,6,0,0,0,6.3
"플레이스",플레이스#1,플레이스#1_광고그룹#1,모바일,연수구무한리필,115,0,0,0,1.7
"플레이스",플레이스#1,플레이스#1_광고그룹#1,모바일,연수구부대찌개,46,3,169,506,1.3
"플레이스",플레이스#1,플레이스#1_광고그룹#1,모바일,연수구부대찌개맛집,12,0,0,0,1.1
"플레이스",플레이스#1,플레이스#1_광고그룹#1,모바일,연수구부대찌게,1,1,121,121,1
"플레이스",플레이스#1,플레이스#1_광고그룹#1,모바일,연수구전골,6,1,143,143,3.3
"플레이스",플레이스#1,플레이스#1_광고그룹#1,모바일,연수구전골맛집,2,0,0,0,2.5
"플레이스",플레이스#1,플레이스#1_광고그룹#1,모바일,연수구찌개,1,0,0,0,2
"플레이스",플레이스#1,플레이스#1_광고그룹#1,모바일,연수구찌개맛집,7,0,0,0,1.9
"플레이스",플레이스#1,플레이스#1_광고그룹#1,모바일,영업중식당,2,0,0,0,4
"플레이스",플레이스#1,플레이스#1_광고그룹#1,모바일,영종도김치찌개,1,0,0,0,5
"플레이스",플레이스#1,플레이스#1_광고그룹#1,모바일,영종도닭갈비,1,0,0,0,8
"플레이스",플레이스#1,플레이스#1_광고그룹#1,모바일,음식,31,0,0,0,3.7
"플레이스",플레이스#1,플레이스#1_광고그룹#1,모바일,음식점,"8,410",127,183,"23,243",2.9
"플레이스",플레이스#1,플레이스#1_광고그룹#1,모바일,인천공항근처김치찌개맛집,1,0,0,0,6
"플레이스",플레이스#1,플레이스#1_광고그룹#1,모바일,인천김치찌개,15,0,0,0,8.7
"플레이스",플레이스#1,플레이스#1_광고그룹#1,모바일,인천김치찌개맛집,67,0,0,0,8.3
"플레이스",플레이스#1,플레이스#1_광고그룹#1,모바일,인천닭갈비,210,0,0,0,6.2
"플레이스",플레이스#1,플레이스#1_광고그룹#1,모바일,인천닭갈비맛집,217,0,0,0,6.2
"플레이스",플레이스#1,플레이스#1_광고그룹#1,모바일,인천대입구역닭갈비,21,1,77,77,1.2
"플레이스",플레이스#1,플레이스#1_광고그룹#1,모바일,인천맛집,6,0,0,0,4.2
"플레이스",플레이스#1,플레이스#1_광고그룹#1,모바일,인천무한리필,431,5,211,"1,056",7.4
"플레이스",플레이스#1,플레이스#1_광고그룹#1,모바일,인천부대전골,1,0,0,0,2
"플레이스",플레이스#1,플레이스#1_광고그룹#1,모바일,인천부대찌개,209,6,218,"1,309",3.4
"플레이스",플레이스#1,플레이스#1_광고그룹#1,모바일,인천부대찌개맛집,362,5,209,"1,045",3.7
"플레이스",플레이스#1,플레이스#1_광고그룹#1,모바일,인천부대찌게맛집,1,0,0,0,1
"플레이스",플레이스#1,플레이스#1_광고그룹#1,모바일,인천송도김치찌개,50,1,209,209,1.8
"플레이스",플레이스#1,플레이스#1_광고그룹#1,모바일,인천송도김치찌개맛집,12,0,0,0,2.2
"플레이스",플레이스#1,플레이스#1_광고그룹#1,모바일,인천송도닭갈비,97,5,169,847,1.4
"플레이스",플레이스#1,플레이스#1_광고그룹#1,모바일,인천송도닭갈비맛집,9,0,0,0,1.3
"플레이스",플레이스#1,플레이스#1_광고그룹#1,모바일,인천송도맛집,29,0,0,0,4.5
"플레이스",플레이스#1,플레이스#1_광고그룹#1,모바일,인천송도무한리필,63,0,0,0,1.7
"플레이스",플레이스#1,플레이스#1_광고그룹#1,모바일,인천송도부대찌개,18,4,198,792,1.1
"플레이스",플레이스#1,플레이스#1_광고그룹#1,모바일,인천송도부대찌개맛집,9,1,77,77,1.1
"플레이스",플레이스#1,플레이스#1_광고그룹#1,모바일,인천송도부대찌게,1,1,77,77,1
"플레이스",플레이스#1,플레이스#1_광고그룹#1,모바일,인천송도전골,6,0,0,0,2.8
"플레이스",플레이스#1,플레이스#1_광고그룹#1,모바일,인천송도전골맛집,1,0,0,0,3
"플레이스",플레이스#1,플레이스#1_광고그룹#1,모바일,인천송도찌개,11,0,0,0,1.4
"플레이스",플레이스#1,플레이스#1_광고그룹#1,모바일,인천연수구김치찌개,1,0,0,0,2
"플레이스",플레이스#1,플레이스#1_광고그룹#1,모바일,인천연수구닭갈비,30,0,0,0,2.3
"플레이스",플레이스#1,플레이스#1_광고그룹#1,모바일,인천연수구무한리필,15,0,0,0,1.9
"플레이스",플레이스#1,플레이스#1_광고그룹#1,모바일,인천연수구부대찌개,6,0,0,0,1.2
"플레이스",플레이스#1,플레이스#1_광고그룹#1,모바일,인천전골,7,0,0,0,10
"플레이스",플레이스#1,플레이스#1_광고그룹#1,모바일,인천전골맛집,4,0,0,0,9.8
"플레이스",플레이스#1,플레이스#1_광고그룹#1,모바일,인천찌개,8,0,0,0,4.1
"플레이스",플레이스#1,플레이스#1_광고그룹#1,모바일,인천찌개맛집,18,1,165,165,3.3
"플레이스",플레이스#1,플레이스#1_광고그룹#1,모바일,인천찌개집,4,0,0,0,3.3
"플레이스",플레이스#1,플레이스#1_광고그룹#1,모바일,인천찌게맛집,1,0,0,0,3
"플레이스",플레이스#1,플레이스#1_광고그룹#1,모바일,전골,68,0,0,0,2.2
"플레이스",플레이스#1,플레이스#1_광고그룹#1,모바일,전골맛집,25,0,0,0,1.8
"플레이스",플레이스#1,플레이스#1_광고그룹#1,모바일,전골요리,1,0,0,0,2
"플레이스",플레이스#1,플레이스#1_광고그룹#1,모바일,주변김치찌개,4,0,0,0,2
"플레이스",플레이스#1,플레이스#1_광고그룹#1,모바일,주변닭갈비,3,0,0,0,1
"플레이스",플레이스#1,플레이스#1_광고그룹#1,모바일,주변맛집,103,3,242,726,2.9
"플레이스",플레이스#1,플레이스#1_광고그룹#1,모바일,주변부대찌개맛집,1,0,0,0,2
"플레이스",플레이스#1,플레이스#1_광고그룹#1,모바일,주변식당,50,1,264,264,3.2
"플레이스",플레이스#1,플레이스#1_광고그룹#1,모바일,주변음식점,4,0,0,0,5.5
"플레이스",플레이스#1,플레이스#1_광고그룹#1,모바일,진천순대국맛집,1,0,0,0,4
"플레이스",플레이스#1,플레이스#1_광고그룹#1,모바일,찌개,104,1,77,77,1.4
"플레이스",플레이스#1,플레이스#1_광고그룹#1,모바일,찌개집,5,0,0,0,1
"플레이스",플레이스#1,플레이스#1_광고그룹#1,모바일,찌게,7,1,77,77,1.3
"플레이스",플레이스#1,플레이스#1_광고그룹#1,모바일,커낼워크맛집,6,0,0,0,9.3
"플레이스",플레이스#1,플레이스#1_광고그룹#1,모바일,커넬워크맛집,57,1,275,275,8.8
"플레이스",플레이스#1,플레이스#1_광고그룹#1,모바일,커넬워크부대찌개,10,1,77,77,1
"플레이스",플레이스#1,플레이스#1_광고그룹#1,모바일,커넬워크식당,4,0,0,0,10
"플레이스",플레이스#1,플레이스#1_광고그룹#1,모바일,커넬워크한식,9,0,0,0,7.8
"플레이스",플레이스#1,플레이스#1_광고그룹#1,모바일,한식,102,1,242,242,3
"플레이스",플레이스#1,플레이스#1_광고그룹#1,모바일,한식맛집,6,0,0,0,3.3
"플레이스",플레이스#1,플레이스#1_광고그룹#1,모바일,한식집,7,0,0,0,4.7
"플레이스",플레이스#1,플레이스#1_광고그룹#1,모바일,힐스테이트송도더테라스맛집,12,1,253,253,7.1
