﻿"플레이스보고서(2025.06.01.~2025.06.30.),worldgym11:naver"
"캠페인유형",캠페인,광고그룹,PC/모바일 매체,검색어,노출수,클릭수,"평균클릭비용(VAT포함,원)","총비용(VAT포함,원)",평균노출순위
"파워링크",파워링크,파워링크_광고그룹10,PC,GDR골프레슨,1,0,0,0,8
"파워링크",파워링크,파워링크_광고그룹10,PC,GDR골프아카데미,21,0,0,0,6.8
"파워링크",파워링크,파워링크_광고그룹10,PC,GDR골프아카데미가격,1,0,0,0,6
"파워링크",파워링크,파워링크_광고그룹10,PC,GDR골프연습,2,0,0,0,7.5
"파워링크",파워링크,파워링크_광고그룹10,PC,GDR골프연습장,35,0,0,0,6.4
"파워링크",파워링크,파워링크_광고그룹10,PC,GDR골프연습장이란,1,0,0,0,3
"파워링크",파워링크,파워링크_광고그룹10,PC,GDR스퀘어,1,0,0,0,3
"파워링크",파워링크,파워링크_광고그룹10,PC,GDR스크린게임,1,0,0,0,3
"파워링크",파워링크,파워링크_광고그룹10,PC,GDR실내골프연습장,1,0,0,0,4
"파워링크",파워링크,파워링크_광고그룹10,PC,GDR아카데미동탄,1,0,0,0,8
"파워링크",파워링크,파워링크_광고그룹10,PC,GDR아카데미안산,1,0,0,0,2
"파워링크",파워링크,파워링크_광고그룹10,PC,GDR안산,2,0,0,0,2
"파워링크",파워링크,파워링크_광고그룹10,PC,GDR안산선부점,1,0,0,0,1
"파워링크",파워링크,파워링크_광고그룹10,PC,GDR여행,1,0,0,0,2
"파워링크",파워링크,파워링크_광고그룹10,PC,GDR연습장스크린모드,1,0,0,0,3
"파워링크",파워링크,파워링크_광고그룹10,PC,GDR월드골프아카데미,1,1,110,110,1
"파워링크",파워링크,파워링크_광고그룹10,PC,GDR타석,21,0,0,0,21
"파워링크",파워링크,파워링크_광고그룹10,PC,GDR투어,1,0,0,0,2
"파워링크",파워링크,파워링크_광고그룹10,PC,GDR프로그램,1,0,0,0,3
"파워링크",파워링크,파워링크_광고그룹10,PC,GDR회원,1,0,0,0,2
"파워링크",파워링크,파워링크_광고그룹10,PC,KPGA프로레슨,1,0,0,0,9
"파워링크",파워링크,파워링크_광고그룹10,PC,QEDGDR,4,0,0,0,1.5
"파워링크",파워링크,파워링크_광고그룹10,PC,QED골프고잔동,1,0,0,0,2
"파워링크",파워링크,파워링크_광고그룹10,PC,QED골프안산,1,0,0,0,2
"파워링크",파워링크,파워링크_광고그룹10,PC,QED골프안산고잔,1,0,0,0,2
"파워링크",파워링크,파워링크_광고그룹10,PC,QED골프안산고잔점,1,0,0,0,2
"파워링크",파워링크,파워링크_광고그룹10,PC,강욱순골프,5,0,0,0,1.8
"파워링크",파워링크,파워링크_광고그룹10,PC,경기도안산시단원구고잔동스크린골프,1,0,0,0,1
"파워링크",파워링크,파워링크_광고그룹10,PC,고잔동GDR,1,0,0,0,1
"파워링크",파워링크,파워링크_광고그룹10,PC,고잔동GDR레슨,1,0,0,0,1
"파워링크",파워링크,파워링크_광고그룹10,PC,고잔동골프,4,0,0,0,1.8
"파워링크",파워링크,파워링크_광고그룹10,PC,고잔동골프레슨,2,0,0,0,2.5
"파워링크",파워링크,파워링크_광고그룹10,PC,고잔동골프연습장,5,0,0,0,2
"파워링크",파워링크,파워링크_광고그룹10,PC,고잔동골프장,2,0,0,0,1
"파워링크",파워링크,파워링크_광고그룹10,PC,고잔동골프존,1,0,0,0,2
"파워링크",파워링크,파워링크_광고그룹10,PC,고잔동골프클럽,1,0,0,0,1
"파워링크",파워링크,파워링크_광고그룹10,PC,고잔동스크린,2,0,0,0,1
"파워링크",파워링크,파워링크_광고그룹10,PC,고잔동스크린골프,5,0,0,0,1.8
"파워링크",파워링크,파워링크_광고그룹10,PC,고잔동스크린골프장,1,0,0,0,1
"파워링크",파워링크,파워링크_광고그룹10,PC,고잔동헬스장골프장,1,0,0,0,1
"파워링크",파워링크,파워링크_광고그룹10,PC,고잔스크린,1,0,0,0,1
"파워링크",파워링크,파워링크_광고그룹10,PC,고잔신도시골프연습장,1,0,0,0,1
"파워링크",파워링크,파워링크_광고그룹10,PC,고잔역골프연습장,1,0,0,0,1
"파워링크",파워링크,파워링크_광고그룹10,PC,고잔역골프연습장추천,1,1,77,77,1
"파워링크",파워링크,파워링크_광고그룹10,PC,고잔역헬스장,1,0,0,0,1
"파워링크",파워링크,파워링크_광고그룹10,PC,고잔중앙역골프존,1,0,0,0,2
"파워링크",파워링크,파워링크_광고그룹10,PC,골프GDR,5,0,0,0,5.6
"파워링크",파워링크,파워링크_광고그룹10,PC,골프경기장,1,0,0,0,1
"파워링크",파워링크,파워링크_광고그룹10,PC,골프레슨,1,0,0,0,66
"파워링크",파워링크,파워링크_광고그룹10,PC,골프레슨안산,3,0,0,0,2.3
"파워링크",파워링크,파워링크_광고그룹10,PC,골프실외연습,1,0,0,0,3
"파워링크",파워링크,파워링크_광고그룹10,PC,골프실외연습장,25,0,0,0,2
"파워링크",파워링크,파워링크_광고그룹10,PC,골프아카데미안산,1,0,0,0,1
"파워링크",파워링크,파워링크_광고그룹10,PC,골프안산,1,0,0,0,2
"파워링크",파워링크,파워링크_광고그룹10,PC,골프야외레슨,1,0,0,0,3
"파워링크",파워링크,파워링크_광고그룹10,PC,골프연습장,490,0,0,0,68.6
"파워링크",파워링크,파워링크_광고그룹10,PC,골프연습장GDR,2,0,0,0,2.5
"파워링크",파워링크,파워링크_광고그룹10,PC,골프장,485,0,0,0,44.4
"파워링크",파워링크,파워링크_광고그룹10,PC,골프장연습,1,0,0,0,3
"파워링크",파워링크,파워링크_광고그룹10,PC,골프존고잔중앙역점,1,0,0,0,1
"파워링크",파워링크,파워링크_광고그룹10,PC,골프프렌즈안산,3,0,0,0,1
"파워링크",파워링크,파워링크_광고그룹10,PC,동탄GDR레슨,1,0,0,0,1
"파워링크",파워링크,파워링크_광고그룹10,PC,본오동골프레슨,3,0,0,0,3
"파워링크",파워링크,파워링크_광고그룹10,PC,사동GDR,1,0,0,0,1
"파워링크",파워링크,파워링크_광고그룹10,PC,새솔동골프,19,0,0,0,3
"파워링크",파워링크,파워링크_광고그룹10,PC,새솔동골프연습장,15,0,0,0,2
"파워링크",파워링크,파워링크_광고그룹10,PC,새솔동골프존,7,0,0,0,1.1
"파워링크",파워링크,파워링크_광고그룹10,PC,새솔동스크린골프,18,0,0,0,2.2
"파워링크",파워링크,파워링크_광고그룹10,PC,선부동골프,1,0,0,0,1
"파워링크",파워링크,파워링크_광고그룹10,PC,선부동골프레슨,5,0,0,0,3.8
"파워링크",파워링크,파워링크_광고그룹10,PC,선부동골프연습장,11,0,0,0,1.6
"파워링크",파워링크,파워링크_광고그룹10,PC,스크린골프,417,0,0,0,71.3
"파워링크",파워링크,파워링크_광고그룹10,PC,스크린골프GDR,1,0,0,0,1
"파워링크",파워링크,파워링크_광고그룹10,PC,스크린골프안산,1,0,0,0,1
"파워링크",파워링크,파워링크_광고그룹10,PC,실내골프안산,2,0,0,0,1
"파워링크",파워링크,파워링크_광고그룹10,PC,실내골프연습장레슨,2,0,0,0,3.5
"파워링크",파워링크,파워링크_광고그룹10,PC,실외GDR,1,0,0,0,2
"파워링크",파워링크,파워링크_광고그룹10,PC,안산&스크린골프레슨비용,1,0,0,0,2
"파워링크",파워링크,파워링크_광고그룹10,PC,안산2인스크린골프,1,0,0,0,1
"파워링크",파워링크,파워링크_광고그룹10,PC,안산GDR,16,3,99,297,1.4
"파워링크",파워링크,파워링크_광고그룹10,PC,안산GDR개인골프레슨,1,1,770,770,1
"파워링크",파워링크,파워링크_광고그룹10,PC,안산GDR골프,1,0,0,0,1
"파워링크",파워링크,파워링크_광고그룹10,PC,안산GDR골프레슨비,1,0,0,0,1
"파워링크",파워링크,파워링크_광고그룹10,PC,안산GDR골프연습장,3,2,853,"1,705",1
"파워링크",파워링크,파워링크_광고그룹10,PC,안산GDR골프연습장레슨비용,1,1,187,187,1
"파워링크",파워링크,파워링크_광고그룹10,PC,안산GDR스크린골프,1,0,0,0,1
"파워링크",파워링크,파워링크_광고그룹10,PC,안산GDR양도,2,0,0,0,1
"파워링크",파워링크,파워링크_광고그룹10,PC,안산GDR연습장,1,0,0,0,1
"파워링크",파워링크,파워링크_광고그룹10,PC,안산PAR3,4,0,0,0,1
"파워링크",파워링크,파워링크_광고그룹10,PC,안산QED,9,0,0,0,1.6
"파워링크",파워링크,파워링크_광고그룹10,PC,안산고잔동GDR,3,1,341,341,1
"파워링크",파워링크,파워링크_광고그룹10,PC,안산고잔동PT,59,0,0,0,8.8
"파워링크",파워링크,파워링크_광고그룹10,PC,안산고잔동게임,1,0,0,0,1
"파워링크",파워링크,파워링크_광고그룹10,PC,안산고잔동골프,1,0,0,0,1
"파워링크",파워링크,파워링크_광고그룹10,PC,안산고잔동골프레슨,3,0,0,0,1
"파워링크",파워링크,파워링크_광고그룹10,PC,안산고잔동골프연습장,4,0,0,0,1
"파워링크",파워링크,파워링크_광고그룹10,PC,안산고잔동스크린,1,0,0,0,1
"파워링크",파워링크,파워링크_광고그룹10,PC,안산고잔동스크린골프,2,0,0,0,1
"파워링크",파워링크,파워링크_광고그룹10,PC,안산고잔동스크린골프존,1,0,0,0,1
"파워링크",파워링크,파워링크_광고그룹10,PC,안산고잔동피티,2,0,0,0,9
"파워링크",파워링크,파워링크_광고그룹10,PC,안산고잔동헬스,3,0,0,0,3
"파워링크",파워링크,파워링크_광고그룹10,PC,안산고잔동헬스장,98,0,0,0,7.8
"파워링크",파워링크,파워링크_광고그룹10,PC,안산고잔동헬스장골프장,1,0,0,0,1
"파워링크",파워링크,파워링크_광고그룹10,PC,안산고잔실내,1,0,0,0,1
"파워링크",파워링크,파워링크_광고그룹10,PC,안산고잔클럽,1,0,0,0,1
"파워링크",파워링크,파워링크_광고그룹10,PC,안산골프,181,11,"3,779","41,569",1.2
"파워링크",파워링크,파워링크_광고그룹10,PC,안산골프1:1레슨추천,1,0,0,0,2
"파워링크",파워링크,파워링크_광고그룹10,PC,안산골프PT,1,0,0,0,2
"파워링크",파워링크,파워링크_광고그룹10,PC,안산골프\,1,0,0,0,3
"파워링크",파워링크,파워링크_광고그룹10,PC,안산골프강습,1,0,0,0,2
"파워링크",파워링크,파워링크_광고그룹10,PC,안산골프개인레슨,2,0,0,0,1
"파워링크",파워링크,파워링크_광고그룹10,PC,안산골프동호회,12,0,0,0,2.1
"파워링크",파워링크,파워링크_광고그룹10,PC,안산골프레슨,125,15,"1,983","29,744",2.1
"파워링크",파워링크,파워링크_광고그룹10,PC,안산골프레슨\,1,0,0,0,1
"파워링크",파워링크,파워링크_광고그룹10,PC,안산골프레슨비용,12,2,105,209,2.3
"파워링크",파워링크,파워링크_광고그룹10,PC,안산골프레슨잘하는곳,2,0,0,0,1.5
"파워링크",파워링크,파워링크_광고그룹10,PC,안산골프레슨잘하는프로,1,0,0,0,1
"파워링크",파워링크,파워링크_광고그룹10,PC,안산골프레슨저렴한곳,1,0,0,0,1
"파워링크",파워링크,파워링크_광고그룹10,PC,안산골프레슨추천,3,1,583,583,2
"파워링크",파워링크,파워링크_광고그룹10,PC,안산골프배울곳,1,1,88,88,1
"파워링크",파워링크,파워링크_광고그룹10,PC,안산골프실내연습,1,0,0,0,1
"파워링크",파워링크,파워링크_광고그룹10,PC,안산골프실외연습장,1,0,0,0,1
"파워링크",파워링크,파워링크_광고그룹10,PC,안산골프아카데미,12,1,66,66,2.7
"파워링크",파워링크,파워링크_광고그룹10,PC,안산골프연습장,329,11,"1,425","15,675",2.6
"파워링크",파워링크,파워링크_광고그룹10,PC,안산골프연습장.,2,0,0,0,1
"파워링크",파워링크,파워링크_광고그룹10,PC,안산골프연습장가격,1,0,0,0,1
"파워링크",파워링크,파워링크_광고그룹10,PC,안산골프연습장골프아카데미,1,0,0,0,2
"파워링크",파워링크,파워링크_광고그룹10,PC,안산골프연습장레슨,5,0,0,0,2
"파워링크",파워링크,파워링크_광고그룹10,PC,안산골프연습장레슨후기,1,0,0,0,3
"파워링크",파워링크,파워링크_광고그룹10,PC,안산골프연습장인도어,5,0,0,0,1.6
"파워링크",파워링크,파워링크_광고그룹10,PC,안산골프연습장추천,2,0,0,0,1.5
"파워링크",파워링크,파워링크_광고그룹10,PC,안산골프원포인트레슨,1,0,0,0,3
"파워링크",파워링크,파워링크_광고그룹10,PC,안산골프장,134,0,0,0,1.5
"파워링크",파워링크,파워링크_광고그룹10,PC,안산골프장레슨,1,0,0,0,3
"파워링크",파워링크,파워링크_광고그룹10,PC,안산골프장매매,1,0,0,0,1
"파워링크",파워링크,파워링크_광고그룹10,PC,안산골프장연습장,5,0,0,0,1.6
"파워링크",파워링크,파워링크_광고그룹10,PC,안산골프존,20,0,0,0,2.5
"파워링크",파워링크,파워링크_광고그룹10,PC,안산골프존레슨,1,1,319,319,1
"파워링크",파워링크,파워링크_광고그룹10,PC,안산골프클럽,19,0,0,0,2.2
"파워링크",파워링크,파워링크_광고그룹10,PC,안산골프클럽(안산),1,0,0,0,3
"파워링크",파워링크,파워링크_광고그룹10,PC,안산골프클럽연습장,1,0,0,0,2
"파워링크",파워링크,파워링크_광고그룹10,PC,안산골프포인트레슨,1,0,0,0,2
"파워링크",파워링크,파워링크_광고그룹10,PC,안산골프프렌즈,2,0,0,0,1
"파워링크",파워링크,파워링크_광고그룹10,PC,안산골프헬스,2,0,0,0,1
"파워링크",파워링크,파워링크_광고그룹10,PC,안산골프헬스연습장,1,1,"1,067","1,067",1
"파워링크",파워링크,파워링크_광고그룹10,PC,안산레슨,3,0,0,0,5.3
"파워링크",파워링크,파워링크_광고그룹10,PC,안산마스터골프,5,0,0,0,1
"파워링크",파워링크,파워링크_광고그룹10,PC,안산마스터스크린골프,1,0,0,0,1
"파워링크",파워링크,파워링크_광고그룹10,PC,안산미니골프장,1,0,0,0,2
"파워링크",파워링크,파워링크_광고그룹10,PC,안산사동골프,1,0,0,0,1
"파워링크",파워링크,파워링크_광고그룹10,PC,안산사동골프레슨,4,0,0,0,1
"파워링크",파워링크,파워링크_광고그룹10,PC,안산사동골프실내연습장,1,0,0,0,1
"파워링크",파워링크,파워링크_광고그룹10,PC,안산사동골프연습장,1,0,0,0,3
"파워링크",파워링크,파워링크_광고그룹10,PC,안산선부동골프연습장,1,0,0,0,1
"파워링크",파워링크,파워링크_광고그룹10,PC,안산선부동스크린골프,1,0,0,0,1
"파워링크",파워링크,파워링크_광고그룹10,PC,안산선부동스크린골프레슨,1,0,0,0,2
"파워링크",파워링크,파워링크_광고그룹10,PC,안산스크린,5,1,935,935,1
"파워링크",파워링크,파워링크_광고그룹10,PC,안산스크린골프,70,1,66,66,3.5
"파워링크",파워링크,파워링크_광고그룹10,PC,안산스크린골프2인,1,0,0,0,1
"파워링크",파워링크,파워링크_광고그룹10,PC,안산스크린골프가격,1,0,0,0,1
"파워링크",파워링크,파워링크_광고그룹10,PC,안산스크린골프가격지도,2,0,0,0,1
"파워링크",파워링크,파워링크_광고그룹10,PC,안산스크린골프가격표,1,0,0,0,1
"파워링크",파워링크,파워링크_광고그룹10,PC,안산스크린골프레슨,3,0,0,0,2.7
"파워링크",파워링크,파워링크_광고그룹10,PC,안산스크린골프연습장,7,0,0,0,3.6
"파워링크",파워링크,파워링크_광고그룹10,PC,안산스크린골프장,2,0,0,0,3
"파워링크",파워링크,파워링크_광고그룹10,PC,안산스크린골프존,1,0,0,0,1
"파워링크",파워링크,파워링크_광고그룹10,PC,안산스크린골프추천,1,0,0,0,2
"파워링크",파워링크,파워링크_광고그룹10,PC,안산스크린연습장,2,0,0,0,3
"파워링크",파워링크,파워링크_광고그룹10,PC,안산스크린파크골프,3,1,66,66,1
"파워링크",파워링크,파워링크_광고그룹10,PC,안산시골프,4,0,0,0,2.3
"파워링크",파워링크,파워링크_광고그룹10,PC,안산시골프연습장,11,0,0,0,1
"파워링크",파워링크,파워링크_광고그룹10,PC,안산시골프존,1,0,0,0,2
"파워링크",파워링크,파워링크_광고그룹10,PC,안산시골프클럽,1,0,0,0,1
"파워링크",파워링크,파워링크_광고그룹10,PC,안산실내골프,1,0,0,0,5
"파워링크",파워링크,파워링크_광고그룹10,PC,안산실내골프연습,1,0,0,0,1
"파워링크",파워링크,파워링크_광고그룹10,PC,안산실내골프연습장,8,0,0,0,4
"파워링크",파워링크,파워링크_광고그룹10,PC,안산실내스크린골프,1,0,0,0,2
"파워링크",파워링크,파워링크_광고그룹10,PC,안산실외골프,1,0,0,0,2
"파워링크",파워링크,파워링크_광고그룹10,PC,안산실외골프연습장,6,0,0,0,1.2
"파워링크",파워링크,파워링크_광고그룹10,PC,안산실외골프장,5,0,0,0,1
"파워링크",파워링크,파워링크_광고그룹10,PC,안산실외스크린골프,1,0,0,0,1
"파워링크",파워링크,파워링크_광고그룹10,PC,안산아카데미골프,1,0,0,0,1
"파워링크",파워링크,파워링크_광고그룹10,PC,안산야구연습,1,0,0,0,2
"파워링크",파워링크,파워링크_광고그룹10,PC,안산야외골프연습장,1,0,0,0,1
"파워링크",파워링크,파워링크_광고그룹10,PC,안산야외스크린,1,0,0,0,1
"파워링크",파워링크,파워링크_광고그룹10,PC,안산야외스크린골프,3,0,0,0,1
"파워링크",파워링크,파워링크_광고그룹10,PC,안산연습장,3,0,0,0,1.3
"파워링크",파워링크,파워링크_광고그룹10,PC,안산월드GDR,1,0,0,0,1
"파워링크",파워링크,파워링크_광고그룹10,PC,안산월드스크린골프,1,0,0,0,1
"파워링크",파워링크,파워링크_광고그룹10,PC,안산인도어골프연습장,8,0,0,0,1.5
"파워링크",파워링크,파워링크_광고그룹10,PC,안산인도어스크린골프,3,0,0,0,1
"파워링크",파워링크,파워링크_광고그룹10,PC,안산중앙동골프,2,0,0,0,2
"파워링크",파워링크,파워링크_광고그룹10,PC,안산중앙동골프레슨,1,1,99,99,1
"파워링크",파워링크,파워링크_광고그룹10,PC,안산초보자골프,2,1,517,517,2
"파워링크",파워링크,파워링크_광고그룹10,PC,안산초지동골프연습장,1,0,0,0,1
"파워링크",파워링크,파워링크_광고그룹10,PC,안산초지동스크린골프,4,0,0,0,1.8
"파워링크",파워링크,파워링크_광고그룹10,PC,안산초지동스크린골프레슨,1,0,0,0,2
"파워링크",파워링크,파워링크_광고그룹10,PC,안산카카오골프,7,0,0,0,2.6
"파워링크",파워링크,파워링크_광고그룹10,PC,안산카카오스크린골프,1,0,0,0,1
"파워링크",파워링크,파워링크_광고그룹10,PC,안산파3,68,0,0,0,1.2
"파워링크",파워링크,파워링크_광고그룹10,PC,안산프렌즈골프,2,1,77,77,1
"파워링크",파워링크,파워링크_광고그룹10,PC,안산프렌즈스크린,3,0,0,0,1
"파워링크",파워링크,파워링크_광고그룹10,PC,안산프렌즈아카데미타석,1,0,0,0,1
"파워링크",파워링크,파워링크_광고그룹10,PC,안산필드레슨,1,0,0,0,1
"파워링크",파워링크,파워링크_광고그룹10,PC,안산필드스크린,1,0,0,0,1
"파워링크",파워링크,파워링크_광고그룹10,PC,안산필드스크린골프,1,0,0,0,1
"파워링크",파워링크,파워링크_광고그룹10,PC,안산헬스골프,1,0,0,0,1
"파워링크",파워링크,파워링크_광고그룹10,PC,안산헬스장골프장,1,0,0,0,1
"파워링크",파워링크,파워링크_광고그룹10,PC,야외골프연습장,50,0,0,0,6.5
"파워링크",파워링크,파워링크_광고그룹10,PC,월드GDR,21,7,77,539,1.9
"파워링크",파워링크,파워링크_광고그룹10,PC,월드GDR골프,1,0,0,0,1
"파워링크",파워링크,파워링크_광고그룹10,PC,월드GDR골프연습장,2,1,583,583,1
"파워링크",파워링크,파워링크_광고그룹10,PC,월드GDR아카데미안산,1,1,77,77,1
"파워링크",파워링크,파워링크_광고그룹10,PC,월드골프GDR,1,1,110,110,1
"파워링크",파워링크,파워링크_광고그룹10,PC,월드골프GDR아카데미,4,0,0,0,1
"파워링크",파워링크,파워링크_광고그룹10,PC,인도어골프연습장,21,0,0,0,8.8
"파워링크",파워링크,파워링크_광고그룹10,PC,인도어연습장,523,0,0,0,7.5
"파워링크",파워링크,파워링크_광고그룹10,PC,인천GDR,1,0,0,0,4
"파워링크",파워링크,파워링크_광고그룹10,PC,제로페이가맹점,7,0,0,0,11.6
"파워링크",파워링크,파워링크_광고그룹10,PC,중앙역GDR골프아카데미,1,0,0,0,1
"파워링크",파워링크,파워링크_광고그룹10,PC,초지동GDR,1,1,77,77,1
"파워링크",파워링크,파워링크_광고그룹10,PC,초지동골프,1,0,0,0,1
"파워링크",파워링크,파워링크_광고그룹10,PC,초지동골프레슨,2,0,0,0,2
"파워링크",파워링크,파워링크_광고그룹10,PC,프렌즈골프안산,1,0,0,0,1
"파워링크",파워링크,파워링크_광고그룹10,PC,프렌즈안산골프아카데미,1,0,0,0,2
"파워링크",파워링크,파워링크_광고그룹10,PC,필드연습장,1,0,0,0,1
"파워링크",파워링크,파워링크_광고그룹10,모바일,GDR고잔,1,0,0,0,1
"파워링크",파워링크,파워링크_광고그룹10,모바일,GDR고잔동,1,0,0,0,1
"파워링크",파워링크,파워링크_광고그룹10,모바일,GDR골프가격안산,2,0,0,0,1
"파워링크",파워링크,파워링크_광고그룹10,모바일,GDR골프아카데미,3,0,0,0,4
"파워링크",파워링크,파워링크_광고그룹10,모바일,GDR골프안산,1,0,0,0,2
"파워링크",파워링크,파워링크_광고그룹10,모바일,GDR골프연습장,110,1,869,869,3.7
"파워링크",파워링크,파워링크_광고그룹10,모바일,GDR골프연습장고잔,1,1,583,583,1
"파워링크",파워링크,파워링크_광고그룹10,모바일,GDR골프연습장안산,5,0,0,0,1.4
"파워링크",파워링크,파워링크_광고그룹10,모바일,GDR골프연습장필드모드,2,0,0,0,1
"파워링크",파워링크,파워링크_광고그룹10,모바일,GDR선골프아카데미,1,0,0,0,1
"파워링크",파워링크,파워링크_광고그룹10,모바일,GDR스크린게임,4,0,0,0,1.5
"파워링크",파워링크,파워링크_광고그룹10,모바일,GDR아카데미1회가격,1,0,0,0,1
"파워링크",파워링크,파워링크_광고그룹10,모바일,GDR아카데미게임,1,0,0,0,2
"파워링크",파워링크,파워링크_광고그룹10,모바일,GDR아카데미반월,1,0,0,0,1
"파워링크",파워링크,파워링크_광고그룹10,모바일,GDR아카데미안산,3,1,220,220,1
"파워링크",파워링크,파워링크_광고그룹10,모바일,GDR아카데미안산고잔점,2,0,0,0,1
"파워링크",파워링크,파워링크_광고그룹10,모바일,GDR아카데미안산점,2,0,0,0,1.5
"파워링크",파워링크,파워링크_광고그룹10,모바일,GDR아카데미후기,1,0,0,0,3
"파워링크",파워링크,파워링크_광고그룹10,모바일,GDR예약,1,0,0,0,2
"파워링크",파워링크,파워링크_광고그룹10,모바일,GDR월드,2,1,968,968,1
"파워링크",파워링크,파워링크_광고그룹10,모바일,GDR월드골프아카데미,1,1,77,77,1
"파워링크",파워링크,파워링크_광고그룹10,모바일,GDR일일권,4,0,0,0,3
"파워링크",파워링크,파워링크_광고그룹10,모바일,GDR카카오,2,0,0,0,1.5
"파워링크",파워링크,파워링크_광고그룹10,모바일,GDR타석,22,0,0,0,15.1
"파워링크",파워링크,파워링크_광고그룹10,모바일,GDR필드,3,0,0,0,1.7
"파워링크",파워링크,파워링크_광고그룹10,모바일,GDR회원,1,0,0,0,1
"파워링크",파워링크,파워링크_광고그룹10,모바일,QEDGDR,14,0,0,0,1.5
"파워링크",파워링크,파워링크_광고그룹10,모바일,QED골프아카데미안산,2,0,0,0,2
"파워링크",파워링크,파워링크_광고그룹10,모바일,QED골프아카데미안산중앙,1,0,0,0,2
"파워링크",파워링크,파워링크_광고그룹10,모바일,QED골프안산,4,0,0,0,1
"파워링크",파워링크,파워링크_광고그룹10,모바일,QED골프안산고잔점,1,0,0,0,1
"파워링크",파워링크,파워링크_광고그룹10,모바일,가자GDR,6,0,0,0,3.5
"파워링크",파워링크,파워링크_광고그룹10,모바일,강욱순골프,18,1,77,77,1.3
"파워링크",파워링크,파워링크_광고그룹10,모바일,경기도안산골프장,3,0,0,0,1
"파워링크",파워링크,파워링크_광고그룹10,모바일,경기안산시단원구고잔동(거리뷰),1,0,0,0,1
"파워링크",파워링크,파워링크_광고그룹10,모바일,고잔GDR,1,0,0,0,1
"파워링크",파워링크,파워링크_광고그룹10,모바일,고잔골프존,6,0,0,0,1
"파워링크",파워링크,파워링크_광고그룹10,모바일,고잔대형스크린,2,0,0,0,1
"파워링크",파워링크,파워링크_광고그룹10,모바일,고잔동GDR,9,0,0,0,1.6
"파워링크",파워링크,파워링크_광고그룹10,모바일,고잔동GDR스크린골프,1,0,0,0,1
"파워링크",파워링크,파워링크_광고그룹10,모바일,고잔동GDR스크린골프장,1,0,0,0,1
"파워링크",파워링크,파워링크_광고그룹10,모바일,고잔동GDR아카데미,1,0,0,0,1
"파워링크",파워링크,파워링크_광고그룹10,모바일,고잔동GDR연습장,3,2,638,"1,276",1
"파워링크",파워링크,파워링크_광고그룹10,모바일,고잔동QED골프,1,0,0,0,2
"파워링크",파워링크,파워링크_광고그룹10,모바일,고잔동QED골프아카데미,1,0,0,0,1
"파워링크",파워링크,파워링크_광고그룹10,모바일,고잔동QED연습장,1,0,0,0,1
"파워링크",파워링크,파워링크_광고그룹10,모바일,고잔동골프,11,0,0,0,2.2
"파워링크",파워링크,파워링크_광고그룹10,모바일,고잔동골프레슨,10,0,0,0,3.3
"파워링크",파워링크,파워링크_광고그룹10,모바일,고잔동골프아카데미,1,0,0,0,1
"파워링크",파워링크,파워링크_광고그룹10,모바일,고잔동골프연습장,25,0,0,0,2
"파워링크",파워링크,파워링크_광고그룹10,모바일,고잔동골프장,9,0,0,0,1.1
"파워링크",파워링크,파워링크_광고그룹10,모바일,고잔동골프존,26,0,0,0,1.8
"파워링크",파워링크,파워링크_광고그룹10,모바일,고잔동골프존GDR,1,0,0,0,2
"파워링크",파워링크,파워링크_광고그룹10,모바일,고잔동골프채그립,1,0,0,0,1
"파워링크",파워링크,파워링크_광고그룹10,모바일,고잔동골프채피팅,1,0,0,0,1
"파워링크",파워링크,파워링크_광고그룹10,모바일,고잔동골프피팅,2,0,0,0,1
"파워링크",파워링크,파워링크_광고그룹10,모바일,고잔동골프헬스,3,1,77,77,1.7
"파워링크",파워링크,파워링크_광고그룹10,모바일,고잔동대형스크린,1,1,77,77,1
"파워링크",파워링크,파워링크_광고그룹10,모바일,고잔동브라보스크린,1,0,0,0,1
"파워링크",파워링크,파워링크_광고그룹10,모바일,고잔동스크린,35,0,0,0,1
"파워링크",파워링크,파워링크_광고그룹10,모바일,고잔동스크린골프,45,0,0,0,3
"파워링크",파워링크,파워링크_광고그룹10,모바일,고잔동스크린골프VX,1,0,0,0,1
"파워링크",파워링크,파워링크_광고그룹10,모바일,고잔동스크린골프가격,1,0,0,0,1
"파워링크",파워링크,파워링크_광고그룹10,모바일,고잔동스크린골프레슨,1,1,814,814,1
"파워링크",파워링크,파워링크_광고그룹10,모바일,고잔동스크린골프연습장,1,0,0,0,1
"파워링크",파워링크,파워링크_광고그룹10,모바일,고잔동스크린골프장,3,0,0,0,1
"파워링크",파워링크,파워링크_광고그룹10,모바일,고잔동스크린골프존,2,0,0,0,1
"파워링크",파워링크,파워링크_광고그룹10,모바일,고잔동스크린골프추천,1,0,0,0,1
"파워링크",파워링크,파워링크_광고그룹10,모바일,고잔동신도시골프존,1,0,0,0,1
"파워링크",파워링크,파워링크_광고그룹10,모바일,고잔동실내골프연습,1,1,693,693,2
"파워링크",파워링크,파워링크_광고그룹10,모바일,고잔동실내골프연습장,3,0,0,0,1
"파워링크",파워링크,파워링크_광고그룹10,모바일,고잔동실외골프연습장,1,0,0,0,1
"파워링크",파워링크,파워링크_광고그룹10,모바일,고잔동월드,1,0,0,0,1
"파워링크",파워링크,파워링크_광고그룹10,모바일,고잔동월드골프아카데미,2,0,0,0,1
"파워링크",파워링크,파워링크_광고그룹10,모바일,고잔동이글스크린,1,0,0,0,1
"파워링크",파워링크,파워링크_광고그룹10,모바일,고잔동카카오골프,2,0,0,0,1
"파워링크",파워링크,파워링크_광고그룹10,모바일,고잔동카카오프렌즈골프아카데미,1,1,77,77,1
"파워링크",파워링크,파워링크_광고그룹10,모바일,고잔동프렌즈스크린,2,0,0,0,1
"파워링크",파워링크,파워링크_광고그룹10,모바일,고잔바로피트니스,1,0,0,0,3
"파워링크",파워링크,파워링크_광고그룹10,모바일,고잔스크린,5,0,0,0,1
"파워링크",파워링크,파워링크_광고그룹10,모바일,고잔스크린골프,4,0,0,0,1
"파워링크",파워링크,파워링크_광고그룹10,모바일,고잔스크린골프연습,1,0,0,0,1
"파워링크",파워링크,파워링크_광고그룹10,모바일,고잔스크린골프장,1,0,0,0,1
"파워링크",파워링크,파워링크_광고그룹10,모바일,고잔스크린연습,1,0,0,0,1
"파워링크",파워링크,파워링크_광고그룹10,모바일,고잔신도시GDR연습장,1,1,77,77,1
"파워링크",파워링크,파워링크_광고그룹10,모바일,고잔신도시골프,1,0,0,0,1
"파워링크",파워링크,파워링크_광고그룹10,모바일,고잔신도시골프레슨,1,0,0,0,1
"파워링크",파워링크,파워링크_광고그룹10,모바일,고잔신도시골프스크린,3,0,0,0,1
"파워링크",파워링크,파워링크_광고그룹10,모바일,고잔신도시골프존,2,0,0,0,1
"파워링크",파워링크,파워링크_광고그룹10,모바일,고잔신도시골프존스크린,1,0,0,0,1
"파워링크",파워링크,파워링크_광고그룹10,모바일,고잔신도시스크린,3,0,0,0,1
"파워링크",파워링크,파워링크_광고그룹10,모바일,고잔신도시스크린골프,2,0,0,0,1
"파워링크",파워링크,파워링크_광고그룹10,모바일,고잔실내골프연습장,4,4,633,"2,530",1
"파워링크",파워링크,파워링크_광고그룹10,모바일,고잔역골프그립,1,0,0,0,1
"파워링크",파워링크,파워링크_광고그룹10,모바일,고잔역골프연습,1,1,693,693,1
"파워링크",파워링크,파워링크_광고그룹10,모바일,고잔역골프연습장,1,0,0,0,1
"파워링크",파워링크,파워링크_광고그룹10,모바일,고잔역골프장,1,0,0,0,1
"파워링크",파워링크,파워링크_광고그룹10,모바일,고잔역스크린,2,0,0,0,1
"파워링크",파워링크,파워링크_광고그룹10,모바일,고잔역스크린골프,2,0,0,0,1
"파워링크",파워링크,파워링크_광고그룹10,모바일,고잔역스크린야구,1,0,0,0,1
"파워링크",파워링크,파워링크_광고그룹10,모바일,고잔역연습실,3,0,0,0,1
"파워링크",파워링크,파워링크_광고그룹10,모바일,고잔역헬스장,3,0,0,0,3
"파워링크",파워링크,파워링크_광고그룹10,모바일,고잔월드GDR,1,0,0,0,1
"파워링크",파워링크,파워링크_광고그룹10,모바일,고잔중앙스크린,7,0,0,0,1
"파워링크",파워링크,파워링크_광고그룹10,모바일,고잔중앙스크린골프,1,0,0,0,1
"파워링크",파워링크,파워링크_광고그룹10,모바일,고잔중앙역골프존,1,0,0,0,1
"파워링크",파워링크,파워링크_광고그룹10,모바일,고잔헬스장,5,0,0,0,3.4
"파워링크",파워링크,파워링크_광고그룹10,모바일,골프,2,0,0,0,3
"파워링크",파워링크,파워링크_광고그룹10,모바일,골프.실외연습장,1,0,0,0,2
"파워링크",파워링크,파워링크_광고그룹10,모바일,골프GDR,5,0,0,0,2.2
"파워링크",파워링크,파워링크_광고그룹10,모바일,골프동호회안산,2,0,0,0,1
"파워링크",파워링크,파워링크_광고그룹10,모바일,골프레슨비용안산,3,0,0,0,2.7
"파워링크",파워링크,파워링크_광고그룹10,모바일,골프레슨안산,6,1,"3,740","3,740",3.5
"파워링크",파워링크,파워링크_광고그룹10,모바일,골프실외연습장,198,1,88,88,2.4
"파워링크",파워링크,파워링크_광고그룹10,모바일,골프아카데미고잔,1,0,0,0,1
"파워링크",파워링크,파워링크_광고그룹10,모바일,골프안산,3,0,0,0,3
"파워링크",파워링크,파워링크_광고그룹10,모바일,골프안산숏게임야외연습장,1,0,0,0,1
"파워링크",파워링크,파워링크_광고그룹10,모바일,골프연습비용,1,1,451,451,3
"파워링크",파워링크,파워링크_광고그룹10,모바일,골프연습장GDR,7,0,0,0,1.9
"파워링크",파워링크,파워링크_광고그룹10,모바일,골프연습장안산,1,0,0,0,3
"파워링크",파워링크,파워링크_광고그룹10,모바일,골프월드GDR,1,1,594,594,1
"파워링크",파워링크,파워링크_광고그룹10,모바일,골프장안산,1,0,0,0,3
"파워링크",파워링크,파워링크_광고그룹10,모바일,골프존고잔동,1,0,0,0,1
"파워링크",파워링크,파워링크_광고그룹10,모바일,골프존고잔중앙역점,1,0,0,0,1
"파워링크",파워링크,파워링크_광고그룹10,모바일,골프존안산,2,0,0,0,3
"파워링크",파워링크,파워링크_광고그룹10,모바일,골프프렌즈고잔,1,0,0,0,1
"파워링크",파워링크,파워링크_광고그룹10,모바일,골프프렌즈안산,3,0,0,0,2
"파워링크",파워링크,파워링크_광고그룹10,모바일,골프프렌즈안산고잔점,1,1,781,781,1
"파워링크",파워링크,파워링크_광고그룹10,모바일,동탄GDR스윙,1,0,0,0,3
"파워링크",파워링크,파워링크_광고그룹10,모바일,마스터골프안산,1,0,0,0,1
"파워링크",파워링크,파워링크_광고그룹10,모바일,모아GDR골프아카데미,2,0,0,0,1
"파워링크",파워링크,파워링크_광고그룹10,모바일,무제한골프연습장안산,1,0,0,0,1
"파워링크",파워링크,파워링크_광고그룹10,모바일,배곧GDR,1,0,0,0,2
"파워링크",파워링크,파워링크_광고그룹10,모바일,본오동골프,12,1,88,88,2.6
"파워링크",파워링크,파워링크_광고그룹10,모바일,본오동골프레슨,3,0,0,0,4
"파워링크",파워링크,파워링크_광고그룹10,모바일,본오동골프연습장,5,0,0,0,1
"파워링크",파워링크,파워링크_광고그룹10,모바일,봉담GDR아카데미,2,0,0,0,3.5
"파워링크",파워링크,파워링크_광고그룹10,모바일,분당GDR아카데미,1,0,0,0,4
"파워링크",파워링크,파워링크_광고그룹10,모바일,사동GDR,3,0,0,0,1
"파워링크",파워링크,파워링크_광고그룹10,모바일,사동골프장,1,0,0,0,1
"파워링크",파워링크,파워링크_광고그룹10,모바일,새솔동GDR,6,0,0,0,1.3
"파워링크",파워링크,파워링크_광고그룹10,모바일,새솔동골프,70,1,88,88,4
"파워링크",파워링크,파워링크_광고그룹10,모바일,새솔동골프연습장,48,0,0,0,2
"파워링크",파워링크,파워링크_광고그룹10,모바일,새솔동골프존,124,1,77,77,2
"파워링크",파워링크,파워링크_광고그룹10,모바일,새솔동스크린골프,63,0,0,0,3
"파워링크",파워링크,파워링크_광고그룹10,모바일,선부동골프,31,0,0,0,2.6
"파워링크",파워링크,파워링크_광고그룹10,모바일,선부동골프레슨,2,0,0,0,4
"파워링크",파워링크,파워링크_광고그룹10,모바일,선부동골프연습장,14,0,0,0,3.9
"파워링크",파워링크,파워링크_광고그룹10,모바일,스크린고잔동,1,0,0,0,1
"파워링크",파워링크,파워링크_광고그룹10,모바일,스크린골프,1,0,0,0,51
"파워링크",파워링크,파워링크_광고그룹10,모바일,스크린골프GDR,6,0,0,0,2.7
"파워링크",파워링크,파워링크_광고그룹10,모바일,스크린골프고잔동,1,0,0,0,1
"파워링크",파워링크,파워링크_광고그룹10,모바일,스크린골프안산,5,0,0,0,1.2
"파워링크",파워링크,파워링크_광고그룹10,모바일,스크린골프안산시,1,0,0,0,2
"파워링크",파워링크,파워링크_광고그룹10,모바일,스크린골프안산중앙점,1,0,0,0,1
"파워링크",파워링크,파워링크_광고그룹10,모바일,스크린골프연습장안산,2,0,0,0,1
"파워링크",파워링크,파워링크_광고그룹10,모바일,스크린골프연습장안산가격,1,0,0,0,3
"파워링크",파워링크,파워링크_광고그룹10,모바일,스크린골프장고잔,1,0,0,0,1
"파워링크",파워링크,파워링크_광고그룹10,모바일,스크린골프장안산,1,0,0,0,3
"파워링크",파워링크,파워링크_광고그룹10,모바일,스크린골프장좋은곳,2,0,0,0,2.5
"파워링크",파워링크,파워링크_광고그룹10,모바일,스크린안산,1,0,0,0,2
"파워링크",파워링크,파워링크_광고그룹10,모바일,실내골프연습장레슨,1,0,0,0,3
"파워링크",파워링크,파워링크_광고그룹10,모바일,실외골프연습장안산,2,0,0,0,1
"파워링크",파워링크,파워링크_광고그룹10,모바일,실외골프장,5,0,0,0,2
"파워링크",파워링크,파워링크_광고그룹10,모바일,실외스크린골프안산,1,0,0,0,1
"파워링크",파워링크,파워링크_광고그룹10,모바일,실외연습장,1,0,0,0,2
"파워링크",파워링크,파워링크_광고그룹10,모바일,안산.골프레슨,1,0,0,0,2
"파워링크",파워링크,파워링크_광고그룹10,모바일,안산.단원구골프장,1,0,0,0,1
"파워링크",파워링크,파워링크_광고그룹10,모바일,안산.스크린,1,0,0,0,2
"파워링크",파워링크,파워링크_광고그룹10,모바일,안산GDR,48,5,110,550,3.6
"파워링크",파워링크,파워링크_광고그룹10,모바일,안산GDR고잔동,1,0,0,0,1
"파워링크",파워링크,파워링크_광고그룹10,모바일,안산GDR골프,4,1,"1,045","1,045",1.5
"파워링크",파워링크,파워링크_광고그룹10,모바일,안산GDR골프연습장,1,0,0,0,2
"파워링크",파워링크,파워링크_광고그룹10,모바일,안산GDR레슨비용,1,0,0,0,1
"파워링크",파워링크,파워링크_광고그룹10,모바일,안산GDR아카데미,3,0,0,0,2
"파워링크",파워링크,파워링크_광고그룹10,모바일,안산GDR연습장,7,1,660,660,1.6
"파워링크",파워링크,파워링크_광고그룹10,모바일,안산GDR연습장일일회원권,2,0,0,0,1
"파워링크",파워링크,파워링크_광고그룹10,모바일,안산GDR월드골프존,1,0,0,0,2
"파워링크",파워링크,파워링크_광고그룹10,모바일,안산GDR일일권,1,0,0,0,1
"파워링크",파워링크,파워링크_광고그룹10,모바일,안산KPGA,3,0,0,0,1.7
"파워링크",파워링크,파워링크_광고그룹10,모바일,안산PAR3,11,0,0,0,1
"파워링크",파워링크,파워링크_광고그룹10,모바일,안산PAR3골프장,1,0,0,0,1
"파워링크",파워링크,파워링크_광고그룹10,모바일,안산QED,40,1,77,77,1.6
"파워링크",파워링크,파워링크_광고그룹10,모바일,안산QED골프,2,0,0,0,2
"파워링크",파워링크,파워링크_광고그룹10,모바일,안산QED골프아카데미,1,0,0,0,2
"파워링크",파워링크,파워링크_광고그룹10,모바일,안산QED골프필드레슨,1,0,0,0,1
"파워링크",파워링크,파워링크_광고그룹10,모바일,안산가성비골프연습장,1,0,0,0,1
"파워링크",파워링크,파워링크_광고그룹10,모바일,안산개인골프레슨,2,0,0,0,2
"파워링크",파워링크,파워링크_광고그룹10,모바일,안산개인골프아카데미,1,0,0,0,1
"파워링크",파워링크,파워링크_광고그룹10,모바일,안산거리뷰,2,0,0,0,1.5
"파워링크",파워링크,파워링크_광고그룹10,모바일,안산고잔골프레슨,1,0,0,0,1
"파워링크",파워링크,파워링크_광고그룹10,모바일,안산고잔동GDR,1,0,0,0,1
"파워링크",파워링크,파워링크_광고그룹10,모바일,안산고잔동GDR골프연습장,2,0,0,0,1
"파워링크",파워링크,파워링크_광고그룹10,모바일,안산고잔동GDR아카데미,1,0,0,0,1
"파워링크",파워링크,파워링크_광고그룹10,모바일,안산고잔동골프,2,0,0,0,1
"파워링크",파워링크,파워링크_광고그룹10,모바일,안산고잔동골프레슨,3,1,77,77,1
"파워링크",파워링크,파워링크_광고그룹10,모바일,안산고잔동골프아카데미,1,0,0,0,1
"파워링크",파워링크,파워링크_광고그룹10,모바일,안산고잔동골프연습,1,0,0,0,1
"파워링크",파워링크,파워링크_광고그룹10,모바일,안산고잔동골프연습장,4,0,0,0,1
"파워링크",파워링크,파워링크_광고그룹10,모바일,안산고잔동골프존,3,0,0,0,2.3
"파워링크",파워링크,파워링크_광고그룹10,모바일,안산고잔동골프헬스,1,0,0,0,2
"파워링크",파워링크,파워링크_광고그룹10,모바일,안산고잔동스크린,5,0,0,0,1
"파워링크",파워링크,파워링크_광고그룹10,모바일,안산고잔동스크린골프,7,0,0,0,1
"파워링크",파워링크,파워링크_광고그룹10,모바일,안산고잔동스크린골프장,1,0,0,0,1
"파워링크",파워링크,파워링크_광고그룹10,모바일,안산고잔동스크린야구장,1,0,0,0,1
"파워링크",파워링크,파워링크_광고그룹10,모바일,안산고잔동실내골프연습장,1,1,77,77,2
"파워링크",파워링크,파워링크_광고그룹10,모바일,안산고잔동야외골프장,2,0,0,0,2
"파워링크",파워링크,파워링크_광고그룹10,모바일,안산고잔동연습실,2,0,0,0,1
"파워링크",파워링크,파워링크_광고그룹10,모바일,안산고잔동초지골프,1,0,0,0,1
"파워링크",파워링크,파워링크_광고그룹10,모바일,안산고잔동카카오골프,1,0,0,0,1
"파워링크",파워링크,파워링크_광고그룹10,모바일,안산고잔동카카오스크린골프,3,0,0,0,1
"파워링크",파워링크,파워링크_광고그룹10,모바일,안산고잔동프렌즈스크린연습장,4,0,0,0,1
"파워링크",파워링크,파워링크_광고그룹10,모바일,안산고잔동헬스장,8,0,0,0,11.4
"파워링크",파워링크,파워링크_광고그룹10,모바일,안산고잔스크린,1,0,0,0,1
"파워링크",파워링크,파워링크_광고그룹10,모바일,안산고잔스크린골프,1,0,0,0,1
"파워링크",파워링크,파워링크_광고그룹10,모바일,안산고잔신도시헬스장,5,0,0,0,1.6
"파워링크",파워링크,파워링크_광고그룹10,모바일,안산고잔실내,1,0,0,0,1
"파워링크",파워링크,파워링크_광고그룹10,모바일,안산고잔역스크린골프,1,0,0,0,1
"파워링크",파워링크,파워링크_광고그룹10,모바일,안산고잔월드,1,0,0,0,1
"파워링크",파워링크,파워링크_광고그룹10,모바일,안산고잔월드점,1,0,0,0,1
"파워링크",파워링크,파워링크_광고그룹10,모바일,안산고잔중앙스크린,1,0,0,0,1
"파워링크",파워링크,파워링크_광고그룹10,모바일,안산골프,110,1,"2,398","2,398",3.3
"파워링크",파워링크,파워링크_광고그룹10,모바일,안산골프.1:1레슨,1,0,0,0,1
"파워링크",파워링크,파워링크_광고그룹10,모바일,안산골프.연습장,1,0,0,0,1
"파워링크",파워링크,파워링크_광고그룹10,모바일,안산골프1:1,1,0,0,0,1
"파워링크",파워링크,파워링크_광고그룹10,모바일,안산골프1:1레슨,2,2,77,154,1
"파워링크",파워링크,파워링크_광고그룹10,모바일,안산골프C.C,1,0,0,0,2
"파워링크",파워링크,파워링크_광고그룹10,모바일,안산골프CC,1,0,0,0,2
"파워링크",파워링크,파워링크_광고그룹10,모바일,안산골프GDR,1,0,0,0,1
"파워링크",파워링크,파워링크_광고그룹10,모바일,안산골프GDR1:1레슨,1,0,0,0,1
"파워링크",파워링크,파워링크_광고그룹10,모바일,안산골프GDR1:1레슨프라이빗,1,0,0,0,1
"파워링크",파워링크,파워링크_광고그룹10,모바일,안산골프GDR프라이빗레슨,1,0,0,0,1
"파워링크",파워링크,파워링크_광고그룹10,모바일,안산골프PT,5,0,0,0,1.6
"파워링크",파워링크,파워링크_광고그룹10,모바일,안산골프강습,1,0,0,0,3
"파워링크",파워링크,파워링크_광고그룹10,모바일,안산골프개인레슨,5,0,0,0,1
"파워링크",파워링크,파워링크_광고그룹10,모바일,안산골프거리,2,0,0,0,1
"파워링크",파워링크,파워링크_광고그룹10,모바일,안산골프동호,1,1,"1,155","1,155",1
"파워링크",파워링크,파워링크_광고그룹10,모바일,안산골프동호회,21,0,0,0,2.2
"파워링크",파워링크,파워링크_광고그룹10,모바일,안산골프레슨,257,11,"2,589","28,479",3.4
"파워링크",파워링크,파워링크_광고그룹10,모바일,안산골프레슨1:1,14,2,"1,018","2,035",1.5
"파워링크",파워링크,파워링크_광고그룹10,모바일,안산골프레슨1회체험,1,0,0,0,2
"파워링크",파워링크,파워링크_광고그룹10,모바일,안산골프레슨가격,4,0,0,0,3.8
"파워링크",파워링크,파워링크_광고그룹10,모바일,안산골프레슨비용,16,2,88,176,3.1
"파워링크",파워링크,파워링크_광고그룹10,모바일,안산골프레슨잘하는곳,3,0,0,0,1.3
"파워링크",파워링크,파워링크_광고그룹10,모바일,안산골프레슨저렴한곳,2,0,0,0,1
"파워링크",파워링크,파워링크_광고그룹10,모바일,안산골프레슨추천,24,4,646,"2,585",2.1
"파워링크",파워링크,파워링크_광고그룹10,모바일,안산골프레슨프로,1,0,0,0,3
"파워링크",파워링크,파워링크_광고그룹10,모바일,안산골프레슨헬스,1,0,0,0,1
"파워링크",파워링크,파워링크_광고그룹10,모바일,안산골프무제한연습장,1,0,0,0,1
"파워링크",파워링크,파워링크_광고그룹10,모바일,안산골프배우기,1,0,0,0,3
"파워링크",파워링크,파워링크_광고그룹10,모바일,안산골프배우는곳,1,0,0,0,1
"파워링크",파워링크,파워링크_광고그룹10,모바일,안산골프숏게임,1,0,0,0,1
"파워링크",파워링크,파워링크_광고그룹10,모바일,안산골프숏게임레슨,1,0,0,0,2
"파워링크",파워링크,파워링크_광고그룹10,모바일,안산골프숏게임장,1,0,0,0,1
"파워링크",파워링크,파워링크_광고그룹10,모바일,안산골프스크린,4,0,0,0,1.5
"파워링크",파워링크,파워링크_광고그룹10,모바일,안산골프스크린2층,1,0,0,0,2
"파워링크",파워링크,파워링크_광고그룹10,모바일,안산골프실외연습장,3,0,0,0,1.7
"파워링크",파워링크,파워링크_광고그룹10,모바일,안산골프아카데미,25,4,102,407,3.3
"파워링크",파워링크,파워링크_광고그룹10,모바일,안산골프아카데미고잔동,1,0,0,0,1
"파워링크",파워링크,파워링크_광고그룹10,모바일,안산골프연습,3,0,0,0,1.7
"파워링크",파워링크,파워링크_광고그룹10,모바일,안산골프연습무제한이용,1,0,0,0,1
"파워링크",파워링크,파워링크_광고그룹10,모바일,안산골프연습장,"1,078",4,"1,513","6,050",3.8
"파워링크",파워링크,파워링크_광고그룹10,모바일,안산골프연습장.,10,0,0,0,1.7
"파워링크",파워링크,파워링크_광고그룹10,모바일,안산골프연습장가격,11,0,0,0,1.5
"파워링크",파워링크,파워링크_광고그룹10,모바일,안산골프연습장레슨,6,0,0,0,2.5
"파워링크",파워링크,파워링크_광고그룹10,모바일,안산골프연습장레슨비,4,0,0,0,1.8
"파워링크",파워링크,파워링크_광고그룹10,모바일,안산골프연습장안산,1,0,0,0,3
"파워링크",파워링크,파워링크_광고그룹10,모바일,안산골프연습장어플,1,0,0,0,1
"파워링크",파워링크,파워링크_광고그룹10,모바일,안산골프연습장예약,11,0,0,0,1.1
"파워링크",파워링크,파워링크_광고그룹10,모바일,안산골프연습장예약방법,5,0,0,0,1.2
"파워링크",파워링크,파워링크_광고그룹10,모바일,안산골프연습장예약어플,1,0,0,0,1
"파워링크",파워링크,파워링크_광고그룹10,모바일,안산골프연습장예약하기,1,0,0,0,1
"파워링크",파워링크,파워링크_광고그룹10,모바일,안산골프연습장월드,1,0,0,0,1
"파워링크",파워링크,파워링크_광고그룹10,모바일,안산골프연습장인도어,11,0,0,0,1.7
"파워링크",파워링크,파워링크_광고그룹10,모바일,안산골프연습장인터넷,1,0,0,0,1
"파워링크",파워링크,파워링크_광고그룹10,모바일,안산골프연습장추천,1,0,0,0,2
"파워링크",파워링크,파워링크_광고그룹10,모바일,안산골프연습장클럽,1,0,0,0,1
"파워링크",파워링크,파워링크_광고그룹10,모바일,안산골프연습장타석보기,1,0,0,0,1
"파워링크",파워링크,파워링크_광고그룹10,모바일,안산골프연습장프로,2,0,0,0,2.5
"파워링크",파워링크,파워링크_광고그룹10,모바일,안산골프원포인트레슨,2,0,0,0,2
"파워링크",파워링크,파워링크_광고그룹10,모바일,안산골프인도어,2,0,0,0,1.5
"파워링크",파워링크,파워링크_광고그룹10,모바일,안산골프인도어연습장,1,0,0,0,2
"파워링크",파워링크,파워링크_광고그룹10,모바일,안산골프장,650,5,838,"4,191",1.3
"파워링크",파워링크,파워링크_광고그룹10,모바일,안산골프장CC,31,0,0,0,2
"파워링크",파워링크,파워링크_광고그룹10,모바일,안산골프장시간,1,0,0,0,3
"파워링크",파워링크,파워링크_광고그룹10,모바일,안산골프장연습장,10,0,0,0,2.1
"파워링크",파워링크,파워링크_광고그룹10,모바일,안산골프장추천,3,0,0,0,1.3
"파워링크",파워링크,파워링크_광고그룹10,모바일,안산골프존,10,0,0,0,3.9
"파워링크",파워링크,파워링크_광고그룹10,모바일,안산골프존스크린골프,1,0,0,0,2
"파워링크",파워링크,파워링크_광고그룹10,모바일,안산골프존연습장,1,0,0,0,3
"파워링크",파워링크,파워링크_광고그룹10,모바일,안산골프중고,1,0,0,0,1
"파워링크",파워링크,파워링크_광고그룹10,모바일,안산골프채피팅,1,0,0,0,1
"파워링크",파워링크,파워링크_광고그룹10,모바일,안산골프클럽,177,0,0,0,2.5
"파워링크",파워링크,파워링크_광고그룹10,모바일,안산골프클럽(안산),20,0,0,0,2
"파워링크",파워링크,파워링크_광고그룹10,모바일,안산골프클럽연습장,14,0,0,0,2.6
"파워링크",파워링크,파워링크_광고그룹10,모바일,안산골프클장,1,0,0,0,3
"파워링크",파워링크,파워링크_광고그룹10,모바일,안산골프패키지,1,0,0,0,1
"파워링크",파워링크,파워링크_광고그룹10,모바일,안산골프프렌즈,1,0,0,0,2
"파워링크",파워링크,파워링크_광고그룹10,모바일,안산골프프로,3,0,0,0,3
"파워링크",파워링크,파워링크_광고그룹10,모바일,안산골프피트니스,2,0,0,0,2
"파워링크",파워링크,파워링크_광고그룹10,모바일,안산골프필드,1,0,0,0,1
"파워링크",파워링크,파워링크_광고그룹10,모바일,안산골프학원,5,0,0,0,2
"파워링크",파워링크,파워링크_광고그룹10,모바일,안산골프할인,1,0,0,0,2
"파워링크",파워링크,파워링크_광고그룹10,모바일,안산골프헬스,11,1,77,77,2.6
"파워링크",파워링크,파워링크_광고그룹10,모바일,안산골프헬스연습장,1,0,0,0,1
"파워링크",파워링크,파워링크_광고그룹10,모바일,안산골프화,2,0,0,0,1.5
"파워링크",파워링크,파워링크_광고그룹10,모바일,안산근처골프장,2,0,0,0,1
"파워링크",파워링크,파워링크_광고그룹10,모바일,안산단원골프장,2,0,0,0,1.5
"파워링크",파워링크,파워링크_광고그룹10,모바일,안산단원구골프,1,0,0,0,1
"파워링크",파워링크,파워링크_광고그룹10,모바일,안산단원구골프연습장,1,0,0,0,3
"파워링크",파워링크,파워링크_광고그룹10,모바일,안산단원구골프장,3,0,0,0,1
"파워링크",파워링크,파워링크_광고그룹10,모바일,안산대형스크린,2,0,0,0,1
"파워링크",파워링크,파워링크_광고그룹10,모바일,안산도시골프,4,0,0,0,1
"파워링크",파워링크,파워링크_광고그룹10,모바일,안산도시골프연습장,1,0,0,0,1
"파워링크",파워링크,파워링크_광고그룹10,모바일,안산도시공사안산골프연습장,3,1,77,77,1
"파워링크",파워링크,파워링크_광고그룹10,모바일,안산도시연습장골프장,1,0,0,0,1
"파워링크",파워링크,파워링크_광고그룹10,모바일,안산동스크린골프장,1,0,0,0,1
"파워링크",파워링크,파워링크_광고그룹10,모바일,안산동호회,1,0,0,0,1
"파워링크",파워링크,파워링크_광고그룹10,모바일,안산링스골프아카데미,1,0,0,0,1
"파워링크",파워링크,파워링크_광고그룹10,모바일,안산마스터골프연습장,1,1,77,77,1
"파워링크",파워링크,파워링크_광고그룹10,모바일,안산무제한골프연습,1,0,0,0,1
"파워링크",파워링크,파워링크_광고그룹10,모바일,안산본오3동골프연습장,1,0,0,0,1
"파워링크",파워링크,파워링크_광고그룹10,모바일,안산본오동골프레슨하는곳,3,1,121,121,2
"파워링크",파워링크,파워링크_광고그룹10,모바일,안산본오동스크린골프,1,0,0,0,2
"파워링크",파워링크,파워링크_광고그룹10,모바일,안산브라보골프연습장추천,1,0,0,0,3
"파워링크",파워링크,파워링크_광고그룹10,모바일,안산사동GDR골프,2,0,0,0,1
"파워링크",파워링크,파워링크_광고그룹10,모바일,안산사동GDR골프연습장,1,0,0,0,1
"파워링크",파워링크,파워링크_광고그룹10,모바일,안산사동골프,3,0,0,0,1
"파워링크",파워링크,파워링크_광고그룹10,모바일,안산사동골프레슨,2,0,0,0,1
"파워링크",파워링크,파워링크_광고그룹10,모바일,안산사동골프연습장,2,0,0,0,3.5
"파워링크",파워링크,파워링크_광고그룹10,모바일,안산사동스크린골프,4,0,0,0,1
"파워링크",파워링크,파워링크_광고그룹10,모바일,안산사동실내골프연습장,1,0,0,0,2
"파워링크",파워링크,파워링크_광고그룹10,모바일,안산선부동스크린골프,10,0,0,0,2.1
"파워링크",파워링크,파워링크_광고그룹10,모바일,안산선부동아카데미골프연습장,1,0,0,0,2
"파워링크",파워링크,파워링크_광고그룹10,모바일,안산성포동골프레슨하는곳,1,1,869,869,1
"파워링크",파워링크,파워링크_광고그룹10,모바일,안산세종빌딩골프,1,0,0,0,1
"파워링크",파워링크,파워링크_광고그룹10,모바일,안산소재골프장,2,0,0,0,2
"파워링크",파워링크,파워링크_광고그룹10,모바일,안산스마트스크린골프,1,0,0,0,1
"파워링크",파워링크,파워링크_광고그룹10,모바일,안산스크린,24,0,0,0,1.1
"파워링크",파워링크,파워링크_광고그룹10,모바일,안산스크린골프,35,0,0,0,4
"파워링크",파워링크,파워링크_광고그룹10,모바일,안산스크린골프가격,2,0,0,0,2.5
"파워링크",파워링크,파워링크_광고그룹10,모바일,안산스크린골프레슨,1,0,0,0,3
"파워링크",파워링크,파워링크_광고그룹10,모바일,안산스크린골프연습장,3,0,0,0,3.3
"파워링크",파워링크,파워링크_광고그룹10,모바일,안산스크린골프장,4,0,0,0,3
"파워링크",파워링크,파워링크_광고그룹10,모바일,안산스크린골프장매매,1,0,0,0,1
"파워링크",파워링크,파워링크_광고그룹10,모바일,안산스크린골프장연습,1,0,0,0,2
"파워링크",파워링크,파워링크_광고그룹10,모바일,안산스크린골프장연습모드,1,0,0,0,1
"파워링크",파워링크,파워링크_광고그룹10,모바일,안산스크린골프존,2,0,0,0,1
"파워링크",파워링크,파워링크_광고그룹10,모바일,안산스크린동호회,1,0,0,0,1
"파워링크",파워링크,파워링크_광고그룹10,모바일,안산스크린레슨,1,1,902,902,2
"파워링크",파워링크,파워링크_광고그룹10,모바일,안산스크린연습모드,1,0,0,0,1
"파워링크",파워링크,파워링크_광고그룹10,모바일,안산스크린연습장,2,0,0,0,3
"파워링크",파워링크,파워링크_광고그룹10,모바일,안산스크린운전연습실,1,0,0,0,2
"파워링크",파워링크,파워링크_광고그룹10,모바일,안산스크린파크골프,1,0,0,0,1
"파워링크",파워링크,파워링크_광고그룹10,모바일,안산시GDR연습장,1,1,"1,177","1,177",1
"파워링크",파워링크,파워링크_광고그룹10,모바일,안산시고잔동골프존스크린골프?,1,0,0,0,1
"파워링크",파워링크,파워링크_광고그룹10,모바일,안산시고잔동스크린골프?,2,0,0,0,1
"파워링크",파워링크,파워링크_광고그룹10,모바일,안산시골프,7,0,0,0,2.3
"파워링크",파워링크,파워링크_광고그룹10,모바일,안산시골프레슨,3,0,0,0,1
"파워링크",파워링크,파워링크_광고그룹10,모바일,안산시골프아카데미,2,0,0,0,2.5
"파워링크",파워링크,파워링크_광고그룹10,모바일,안산시골프연습,4,0,0,0,1.8
"파워링크",파워링크,파워링크_광고그룹10,모바일,안산시골프연습장,39,0,0,0,1.1
"파워링크",파워링크,파워링크_광고그룹10,모바일,안산시골프예약,1,0,0,0,1
"파워링크",파워링크,파워링크_광고그룹10,모바일,안산시골프장,20,0,0,0,1
"파워링크",파워링크,파워링크_광고그룹10,모바일,안산시골프클럽,7,1,726,726,1
"파워링크",파워링크,파워링크_광고그룹10,모바일,안산시골프클럽연습장,1,0,0,0,3
"파워링크",파워링크,파워링크_광고그룹10,모바일,안산시단원구골프연습장,1,0,0,0,1
"파워링크",파워링크,파워링크_광고그룹10,모바일,안산시단원구골프장,2,0,0,0,1
"파워링크",파워링크,파워링크_광고그룹10,모바일,안산시사동스크린골프,1,0,0,0,1
"파워링크",파워링크,파워링크_광고그룹10,모바일,안산시설좋은스크린골프,1,0,0,0,1
"파워링크",파워링크,파워링크_광고그룹10,모바일,안산시실내GDR연습장,1,1,77,77,1
"파워링크",파워링크,파워링크_광고그룹10,모바일,안산시실내골프장,1,0,0,0,1
"파워링크",파워링크,파워링크_광고그룹10,모바일,안산시실외골프,2,0,0,0,1
"파워링크",파워링크,파워링크_광고그룹10,모바일,안산시실외골프연습장,9,1,77,77,1
"파워링크",파워링크,파워링크_광고그룹10,모바일,안산시야외골프연습장,5,0,0,0,1
"파워링크",파워링크,파워링크_광고그룹10,모바일,안산시에서운영하는골프연습장,1,0,0,0,3
"파워링크",파워링크,파워링크_광고그룹10,모바일,안산시에서하는실내골프장,1,0,0,0,1
"파워링크",파워링크,파워링크_광고그룹10,모바일,안산시초지동골프장,1,0,0,0,1
"파워링크",파워링크,파워링크_광고그룹10,모바일,안산신도시GDR골프연습장,1,1,77,77,1
"파워링크",파워링크,파워링크_광고그룹10,모바일,안산실내,3,0,0,0,1
"파워링크",파워링크,파워링크_광고그룹10,모바일,안산실내골프,1,0,0,0,2
"파워링크",파워링크,파워링크_광고그룹10,모바일,안산실내골프연습,1,0,0,0,1
"파워링크",파워링크,파워링크_광고그룹10,모바일,안산실내골프연습장,16,3,77,231,3
"파워링크",파워링크,파워링크_광고그룹10,모바일,안산실내골프연습장일일이용권,1,1,77,77,1
"파워링크",파워링크,파워링크_광고그룹10,모바일,안산실내골프장,1,0,0,0,1
"파워링크",파워링크,파워링크_광고그룹10,모바일,안산실내연습,1,1,803,803,1
"파워링크",파워링크,파워링크_광고그룹10,모바일,안산실내연습장,4,0,0,0,2.3
"파워링크",파워링크,파워링크_광고그룹10,모바일,안산실외골프,7,1,77,77,2
"파워링크",파워링크,파워링크_광고그룹10,모바일,안산실외골프연습장,62,0,0,0,1.1
"파워링크",파워링크,파워링크_광고그룹10,모바일,안산실외골프연습장비용,2,0,0,0,1
"파워링크",파워링크,파워링크_광고그룹10,모바일,안산실외골프장,5,0,0,0,1.4
"파워링크",파워링크,파워링크_광고그룹10,모바일,안산실외골프장연습장,2,0,0,0,1
"파워링크",파워링크,파워링크_광고그룹10,모바일,안산실외연습장,2,0,0,0,1
"파워링크",파워링크,파워링크_광고그룹10,모바일,안산야구연습,2,0,0,0,2
"파워링크",파워링크,파워링크_광고그룹10,모바일,안산야외골프,2,0,0,0,1.5
"파워링크",파워링크,파워링크_광고그룹10,모바일,안산야외골프연습장,13,0,0,0,1.1
"파워링크",파워링크,파워링크_광고그룹10,모바일,안산야외골프연습장가격,1,0,0,0,1
"파워링크",파워링크,파워링크_광고그룹10,모바일,안산야외골프장,1,0,0,0,1
"파워링크",파워링크,파워링크_광고그룹10,모바일,안산야외스크린,30,0,0,0,1.1
"파워링크",파워링크,파워링크_광고그룹10,모바일,안산야외스크린골프,7,0,0,0,1
"파워링크",파워링크,파워링크_광고그룹10,모바일,안산야외스크린골프장,3,0,0,0,1.3
"파워링크",파워링크,파워링크_광고그룹10,모바일,안산어프로치연습,1,0,0,0,1
"파워링크",파워링크,파워링크_광고그룹10,모바일,안산에골프장,2,0,0,0,1
"파워링크",파워링크,파워링크_광고그룹10,모바일,안산에서골프연습장,1,0,0,0,2
"파워링크",파워링크,파워링크_광고그룹10,모바일,안산에서스크린골프,1,0,0,0,1
"파워링크",파워링크,파워링크_광고그룹10,모바일,안산에서저렴한스크린골프,1,1,803,803,1
"파워링크",파워링크,파워링크_광고그룹10,모바일,안산역스크린골프,2,0,0,0,1
"파워링크",파워링크,파워링크_광고그룹10,모바일,안산역스크린골프연습장,1,0,0,0,1
"파워링크",파워링크,파워링크_광고그룹10,모바일,안산연습장,13,0,0,0,1.8
"파워링크",파워링크,파워링크_광고그룹10,모바일,안산와스크린,1,0,0,0,1
"파워링크",파워링크,파워링크_광고그룹10,모바일,안산와스크린골프,1,0,0,0,1
"파워링크",파워링크,파워링크_광고그룹10,모바일,안산월드,5,0,0,0,1
"파워링크",파워링크,파워링크_광고그룹10,모바일,안산월드GDR,4,1,77,77,1
"파워링크",파워링크,파워링크_광고그룹10,모바일,안산월드GDR남자화장실,1,0,0,0,1
"파워링크",파워링크,파워링크_광고그룹10,모바일,안산월드골프,1,0,0,0,1
"파워링크",파워링크,파워링크_광고그룹10,모바일,안산월드골프연습장,2,1,77,77,1
"파워링크",파워링크,파워링크_광고그룹10,모바일,안산월드스크린,1,0,0,0,1
"파워링크",파워링크,파워링크_광고그룹10,모바일,안산월드스크린골프,1,0,0,0,1
"파워링크",파워링크,파워링크_광고그룹10,모바일,안산월드스크린연습장,1,0,0,0,1
"파워링크",파워링크,파워링크_광고그룹10,모바일,안산월드연습장,1,0,0,0,1
"파워링크",파워링크,파워링크_광고그룹10,모바일,안산월드점,1,0,0,0,1
"파워링크",파워링크,파워링크_광고그룹10,모바일,안산월드휘트니스GDR,1,0,0,0,1
"파워링크",파워링크,파워링크_광고그룹10,모바일,안산월피동골프레슨받기,1,1,770,770,1
"파워링크",파워링크,파워링크_광고그룹10,모바일,안산위치한골프장,1,0,0,0,1
"파워링크",파워링크,파워링크_광고그룹10,모바일,안산유명골프장,1,0,0,0,1
"파워링크",파워링크,파워링크_광고그룹10,모바일,안산인도어골프연습장,46,0,0,0,1.8
"파워링크",파워링크,파워링크_광고그룹10,모바일,안산인도어스크린골프,7,0,0,0,1
"파워링크",파워링크,파워링크_광고그룹10,모바일,안산일일골프연습장,2,0,0,0,1
"파워링크",파워링크,파워링크_광고그룹10,모바일,안산일일레슨,1,0,0,0,1
"파워링크",파워링크,파워링크_광고그룹10,모바일,안산자동차연습장,1,0,0,0,1
"파워링크",파워링크,파워링크_광고그룹10,모바일,안산자이스크린,1,0,0,0,1
"파워링크",파워링크,파워링크_광고그룹10,모바일,안산주말골프,1,0,0,0,1
"파워링크",파워링크,파워링크_광고그룹10,모바일,안산주차연습,1,0,0,0,1
"파워링크",파워링크,파워링크_광고그룹10,모바일,안산주차연습장소,1,0,0,0,2
"파워링크",파워링크,파워링크_광고그룹10,모바일,안산주차장넓은스크린골프,2,0,0,0,1
"파워링크",파워링크,파워링크_광고그룹10,모바일,안산중앙골프레슨,2,1,814,814,1
"파워링크",파워링크,파워링크_광고그룹10,모바일,안산중앙골프연습장,1,0,0,0,2
"파워링크",파워링크,파워링크_광고그룹10,모바일,안산중앙동골프,5,0,0,0,1.2
"파워링크",파워링크,파워링크_광고그룹10,모바일,안산중앙동골프연습장,6,0,0,0,1.7
"파워링크",파워링크,파워링크_광고그룹10,모바일,안산중앙동골프연습헬스,1,0,0,0,3
"파워링크",파워링크,파워링크_광고그룹10,모바일,안산중앙동골프장,4,0,0,0,1.5
"파워링크",파워링크,파워링크_광고그룹10,모바일,안산중앙동스크린골프,4,0,0,0,1.3
"파워링크",파워링크,파워링크_광고그룹10,모바일,안산중앙동스크린골프존,1,1,88,88,1
"파워링크",파워링크,파워링크_광고그룹10,모바일,안산중앙스크린골프연습장,1,0,0,0,2
"파워링크",파워링크,파워링크_광고그룹10,모바일,안산지역골프장,1,0,0,0,1
"파워링크",파워링크,파워링크_광고그룹10,모바일,안산쪽골프장,1,0,0,0,1
"파워링크",파워링크,파워링크_광고그룹10,모바일,안산초보골프레슨,1,0,0,0,1
"파워링크",파워링크,파워링크_광고그룹10,모바일,안산초지골프연습장,5,0,0,0,1.6
"파워링크",파워링크,파워링크_광고그룹10,모바일,안산초지골프장,1,0,0,0,2
"파워링크",파워링크,파워링크_광고그룹10,모바일,안산초지동GDR연습장,2,1,77,77,2
"파워링크",파워링크,파워링크_광고그룹10,모바일,안산초지동골프,2,0,0,0,1.5
"파워링크",파워링크,파워링크_광고그룹10,모바일,안산초지동골프레슨,2,0,0,0,2
"파워링크",파워링크,파워링크_광고그룹10,모바일,안산초지동골프연습장,10,0,0,0,2
"파워링크",파워링크,파워링크_광고그룹10,모바일,안산초지동골프장,2,0,0,0,1
"파워링크",파워링크,파워링크_광고그룹10,모바일,안산초지동스크린골프,2,0,0,0,1.5
"파워링크",파워링크,파워링크_광고그룹10,모바일,안산초지동야외골프,1,0,0,0,1
"파워링크",파워링크,파워링크_광고그룹10,모바일,안산초지스크린골프,1,0,0,0,1
"파워링크",파워링크,파워링크_광고그룹10,모바일,안산최신GDR연습장,2,1,"1,089","1,089",1
"파워링크",파워링크,파워링크_광고그룹10,모바일,안산카카오골프,6,0,0,0,3.2
"파워링크",파워링크,파워링크_광고그룹10,모바일,안산카카오골프아카데미,1,0,0,0,1
"파워링크",파워링크,파워링크_광고그룹10,모바일,안산카카오스크린골프,1,0,0,0,1
"파워링크",파워링크,파워링크_광고그룹10,모바일,안산클럽골프,1,0,0,0,2
"파워링크",파워링크,파워링크_광고그룹10,모바일,안산파3,359,2,77,154,1.2
"파워링크",파워링크,파워링크_광고그룹10,모바일,안산퍼팅레슨,2,0,0,0,1
"파워링크",파워링크,파워링크_광고그룹10,모바일,안산퍼팅연습장,2,0,0,0,1
"파워링크",파워링크,파워링크_광고그룹10,모바일,안산프렌즈골프,18,0,0,0,2.2
"파워링크",파워링크,파워링크_광고그룹10,모바일,안산프렌즈골프연습장,2,0,0,0,2
"파워링크",파워링크,파워링크_광고그룹10,모바일,안산프렌즈스크린,45,0,0,0,2.3
"파워링크",파워링크,파워링크_광고그룹10,모바일,안산프렌즈아카데미골프연습장,2,0,0,0,1.5
"파워링크",파워링크,파워링크_광고그룹10,모바일,안산필드로골프연습장,1,1,77,77,1
"파워링크",파워링크,파워링크_광고그룹10,모바일,안산필드스크린,1,0,0,0,1
"파워링크",파워링크,파워링크_광고그룹10,모바일,안산필드연습장,2,0,0,0,1
"파워링크",파워링크,파워링크_광고그룹10,모바일,야외골프연습장,17,0,0,0,6
"파워링크",파워링크,파워링크_광고그룹10,모바일,야외스크린골프안산,2,0,0,0,1
"파워링크",파워링크,파워링크_광고그룹10,모바일,연습장안산,1,0,0,0,2
"파워링크",파워링크,파워링크_광고그룹10,모바일,오션GDR골프,1,0,0,0,2
"파워링크",파워링크,파워링크_광고그룹10,모바일,운정월드골프GDR아카데미,6,0,0,0,1
"파워링크",파워링크,파워링크_광고그룹10,모바일,월드GDR,61,0,0,0,2.7
"파워링크",파워링크,파워링크_광고그룹10,모바일,월드GDR골프,7,0,0,0,1
"파워링크",파워링크,파워링크_광고그룹10,모바일,월드GDR골프아카데미,1,0,0,0,1
"파워링크",파워링크,파워링크_광고그룹10,모바일,월드GDR골프연습장,24,7,396,"2,772",1
"파워링크",파워링크,파워링크_광고그룹10,모바일,월드GDR아카데미,3,1,110,110,1
"파워링크",파워링크,파워링크_광고그룹10,모바일,월드GDR안산,1,1,77,77,1
"파워링크",파워링크,파워링크_광고그룹10,모바일,월드골프GDR,7,0,0,0,1
"파워링크",파워링크,파워링크_광고그룹10,모바일,월드골프GDR아카데미,1,0,0,0,1
"파워링크",파워링크,파워링크_광고그룹10,모바일,월드골프레슨,1,1,165,165,1
"파워링크",파워링크,파워링크_광고그룹10,모바일,월드골프실내연습장,3,0,0,0,1
"파워링크",파워링크,파워링크_광고그룹10,모바일,월드골프연습장,5,0,0,0,1
"파워링크",파워링크,파워링크_광고그룹10,모바일,월드스크린골프연습장,9,0,0,0,1
"파워링크",파워링크,파워링크_광고그룹10,모바일,인도어골프연습장,22,0,0,0,10.8
"파워링크",파워링크,파워링크_광고그룹10,모바일,인도어연습장,6,0,0,0,8.7
"파워링크",파워링크,파워링크_광고그룹10,모바일,인천고잔동골프연습장,2,0,0,0,1
"파워링크",파워링크,파워링크_광고그룹10,모바일,중앙역헬스,28,0,0,0,3.2
"파워링크",파워링크,파워링크_광고그룹10,모바일,초보골프레슨안산,1,0,0,0,2
"파워링크",파워링크,파워링크_광고그룹10,모바일,초지골프,1,0,0,0,1
"파워링크",파워링크,파워링크_광고그룹10,모바일,초지동GDR,1,0,0,0,1
"파워링크",파워링크,파워링크_광고그룹10,모바일,초지동골프,7,0,0,0,1.1
"파워링크",파워링크,파워링크_광고그룹10,모바일,초지동골프레슨,12,0,0,0,3.2
"파워링크",파워링크,파워링크_광고그룹10,모바일,초지동스크린골프,2,0,0,0,1
"파워링크",파워링크,파워링크_광고그룹10,모바일,카카오GDR,1,0,0,0,1
"파워링크",파워링크,파워링크_광고그룹10,모바일,카카오골프안산,1,0,0,0,2
"파워링크",파워링크,파워링크_광고그룹10,모바일,큐이디골프아카데미안산,1,0,0,0,2
"파워링크",파워링크,파워링크_광고그룹10,모바일,프렌즈스크린골프안산,1,0,0,0,2
"파워링크",파워링크,파워링크_광고그룹10,모바일,프렌즈스크린안산,2,0,0,0,1.5
"파워링크",파워링크,파워링크_광고그룹10,모바일,프렌즈스크린안산골프아카데미,1,0,0,0,2
"파워링크",파워링크,파워링크_광고그룹10,모바일,프렌즈안산골프아카데미프로,1,0,0,0,2
"파워링크",파워링크,파워링크_광고그룹10,모바일,필드연습장,11,0,0,0,1.7
"파워링크",파워링크,파워링크_광고그룹10,모바일,하늘GDR골프,1,0,0,0,2
"파워링크",파워링크,파워링크_광고그룹10,모바일,하늘GDR골프아카데미,1,0,0,0,1
"플레이스",플레이스,플레이스_광고그룹#1,PC,-,29,0,0,0,2.2
"플레이스",플레이스,플레이스_광고그룹#1,PC,고잔동골프,4,0,0,0,1.8
"플레이스",플레이스,플레이스_광고그룹#1,PC,고잔동골프레슨,3,0,0,0,2
"플레이스",플레이스,플레이스_광고그룹#1,PC,고잔동골프연습장,7,0,0,0,2
"플레이스",플레이스,플레이스_광고그룹#1,PC,고잔동스크린,5,0,0,0,1.6
"플레이스",플레이스,플레이스_광고그룹#1,PC,골프,62,3,88,264,1.7
"플레이스",플레이스,플레이스_광고그룹#1,PC,골프레슨,52,3,77,231,1.5
"플레이스",플레이스,플레이스_광고그룹#1,PC,골프아카데미,8,0,0,0,1.3
"플레이스",플레이스,플레이스_광고그룹#1,PC,골프연습,2,0,0,0,1
"플레이스",플레이스,플레이스_광고그룹#1,PC,골프연습장,69,1,77,77,1.4
"플레이스",플레이스,플레이스_광고그룹#1,PC,근처골프연습장,1,0,0,0,1
"플레이스",플레이스,플레이스_광고그룹#1,PC,스크린골프,4,1,66,66,1.5
"플레이스",플레이스,플레이스_광고그룹#1,PC,스크린골프장,2,0,0,0,1.5
"플레이스",플레이스,플레이스_광고그룹#1,PC,실내골프연습장,4,0,0,0,1
"플레이스",플레이스,플레이스_광고그룹#1,PC,안산GDR,29,6,77,462,2
"플레이스",플레이스,플레이스_광고그룹#1,PC,안산고잔동골프레슨,2,0,0,0,2
"플레이스",플레이스,플레이스_광고그룹#1,PC,안산고잔동스크린,1,0,0,0,2
"플레이스",플레이스,플레이스_광고그룹#1,PC,안산골프,37,3,99,297,3.8
"플레이스",플레이스,플레이스_광고그룹#1,PC,안산골프레슨,149,8,194,"1,551",1.9
"플레이스",플레이스,플레이스_광고그룹#1,PC,안산골프아카데미,30,4,72,286,1.9
"플레이스",플레이스,플레이스_광고그룹#1,PC,안산골프연습장,326,11,64,704,1.9
"플레이스",플레이스,플레이스_광고그룹#1,PC,안산스크린,7,0,0,0,1.7
"플레이스",플레이스,플레이스_광고그룹#1,PC,안산스크린골프,7,1,77,77,2
"플레이스",플레이스,플레이스_광고그룹#1,PC,안산스크린골프연습장,8,0,0,0,1.8
"플레이스",플레이스,플레이스_광고그룹#1,PC,안산시골프연습장,14,0,0,0,2.1
"플레이스",플레이스,플레이스_광고그룹#1,PC,안산실내,14,0,0,0,3.1
"플레이스",플레이스,플레이스_광고그룹#1,PC,안산실내골프연습장,7,1,77,77,2
"플레이스",플레이스,플레이스_광고그룹#1,PC,안산운동,1,0,0,0,4
"플레이스",플레이스,플레이스_광고그룹#1,PC,안산월드스포츠,1,0,0,0,1
"플레이스",플레이스,플레이스_광고그룹#1,PC,운동,1,0,0,0,2
"플레이스",플레이스,플레이스_광고그룹#1,PC,휘트니스,1,0,0,0,2
"플레이스",플레이스,플레이스_광고그룹#1,모바일,-,"4,789",0,0,0,3.1
"플레이스",플레이스,플레이스_광고그룹#1,모바일,고잔동704-3,3,0,0,0,1.3
"플레이스",플레이스,플레이스_광고그룹#1,모바일,고잔동골프,13,1,55,55,2
"플레이스",플레이스,플레이스_광고그룹#1,모바일,고잔동골프레슨,21,5,77,385,2
"플레이스",플레이스,플레이스_광고그룹#1,모바일,고잔동골프연습장,37,6,55,330,1.7
"플레이스",플레이스,플레이스_광고그룹#1,모바일,고잔동스크린,47,1,55,55,1.9
"플레이스",플레이스,플레이스_광고그룹#1,모바일,고잔동스크린골프,13,1,55,55,1.5
"플레이스",플레이스,플레이스_광고그룹#1,모바일,고잔동운동,2,0,0,0,10
"플레이스",플레이스,플레이스_광고그룹#1,모바일,고잔동휘트니스,2,0,0,0,9
"플레이스",플레이스,플레이스_광고그룹#1,모바일,골프,366,13,70,913,2.3
"플레이스",플레이스,플레이스_광고그룹#1,모바일,골프레슨,101,12,147,"1,760",1.9
"플레이스",플레이스,플레이스_광고그룹#1,모바일,골프아카데미,23,2,77,154,1.8
"플레이스",플레이스,플레이스_광고그룹#1,모바일,골프연습,18,0,0,0,2.3
"플레이스",플레이스,플레이스_광고그룹#1,모바일,골프연습장,253,11,139,"1,529",2.2
"플레이스",플레이스,플레이스_광고그룹#1,모바일,근처골프레슨,2,0,0,0,3
"플레이스",플레이스,플레이스_광고그룹#1,모바일,근처골프연습장,27,2,55,110,2.4
"플레이스",플레이스,플레이스_광고그룹#1,모바일,내근처골프연습장,1,0,0,0,3
"플레이스",플레이스,플레이스_광고그룹#1,모바일,내주변골프레슨,4,0,0,0,2.5
"플레이스",플레이스,플레이스_광고그룹#1,모바일,서해골프,1,0,0,0,6
"플레이스",플레이스,플레이스_광고그룹#1,모바일,스크린골프,36,0,0,0,1.9
"플레이스",플레이스,플레이스_광고그룹#1,모바일,실내골프,2,0,0,0,2
"플레이스",플레이스,플레이스_광고그룹#1,모바일,실내골프연습장,13,1,77,77,2.1
"플레이스",플레이스,플레이스_광고그룹#1,모바일,안산GDR,70,5,77,385,1.9
"플레이스",플레이스,플레이스_광고그룹#1,모바일,안산고잔동골프레슨,4,0,0,0,2
"플레이스",플레이스,플레이스_광고그룹#1,모바일,안산고잔동스크린,13,0,0,0,2
"플레이스",플레이스,플레이스_광고그룹#1,모바일,안산골프,30,0,0,0,4.2
"플레이스",플레이스,플레이스_광고그룹#1,모바일,안산골프레슨,203,19,133,"2,519",2.7
"플레이스",플레이스,플레이스_광고그룹#1,모바일,안산골프아카데미,27,2,66,132,2.6
"플레이스",플레이스,플레이스_광고그룹#1,모바일,안산골프연습장,366,18,133,"2,387",2.6
"플레이스",플레이스,플레이스_광고그룹#1,모바일,안산스크린,7,0,0,0,2.6
"플레이스",플레이스,플레이스_광고그룹#1,모바일,안산스크린골프,1,0,0,0,2
"플레이스",플레이스,플레이스_광고그룹#1,모바일,안산스크린골프연습장,13,0,0,0,1.9
"플레이스",플레이스,플레이스_광고그룹#1,모바일,안산시골프연습장,14,0,0,0,2.4
"플레이스",플레이스,플레이스_광고그룹#1,모바일,안산실내,15,0,0,0,3.1
"플레이스",플레이스,플레이스_광고그룹#1,모바일,안산실내가볼만한곳,321,0,0,0,2
"플레이스",플레이스,플레이스_광고그룹#1,모바일,안산실내골프연습장,24,2,77,154,2.8
"플레이스",플레이스,플레이스_광고그룹#1,모바일,안산실내놀거리,1,0,0,0,2
"플레이스",플레이스,플레이스_광고그룹#1,모바일,안산월드스포츠,5,0,0,0,1
"플레이스",플레이스,플레이스_광고그룹#1,모바일,운동,36,0,0,0,7.1
"플레이스",플레이스,플레이스_광고그룹#1,모바일,주변골프연습장,3,0,0,0,3
"플레이스",플레이스,플레이스_광고그룹#1,모바일,중앙역스크린,6,1,66,66,1.7
"플레이스",플레이스,플레이스_광고그룹#1,모바일,중앙역스크린골프,1,0,0,0,2
"플레이스",플레이스,플레이스_광고그룹#1,모바일,프렌즈스크린골프,3,0,0,0,2.3
"플레이스",플레이스,플레이스_광고그룹#1,모바일,휘트니스,33,0,0,0,7.6
