﻿"플레이스보고서(2025.06.01.~2025.06.30.),ysh10041:naver"
"캠페인유형",캠페인,광고그룹,PC/모바일 매체,검색어,노출수,클릭수,"평균클릭비용(VAT포함,원)","총비용(VAT포함,원)",평균노출순위
"파워링크",[RD] 지역설정 KW,유설희 PC 키워드,PC,간호국가고시,5,0,0,0,1.8
"파워링크",[RD] 지역설정 KW,유설희 PC 키워드,PC,간호조무사,"3,047",16,"1,993","31,889",1.8
"파워링크",[RD] 지역설정 KW,유설희 PC 키워드,PC,간호조무사교육,24,0,0,0,1.1
"파워링크",[RD] 지역설정 KW,유설희 PC 키워드,PC,간호조무사교육과정,58,1,"1,683","1,683",1.8
"파워링크",[RD] 지역설정 KW,유설희 PC 키워드,PC,간호조무사국가고시,15,0,0,0,1.4
"파워링크",[RD] 지역설정 KW,유설희 PC 키워드,PC,간호조무사국비,12,1,"1,331","1,331",1
"파워링크",[RD] 지역설정 KW,유설희 PC 키워드,PC,간호조무사국비지원,22,0,0,0,1
"파워링크",[RD] 지역설정 KW,유설희 PC 키워드,PC,간호조무사국비지원방법,1,0,0,0,6
"파워링크",[RD] 지역설정 KW,유설희 PC 키워드,PC,간호조무사국비지원학원,3,0,0,0,1.3
"파워링크",[RD] 지역설정 KW,유설희 PC 키워드,PC,간호조무사보수교육,"1,411",11,548,"6,028",2
"파워링크",[RD] 지역설정 KW,유설희 PC 키워드,PC,간호조무사시험,235,5,"1,379","6,897",1.3
"파워링크",[RD] 지역설정 KW,유설희 PC 키워드,PC,간호조무사시험일정,72,0,0,0,1.1
"파워링크",[RD] 지역설정 KW,유설희 PC 키워드,PC,간호조무사야간,8,3,"1,243","3,729",1.3
"파워링크",[RD] 지역설정 KW,유설희 PC 키워드,PC,간호조무사야간반,10,0,0,0,1
"파워링크",[RD] 지역설정 KW,유설희 PC 키워드,PC,간호조무사야간수업,1,0,0,0,1
"파워링크",[RD] 지역설정 KW,유설희 PC 키워드,PC,간호조무사자격증,618,12,"1,877","22,528",1.8
"파워링크",[RD] 지역설정 KW,유설희 PC 키워드,PC,간호조무사자격증국비지원,6,0,0,0,1.8
"파워링크",[RD] 지역설정 KW,유설희 PC 키워드,PC,간호조무사자격증시험,14,0,0,0,1
"파워링크",[RD] 지역설정 KW,유설희 PC 키워드,PC,간호조무사학원,100,5,"1,716","8,580",3.3
"파워링크",[RD] 지역설정 KW,유설희 PC 키워드,PC,간호조무사학원비,8,0,0,0,1.5
"파워링크",[RD] 지역설정 KW,유설희 PC 키워드,PC,간호조무사학원비용,27,0,0,0,1.3
"파워링크",[RD] 지역설정 KW,유설희 PC 키워드,PC,간호조무사학원야간,2,0,0,0,1.5
"파워링크",[RD] 지역설정 KW,유설희 PC 키워드,PC,간호조무사학원추천,1,0,0,0,1
"파워링크",[RD] 지역설정 KW,유설희 PC 키워드,PC,간호조무학원,1,0,0,0,1
"파워링크",[RD] 지역설정 KW,유설희 PC 키워드,PC,간호학과국가고시,6,0,0,0,1.3
"파워링크",[RD] 지역설정 KW,유설희 PC 키워드,PC,간호학원,119,3,"2,035","6,105",3
"파워링크",[RD] 지역설정 KW,유설희 PC 키워드,PC,간호학원수강료,1,1,"1,463","1,463",1
"파워링크",[RD] 지역설정 KW,유설희 PC 키워드,PC,간호학원야간,4,1,462,462,1.3
"파워링크",[RD] 지역설정 KW,유설희 PC 키워드,PC,간호학원야간반,2,0,0,0,1
"파워링크",[RD] 지역설정 KW,유설희 PC 키워드,PC,간호학원주말반,3,1,418,418,1
"파워링크",[RD] 지역설정 KW,유설희 PC 키워드,PC,국비간호조무사,127,2,"1,084","2,167",1.5
"파워링크",[RD] 지역설정 KW,유설희 PC 키워드,PC,국비간호조무사학원,3,0,0,0,1.3
"파워링크",[RD] 지역설정 KW,유설희 PC 키워드,PC,국비지원간호조무사,13,1,649,649,1.8
"파워링크",[RD] 지역설정 KW,유설희 PC 키워드,PC,국비지원간호조무사학원,5,0,0,0,1
"파워링크",[RD] 지역설정 KW,유설희 PC 키워드,PC,국비지원간호학원,5,1,"1,452","1,452",1.8
"파워링크",[RD] 지역설정 KW,유설희 PC 키워드,PC,야간간호조무사,3,0,0,0,1
"파워링크",[RD] 지역설정 KW,유설희 PC 키워드,PC,조무사자격증,1,0,0,0,1
"파워링크",[RD] 지역설정 KW,유설희 PC 키워드,PC,주사실무학원,3,0,0,0,1
"파워링크",[RD] 지역설정 KW,유설희 MO 키워드,모바일,간호국가고시,21,0,0,0,3.2
"파워링크",[RD] 지역설정 KW,유설희 MO 키워드,모바일,간호국가시험,3,0,0,0,2
"파워링크",[RD] 지역설정 KW,유설희 MO 키워드,모바일,간호국시,20,0,0,0,1.6
"파워링크",[RD] 지역설정 KW,유설희 MO 키워드,모바일,간호전문학원,2,0,0,0,3
"파워링크",[RD] 지역설정 KW,유설희 MO 키워드,모바일,간호조무사,"9,513",111,660,"73,271",1.6
"파워링크",[RD] 지역설정 KW,유설희 MO 키워드,모바일,간호조무사교육,36,2,319,638,2
"파워링크",[RD] 지역설정 KW,유설희 MO 키워드,모바일,간호조무사교육과정,276,23,"1,101","25,322",2.1
"파워링크",[RD] 지역설정 KW,유설희 MO 키워드,모바일,간호조무사교육학원,2,0,0,0,1.5
"파워링크",[RD] 지역설정 KW,유설희 MO 키워드,모바일,간호조무사국가고시,50,0,0,0,1.4
"파워링크",[RD] 지역설정 KW,유설희 MO 키워드,모바일,간호조무사국비,61,0,0,0,1.5
"파워링크",[RD] 지역설정 KW,유설희 MO 키워드,모바일,간호조무사국비신청,2,0,0,0,2.5
"파워링크",[RD] 지역설정 KW,유설희 MO 키워드,모바일,간호조무사국비지원,174,4,"1,955","7,821",1.6
"파워링크",[RD] 지역설정 KW,유설희 MO 키워드,모바일,간호조무사국비지원학원,3,0,0,0,2
"파워링크",[RD] 지역설정 KW,유설희 MO 키워드,모바일,간호조무사보수교육,"1,426",5,482,"2,409",1.9
"파워링크",[RD] 지역설정 KW,유설희 MO 키워드,모바일,간호조무사시험,921,35,"1,413","49,445",1.4
"파워링크",[RD] 지역설정 KW,유설희 MO 키워드,모바일,간호조무사시험일,1,0,0,0,1
"파워링크",[RD] 지역설정 KW,유설희 MO 키워드,모바일,간호조무사시험일정,236,0,0,0,1
"파워링크",[RD] 지역설정 KW,유설희 MO 키워드,모바일,간호조무사야간,19,2,754,"1,507",1.3
"파워링크",[RD] 지역설정 KW,유설희 MO 키워드,모바일,간호조무사야간근무,1,0,0,0,2
"파워링크",[RD] 지역설정 KW,유설희 MO 키워드,모바일,간호조무사야간근무도하나요,1,0,0,0,1
"파워링크",[RD] 지역설정 KW,유설희 MO 키워드,모바일,간호조무사야간반,57,3,"1,360","4,081",1.5
"파워링크",[RD] 지역설정 KW,유설희 MO 키워드,모바일,간호조무사야간수업,1,0,0,0,1
"파워링크",[RD] 지역설정 KW,유설희 MO 키워드,모바일,간호조무사응시,1,0,0,0,4
"파워링크",[RD] 지역설정 KW,유설희 MO 키워드,모바일,간호조무사자격시험,2,0,0,0,1
"파워링크",[RD] 지역설정 KW,유설희 MO 키워드,모바일,간호조무사자격증,"2,514",121,"1,115","134,937",1.4
"파워링크",[RD] 지역설정 KW,유설희 MO 키워드,모바일,간호조무사자격증국비,3,0,0,0,2.7
"파워링크",[RD] 지역설정 KW,유설희 MO 키워드,모바일,간호조무사자격증국비지원,40,0,0,0,2.5
"파워링크",[RD] 지역설정 KW,유설희 MO 키워드,모바일,간호조무사자격증시험,145,4,297,"1,188",1
"파워링크",[RD] 지역설정 KW,유설희 MO 키워드,모바일,간호조무사커리큘럼,1,0,0,0,2
"파워링크",[RD] 지역설정 KW,유설희 MO 키워드,모바일,간호조무사학원,362,10,"1,771","17,710",2.6
"파워링크",[RD] 지역설정 KW,유설희 MO 키워드,모바일,간호조무사학원가격,1,0,0,0,2
"파워링크",[RD] 지역설정 KW,유설희 MO 키워드,모바일,간호조무사학원국비지원,1,0,0,0,3
"파워링크",[RD] 지역설정 KW,유설희 MO 키워드,모바일,간호조무사학원비,56,2,545,"1,089",1.6
"파워링크",[RD] 지역설정 KW,유설희 MO 키워드,모바일,간호조무사학원비용,114,7,"1,403","9,823",1.2
"파워링크",[RD] 지역설정 KW,유설희 MO 키워드,모바일,간호조무사학원야간,18,2,440,880,1.7
"파워링크",[RD] 지역설정 KW,유설희 MO 키워드,모바일,간호조무사학원추천,1,0,0,0,2
"파워링크",[RD] 지역설정 KW,유설희 MO 키워드,모바일,간호조무시험,1,0,0,0,4
"파워링크",[RD] 지역설정 KW,유설희 MO 키워드,모바일,간호조무자격증,1,0,0,0,4
"파워링크",[RD] 지역설정 KW,유설희 MO 키워드,모바일,간호조무학원,12,0,0,0,1.3
"파워링크",[RD] 지역설정 KW,유설희 MO 키워드,모바일,간호학과국가고시,10,0,0,0,1
"파워링크",[RD] 지역설정 KW,유설희 MO 키워드,모바일,간호학원,494,16,"1,893","30,294",2
"파워링크",[RD] 지역설정 KW,유설희 MO 키워드,모바일,간호학원비,1,0,0,0,2
"파워링크",[RD] 지역설정 KW,유설희 MO 키워드,모바일,간호학원수강료,31,1,902,902,1.2
"파워링크",[RD] 지역설정 KW,유설희 MO 키워드,모바일,간호학원야간,11,0,0,0,1
"파워링크",[RD] 지역설정 KW,유설희 MO 키워드,모바일,간호학원야간반,7,1,"1,199","1,199",1.7
"파워링크",[RD] 지역설정 KW,유설희 MO 키워드,모바일,간호학원추천,1,0,0,0,1
"파워링크",[RD] 지역설정 KW,유설희 MO 키워드,모바일,국비간호조무사,813,12,"1,086","13,035",1.3
"파워링크",[RD] 지역설정 KW,유설희 MO 키워드,모바일,국비간호조무사학원,11,2,"1,628","3,256",2.6
"파워링크",[RD] 지역설정 KW,유설희 MO 키워드,모바일,국비간호학원,14,2,726,"1,452",1.6
"파워링크",[RD] 지역설정 KW,유설희 MO 키워드,모바일,국비로간호조무사,1,0,0,0,3
"파워링크",[RD] 지역설정 KW,유설희 MO 키워드,모바일,국비지원간호조무사,54,1,737,737,2.2
"파워링크",[RD] 지역설정 KW,유설희 MO 키워드,모바일,국비지원간호조무사학원,31,0,0,0,2
"파워링크",[RD] 지역설정 KW,유설희 MO 키워드,모바일,국비지원간호학원,49,5,"1,445","7,227",2.1
"파워링크",[RD] 지역설정 KW,유설희 MO 키워드,모바일,국비지원교육간호학원,1,0,0,0,1
"파워링크",[RD] 지역설정 KW,유설희 MO 키워드,모바일,국비지원학원간호조무사,1,0,0,0,2
"파워링크",[RD] 지역설정 KW,유설희 MO 키워드,모바일,야간간호조무사,3,0,0,0,1
"파워링크",[RD] 지역설정 KW,유설희 MO 키워드,모바일,야간간호학원,2,0,0,0,1
"파워링크",[RD] 지역설정 KW,유설희 MO 키워드,모바일,조무사자격증,20,0,0,0,1.6
"파워링크",[RD] 지역설정 KW,유설희 MO 키워드,모바일,주사실무학원,14,0,0,0,1.8
"파워링크",[RD] 지역조합 KW,인천지역 PC 키워드,PC,간호조무사인천,3,0,0,0,2
"파워링크",[RD] 지역조합 KW,인천지역 PC 키워드,PC,계양구간호조무사,1,0,0,0,1
"파워링크",[RD] 지역조합 KW,인천지역 PC 키워드,PC,계양구간호조무사학원,2,0,0,0,1
"파워링크",[RD] 지역조합 KW,인천지역 PC 키워드,PC,계양구간호학원,4,0,0,0,1
"파워링크",[RD] 지역조합 KW,인천지역 PC 키워드,PC,남동구간호조무사,1,0,0,0,2
"파워링크",[RD] 지역조합 KW,인천지역 PC 키워드,PC,남동구간호조무사자격증,1,0,0,0,1
"파워링크",[RD] 지역조합 KW,인천지역 PC 키워드,PC,남동구간호학원,1,0,0,0,2
"파워링크",[RD] 지역조합 KW,인천지역 PC 키워드,PC,미추홀구간호조무사,1,0,0,0,1
"파워링크",[RD] 지역조합 KW,인천지역 PC 키워드,PC,미추홀구간호학원,1,0,0,0,1
"파워링크",[RD] 지역조합 KW,인천지역 PC 키워드,PC,서구간호조무사,2,0,0,0,1
"파워링크",[RD] 지역조합 KW,인천지역 PC 키워드,PC,서구간호조무사국비,1,0,0,0,1
"파워링크",[RD] 지역조합 KW,인천지역 PC 키워드,PC,서구간호학원,31,1,814,814,1.8
"파워링크",[RD] 지역조합 KW,인천지역 PC 키워드,PC,연수구간호조무사,1,0,0,0,1
"파워링크",[RD] 지역조합 KW,인천지역 PC 키워드,PC,연수구간호조무사국비,1,0,0,0,1
"파워링크",[RD] 지역조합 KW,인천지역 PC 키워드,PC,연수구간호조무사학원,1,0,0,0,1
"파워링크",[RD] 지역조합 KW,인천지역 PC 키워드,PC,연수구간호학원,38,3,290,869,1.9
"파워링크",[RD] 지역조합 KW,인천지역 PC 키워드,PC,연수구간호학원추천,1,0,0,0,1
"파워링크",[RD] 지역조합 KW,인천지역 PC 키워드,PC,인천간호조무사,19,0,0,0,2.6
"파워링크",[RD] 지역조합 KW,인천지역 PC 키워드,PC,인천간호조무사교육,2,0,0,0,1
"파워링크",[RD] 지역조합 KW,인천지역 PC 키워드,PC,인천간호조무사국비지원,6,1,286,286,1
"파워링크",[RD] 지역조합 KW,인천지역 PC 키워드,PC,인천간호조무사보수교육,5,1,242,242,1
"파워링크",[RD] 지역조합 KW,인천지역 PC 키워드,PC,인천간호조무사야간반,4,0,0,0,1
"파워링크",[RD] 지역조합 KW,인천지역 PC 키워드,PC,인천간호조무사자격증,4,1,528,528,1
"파워링크",[RD] 지역조합 KW,인천지역 PC 키워드,PC,인천간호조무사학원,57,3,"3,087","9,262",2.1
"파워링크",[RD] 지역조합 KW,인천지역 PC 키워드,PC,인천간호조무사학원비용,1,0,0,0,1
"파워링크",[RD] 지역조합 KW,인천지역 PC 키워드,PC,인천간호조무사학원야간반,2,2,132,264,1
"파워링크",[RD] 지역조합 KW,인천지역 PC 키워드,PC,인천간호조무사학원추천,2,0,0,0,1
"파워링크",[RD] 지역조합 KW,인천지역 PC 키워드,PC,인천간호학원,280,8,"3,321","26,565",3.4
"파워링크",[RD] 지역조합 KW,인천지역 PC 키워드,PC,인천간호학원야간,4,0,0,0,1
"파워링크",[RD] 지역조합 KW,인천지역 PC 키워드,PC,인천간호학원주말반,1,0,0,0,1
"파워링크",[RD] 지역조합 KW,인천지역 PC 키워드,PC,인천간호학원추천,6,0,0,0,2
"파워링크",[RD] 지역조합 KW,인천지역 PC 키워드,PC,인천국비간호조무사,1,0,0,0,1
"파워링크",[RD] 지역조합 KW,인천지역 PC 키워드,PC,인천국비간호학원,1,0,0,0,2
"파워링크",[RD] 지역조합 KW,인천지역 PC 키워드,PC,인천국비지원간호학원,1,1,550,550,1
"파워링크",[RD] 지역조합 KW,인천지역 PC 키워드,PC,인천서구간호조무사자격증,1,1,418,418,1
"파워링크",[RD] 지역조합 KW,인천지역 PC 키워드,PC,인천서구간호조무사학원,1,0,0,0,1
"파워링크",[RD] 지역조합 KW,인천지역 PC 키워드,PC,인천서구간호학원,19,0,0,0,1.4
"파워링크",[RD] 지역조합 KW,인천지역 PC 키워드,PC,인천서구간호학원야간반,2,0,0,0,1
"파워링크",[RD] 지역조합 KW,인천지역 PC 키워드,PC,주안간호조무사,2,0,0,0,1
"파워링크",[RD] 지역조합 KW,인천지역 PC 키워드,PC,주안간호조무사학원,2,0,0,0,1
"파워링크",[RD] 지역조합 KW,인천지역 PC 키워드,PC,주안간호학원,17,1,781,781,1.9
"파워링크",[RD] 지역조합 KW,인천지역 PC 키워드,PC,주안간호학원국비,1,0,0,0,1
"파워링크",[RD] 지역조합 KW,인천지역 PC 키워드,PC,주안간호학원야간,1,0,0,0,1
"파워링크",[RD] 지역조합 KW,인천지역 PC 키워드,PC,주안야간간호조무사,1,0,0,0,1
"파워링크",[RD] 지역조합 KW,경기지역 PC 키워드,PC,부천간호조무사,4,0,0,0,2.5
"파워링크",[RD] 지역조합 KW,경기지역 PC 키워드,PC,부천간호조무사국비지원,2,0,0,0,1
"파워링크",[RD] 지역조합 KW,경기지역 PC 키워드,PC,부천간호조무사야간,2,0,0,0,1
"파워링크",[RD] 지역조합 KW,경기지역 PC 키워드,PC,부천간호조무사야간반,2,0,0,0,1
"파워링크",[RD] 지역조합 KW,경기지역 PC 키워드,PC,부천간호조무사자격증,1,0,0,0,1
"파워링크",[RD] 지역조합 KW,경기지역 PC 키워드,PC,부천간호조무사학원,18,0,0,0,3.4
"파워링크",[RD] 지역조합 KW,경기지역 PC 키워드,PC,부천간호학원,94,1,649,649,4.3
"파워링크",[RD] 지역조합 KW,경기지역 PC 키워드,PC,부천간호학원야간,4,1,66,66,1
"파워링크",[RD] 지역조합 KW,경기지역 PC 키워드,PC,부천간호학원야간반,1,1,308,308,1
"파워링크",[RD] 지역조합 KW,경기지역 PC 키워드,PC,부천간호학원주말반,1,0,0,0,1
"파워링크",[RD] 지역조합 KW,경기지역 PC 키워드,PC,부천간호학원추천,1,0,0,0,1
"파워링크",[RD] 지역조합 KW,경기지역 PC 키워드,PC,부천국비간호조무사,1,0,0,0,1
"파워링크",[RD] 지역조합 KW,경기지역 PC 키워드,PC,부천국비지원간호조무사학원,1,0,0,0,1
"파워링크",[RD] 지역조합 KW,경기지역 PC 키워드,PC,부천시간호조무사,1,0,0,0,1
"파워링크",[RD] 지역조합 KW,경기지역 PC 키워드,PC,부천시간호학원,1,0,0,0,1
"파워링크",[RD] 지역조합 KW,경기지역 PC 키워드,PC,시흥간호조무사,7,0,0,0,1
"파워링크",[RD] 지역조합 KW,경기지역 PC 키워드,PC,시흥간호조무사보수교육,1,1,77,77,1
"파워링크",[RD] 지역조합 KW,경기지역 PC 키워드,PC,시흥간호조무사야간반,2,1,308,308,1
"파워링크",[RD] 지역조합 KW,경기지역 PC 키워드,PC,시흥간호조무사자격증,2,0,0,0,1
"파워링크",[RD] 지역조합 KW,경기지역 PC 키워드,PC,시흥간호조무사학원,7,1,627,627,1.3
"파워링크",[RD] 지역조합 KW,경기지역 PC 키워드,PC,시흥간호학원,54,2,787,"1,573",3.8
"파워링크",[RD] 지역조합 KW,경기지역 PC 키워드,PC,시흥국비간호조무사,1,0,0,0,1
"파워링크",[RD] 지역조합 KW,경기지역 PC 키워드,PC,시흥시간호조무사,2,0,0,0,1
"파워링크",[RD] 지역조합 KW,경기지역 PC 키워드,PC,시흥시간호학원,5,0,0,0,2.2
"파워링크",[RD] 지역조합 KW,인천지역 MO 키워드,모바일,간호조무사인천,9,0,0,0,2.8
"파워링크",[RD] 지역조합 KW,인천지역 MO 키워드,모바일,계양구간호조무사,9,0,0,0,2
"파워링크",[RD] 지역조합 KW,인천지역 MO 키워드,모바일,계양구간호조무사국비,1,1,77,77,1
"파워링크",[RD] 지역조합 KW,인천지역 MO 키워드,모바일,계양구간호조무사국비지원,2,0,0,0,1
"파워링크",[RD] 지역조합 KW,인천지역 MO 키워드,모바일,계양구간호조무사학원,20,0,0,0,2
"파워링크",[RD] 지역조합 KW,인천지역 MO 키워드,모바일,계양구간호학원,14,0,0,0,2.3
"파워링크",[RD] 지역조합 KW,인천지역 MO 키워드,모바일,계양구간호학원야간반,1,0,0,0,1
"파워링크",[RD] 지역조합 KW,인천지역 MO 키워드,모바일,계양구간호학원주말반,1,0,0,0,1
"파워링크",[RD] 지역조합 KW,인천지역 MO 키워드,모바일,남동구간호조무사,2,0,0,0,2.5
"파워링크",[RD] 지역조합 KW,인천지역 MO 키워드,모바일,남동구간호조무사학원,1,0,0,0,2
"파워링크",[RD] 지역조합 KW,인천지역 MO 키워드,모바일,미추홀구간호조무사,2,0,0,0,1.5
"파워링크",[RD] 지역조합 KW,인천지역 MO 키워드,모바일,미추홀구간호조무사학원,2,1,77,77,1
"파워링크",[RD] 지역조합 KW,인천지역 MO 키워드,모바일,미추홀구간호조무사학원추천,1,1,77,77,1
"파워링크",[RD] 지역조합 KW,인천지역 MO 키워드,모바일,미추홀구간호학원,2,0,0,0,2.5
"파워링크",[RD] 지역조합 KW,인천지역 MO 키워드,모바일,미추홀구국비지원간호조무사학원,1,0,0,0,1
"파워링크",[RD] 지역조합 KW,인천지역 MO 키워드,모바일,미추홀구국비지원간호학원,2,1,77,77,1
"파워링크",[RD] 지역조합 KW,인천지역 MO 키워드,모바일,부평간호학원,217,17,"1,185","20,141",1.1
"파워링크",[RD] 지역조합 KW,인천지역 MO 키워드,모바일,부평구간호학원,2,0,0,0,1
"파워링크",[RD] 지역조합 KW,인천지역 MO 키워드,모바일,서구간호조무사,1,0,0,0,1
"파워링크",[RD] 지역조합 KW,인천지역 MO 키워드,모바일,서구간호조무사학원,2,1,440,440,1
"파워링크",[RD] 지역조합 KW,인천지역 MO 키워드,모바일,서구간호학원,33,1,"1,584","1,584",2.3
"파워링크",[RD] 지역조합 KW,인천지역 MO 키워드,모바일,서구국비간호조무사학원,1,0,0,0,1
"파워링크",[RD] 지역조합 KW,인천지역 MO 키워드,모바일,서구국비간호학원,1,0,0,0,1
"파워링크",[RD] 지역조합 KW,인천지역 MO 키워드,모바일,연수구간호조무사,9,0,0,0,1
"파워링크",[RD] 지역조합 KW,인천지역 MO 키워드,모바일,연수구간호조무사국비,1,0,0,0,1
"파워링크",[RD] 지역조합 KW,인천지역 MO 키워드,모바일,연수구간호조무사야간반,1,0,0,0,1
"파워링크",[RD] 지역조합 KW,인천지역 MO 키워드,모바일,연수구간호조무사학원,13,0,0,0,1.8
"파워링크",[RD] 지역조합 KW,인천지역 MO 키워드,모바일,연수구간호학원,26,1,627,627,1.8
"파워링크",[RD] 지역조합 KW,인천지역 MO 키워드,모바일,연수구국비간호조무사,1,0,0,0,1
"파워링크",[RD] 지역조합 KW,인천지역 MO 키워드,모바일,인천간호조무사,32,1,440,440,3.8
"파워링크",[RD] 지역조합 KW,인천지역 MO 키워드,모바일,인천간호조무사교육,1,0,0,0,1
"파워링크",[RD] 지역조합 KW,인천지역 MO 키워드,모바일,인천간호조무사교육과정,4,1,363,363,1
"파워링크",[RD] 지역조합 KW,인천지역 MO 키워드,모바일,인천간호조무사국비,1,1,473,473,1
"파워링크",[RD] 지역조합 KW,인천지역 MO 키워드,모바일,인천간호조무사국비지원,47,12,226,"2,717",1
"파워링크",[RD] 지역조합 KW,인천지역 MO 키워드,모바일,인천간호조무사보수교육,13,0,0,0,1
"파워링크",[RD] 지역조합 KW,인천지역 MO 키워드,모바일,인천간호조무사시험,2,0,0,0,1
"파워링크",[RD] 지역조합 KW,인천지역 MO 키워드,모바일,인천간호조무사야간,1,0,0,0,1
"파워링크",[RD] 지역조합 KW,인천지역 MO 키워드,모바일,인천간호조무사야간반,15,5,440,"2,200",1
"파워링크",[RD] 지역조합 KW,인천지역 MO 키워드,모바일,인천간호조무사자격증,49,5,385,"1,925",1
"파워링크",[RD] 지역조합 KW,인천지역 MO 키워드,모바일,인천간호조무사학원,69,5,"1,443","7,216",2.1
"파워링크",[RD] 지역조합 KW,인천지역 MO 키워드,모바일,인천간호조무사학원비,1,0,0,0,1
"파워링크",[RD] 지역조합 KW,인천지역 MO 키워드,모바일,인천간호조무사학원비용,14,0,0,0,1
"파워링크",[RD] 지역조합 KW,인천지역 MO 키워드,모바일,인천간호조무사학원야간,4,0,0,0,1.8
"파워링크",[RD] 지역조합 KW,인천지역 MO 키워드,모바일,인천간호조무사학원추천,3,0,0,0,1
"파워링크",[RD] 지역조합 KW,인천지역 MO 키워드,모바일,인천간호조무학원,2,0,0,0,1
"파워링크",[RD] 지역조합 KW,인천지역 MO 키워드,모바일,인천간호학원,541,12,"4,218","50,611",3.4
"파워링크",[RD] 지역조합 KW,인천지역 MO 키워드,모바일,인천간호학원야간반,1,0,0,0,2
"파워링크",[RD] 지역조합 KW,인천지역 MO 키워드,모바일,인천간호학원추천,17,0,0,0,1.4
"파워링크",[RD] 지역조합 KW,인천지역 MO 키워드,모바일,인천국비간호조무사,17,2,710,"1,419",1
"파워링크",[RD] 지역조합 KW,인천지역 MO 키워드,모바일,인천국비간호조무사학원,5,0,0,0,1
"파워링크",[RD] 지역조합 KW,인천지역 MO 키워드,모바일,인천국비간호학원,6,0,0,0,2.2
"파워링크",[RD] 지역조합 KW,인천지역 MO 키워드,모바일,인천국비지원간호조무사,2,0,0,0,1
"파워링크",[RD] 지역조합 KW,인천지역 MO 키워드,모바일,인천국비지원간호조무사학원,9,3,352,"1,056",1
"파워링크",[RD] 지역조합 KW,인천지역 MO 키워드,모바일,인천국비지원간호학원,14,1,660,660,1
"파워링크",[RD] 지역조합 KW,인천지역 MO 키워드,모바일,인천동구간호조무사학원,2,1,77,77,1
"파워링크",[RD] 지역조합 KW,인천지역 MO 키워드,모바일,인천서구간호조무사,17,2,589,"1,177",1
"파워링크",[RD] 지역조합 KW,인천지역 MO 키워드,모바일,인천서구간호조무사국비지원,1,0,0,0,1
"파워링크",[RD] 지역조합 KW,인천지역 MO 키워드,모바일,인천서구간호조무사야간반,1,0,0,0,1
"파워링크",[RD] 지역조합 KW,인천지역 MO 키워드,모바일,인천서구간호조무사자격증,1,0,0,0,1
"파워링크",[RD] 지역조합 KW,인천지역 MO 키워드,모바일,인천서구간호조무사학원,25,3,110,330,1
"파워링크",[RD] 지역조합 KW,인천지역 MO 키워드,모바일,인천서구간호학원,26,2,594,"1,188",2
"파워링크",[RD] 지역조합 KW,인천지역 MO 키워드,모바일,인천서구국비간호조무사학원,1,0,0,0,1
"파워링크",[RD] 지역조합 KW,인천지역 MO 키워드,모바일,인천서구국비지원간호조무사학원,1,0,0,0,1
"파워링크",[RD] 지역조합 KW,인천지역 MO 키워드,모바일,인천야간간호조무사,1,1,539,539,1
"파워링크",[RD] 지역조합 KW,인천지역 MO 키워드,모바일,인천야간간호학원,1,0,0,0,1
"파워링크",[RD] 지역조합 KW,인천지역 MO 키워드,모바일,인천의간호학원,1,1,"4,103","4,103",3
"파워링크",[RD] 지역조합 KW,인천지역 MO 키워드,모바일,인천주사실무학원,6,1,264,264,1
"파워링크",[RD] 지역조합 KW,인천지역 MO 키워드,모바일,주안간호조무사,8,1,286,286,1
"파워링크",[RD] 지역조합 KW,인천지역 MO 키워드,모바일,주안간호조무사국비,1,0,0,0,1
"파워링크",[RD] 지역조합 KW,인천지역 MO 키워드,모바일,주안간호조무사자격증,1,0,0,0,1
"파워링크",[RD] 지역조합 KW,인천지역 MO 키워드,모바일,주안간호조무사학원,10,1,275,275,1
"파워링크",[RD] 지역조합 KW,인천지역 MO 키워드,모바일,주안간호조무사학원추천,2,0,0,0,1
"파워링크",[RD] 지역조합 KW,인천지역 MO 키워드,모바일,주안간호학원,6,2,847,"1,694",1.2
"파워링크",[RD] 지역조합 KW,인천지역 MO 키워드,모바일,주안간호학원야간,3,2,77,154,1
"파워링크",[RD] 지역조합 KW,인천지역 MO 키워드,모바일,주안간호학원추천,2,0,0,0,1
"파워링크",[RD] 지역조합 KW,인천지역 MO 키워드,모바일,주안국비지원간호학원,1,0,0,0,1
"파워링크",[RD] 지역조합 KW,인천지역 MO 키워드,모바일,주안역간호조무사학원,2,0,0,0,1
"파워링크",[RD] 지역조합 KW,인천지역 MO 키워드,모바일,주안역간호학원,3,1,77,77,1
"파워링크",[RD] 지역조합 KW,인천지역 MO 키워드,모바일,주안역조무사자격증,5,0,0,0,1.8
"파워링크",[RD] 지역조합 KW,경기지역 MO 키워드,모바일,부천간호조무사,45,1,649,649,2.2
"파워링크",[RD] 지역조합 KW,경기지역 MO 키워드,모바일,부천간호조무사교육과정,2,0,0,0,1
"파워링크",[RD] 지역조합 KW,경기지역 MO 키워드,모바일,부천간호조무사국비,2,0,0,0,1
"파워링크",[RD] 지역조합 KW,경기지역 MO 키워드,모바일,부천간호조무사국비지원,26,2,336,671,1
"파워링크",[RD] 지역조합 KW,경기지역 MO 키워드,모바일,부천간호조무사보수교육,1,0,0,0,1
"파워링크",[RD] 지역조합 KW,경기지역 MO 키워드,모바일,부천간호조무사야간,1,0,0,0,1
"파워링크",[RD] 지역조합 KW,경기지역 MO 키워드,모바일,부천간호조무사야간반,12,0,0,0,1
"파워링크",[RD] 지역조합 KW,경기지역 MO 키워드,모바일,부천간호조무사자격증,13,0,0,0,1
"파워링크",[RD] 지역조합 KW,경기지역 MO 키워드,모바일,부천간호조무사학원,76,2,110,220,3.7
"파워링크",[RD] 지역조합 KW,경기지역 MO 키워드,모바일,부천간호조무사학원비용,1,0,0,0,1
"파워링크",[RD] 지역조합 KW,경기지역 MO 키워드,모바일,부천간호조무사학원야간,2,0,0,0,1
"파워링크",[RD] 지역조합 KW,경기지역 MO 키워드,모바일,부천간호조무사학원야간반,3,0,0,0,1
"파워링크",[RD] 지역조합 KW,경기지역 MO 키워드,모바일,부천간호조무사학원추천,3,0,0,0,1
"파워링크",[RD] 지역조합 KW,경기지역 MO 키워드,모바일,부천간호조무학원,1,0,0,0,1
"파워링크",[RD] 지역조합 KW,경기지역 MO 키워드,모바일,부천간호학원,68,3,664,"1,991",4
"파워링크",[RD] 지역조합 KW,경기지역 MO 키워드,모바일,부천간호학원수강료,3,0,0,0,1
"파워링크",[RD] 지역조합 KW,경기지역 MO 키워드,모바일,부천간호학원야간,2,0,0,0,1
"파워링크",[RD] 지역조합 KW,경기지역 MO 키워드,모바일,부천간호학원야간반,6,0,0,0,1
"파워링크",[RD] 지역조합 KW,경기지역 MO 키워드,모바일,부천간호학원주말반,2,0,0,0,1
"파워링크",[RD] 지역조합 KW,경기지역 MO 키워드,모바일,부천간호학원추천,2,0,0,0,1
"파워링크",[RD] 지역조합 KW,경기지역 MO 키워드,모바일,부천국비간호조무사,16,1,847,847,1
"파워링크",[RD] 지역조합 KW,경기지역 MO 키워드,모바일,부천국비간호조무사학원,1,0,0,0,1
"파워링크",[RD] 지역조합 KW,경기지역 MO 키워드,모바일,부천국비지원간호조무사,3,0,0,0,1
"파워링크",[RD] 지역조합 KW,경기지역 MO 키워드,모바일,부천국비지원간호학원,2,0,0,0,2
"파워링크",[RD] 지역조합 KW,경기지역 MO 키워드,모바일,부천시간호조무사,1,0,0,0,1
"파워링크",[RD] 지역조합 KW,경기지역 MO 키워드,모바일,부천시간호조무사자격증,1,0,0,0,1
"파워링크",[RD] 지역조합 KW,경기지역 MO 키워드,모바일,부천시간호학원,1,0,0,0,1
"파워링크",[RD] 지역조합 KW,경기지역 MO 키워드,모바일,부천시야간간호학원,1,0,0,0,1
"파워링크",[RD] 지역조합 KW,경기지역 MO 키워드,모바일,부천야간간호학원,14,0,0,0,1
"파워링크",[RD] 지역조합 KW,경기지역 MO 키워드,모바일,부천조무사자격증,3,0,0,0,1
"파워링크",[RD] 지역조합 KW,경기지역 MO 키워드,모바일,부천주사실무학원,4,0,0,0,1
"파워링크",[RD] 지역조합 KW,경기지역 MO 키워드,모바일,시흥간호조무사,25,0,0,0,1
"파워링크",[RD] 지역조합 KW,경기지역 MO 키워드,모바일,시흥간호조무사국비지원,5,0,0,0,1
"파워링크",[RD] 지역조합 KW,경기지역 MO 키워드,모바일,시흥간호조무사야간반,1,0,0,0,1
"파워링크",[RD] 지역조합 KW,경기지역 MO 키워드,모바일,시흥간호조무사자격증,9,0,0,0,1
"파워링크",[RD] 지역조합 KW,경기지역 MO 키워드,모바일,시흥간호조무사학원,18,0,0,0,2
"파워링크",[RD] 지역조합 KW,경기지역 MO 키워드,모바일,시흥간호학원,21,0,0,0,4
"파워링크",[RD] 지역조합 KW,경기지역 MO 키워드,모바일,시흥국비간호조무사,2,0,0,0,1
"파워링크",[RD] 지역조합 KW,경기지역 MO 키워드,모바일,시흥국비간호학원,1,0,0,0,1
"파워링크",[RD] 지역조합 KW,경기지역 MO 키워드,모바일,시흥시간호조무사,8,0,0,0,1.1
"파워링크",[RD] 지역조합 KW,경기지역 MO 키워드,모바일,시흥시간호조무사자격증,2,0,0,0,1
"파워링크",[RD] 지역조합 KW,경기지역 MO 키워드,모바일,시흥시간호조무사학원,7,0,0,0,1
"파워링크",[RD] 지역조합 KW,경기지역 MO 키워드,모바일,시흥시간호학원,8,0,0,0,2.8
"파워링크",[RD] 지역조합 KW,경기지역 MO 키워드,모바일,시흥시국비간호조무사,1,0,0,0,1
"파워링크",[RD] 지역조합 KW,경기지역 MO 키워드,모바일,시흥주사실무학원,3,0,0,0,1
"파워링크",[RD] 메인KW(주안),인천지역 MO 키워드,모바일,남동구간호학원,10,0,0,0,1.8
"파워링크",[RD] 메인KW(주안),인천지역 MO 키워드,모바일,서구간호학원,118,1,"1,628","1,628",1.6
"파워링크",[RD] 메인KW(주안),인천지역 MO 키워드,모바일,인천간호조무사학원,136,14,"2,393","33,495",1.9
"파워링크",[RD] 메인KW(주안),인천지역 MO 키워드,모바일,인천간호학원,490,15,"4,788","71,819",3.4
"파워링크",[RD] 메인KW(주안),인천지역 MO 키워드,모바일,인천서구간호학원,60,0,0,0,1.2
"파워링크",[RD] 메인KW(주안),인천지역 MO 키워드,모바일,주안간호학원,35,3,"1,613","4,840",1.4
"플레이스",[RD] 플레이스,플레이스#1,PC,-,7,0,0,0,1
"플레이스",[RD] 플레이스,플레이스#1,PC,간호조무사인천,4,1,77,77,1
"플레이스",[RD] 플레이스,플레이스#1,PC,간호조무사학원,18,2,77,154,1.1
"플레이스",[RD] 플레이스,플레이스#1,PC,간호학원,9,3,"2,248","6,743",2.4
"플레이스",[RD] 플레이스,플레이스#1,PC,경기북부간호학원,4,0,0,0,2.3
"플레이스",[RD] 플레이스,플레이스#1,PC,기술학원,6,0,0,0,1.7
"플레이스",[RD] 플레이스,플레이스#1,PC,인천간호조무사,13,1,77,77,1
"플레이스",[RD] 플레이스,플레이스#1,PC,인천간호조무사자격증,2,0,0,0,1
"플레이스",[RD] 플레이스,플레이스#1,PC,인천간호조무사학원,62,8,"2,146","17,171",1
"플레이스",[RD] 플레이스,플레이스#1,PC,인천간호학원,258,3,"2,794","8,382",1
"플레이스",[RD] 플레이스,플레이스#1,PC,인천면허시험,5,0,0,0,1
"플레이스",[RD] 플레이스,플레이스#1,PC,인천시주안,2,0,0,0,2
"플레이스",[RD] 플레이스,플레이스#1,PC,인천학원,6,0,0,0,6.3
"플레이스",[RD] 플레이스,플레이스#1,PC,직업학원,1,0,0,0,2
"플레이스",[RD] 플레이스,플레이스#1,모바일,-,48,1,77,77,1.1
"플레이스",[RD] 플레이스,플레이스#1,모바일,간호조무사인천,9,1,77,77,1
"플레이스",[RD] 플레이스,플레이스#1,모바일,간호조무사학원,13,2,77,154,1.2
"플레이스",[RD] 플레이스,플레이스#1,모바일,간호학원,24,3,77,231,1
"플레이스",[RD] 플레이스,플레이스#1,모바일,경기북부간호학원,31,0,0,0,2.2
"플레이스",[RD] 플레이스,플레이스#1,모바일,광성학원,3,0,0,0,3.3
"플레이스",[RD] 플레이스,플레이스#1,모바일,근처학교,5,0,0,0,1.4
"플레이스",[RD] 플레이스,플레이스#1,모바일,근처학원,2,0,0,0,1.5
"플레이스",[RD] 플레이스,플레이스#1,모바일,기술학교,1,0,0,0,1
"플레이스",[RD] 플레이스,플레이스#1,모바일,남구간호학원,2,0,0,0,1
"플레이스",[RD] 플레이스,플레이스#1,모바일,내근처학원,2,0,0,0,2.5
"플레이스",[RD] 플레이스,플레이스#1,모바일,인천간호조무사,56,2,"1,106","2,211",1
"플레이스",[RD] 플레이스,플레이스#1,모바일,인천간호조무사자격증,22,3,77,231,1
"플레이스",[RD] 플레이스,플레이스#1,모바일,인천간호조무사학원,243,28,"2,166","60,654",1
"플레이스",[RD] 플레이스,플레이스#1,모바일,인천간호학원,"1,012",43,"2,757","118,536",1
"플레이스",[RD] 플레이스,플레이스#1,모바일,인천기술학원,1,0,0,0,9
"플레이스",[RD] 플레이스,플레이스#1,모바일,인천면허시험,2,0,0,0,1
"플레이스",[RD] 플레이스,플레이스#1,모바일,인천시주안,3,0,0,0,2.3
"플레이스",[RD] 플레이스,플레이스#1,모바일,인천전문학교,1,0,0,0,10
"플레이스",[RD] 플레이스,플레이스#1,모바일,인천학원,1,0,0,0,6
"플레이스",[RD] 플레이스,플레이스#1,모바일,주변학교,2,0,0,0,1.5
"플레이스",[RD] 플레이스,플레이스#1,모바일,주안초학원,2,0,0,0,1.5
"플레이스",[RD] 플레이스,플레이스#1,모바일,줄넘기학원,2,0,0,0,7.5
