﻿"파워링크보고서(2024.12.01.~2024.12.31.),eslighting"
"캠페인유형",캠페인,광고그룹,키워드,PC/모바일 매체,노출수,클릭수,"평균클릭비용(VAT포함,원)","총비용(VAT포함,원)",평균노출순위,방문당 평균페이지뷰,방문당 평균체류시간(초),전환수,전환매출액(원)
"파워링크",ESLIGHTINGGODO,적외선,-,PC,1,0,0,0,2,0,0,0,0
"파워링크",ESLIGHTINGGODO,적외선,-,모바일,6,0,0,0,2.5,0,0,0,0
"파워링크",ESLIGHTINGGODO,적외선,의료용적외선,PC,7,0,0,0,3.1,0,0,0,0
"파워링크",ESLIGHTINGGODO,적외선,의료용적외선,모바일,2,0,0,0,2,0,0,0,0
"파워링크",ESLIGHTINGGODO,적외선,의료용적외선램프,PC,3,0,0,0,2,0,0,0,0
"파워링크",ESLIGHTINGGODO,적외선,의료용적외선램프,모바일,1,0,0,0,2,0,0,0,0
"파워링크",ESLIGHTINGGODO,적외선,치료용적외선,모바일,6,0,0,0,1,0,0,0,0
"파워링크",ESLIGHTINGGODO,적외선,필립스적외선,PC,2,0,0,0,5.5,0,0,0,0
"파워링크",ESLIGHTINGGODO,적외선,필립스적외선,모바일,3,0,0,0,4,0,0,0,0
"파워링크",ESLIGHTINGGODO,적외선,필립스적외선램프,PC,136,1,473,473,5.3,0,0,0,0
"파워링크",ESLIGHTINGGODO,적외선,필립스적외선램프,모바일,339,0,0,0,3.4,0,0,0,0
"파워링크",ESLIGHTINGGODO,자외선 UVC 살균,-,PC,86,0,0,0,1.4,0,0,0,0
"파워링크",ESLIGHTINGGODO,자외선 UVC 살균,-,모바일,120,3,172,517,1.3,0,0,0,0
"파워링크",ESLIGHTINGGODO,자외선 UVC 살균,UV램프,PC,2,1,319,319,27.5,0,0,0,0
"파워링크",ESLIGHTINGGODO,자외선 UVC 살균,UV램프,모바일,9,1,330,330,17.7,0,0,0,0
"파워링크",ESLIGHTINGGODO,자외선 UVC 살균,UV살균램프,PC,5,0,0,0,5.2,0,0,0,0
"파워링크",ESLIGHTINGGODO,자외선 UVC 살균,UV살균램프,모바일,4,0,0,0,6.5,0,0,0,0
"파워링크",ESLIGHTINGGODO,자외선 UVC 살균,살균등,PC,8,0,0,0,11,0,0,0,0
"파워링크",ESLIGHTINGGODO,자외선 UVC 살균,살균등,모바일,2,0,0,0,11,0,0,0,0
"파워링크",ESLIGHTINGGODO,자외선 UVC 살균,살균램프,PC,3,0,0,0,13,0,0,0,0
"파워링크",ESLIGHTINGGODO,자외선 UVC 살균,살균램프,모바일,2,0,0,0,13.5,0,0,0,0
"파워링크",ESLIGHTINGGODO,자외선 UVC 살균,자외선램프,PC,17,0,0,0,15.9,0,0,0,0
"파워링크",ESLIGHTINGGODO,자외선 UVC 살균,자외선램프,모바일,1,0,0,0,14,0,0,0,0
"파워링크",ESLIGHTINGGODO,자외선 UVC 살균,자외선살균,PC,1,0,0,0,20,0,0,0,0
"파워링크",ESLIGHTINGGODO,자외선 UVC 살균,자외선살균등,PC,3,0,0,0,10.7,0,0,0,0
"파워링크",ESLIGHTINGGODO,자외선 UVC 살균,자외선살균등,모바일,3,0,0,0,11.7,0,0,0,0
"파워링크",ESLIGHTINGGODO,자외선 UVC 살균,자외선살균램프,PC,10,0,0,0,8.9,0,0,0,0
"파워링크",ESLIGHTINGGODO,자외선 UVC 살균,자외선살균램프,모바일,4,0,0,0,10,0,0,0,0
"파워링크",ESLIGHTINGGODO,자외선 UVC 살균,자외선전구,PC,24,2,330,660,1.8,0,0,0,0
"파워링크",ESLIGHTINGGODO,자외선 UVC 살균,자외선전구,모바일,89,4,330,"1,320",2.1,0,0,0,0
"파워링크",ESLIGHTINGGODO,자외선 UVC 살균,필립스살균램프,PC,5,0,0,0,3.6,0,0,0,0
"파워링크",ESLIGHTINGGODO,자외선 UVC 살균,필립스살균램프,모바일,10,0,0,0,2.6,0,0,0,0
"파워링크",ESLIGHTINGGODO,자외선 UVC 살균,필립스자외선램프,PC,2,0,0,0,7,0,0,0,0
"파워링크",ESLIGHTINGGODO,자외선 UVC 살균,필립스자외선램프,모바일,1,0,0,0,8,0,0,0,0
"파워링크",ESLIGHTINGGODO,자외선 UVA 경화 포충,-,PC,131,4,116,462,1.5,0,0,0,0
"파워링크",ESLIGHTINGGODO,자외선 UVA 경화 포충,-,모바일,142,5,95,473,1.5,0,0,0,0
"파워링크",ESLIGHTINGGODO,자외선 UVA 경화 포충,ACTINICBL,PC,2,0,0,0,2,0,0,0,0
"파워링크",ESLIGHTINGGODO,자외선 UVA 경화 포충,ACTINICBL,모바일,2,0,0,0,2,0,0,0,0
"파워링크",ESLIGHTINGGODO,자외선 UVA 경화 포충,BL15,PC,2,0,0,0,2.5,0,0,0,0
"파워링크",ESLIGHTINGGODO,자외선 UVA 경화 포충,BL15,모바일,1,0,0,0,2,0,0,0,0
"파워링크",ESLIGHTINGGODO,자외선 UVA 경화 포충,BL18,PC,1,0,0,0,4,0,0,0,0
"파워링크",ESLIGHTINGGODO,자외선 UVA 경화 포충,BL18W,PC,1,0,0,0,1,0,0,0,0
"파워링크",ESLIGHTINGGODO,자외선 UVA 경화 포충,BL18W,모바일,4,0,0,0,1,0,0,0,0
"파워링크",ESLIGHTINGGODO,자외선 UVA 경화 포충,BL4,PC,15,0,0,0,2.9,0,0,0,0
"파워링크",ESLIGHTINGGODO,자외선 UVA 경화 포충,BL4,모바일,"2,136",0,0,0,1.6,0,0,0,0
"파워링크",ESLIGHTINGGODO,자외선 UVA 경화 포충,BL40,PC,5,0,0,0,7,0,0,0,0
"파워링크",ESLIGHTINGGODO,자외선 UVA 경화 포충,BL8,PC,1,0,0,0,1,0,0,0,0
"파워링크",ESLIGHTINGGODO,자외선 UVA 경화 포충,BL8W,모바일,2,0,0,0,1,0,0,0,0
"파워링크",ESLIGHTINGGODO,자외선 UVA 경화 포충,BL램프,PC,57,0,0,0,2.3,0,0,0,0
"파워링크",ESLIGHTINGGODO,자외선 UVA 경화 포충,BL램프,모바일,44,0,0,0,1.5,0,0,0,0
"파워링크",ESLIGHTINGGODO,자외선 UVA 경화 포충,F4T5,PC,1,0,0,0,4,0,0,0,0
"파워링크",ESLIGHTINGGODO,자외선 UVA 경화 포충,F4T5BL,PC,9,2,187,374,2,0,0,0,0
"파워링크",ESLIGHTINGGODO,자외선 UVA 경화 포충,F4T5BL,모바일,1,0,0,0,1,0,0,0,0
"파워링크",ESLIGHTINGGODO,자외선 UVA 경화 포충,FPX9BL,PC,10,0,0,0,2.6,0,0,0,0
"파워링크",ESLIGHTINGGODO,자외선 UVA 경화 포충,FPX9BL,모바일,10,0,0,0,1,0,0,0,0
"파워링크",ESLIGHTINGGODO,자외선 UVA 경화 포충,TL-K40W,PC,2,0,0,0,2,0,0,0,0
"파워링크",ESLIGHTINGGODO,자외선 UVA 경화 포충,TL100,PC,2,0,0,0,4,0,0,0,0
"파워링크",ESLIGHTINGGODO,자외선 UVA 경화 포충,TL100,모바일,11,0,0,0,3,0,0,0,0
"파워링크",ESLIGHTINGGODO,자외선 UVA 경화 포충,TL140,PC,1,0,0,0,1,0,0,0,0
"파워링크",ESLIGHTINGGODO,자외선 UVA 경화 포충,TL140,모바일,6,0,0,0,1,0,0,0,0
"파워링크",ESLIGHTINGGODO,자외선 UVA 경화 포충,TL140W,모바일,1,0,0,0,1,0,0,0,0
"파워링크",ESLIGHTINGGODO,자외선 UVA 경화 포충,TL60,PC,2,0,0,0,2,0,0,0,0
"파워링크",ESLIGHTINGGODO,자외선 UVA 경화 포충,TL60,모바일,3,0,0,0,2,0,0,0,0
"파워링크",ESLIGHTINGGODO,자외선 UVA 경화 포충,TL60W/10R,PC,1,0,0,0,2,0,0,0,0
"파워링크",ESLIGHTINGGODO,자외선 UVA 경화 포충,TL80W,모바일,1,0,0,0,3,0,0,0,0
"파워링크",ESLIGHTINGGODO,자외선 UVA 경화 포충,ULTRAVITALUX300W,모바일,1,0,0,0,3,0,0,0,0
"파워링크",ESLIGHTINGGODO,자외선 UVA 경화 포충,UVA,PC,60,0,0,0,6,0,0,0,0
"파워링크",ESLIGHTINGGODO,자외선 UVA 경화 포충,UVA,모바일,44,0,0,0,4.3,0,0,0,0
"파워링크",ESLIGHTINGGODO,자외선 UVA 경화 포충,UVA램프,PC,42,1,187,187,3.3,0,0,0,0
"파워링크",ESLIGHTINGGODO,자외선 UVA 경화 포충,UVA램프,모바일,93,0,0,0,2.2,0,0,0,0
"파워링크",ESLIGHTINGGODO,자외선 UVA 경화 포충,경화램프,PC,10,0,0,0,2.7,0,0,0,0
"파워링크",ESLIGHTINGGODO,자외선 UVA 경화 포충,경화램프,모바일,15,0,0,0,1.9,0,0,0,0
"파워링크",ESLIGHTINGGODO,자외선 UVA 경화 포충,방충등,PC,11,0,0,0,5.5,0,0,0,0
"파워링크",ESLIGHTINGGODO,자외선 UVA 경화 포충,방충등,모바일,21,0,0,0,3.3,0,0,0,0
"파워링크",ESLIGHTINGGODO,자외선 UVA 경화 포충,방충램프,PC,13,0,0,0,1,0,0,0,0
"파워링크",ESLIGHTINGGODO,자외선 UVA 경화 포충,방충램프,모바일,10,0,0,0,2.1,0,0,0,0
"파워링크",ESLIGHTINGGODO,자외선 UVA 경화 포충,벌레유인등,PC,5,0,0,0,2.4,0,0,0,0
"파워링크",ESLIGHTINGGODO,자외선 UVA 경화 포충,벌레유인등,모바일,9,0,0,0,2.1,0,0,0,0
"파워링크",ESLIGHTINGGODO,자외선 UVA 경화 포충,벌레퇴치기램프,PC,3,0,0,0,6,0,0,0,0
"파워링크",ESLIGHTINGGODO,자외선 UVA 경화 포충,벌레퇴치등,PC,15,0,0,0,5.1,0,0,0,0
"파워링크",ESLIGHTINGGODO,자외선 UVA 경화 포충,벌레퇴치등,모바일,4,0,0,0,3.8,0,0,0,0
"파워링크",ESLIGHTINGGODO,자외선 UVA 경화 포충,블랙라이트,PC,"1,651",2,506,"1,012",3.1,0,0,0,0
"파워링크",ESLIGHTINGGODO,자외선 UVA 경화 포충,블랙라이트,모바일,"7,963",6,535,"3,212",2.6,0,0,0,0
"파워링크",ESLIGHTINGGODO,자외선 UVA 경화 포충,블랙라이트램프,PC,39,0,0,0,2,0,0,0,0
"파워링크",ESLIGHTINGGODO,자외선 UVA 경화 포충,블랙라이트램프,모바일,111,0,0,0,1.3,0,0,0,0
"파워링크",ESLIGHTINGGODO,자외선 UVA 경화 포충,자외선경화용램프,PC,1,0,0,0,1,0,0,0,0
"파워링크",ESLIGHTINGGODO,자외선 UVA 경화 포충,적외선전구,PC,233,2,429,858,3.6,0,0,0,0
"파워링크",ESLIGHTINGGODO,자외선 UVA 경화 포충,적외선전구,모바일,505,4,404,"1,617",3.2,0,0,0,0
"파워링크",ESLIGHTINGGODO,자외선 UVA 경화 포충,포충기램프,PC,107,1,528,528,3.8,0,0,0,0
"파워링크",ESLIGHTINGGODO,자외선 UVA 경화 포충,포충기램프,모바일,179,1,594,594,3,0,0,0,0
"파워링크",ESLIGHTINGGODO,자외선 UVA 경화 포충,포충램프,PC,55,1,902,902,5.1,0,0,0,0
"파워링크",ESLIGHTINGGODO,자외선 UVA 경화 포충,포충램프,모바일,19,0,0,0,3.4,0,0,0,0
"파워링크",ESLIGHTINGGODO,자외선 UVA 썬탠,-,PC,6,0,0,0,1.5,0,0,0,0
"파워링크",ESLIGHTINGGODO,자외선 UVA 썬탠,-,모바일,7,0,0,0,1.3,0,0,0,0
"파워링크",ESLIGHTINGGODO,자외선 UVA 썬탠,썬텐램프,모바일,2,0,0,0,2,0,0,0,0
"파워링크",ESLIGHTINGGODO,자외선 UVA 썬탠,태닝100W,모바일,2,0,0,0,1,0,0,0,0
"파워링크",ESLIGHTINGGODO,자외선 UVA 썬탠,태닝램프,PC,27,0,0,0,5.4,0,0,0,0
"파워링크",ESLIGHTINGGODO,자외선 UVA 썬탠,태닝램프,모바일,26,1,198,198,3.3,0,0,0,0
"파워링크",ESLIGHTINGGODO,자외선 UVA 썬탠,필립스태닝램프,PC,1,0,0,0,1,0,0,0,0
"파워링크",ESLIGHTINGGODO,자외선 UVA 썬탠,필립스태닝램프,모바일,1,0,0,0,1,0,0,0,0
"파워링크",ESLIGHTINGGODO,무대조명 MSR,-,PC,105,6,77,462,1.3,0,0,0,0
"파워링크",ESLIGHTINGGODO,무대조명 MSR,-,모바일,162,4,77,308,1.3,0,0,0,0
"파워링크",ESLIGHTINGGODO,무대조명 MSR,MSR램프,모바일,1,0,0,0,1,0,0,0,0
"파워링크",ESLIGHTINGGODO,무대조명 MSR,필립스MSR,PC,2,0,0,0,1,0,0,0,0
"파워링크",ESLIGHTINGGODO,무대조명 일반,-,PC,134,0,0,0,1.9,0,0,0,0
"파워링크",ESLIGHTINGGODO,무대조명 일반,-,모바일,103,3,81,242,1.7,0,0,0,0
"파워링크",ESLIGHTINGGODO,무대조명 일반,64717,PC,1,0,0,0,2,0,0,0,0
"파워링크",ESLIGHTINGGODO,무대조명 일반,64720,PC,1,0,0,0,3,0,0,0,0
"파워링크",ESLIGHTINGGODO,무대조명 일반,64720,모바일,2,0,0,0,3,0,0,0,0
"파워링크",ESLIGHTINGGODO,무대조명 일반,64745,PC,4,0,0,0,1.8,0,0,0,0
"파워링크",ESLIGHTINGGODO,무대조명 일반,64745,모바일,1,0,0,0,2,0,0,0,0
"파워링크",ESLIGHTINGGODO,무대조명 일반,64754,모바일,2,0,0,0,2,0,0,0,0
"파워링크",ESLIGHTINGGODO,무대조명 일반,64788,모바일,2,0,0,0,3,0,0,0,0
"파워링크",ESLIGHTINGGODO,무대조명 일반,64789,PC,1,0,0,0,3,0,0,0,0
"파워링크",ESLIGHTINGGODO,무대조명 일반,64789,모바일,1,0,0,0,3,0,0,0,0
"파워링크",ESLIGHTINGGODO,무대조명 일반,6638P,PC,4,0,0,0,2.5,0,0,0,0
"파워링크",ESLIGHTINGGODO,무대조명 일반,6993P,PC,6,0,0,0,3,0,0,0,0
"파워링크",ESLIGHTINGGODO,무대조명 일반,6995P,PC,2,0,0,0,2,0,0,0,0
"파워링크",ESLIGHTINGGODO,무대조명 일반,93728,PC,1,0,0,0,2,0,0,0,0
"파워링크",ESLIGHTINGGODO,무대조명 일반,93728,모바일,2,0,0,0,3,0,0,0,0
"파워링크",ESLIGHTINGGODO,무대조명 일반,HPL750,PC,3,0,0,0,3,0,0,0,0
"파워링크",ESLIGHTINGGODO,무대조명 일반,HPL750,모바일,8,0,0,0,2.6,0,0,0,0
"파워링크",ESLIGHTINGGODO,무대조명 일반,HPL750W,PC,14,1,132,132,2.4,0,0,0,0
"파워링크",ESLIGHTINGGODO,무대조명 일반,HPL750W,모바일,5,1,231,231,1,0,0,0,0
"파워링크",ESLIGHTINGGODO,무대조명 일반,오스람64720,PC,12,0,0,0,2.6,0,0,0,0
"파워링크",ESLIGHTINGGODO,무대조명 일반,오스람64720,모바일,3,0,0,0,2,0,0,0,0
"파워링크",ESLIGHTINGGODO,무대조명 일반,오스람64745,PC,3,0,0,0,2,0,0,0,0
"파워링크",ESLIGHTINGGODO,무대조명 일반,오스람64747,PC,13,0,0,0,3,0,0,0,0
"파워링크",ESLIGHTINGGODO,무대조명 일반,오스람64747,모바일,3,0,0,0,2,0,0,0,0
"파워링크",ESLIGHTINGGODO,무대조명 일반,오스람64788,PC,1,0,0,0,1,0,0,0,0
"파워링크",ESLIGHTINGGODO,무대조명 일반,오스람93729,PC,2,0,0,0,1,0,0,0,0
"파워링크",ESLIGHTINGGODO,무대조명 일반,필립스6638P,PC,1,0,0,0,1,0,0,0,0
"파워링크",ESLIGHTINGGODO,무대조명 일반,필립스6993P,PC,3,0,0,0,4,0,0,0,0
"파워링크",ESLIGHTINGGODO,무대조명 일반,필립스6993P,모바일,1,0,0,0,3,0,0,0,0
"파워링크",ESLIGHTINGGODO,무대조명 일반,필립스6995Z,PC,1,0,0,0,3,0,0,0,0
"파워링크",ESLIGHTINGGODO,무대조명 일반,필립스6995Z,모바일,3,0,0,0,2.3,0,0,0,0
"파워링크",ESLIGHTINGGODO,무대조명 PAR,-,PC,136,4,80,319,2.1,0,0,0,0
"파워링크",ESLIGHTINGGODO,무대조명 PAR,-,모바일,163,1,77,77,1.8,0,0,0,0
"파워링크",ESLIGHTINGGODO,무대조명 PAR,GEPAR56,PC,1,0,0,0,1,0,0,0,0
"파워링크",ESLIGHTINGGODO,무대조명 PAR,PAR46,PC,16,0,0,0,1.9,0,0,0,0
"파워링크",ESLIGHTINGGODO,무대조명 PAR,PAR46,모바일,16,0,0,0,1,0,0,0,0
"파워링크",ESLIGHTINGGODO,무대조명 PAR,PAR56,PC,7,0,0,0,2.7,0,0,0,0
"파워링크",ESLIGHTINGGODO,무대조명 PAR,PAR56,모바일,3,0,0,0,1,0,0,0,0
"파워링크",ESLIGHTINGGODO,무대조명 PAR,PAR64,PC,47,0,0,0,2.4,0,0,0,0
"파워링크",ESLIGHTINGGODO,무대조명 PAR,PAR64,모바일,29,0,0,0,1.2,0,0,0,0
"파워링크",ESLIGHTINGGODO,무대조명 PAR,오스람PAR64,PC,1,0,0,0,2,0,0,0,0
"파워링크",ESLIGHTINGGODO,무대조명 PAR,오스람PAR64,모바일,3,0,0,0,1,0,0,0,0
"파워링크",ESLIGHTINGGODO,자외선 UVA BLB,-,PC,45,1,77,77,2.1,0,0,0,0
"파워링크",ESLIGHTINGGODO,자외선 UVA BLB,-,모바일,85,1,77,77,1.8,0,0,0,0
"파워링크",ESLIGHTINGGODO,자외선 UVA BLB,BLB20W,PC,3,0,0,0,2,0,0,0,0
"파워링크",ESLIGHTINGGODO,자외선 UVA BLB,BLB20W,모바일,2,0,0,0,2,0,0,0,0
"파워링크",ESLIGHTINGGODO,자외선 UVA BLB,BLB30W,PC,2,0,0,0,2,0,0,0,0
"파워링크",ESLIGHTINGGODO,자외선 UVA BLB,BLB40W,PC,6,0,0,0,3,0,0,0,0
"파워링크",ESLIGHTINGGODO,자외선 UVA BLB,BLB40W,모바일,2,0,0,0,3,0,0,0,0
"파워링크",ESLIGHTINGGODO,자외선 UVA BLB,볼링장램프,모바일,2,0,0,0,1,0,0,0,0
"파워링크",ESLIGHTINGGODO,자외선 UVA BLB,형광램프10W,PC,2,0,0,0,3,0,0,0,0
"파워링크",ESLIGHTINGGODO,자외선 UVA BLB,형광램프15W,PC,1,0,0,0,2,0,0,0,0
"파워링크",ESLIGHTINGGODO,자외선 UVA BLB,형광램프15W,모바일,1,0,0,0,3,0,0,0,0
"파워링크",ESLIGHTINGGODO,자외선 UVA BLB,형광램프18W,모바일,6,0,0,0,2.3,0,0,0,0
"파워링크",ESLIGHTINGGODO,자외선 UVA BLB,형광램프20W,PC,3,0,0,0,4.7,0,0,0,0
"파워링크",ESLIGHTINGGODO,자외선 UVA BLB,형광램프30W,모바일,1,0,0,0,2,0,0,0,0
"파워링크",ESLIGHTINGGODO,자외선 UVA BLB,형광램프8W,모바일,1,0,0,0,2,0,0,0,0
"파워링크",ESLIGHTINGGODO,자외선 UVB 치료용,-,PC,102,3,77,231,1.8,0,0,0,0
"파워링크",ESLIGHTINGGODO,자외선 UVB 치료용,-,모바일,195,2,77,154,1.8,0,0,0,0
"파워링크",ESLIGHTINGGODO,자외선 UVB 치료용,UVB8W,PC,1,0,0,0,1,0,0,0,0
"파워링크",ESLIGHTINGGODO,자외선 UVB 치료용,UVBPLL36W,PC,7,0,0,0,1.6,0,0,0,0
"파워링크",ESLIGHTINGGODO,자외선 UVB 치료용,UVB램프,PC,4,0,0,0,14,0,0,0,0
"파워링크",ESLIGHTINGGODO,자외선 UVB 치료용,UVB램프,모바일,2,0,0,0,13,0,0,0,0
"파워링크",ESLIGHTINGGODO,자외선 UVB 치료용,산쿄UVB,모바일,2,0,0,0,2,0,0,0,0
"파워링크",ESLIGHTINGGODO,자외선 UVB 치료용,필립스UVB,PC,12,0,0,0,1,0,0,0,0
"파워링크",ESLIGHTINGGODO,자외선 UVB 치료용,필립스UVB,모바일,94,0,0,0,1.4,0,0,0,0
"파워링크",ESLIGHTINGGODO,자외선 UVB 치료용,필립스UVBTL100W01,PC,1,0,0,0,1,0,0,0,0
"파워링크",ESLIGHTINGGODO,자외선 UVB 치료용,필립스UVB램프,PC,4,0,0,0,3,0,0,0,0
"파워링크",ESLIGHTINGGODO,자외선 UVB 치료용,필립스UVB램프,모바일,9,1,77,77,3,0,0,0,0
"파워링크",ESLIGHTINGGODO,할로겐 일반,-,PC,173,3,77,231,1.8,0,0,0,0
"파워링크",ESLIGHTINGGODO,할로겐 일반,-,모바일,227,4,80,319,1.9,0,0,0,0
"파워링크",ESLIGHTINGGODO,할로겐 일반,120V300W,PC,1,0,0,0,1,0,0,0,0
"파워링크",ESLIGHTINGGODO,할로겐 일반,12V100W,PC,3,0,0,0,7.3,0,0,0,0
"파워링크",ESLIGHTINGGODO,할로겐 일반,12V100W,모바일,1,0,0,0,8,0,0,0,0
"파워링크",ESLIGHTINGGODO,할로겐 일반,12V75W,PC,2,0,0,0,3,0,0,0,0
"파워링크",ESLIGHTINGGODO,할로겐 일반,12V75W,모바일,5,0,0,0,2.6,0,0,0,0
"파워링크",ESLIGHTINGGODO,할로겐 일반,13158,모바일,64,0,0,0,2,0,0,0,0
"파워링크",ESLIGHTINGGODO,할로겐 일반,13163,PC,3,0,0,0,3,0,0,0,0
"파워링크",ESLIGHTINGGODO,할로겐 일반,13194,PC,2,0,0,0,2.5,0,0,0,0
"파워링크",ESLIGHTINGGODO,할로겐 일반,13194,모바일,7,0,0,0,2.9,0,0,0,0
"파워링크",ESLIGHTINGGODO,할로겐 일반,13528,PC,7,0,0,0,2.6,0,0,0,0
"파워링크",ESLIGHTINGGODO,할로겐 일반,13528,모바일,2,0,0,0,2,0,0,0,0
"파워링크",ESLIGHTINGGODO,할로겐 일반,13629,PC,2,0,0,0,2.5,0,0,0,0
"파워링크",ESLIGHTINGGODO,할로겐 일반,13629,모바일,8,0,0,0,2.5,0,0,0,0
"파워링크",ESLIGHTINGGODO,할로겐 일반,14501,모바일,3,0,0,0,1.7,0,0,0,0
"파워링크",ESLIGHTINGGODO,할로겐 일반,21V150W,PC,5,0,0,0,2,0,0,0,0
"파워링크",ESLIGHTINGGODO,할로겐 일반,21V150W,모바일,1,0,0,0,2,0,0,0,0
"파워링크",ESLIGHTINGGODO,할로겐 일반,5995,PC,12,0,0,0,1.5,0,0,0,0
"파워링크",ESLIGHTINGGODO,할로겐 일반,5995,모바일,19,0,0,0,1.6,0,0,0,0
"파워링크",ESLIGHTINGGODO,할로겐 일반,64255,PC,1,0,0,0,3,0,0,0,0
"파워링크",ESLIGHTINGGODO,할로겐 일반,64255,모바일,1,0,0,0,3,0,0,0,0
"파워링크",ESLIGHTINGGODO,할로겐 일반,64634,모바일,5,0,0,0,2.8,0,0,0,0
"파워링크",ESLIGHTINGGODO,할로겐 일반,64637,모바일,1,0,0,0,3,0,0,0,0
"파워링크",ESLIGHTINGGODO,할로겐 일반,6834FO,PC,1,0,0,0,4,0,0,0,0
"파워링크",ESLIGHTINGGODO,할로겐 일반,6853,PC,28,0,0,0,1.7,0,0,0,0
"파워링크",ESLIGHTINGGODO,할로겐 일반,6853,모바일,13,0,0,0,1,0,0,0,0
"파워링크",ESLIGHTINGGODO,할로겐 일반,6V15W,PC,3,0,0,0,2,0,0,0,0
"파워링크",ESLIGHTINGGODO,할로겐 일반,82V300W,PC,1,0,0,0,2,0,0,0,0
"파워링크",ESLIGHTINGGODO,할로겐 일반,82V300W,모바일,1,0,0,0,3,0,0,0,0
"파워링크",ESLIGHTINGGODO,할로겐 일반,93515,PC,1,0,0,0,2,0,0,0,0
"파워링크",ESLIGHTINGGODO,할로겐 일반,93515,모바일,2,0,0,0,2,0,0,0,0
"파워링크",ESLIGHTINGGODO,할로겐 일반,93518,PC,1,0,0,0,2,0,0,0,0
"파워링크",ESLIGHTINGGODO,할로겐 일반,93638,모바일,1,0,0,0,3,0,0,0,0
"파워링크",ESLIGHTINGGODO,할로겐 일반,AR11112V50W,PC,1,0,0,0,2,0,0,0,0
"파워링크",ESLIGHTINGGODO,할로겐 일반,DED,PC,109,0,0,0,2.5,0,0,0,0
"파워링크",ESLIGHTINGGODO,할로겐 일반,DED,모바일,8,0,0,0,2,0,0,0,0
"파워링크",ESLIGHTINGGODO,할로겐 일반,EJM,PC,26,0,0,0,1.3,0,0,0,0
"파워링크",ESLIGHTINGGODO,할로겐 일반,EJM,모바일,265,1,77,77,1.3,0,0,0,0
"파워링크",ESLIGHTINGGODO,할로겐 일반,EJV,PC,4,0,0,0,2,0,0,0,0
"파워링크",ESLIGHTINGGODO,할로겐 일반,EJV,모바일,6,0,0,0,2.3,0,0,0,0
"파워링크",ESLIGHTINGGODO,할로겐 일반,EKE,PC,19,0,0,0,5.7,0,0,0,0
"파워링크",ESLIGHTINGGODO,할로겐 일반,EKE,모바일,83,0,0,0,2.2,0,0,0,0
"파워링크",ESLIGHTINGGODO,할로겐 일반,EKE21V150W,PC,1,0,0,0,1,0,0,0,0
"파워링크",ESLIGHTINGGODO,할로겐 일반,EKE21V150W,모바일,1,0,0,0,1,0,0,0,0
"파워링크",ESLIGHTINGGODO,할로겐 일반,EKZ,PC,10,0,0,0,2.4,0,0,0,0
"파워링크",ESLIGHTINGGODO,할로겐 일반,EKZ,모바일,6,0,0,0,2.5,0,0,0,0
"파워링크",ESLIGHTINGGODO,할로겐 일반,ELC,PC,6,0,0,0,11.5,0,0,0,0
"파워링크",ESLIGHTINGGODO,할로겐 일반,ELC,모바일,4,0,0,0,10.5,0,0,0,0
"파워링크",ESLIGHTINGGODO,할로겐 일반,ELH,PC,27,0,0,0,4.6,0,0,0,0
"파워링크",ESLIGHTINGGODO,할로겐 일반,ELH,모바일,30,0,0,0,2.1,0,0,0,0
"파워링크",ESLIGHTINGGODO,할로겐 일반,EXR,PC,58,0,0,0,8.9,0,0,0,0
"파워링크",ESLIGHTINGGODO,할로겐 일반,EXR,모바일,91,1,77,77,3.8,0,0,0,0
"파워링크",ESLIGHTINGGODO,할로겐 일반,JCR12V100W,PC,3,0,0,0,3,0,0,0,0
"파워링크",ESLIGHTINGGODO,할로겐 일반,JCR12V20WA20H/3,PC,2,0,0,0,1,0,0,0,0
"파워링크",ESLIGHTINGGODO,할로겐 일반,JCR12V50W,PC,1,0,0,0,2,0,0,0,0
"파워링크",ESLIGHTINGGODO,할로겐 일반,JCR12V50W20H,PC,1,0,0,0,2,0,0,0,0
"파워링크",ESLIGHTINGGODO,할로겐 일반,JCRM,PC,2,0,0,0,1,0,0,0,0
"파워링크",ESLIGHTINGGODO,할로겐 일반,JCRM,모바일,2,0,0,0,1,0,0,0,0
"파워링크",ESLIGHTINGGODO,할로겐 일반,JD램프,모바일,1,0,0,0,1,0,0,0,0
"파워링크",ESLIGHTINGGODO,할로겐 일반,MR11,PC,10,0,0,0,7,0,0,0,0
"파워링크",ESLIGHTINGGODO,할로겐 일반,MR11,모바일,10,0,0,0,3.3,0,0,0,0
"파워링크",ESLIGHTINGGODO,할로겐 일반,오스람12V100W,PC,3,0,0,0,3,0,0,0,0
"파워링크",ESLIGHTINGGODO,할로겐 일반,오스람12V100W,모바일,1,0,0,0,3,0,0,0,0
"파워링크",ESLIGHTINGGODO,할로겐 일반,오스람24V250W,PC,2,0,0,0,2,0,0,0,0
"파워링크",ESLIGHTINGGODO,할로겐 일반,오스람24V250W,모바일,1,0,0,0,2,0,0,0,0
"파워링크",ESLIGHTINGGODO,할로겐 일반,오스람64627EFP,PC,1,0,0,0,1,0,0,0,0
"파워링크",ESLIGHTINGGODO,할로겐 일반,오스람64634,PC,1,0,0,0,4,0,0,0,0
"파워링크",ESLIGHTINGGODO,할로겐 일반,오스람64637,모바일,3,0,0,0,3,0,0,0,0
"파워링크",ESLIGHTINGGODO,할로겐 일반,오스람93638,PC,1,0,0,0,2,0,0,0,0
"파워링크",ESLIGHTINGGODO,할로겐 일반,오스람93638,모바일,2,0,0,0,2.5,0,0,0,0
"파워링크",ESLIGHTINGGODO,할로겐 일반,필립스13163,PC,5,0,0,0,3,0,0,0,0
"파워링크",ESLIGHTINGGODO,할로겐 일반,필립스6423FO,PC,5,0,0,0,2,0,0,0,0
"파워링크",ESLIGHTINGGODO,할로겐 일반,필립스6423FO15V150W,PC,1,0,0,0,1,0,0,0,0
"파워링크",ESLIGHTINGGODO,할로겐 일반,필립스6834,PC,6,0,0,0,1.2,0,0,0,0
"파워링크",ESLIGHTINGGODO,할로겐 일반,필립스6834,모바일,2,0,0,0,2,0,0,0,0
"파워링크",ESLIGHTINGGODO,할로겐 일반,필립스6834FO,PC,1,0,0,0,3,0,0,0,0
"파워링크",ESLIGHTINGGODO,할로겐 일반,필립스NR63,PC,4,0,0,0,2,0,0,0,0
"파워링크",ESLIGHTINGGODO,할로겐 일반,필립스NR63,모바일,8,0,0,0,1,0,0,0,0
"파워링크",ESLIGHTINGGODO,할로겐 핀타입,-,PC,957,8,69,550,1.9,0,0,0,0
"파워링크",ESLIGHTINGGODO,할로겐 핀타입,-,모바일,"1,426",0,0,0,1.7,0,0,0,0
"파워링크",ESLIGHTINGGODO,할로겐 핀타입,12V20W,PC,25,0,0,0,4.4,0,0,0,0
"파워링크",ESLIGHTINGGODO,할로겐 핀타입,12V20W,모바일,19,0,0,0,2.6,0,0,0,0
"파워링크",ESLIGHTINGGODO,할로겐 핀타입,12V20WG4,모바일,1,0,0,0,1,0,0,0,0
"파워링크",ESLIGHTINGGODO,할로겐 핀타입,12V30W,PC,1,0,0,0,2,0,0,0,0
"파워링크",ESLIGHTINGGODO,할로겐 핀타입,12V30W,모바일,2,0,0,0,2,0,0,0,0
"파워링크",ESLIGHTINGGODO,할로겐 핀타입,12V50W,PC,9,0,0,0,3,0,0,0,0
"파워링크",ESLIGHTINGGODO,할로겐 핀타입,12V50W,모바일,18,0,0,0,2.2,0,0,0,0
"파워링크",ESLIGHTINGGODO,할로겐 핀타입,14530,PC,2,0,0,0,2,0,0,0,0
"파워링크",ESLIGHTINGGODO,할로겐 핀타입,14530,모바일,2,0,0,0,1.5,0,0,0,0
"파워링크",ESLIGHTINGGODO,할로겐 핀타입,230V1000W,PC,1,0,0,0,1,0,0,0,0
"파워링크",ESLIGHTINGGODO,할로겐 핀타입,230V1000W,모바일,1,0,0,0,1,0,0,0,0
"파워링크",ESLIGHTINGGODO,할로겐 핀타입,230V150W,PC,1,0,0,0,1,0,0,0,0
"파워링크",ESLIGHTINGGODO,할로겐 핀타입,230V150W,모바일,1,0,0,0,1,0,0,0,0
"파워링크",ESLIGHTINGGODO,할로겐 핀타입,230V300W,PC,2,0,0,0,2,0,0,0,0
"파워링크",ESLIGHTINGGODO,할로겐 핀타입,230V300W,모바일,1,0,0,0,2,0,0,0,0
"파워링크",ESLIGHTINGGODO,할로겐 핀타입,230V50W,PC,2,0,0,0,1.5,0,0,0,0
"파워링크",ESLIGHTINGGODO,할로겐 핀타입,230V50W,모바일,5,0,0,0,2,0,0,0,0
"파워링크",ESLIGHTINGGODO,할로겐 핀타입,230V650W,PC,1,0,0,0,2,0,0,0,0
"파워링크",ESLIGHTINGGODO,할로겐 핀타입,230V650W,모바일,1,0,0,0,1,0,0,0,0
"파워링크",ESLIGHTINGGODO,할로겐 핀타입,24V150W,PC,1,0,0,0,4,0,0,0,0
"파워링크",ESLIGHTINGGODO,할로겐 핀타입,24V150W,모바일,2,0,0,0,2.5,0,0,0,0
"파워링크",ESLIGHTINGGODO,할로겐 핀타입,24V300W,모바일,19,0,0,0,1.3,0,0,0,0
"파워링크",ESLIGHTINGGODO,할로겐 핀타입,36V400W,PC,6,0,0,0,2,0,0,0,0
"파워링크",ESLIGHTINGGODO,할로겐 핀타입,36V400W,모바일,1,0,0,0,3,0,0,0,0
"파워링크",ESLIGHTINGGODO,할로겐 핀타입,5761,PC,108,0,0,0,2.3,0,0,0,0
"파워링크",ESLIGHTINGGODO,할로겐 핀타입,5761,모바일,20,0,0,0,2.7,0,0,0,0
"파워링크",ESLIGHTINGGODO,할로겐 핀타입,64250,모바일,4,0,0,0,1,0,0,0,0
"파워링크",ESLIGHTINGGODO,할로겐 핀타입,64250HLX,PC,1,0,0,0,2,0,0,0,0
"파워링크",ESLIGHTINGGODO,할로겐 핀타입,64251,모바일,11,0,0,0,2,0,0,0,0
"파워링크",ESLIGHTINGGODO,할로겐 핀타입,64260,PC,2,0,0,0,3,0,0,0,0
"파워링크",ESLIGHTINGGODO,할로겐 핀타입,64502,PC,1,0,0,0,1,0,0,0,0
"파워링크",ESLIGHTINGGODO,할로겐 핀타입,64502,모바일,1,0,0,0,1,0,0,0,0
"파워링크",ESLIGHTINGGODO,할로겐 핀타입,64514,PC,2,0,0,0,2,0,0,0,0
"파워링크",ESLIGHTINGGODO,할로겐 핀타입,64514,모바일,1,0,0,0,2,0,0,0,0
"파워링크",ESLIGHTINGGODO,할로겐 핀타입,64515,PC,2,0,0,0,3,0,0,0,0
"파워링크",ESLIGHTINGGODO,할로겐 핀타입,64540,PC,4,0,0,0,1,0,0,0,0
"파워링크",ESLIGHTINGGODO,할로겐 핀타입,64575,PC,3,0,0,0,3,0,0,0,0
"파워링크",ESLIGHTINGGODO,할로겐 핀타입,64602,PC,8,0,0,0,2.1,0,0,0,0
"파워링크",ESLIGHTINGGODO,할로겐 핀타입,64602,모바일,2,0,0,0,2,0,0,0,0
"파워링크",ESLIGHTINGGODO,할로겐 핀타입,64625HLX,PC,2,0,0,0,2,0,0,0,0
"파워링크",ESLIGHTINGGODO,할로겐 핀타입,64633,PC,1,0,0,0,2,0,0,0,0
"파워링크",ESLIGHTINGGODO,할로겐 핀타입,64640,모바일,2,0,0,0,2,0,0,0,0
"파워링크",ESLIGHTINGGODO,할로겐 핀타입,64640HLX,PC,1,0,0,0,4,0,0,0,0
"파워링크",ESLIGHTINGGODO,할로겐 핀타입,64642,PC,1,0,0,0,2,0,0,0,0
"파워링크",ESLIGHTINGGODO,할로겐 핀타입,64655,모바일,3,0,0,0,2,0,0,0,0
"파워링크",ESLIGHTINGGODO,할로겐 핀타입,64656,모바일,4,0,0,0,2,0,0,0,0
"파워링크",ESLIGHTINGGODO,할로겐 핀타입,64663,PC,2,0,0,0,2,0,0,0,0
"파워링크",ESLIGHTINGGODO,할로겐 핀타입,64663,모바일,1,0,0,0,2,0,0,0,0
"파워링크",ESLIGHTINGGODO,할로겐 핀타입,6605,PC,64,0,0,0,1.9,0,0,0,0
"파워링크",ESLIGHTINGGODO,할로겐 핀타입,6605,모바일,17,0,0,0,1.8,0,0,0,0
"파워링크",ESLIGHTINGGODO,할로겐 핀타입,6V10W,PC,3,0,0,0,2,0,0,0,0
"파워링크",ESLIGHTINGGODO,할로겐 핀타입,6V10W,모바일,2,0,0,0,1.5,0,0,0,0
"파워링크",ESLIGHTINGGODO,할로겐 핀타입,6V20W,PC,2,0,0,0,3.5,0,0,0,0
"파워링크",ESLIGHTINGGODO,할로겐 핀타입,6V20W,모바일,5,0,0,0,2,0,0,0,0
"파워링크",ESLIGHTINGGODO,할로겐 핀타입,6V30W,PC,1,0,0,0,4,0,0,0,0
"파워링크",ESLIGHTINGGODO,할로겐 핀타입,6V30W,모바일,2,0,0,0,3,0,0,0,0
"파워링크",ESLIGHTINGGODO,할로겐 핀타입,6V30WG4,PC,3,0,0,0,2,0,0,0,0
"파워링크",ESLIGHTINGGODO,할로겐 핀타입,7023,PC,17,0,0,0,1.8,0,0,0,0
"파워링크",ESLIGHTINGGODO,할로겐 핀타입,7023,모바일,21,0,0,0,2.2,0,0,0,0
"파워링크",ESLIGHTINGGODO,할로겐 핀타입,7387,PC,10,0,0,0,2.9,0,0,0,0
"파워링크",ESLIGHTINGGODO,할로겐 핀타입,7387,모바일,1,0,0,0,3,0,0,0,0
"파워링크",ESLIGHTINGGODO,할로겐 핀타입,7388,PC,3,0,0,0,3,0,0,0,0
"파워링크",ESLIGHTINGGODO,할로겐 핀타입,7388,모바일,9,0,0,0,2.3,0,0,0,0
"파워링크",ESLIGHTINGGODO,할로겐 핀타입,7724,PC,6,0,0,0,3,0,0,0,0
"파워링크",ESLIGHTINGGODO,할로겐 핀타입,7724,모바일,66,0,0,0,2.7,0,0,0,0
"파워링크",ESLIGHTINGGODO,할로겐 핀타입,7748,PC,7,0,0,0,1.9,0,0,0,0
"파워링크",ESLIGHTINGGODO,할로겐 핀타입,7748,모바일,19,0,0,0,1.8,0,0,0,0
"파워링크",ESLIGHTINGGODO,할로겐 핀타입,7787,PC,5,0,0,0,2.4,0,0,0,0
"파워링크",ESLIGHTINGGODO,할로겐 핀타입,7787,모바일,26,0,0,0,1.9,0,0,0,0
"파워링크",ESLIGHTINGGODO,할로겐 핀타입,EHJ,PC,16,0,0,0,1.9,0,0,0,0
"파워링크",ESLIGHTINGGODO,할로겐 핀타입,EHJ,모바일,3,0,0,0,2,0,0,0,0
"파워링크",ESLIGHTINGGODO,할로겐 핀타입,ESA,PC,62,0,0,0,12.7,0,0,0,0
"파워링크",ESLIGHTINGGODO,할로겐 핀타입,ESA,모바일,2,0,0,0,11.5,0,0,0,0
"파워링크",ESLIGHTINGGODO,할로겐 핀타입,ESB,PC,143,0,0,0,6.7,0,0,0,0
"파워링크",ESLIGHTINGGODO,할로겐 핀타입,ESB,모바일,8,0,0,0,6.9,0,0,0,0
"파워링크",ESLIGHTINGGODO,할로겐 핀타입,EVA,PC,7,0,0,0,30.3,0,0,0,0
"파워링크",ESLIGHTINGGODO,할로겐 핀타입,EVA,모바일,7,0,0,0,32.4,0,0,0,0
"파워링크",ESLIGHTINGGODO,할로겐 핀타입,EVD,PC,134,0,0,0,3.5,0,0,0,0
"파워링크",ESLIGHTINGGODO,할로겐 핀타입,EVD,모바일,6,0,0,0,4,0,0,0,0
"파워링크",ESLIGHTINGGODO,할로겐 핀타입,FCR,PC,3,0,0,0,11,0,0,0,0
"파워링크",ESLIGHTINGGODO,할로겐 핀타입,FCR,모바일,5,0,0,0,12.8,0,0,0,0
"파워링크",ESLIGHTINGGODO,할로겐 핀타입,FHD,PC,107,0,0,0,5.2,0,0,0,0
"파워링크",ESLIGHTINGGODO,할로겐 핀타입,FHD,모바일,139,0,0,0,2,0,0,0,0
"파워링크",ESLIGHTINGGODO,할로겐 핀타입,FLW,PC,84,0,0,0,3.7,0,0,0,0
"파워링크",ESLIGHTINGGODO,할로겐 핀타입,FLW,모바일,19,0,0,0,2.5,0,0,0,0
"파워링크",ESLIGHTINGGODO,할로겐 핀타입,G940W,PC,3,0,0,0,3,0,0,0,0
"파워링크",ESLIGHTINGGODO,할로겐 핀타입,G940W,모바일,2,0,0,0,3,0,0,0,0
"파워링크",ESLIGHTINGGODO,할로겐 핀타입,G960W,PC,6,0,0,0,2,0,0,0,0
"파워링크",ESLIGHTINGGODO,할로겐 핀타입,G960W,모바일,7,0,0,0,2,0,0,0,0
"파워링크",ESLIGHTINGGODO,할로겐 핀타입,GU10,PC,1,0,0,0,14,0,0,0,0
"파워링크",ESLIGHTINGGODO,할로겐 핀타입,GU10,모바일,5,0,0,0,12,0,0,0,0
"파워링크",ESLIGHTINGGODO,할로겐 핀타입,HLX64250,PC,1,0,0,0,3,0,0,0,0
"파워링크",ESLIGHTINGGODO,할로겐 핀타입,HLX64250,모바일,1,0,0,0,3,0,0,0,0
"파워링크",ESLIGHTINGGODO,할로겐 핀타입,HLX64610,PC,1,0,0,0,3,0,0,0,0
"파워링크",ESLIGHTINGGODO,할로겐 핀타입,HLX64625,PC,3,0,0,0,3,0,0,0,0
"파워링크",ESLIGHTINGGODO,할로겐 핀타입,HLX64642,PC,2,0,0,0,4,0,0,0,0
"파워링크",ESLIGHTINGGODO,할로겐 핀타입,HLX64663,PC,1,0,0,0,3,0,0,0,0
"파워링크",ESLIGHTINGGODO,할로겐 핀타입,XHP,PC,291,0,0,0,2.9,0,0,0,0
"파워링크",ESLIGHTINGGODO,할로겐 핀타입,XHP,모바일,87,0,0,0,2.3,0,0,0,0
"파워링크",ESLIGHTINGGODO,할로겐 핀타입,오스람12V50W,PC,1,0,0,0,5,0,0,0,0
"파워링크",ESLIGHTINGGODO,할로겐 핀타입,오스람15V150W,PC,1,0,0,0,3,0,0,0,0
"파워링크",ESLIGHTINGGODO,할로겐 핀타입,오스람64260,PC,1,0,0,0,2,0,0,0,0
"파워링크",ESLIGHTINGGODO,할로겐 핀타입,오스람64260,모바일,1,0,0,0,1,0,0,0,0
"파워링크",ESLIGHTINGGODO,할로겐 핀타입,오스람64514,PC,3,0,0,0,2,0,0,0,0
"파워링크",ESLIGHTINGGODO,할로겐 핀타입,오스람64515,PC,3,0,0,0,1,0,0,0,0
"파워링크",ESLIGHTINGGODO,할로겐 핀타입,오스람64515,모바일,3,0,0,0,2,0,0,0,0
"파워링크",ESLIGHTINGGODO,할로겐 핀타입,오스람64540,PC,9,0,0,0,2.6,0,0,0,0
"파워링크",ESLIGHTINGGODO,할로겐 핀타입,오스람64540,모바일,2,0,0,0,2,0,0,0,0
"파워링크",ESLIGHTINGGODO,할로겐 핀타입,오스람64575,PC,9,0,0,0,1.1,0,0,0,0
"파워링크",ESLIGHTINGGODO,할로겐 핀타입,오스람64575,모바일,1,0,0,0,1,0,0,0,0
"파워링크",ESLIGHTINGGODO,할로겐 핀타입,오스람64610,PC,3,0,0,0,1,0,0,0,0
"파워링크",ESLIGHTINGGODO,할로겐 핀타입,오스람64610,모바일,2,0,0,0,1,0,0,0,0
"파워링크",ESLIGHTINGGODO,할로겐 핀타입,오스람64640,PC,3,0,0,0,3,0,0,0,0
"파워링크",ESLIGHTINGGODO,할로겐 핀타입,오스람64640,모바일,11,0,0,0,2,0,0,0,0
"파워링크",ESLIGHTINGGODO,할로겐 핀타입,오스람6464024V150W,PC,1,1,77,77,1,0,0,0,0
"파워링크",ESLIGHTINGGODO,할로겐 핀타입,오스람64640HLX,PC,3,0,0,0,3,0,0,0,0
"파워링크",ESLIGHTINGGODO,할로겐 핀타입,오스람64640HLX24V150WG6.35,PC,2,0,0,0,2,0,0,0,0
"파워링크",ESLIGHTINGGODO,할로겐 핀타입,오스람64642,PC,3,0,0,0,2,0,0,0,0
"파워링크",ESLIGHTINGGODO,할로겐 핀타입,오스람64642,모바일,2,0,0,0,1,0,0,0,0
"파워링크",ESLIGHTINGGODO,할로겐 핀타입,오스람6V10W,PC,1,0,0,0,1,0,0,0,0
"파워링크",ESLIGHTINGGODO,할로겐 핀타입,오스람6V20W,PC,3,0,0,0,2,0,0,0,0
"파워링크",ESLIGHTINGGODO,할로겐 핀타입,오스람6V20W,모바일,1,0,0,0,2,0,0,0,0
"파워링크",ESLIGHTINGGODO,할로겐 핀타입,필립스12V20W,PC,1,0,0,0,1,0,0,0,0
"파워링크",ESLIGHTINGGODO,할로겐 핀타입,필립스12V20W,모바일,1,0,0,0,1,0,0,0,0
"파워링크",ESLIGHTINGGODO,할로겐 핀타입,필립스7023,PC,1,0,0,0,3,0,0,0,0
"파워링크",ESLIGHTINGGODO,할로겐 핀타입,필립스7023,모바일,2,0,0,0,3,0,0,0,0
"파워링크",ESLIGHTINGGODO,할로겐 핀타입,필립스702312V100W,모바일,1,0,0,0,1,0,0,0,0
"파워링크",ESLIGHTINGGODO,할로겐 핀타입,필립스7388,PC,1,0,0,0,2,0,0,0,0
"파워링크",ESLIGHTINGGODO,할로겐 핀타입,필립스7724,PC,4,0,0,0,3,0,0,0,0
"파워링크",ESLIGHTINGGODO,할로겐 핀타입,필립스7724,모바일,1,0,0,0,2,0,0,0,0
"파워링크",ESLIGHTINGGODO,할로겐 핀타입,필립스G960W,PC,1,0,0,0,1,0,0,0,0
"파워링크",ESLIGHTINGGODO,할로겐 직관,-,PC,34,1,77,77,1.9,0,0,0,0
"파워링크",ESLIGHTINGGODO,할로겐 직관,-,모바일,51,1,77,77,1.7,0,0,0,0
"파워링크",ESLIGHTINGGODO,할로겐 직관,118MM300W,PC,1,0,0,0,2,0,0,0,0
"파워링크",ESLIGHTINGGODO,할로겐 직관,직관할로겐200W,PC,2,0,0,0,2,0,0,0,0
"파워링크",ESLIGHTINGGODO,특수 CDM,-,PC,137,0,0,0,2,0,0,0,0
"파워링크",ESLIGHTINGGODO,특수 CDM,-,모바일,151,0,0,0,1.6,0,0,0,0
"파워링크",ESLIGHTINGGODO,특수 CDM,CDM-R,PC,2,0,0,0,2,0,0,0,0
"파워링크",ESLIGHTINGGODO,특수 CDM,CDM-R,모바일,2,0,0,0,2,0,0,0,0
"파워링크",ESLIGHTINGGODO,특수 CDM,CDM-RPAR30,PC,2,0,0,0,2,0,0,0,0
"파워링크",ESLIGHTINGGODO,특수 CDM,CDM-T,PC,6,0,0,0,3.5,0,0,0,0
"파워링크",ESLIGHTINGGODO,특수 CDM,CDM-T,모바일,7,0,0,0,3,0,0,0,0
"파워링크",ESLIGHTINGGODO,특수 CDM,CDM-T150W,PC,11,0,0,0,3,0,0,0,0
"파워링크",ESLIGHTINGGODO,특수 CDM,CDM-T150W,모바일,4,0,0,0,2.8,0,0,0,0
"파워링크",ESLIGHTINGGODO,특수 CDM,CDM-T35W,PC,5,0,0,0,2.6,0,0,0,0
"파워링크",ESLIGHTINGGODO,특수 CDM,CDM-T35W830,PC,1,0,0,0,2,0,0,0,0
"파워링크",ESLIGHTINGGODO,특수 CDM,CDM-T70W,PC,3,0,0,0,3.7,0,0,0,0
"파워링크",ESLIGHTINGGODO,특수 CDM,CDM-T70W,모바일,2,0,0,0,2,0,0,0,0
"파워링크",ESLIGHTINGGODO,특수 CDM,CDM-TC,PC,4,0,0,0,2,0,0,0,0
"파워링크",ESLIGHTINGGODO,특수 CDM,CDM-TC,모바일,1,0,0,0,1,0,0,0,0
"파워링크",ESLIGHTINGGODO,특수 CDM,CDM-TC70W,PC,2,0,0,0,2,0,0,0,0
"파워링크",ESLIGHTINGGODO,특수 CDM,CDM-TT150W,PC,1,0,0,0,2,0,0,0,0
"파워링크",ESLIGHTINGGODO,특수 CDM,CDM150W안정기,PC,1,0,0,0,2,0,0,0,0
"파워링크",ESLIGHTINGGODO,특수 CDM,CDM150W안정기,모바일,1,0,0,0,2,0,0,0,0
"파워링크",ESLIGHTINGGODO,특수 CDM,CDM35W안정기,PC,2,0,0,0,1,0,0,0,0
"파워링크",ESLIGHTINGGODO,특수 CDM,CDM70W안정기,PC,2,0,0,0,2,0,0,0,0
"파워링크",ESLIGHTINGGODO,특수 CDM,CDM70W안정기,모바일,3,0,0,0,2,0,0,0,0
"파워링크",ESLIGHTINGGODO,특수 CDM,CDMR,PC,14,1,77,77,1.6,0,0,0,0
"파워링크",ESLIGHTINGGODO,특수 CDM,CDMR,모바일,11,0,0,0,1.1,0,0,0,0
"파워링크",ESLIGHTINGGODO,특수 CDM,CDMT,PC,3,0,0,0,2.3,0,0,0,0
"파워링크",ESLIGHTINGGODO,특수 CDM,CDMT,모바일,10,0,0,0,1.7,0,0,0,0
"파워링크",ESLIGHTINGGODO,특수 CDM,CDMT150W,모바일,3,0,0,0,2,0,0,0,0
"파워링크",ESLIGHTINGGODO,특수 CDM,CDMT35W,PC,1,0,0,0,3,0,0,0,0
"파워링크",ESLIGHTINGGODO,특수 CDM,CDMT35W,모바일,1,0,0,0,3,0,0,0,0
"파워링크",ESLIGHTINGGODO,특수 CDM,CDMT70W,PC,1,0,0,0,2,0,0,0,0
"파워링크",ESLIGHTINGGODO,특수 CDM,CDMTC,모바일,1,0,0,0,3,0,0,0,0
"파워링크",ESLIGHTINGGODO,특수 CDM,CDM램프,PC,48,1,77,77,2,0,0,0,0
"파워링크",ESLIGHTINGGODO,특수 CDM,CDM램프,모바일,21,3,77,231,2,0,0,0,0
"파워링크",ESLIGHTINGGODO,특수 CDM,CDM안정기,PC,32,1,77,77,2.9,0,0,0,0
"파워링크",ESLIGHTINGGODO,특수 CDM,CDM안정기,모바일,11,0,0,0,1.6,0,0,0,0
"파워링크",ESLIGHTINGGODO,특수 CDM,CDM전구,PC,2,0,0,0,3,0,0,0,0
"파워링크",ESLIGHTINGGODO,특수 CDM,CDM전구,모바일,1,0,0,0,3,0,0,0,0
"파워링크",ESLIGHTINGGODO,특수 CDM,방전램프,PC,10,0,0,0,3.8,0,0,0,0
"파워링크",ESLIGHTINGGODO,특수 CDM,방전램프,모바일,2,0,0,0,2,0,0,0,0
"파워링크",ESLIGHTINGGODO,특수 CDM,필립스CDM-R,모바일,1,0,0,0,2,0,0,0,0
"파워링크",ESLIGHTINGGODO,특수 CDM,필립스CDM-T,모바일,1,0,0,0,3,0,0,0,0
"파워링크",ESLIGHTINGGODO,특수 CDM,필립스CDM-T35W,PC,2,0,0,0,2,0,0,0,0
"파워링크",ESLIGHTINGGODO,특수 CDM,필립스CDM-TC,PC,2,0,0,0,2.5,0,0,0,0
"파워링크",ESLIGHTINGGODO,특수 CDM,필립스CDM-TC,모바일,1,0,0,0,3,0,0,0,0
"파워링크",ESLIGHTINGGODO,특수 CDM,필립스CDM70W안정기,PC,13,1,77,77,1,0,0,0,0
"파워링크",ESLIGHTINGGODO,특수 CDM,필립스CDM안정기,PC,1,0,0,0,4,0,0,0,0
"파워링크",ESLIGHTINGGODO,특수 CDM,필립스CDM안정기,모바일,5,0,0,0,1.4,0,0,0,0
"파워링크",ESLIGHTINGGODO,특수 CDM,필립스방전램프,모바일,1,0,0,0,2,0,0,0,0
"파워링크",ESLIGHTINGGODO,특수 HPI,-,PC,24,0,0,0,2,0,0,0,0
"파워링크",ESLIGHTINGGODO,특수 HPI,-,모바일,19,2,77,154,1.8,0,0,0,0
"파워링크",ESLIGHTINGGODO,특수 HPI,메탈1000W,PC,1,0,0,0,3,0,0,0,0
"파워링크",ESLIGHTINGGODO,특수 HPI,메탈1000W,모바일,3,0,0,0,3,0,0,0,0
"파워링크",ESLIGHTINGGODO,특수 HPI,메탈2000W,PC,1,0,0,0,2,0,0,0,0
"파워링크",ESLIGHTINGGODO,특수 HPI,메탈400W,PC,2,0,0,0,4,0,0,0,0
"파워링크",ESLIGHTINGGODO,특수 HPI,메탈램프,PC,4,0,0,0,7.5,0,0,0,0
"파워링크",ESLIGHTINGGODO,특수 HPI,메탈램프,모바일,1,0,0,0,12,0,0,0,0
"파워링크",ESLIGHTINGGODO,특수 HPI,메탈램프1000W,PC,3,0,0,0,1.7,0,0,0,0
"파워링크",ESLIGHTINGGODO,특수 HPI,메탈램프1000W,모바일,5,0,0,0,2.6,0,0,0,0
"파워링크",ESLIGHTINGGODO,특수 HPI,메탈램프2000W,PC,1,0,0,0,2,0,0,0,0
"파워링크",ESLIGHTINGGODO,특수 HPI,메탈할라이드,PC,7,0,0,0,11.1,0,0,0,0
"파워링크",ESLIGHTINGGODO,특수 HPI,메탈할라이드,모바일,4,0,0,0,13.5,0,0,0,0
"파워링크",ESLIGHTINGGODO,특수 HPI,메탈할라이드램프,PC,34,0,0,0,7.9,0,0,0,0
"파워링크",ESLIGHTINGGODO,특수 HPI,메탈할라이드램프,모바일,11,0,0,0,5.8,0,0,0,0
"파워링크",ESLIGHTINGGODO,특수 HPI,필립스메탈램프,PC,2,0,0,0,2,0,0,0,0
"파워링크",ESLIGHTINGGODO,특수 HPI,필립스메탈할라이드,PC,1,0,0,0,2,0,0,0,0
"파워링크",ESLIGHTINGGODO,특수 HPI,필립스메탈할라이드램프,PC,1,0,0,0,2,0,0,0,0
"파워링크",ESLIGHTINGGODO,특수 HPI,필립스메탈할라이드램프,모바일,2,0,0,0,2,0,0,0,0
"파워링크",ESLIGHTINGGODO,특수 MHN,-,PC,120,1,77,77,2.1,0,0,0,0
"파워링크",ESLIGHTINGGODO,특수 MHN,-,모바일,337,0,0,0,2,0,0,0,0
"파워링크",ESLIGHTINGGODO,특수 MHN,MH70W,PC,5,0,0,0,3,0,0,0,0
"파워링크",ESLIGHTINGGODO,특수 MHN,MH70W,모바일,2,0,0,0,2,0,0,0,0
"파워링크",ESLIGHTINGGODO,특수 MHN,MHN-SA,PC,3,0,0,0,2,0,0,0,0
"파워링크",ESLIGHTINGGODO,특수 MHN,MHNSA,모바일,1,0,0,0,1,0,0,0,0
"파워링크",ESLIGHTINGGODO,특수 MHN,MHNSE,모바일,4,0,0,0,1,0,0,0,0
"파워링크",ESLIGHTINGGODO,특수 MHN,MH램프,PC,5,0,0,0,3,0,0,0,0
"파워링크",ESLIGHTINGGODO,특수 MHN,MH램프,모바일,1,0,0,0,3,0,0,0,0
"파워링크",ESLIGHTINGSMART,UVC,-,PC,336,3,77,231,2.3,0,0,0,0
"파워링크",ESLIGHTINGSMART,UVC,-,모바일,576,5,81,407,2.2,0,0,0,0
"파워링크",ESLIGHTINGSMART,UVC,G10T8,PC,54,0,0,0,5.1,0,0,0,0
"파워링크",ESLIGHTINGSMART,UVC,G10T8,모바일,21,0,0,0,3.4,0,0,0,0
"파워링크",ESLIGHTINGSMART,UVC,G15T8,PC,100,0,0,0,5.5,0,0,0,0
"파워링크",ESLIGHTINGSMART,UVC,G15T8,모바일,13,0,0,0,3.5,0,0,0,0
"파워링크",ESLIGHTINGSMART,UVC,G40T10,PC,1,0,0,0,9,0,0,0,0
"파워링크",ESLIGHTINGSMART,UVC,G4T5,PC,25,1,440,440,5,0,0,0,0
"파워링크",ESLIGHTINGSMART,UVC,G4T5,모바일,30,0,0,0,4,0,0,0,0
"파워링크",ESLIGHTINGSMART,UVC,G6T5,PC,2,0,0,0,8.5,0,0,0,0
"파워링크",ESLIGHTINGSMART,UVC,G6T5,모바일,2,0,0,0,6.5,0,0,0,0
"파워링크",ESLIGHTINGSMART,UVC,G8T5,PC,1,0,0,0,9,0,0,0,0
"파워링크",ESLIGHTINGSMART,UVC,GL20W,PC,1,0,0,0,2,0,0,0,0
"파워링크",ESLIGHTINGSMART,UVC,TUV15W,PC,2,0,0,0,9,0,0,0,0
"파워링크",ESLIGHTINGSMART,UVC,TUV30W,PC,1,0,0,0,5,0,0,0,0
"파워링크",ESLIGHTINGSMART,UVC,TUV36W,PC,1,0,0,0,2,0,0,0,0
"파워링크",ESLIGHTINGSMART,UVC,TUV4W,PC,1,0,0,0,6,0,0,0,0
"파워링크",ESLIGHTINGSMART,UVC,TUV4W,모바일,1,0,0,0,6,0,0,0,0
"파워링크",ESLIGHTINGSMART,UVC,UVC살균,PC,16,0,0,0,2.5,0,0,0,0
"파워링크",ESLIGHTINGSMART,UVC,UVC살균,모바일,158,0,0,0,2.7,0,0,0,0
"파워링크",ESLIGHTINGSMART,UVC,UVC살균램프,PC,12,0,0,0,2.3,0,0,0,0
"파워링크",ESLIGHTINGSMART,UVC,UVC살균램프,모바일,20,0,0,0,2.2,0,0,0,0
"파워링크",ESLIGHTINGSMART,UVC,UVC살균전구,모바일,1,0,0,0,1,0,0,0,0
"파워링크",ESLIGHTINGSMART,UVC,산쿄G10T8,PC,12,0,0,0,3,0,0,0,0
"파워링크",ESLIGHTINGSMART,UVC,산쿄G10T8,모바일,3,0,0,0,3,0,0,0,0
"파워링크",ESLIGHTINGSMART,UVC,산쿄G15T8,PC,1,0,0,0,5,0,0,0,0
"파워링크",ESLIGHTINGSMART,UVC,산쿄G40T10,PC,4,0,0,0,3,0,0,0,0
"파워링크",ESLIGHTINGSMART,UVC,산쿄G40T10,모바일,1,0,0,0,3,0,0,0,0
"파워링크",ESLIGHTINGSMART,UVC,산쿄G4T5,모바일,1,0,0,0,3,0,0,0,0
"파워링크",ESLIGHTINGSMART,UVC,산쿄G8T5,PC,2,0,0,0,2,0,0,0,0
"파워링크",ESLIGHTINGSMART,UVC,산쿄G8T5,모바일,3,0,0,0,2,0,0,0,0
"파워링크",ESLIGHTINGSMART,UVC,산쿄살균,모바일,2,0,0,0,2.5,0,0,0,0
"파워링크",ESLIGHTINGSMART,UVC,산쿄살균15W,PC,2,0,0,0,1,0,0,0,0
"파워링크",ESLIGHTINGSMART,UVC,산쿄살균램프,PC,2,0,0,0,5,0,0,0,0
"파워링크",ESLIGHTINGSMART,UVC,산쿄살균램프,모바일,2,0,0,0,6,0,0,0,0
"파워링크",ESLIGHTINGSMART,UVC,산쿄살균램프10W,PC,1,0,0,0,1,0,0,0,0
"파워링크",ESLIGHTINGSMART,UVC,산쿄살균램프10W,모바일,2,0,0,0,1,0,0,0,0
"파워링크",ESLIGHTINGSMART,UVC,산쿄살균램프15W,PC,11,0,0,0,2,0,0,0,0
"파워링크",ESLIGHTINGSMART,UVC,산쿄살균램프15W,모바일,1,0,0,0,2,0,0,0,0
"파워링크",ESLIGHTINGSMART,UVC,산쿄살균램프20W,PC,1,0,0,0,1,0,0,0,0
"파워링크",ESLIGHTINGSMART,UVC,산쿄살균램프20W,모바일,2,0,0,0,1,0,0,0,0
"파워링크",ESLIGHTINGSMART,UVC,산쿄살균램프4W,PC,1,0,0,0,2,0,0,0,0
"파워링크",ESLIGHTINGSMART,UVC,산쿄살균램프8W,PC,1,0,0,0,1,0,0,0,0
"파워링크",ESLIGHTINGSMART,UVC,살균,PC,5,0,0,0,21.6,0,0,0,0
"파워링크",ESLIGHTINGSMART,UVC,살균15W,PC,1,0,0,0,1,0,0,0,0
"파워링크",ESLIGHTINGSMART,UVC,살균램프,PC,2,0,0,0,13.5,0,0,0,0
"파워링크",ESLIGHTINGSMART,UVC,살균램프,모바일,2,0,0,0,12,0,0,0,0
"파워링크",ESLIGHTINGSMART,UVC,살균램프6W,모바일,6,0,0,0,2.7,0,0,0,0
"파워링크",ESLIGHTINGSMART,UVC,살균램프8W,PC,1,0,0,0,3,0,0,0,0
"파워링크",ESLIGHTINGSMART,UVC,자외선살균,PC,1,0,0,0,18,0,0,0,0
"파워링크",ESLIGHTINGSMART,UVC,자외선살균,모바일,1,0,0,0,15,0,0,0,0
"파워링크",ESLIGHTINGSMART,UVC,자외선살균등,PC,22,2,407,814,6.5,0,0,0,0
"파워링크",ESLIGHTINGSMART,UVC,자외선살균등,모바일,8,0,0,0,6.9,0,0,0,0
"파워링크",ESLIGHTINGSMART,UVC,자외선살균램프,PC,22,0,0,0,5.4,0,0,0,0
"파워링크",ESLIGHTINGSMART,UVC,자외선살균램프,모바일,36,0,0,0,3.3,0,0,0,0
"파워링크",ESLIGHTINGSMART,UVC,필립스TUV30W,모바일,1,0,0,0,2,0,0,0,0
"파워링크",ESLIGHTINGSMART,UVC,필립스TUV8W,모바일,6,0,0,0,2,0,0,0,0
"파워링크",ESLIGHTINGSMART,UVC,필립스살균,PC,1,0,0,0,4,0,0,0,0
"파워링크",ESLIGHTINGSMART,UVC,필립스살균,모바일,5,0,0,0,2.8,0,0,0,0
"파워링크",ESLIGHTINGSMART,UVC,필립스살균램프,PC,2,0,0,0,5,0,0,0,0
"파워링크",ESLIGHTINGSMART,UVC,필립스살균램프,모바일,2,0,0,0,3,0,0,0,0
"파워링크",ESLIGHTINGSMART,UVC,필립스살균램프15W,PC,6,0,0,0,1.8,0,0,0,0
"파워링크",ESLIGHTINGSMART,UVC,필립스살균램프30W,PC,1,0,0,0,2,0,0,0,0
"파워링크",ESLIGHTINGSMART,UVC,필립스살균램프4W,PC,3,0,0,0,3,0,0,0,0
"파워링크",ESLIGHTINGSMART,적외선,-,PC,23,0,0,0,2.4,0,0,0,0
"파워링크",ESLIGHTINGSMART,적외선,-,모바일,32,0,0,0,2.4,0,0,0,0
"파워링크",ESLIGHTINGSMART,적외선,IR250W,모바일,4,0,0,0,2,0,0,0,0
"파워링크",ESLIGHTINGSMART,적외선,근적외선,PC,2,0,0,0,47,0,0,0,0
"파워링크",ESLIGHTINGSMART,적외선,근적외선램프,PC,29,0,0,0,6.8,0,0,0,0
"파워링크",ESLIGHTINGSMART,적외선,근적외선램프,모바일,53,1,781,781,6.3,0,0,0,0
"파워링크",ESLIGHTINGSMART,적외선,근적외선전구,PC,4,0,0,0,2.3,0,0,0,0
"파워링크",ESLIGHTINGSMART,적외선,근적외선전구,모바일,16,0,0,0,2.2,0,0,0,0
"파워링크",ESLIGHTINGSMART,적외선,적외선100W,PC,1,0,0,0,3,0,0,0,0
"파워링크",ESLIGHTINGSMART,적외선,적외선100W,모바일,6,0,0,0,2.5,0,0,0,0
"파워링크",ESLIGHTINGSMART,적외선,적외선150W,PC,2,0,0,0,2,0,0,0,0
"파워링크",ESLIGHTINGSMART,적외선,적외선150W,모바일,5,0,0,0,1,0,0,0,0
"파워링크",ESLIGHTINGSMART,적외선,적외선램프,PC,68,0,0,0,7.2,0,0,0,0
"파워링크",ESLIGHTINGSMART,적외선,적외선램프,모바일,74,2,583,"1,166",5.4,0,0,0,0
"파워링크",ESLIGHTINGSMART,적외선,적외선램프150W,PC,14,0,0,0,1.7,0,0,0,0
"파워링크",ESLIGHTINGSMART,적외선,적외선램프150W,모바일,8,0,0,0,2,0,0,0,0
"파워링크",ESLIGHTINGSMART,적외선,적외선램프250W,PC,18,0,0,0,1.8,0,0,0,0
"파워링크",ESLIGHTINGSMART,적외선,적외선램프250W,모바일,7,0,0,0,1,0,0,0,0
"파워링크",ESLIGHTINGSMART,적외선,적외선전구,PC,262,0,0,0,2.6,0,0,0,0
"파워링크",ESLIGHTINGSMART,적외선,적외선전구,모바일,561,14,402,"5,632",2.1,0,0,0,0
"파워링크",ESLIGHTINGSMART,적외선,적외선전구150W,모바일,4,0,0,0,2.3,0,0,0,0
"파워링크",ESLIGHTINGSMART,적외선,필립스IR100W,모바일,1,0,0,0,1,0,0,0,0
"파워링크",ESLIGHTINGSMART,적외선,필립스IR250W,PC,2,0,0,0,2,0,0,0,0
"파워링크",ESLIGHTINGSMART,적외선,필립스IR250W,모바일,3,0,0,0,1,0,0,0,0
"파워링크",ESLIGHTINGSMART,적외선,필립스근적외선,PC,4,0,0,0,3.3,0,0,0,0
"파워링크",ESLIGHTINGSMART,적외선,필립스근적외선,모바일,9,0,0,0,2.9,0,0,0,0
"파워링크",ESLIGHTINGSMART,적외선,필립스근적외선램프,PC,3,0,0,0,3.3,0,0,0,0
"파워링크",ESLIGHTINGSMART,적외선,필립스근적외선램프,모바일,1,0,0,0,2,0,0,0,0
"파워링크",ESLIGHTINGSMART,적외선,필립스근적외선전구,모바일,1,0,0,0,2,0,0,0,0
"파워링크",ESLIGHTINGSMART,적외선,필립스적외선100W,PC,1,0,0,0,3,0,0,0,0
"파워링크",ESLIGHTINGSMART,적외선,필립스적외선100W,모바일,2,0,0,0,2,0,0,0,0
"파워링크",ESLIGHTINGSMART,적외선,필립스적외선150W,PC,3,0,0,0,3,0,0,0,0
"파워링크",ESLIGHTINGSMART,적외선,필립스적외선150W,모바일,2,0,0,0,2,0,0,0,0
"파워링크",ESLIGHTINGSMART,적외선,필립스적외선250W,PC,1,0,0,0,3,0,0,0,0
"파워링크",ESLIGHTINGSMART,적외선,필립스적외선250W,모바일,1,0,0,0,3,0,0,0,0
"파워링크",ESLIGHTINGSMART,적외선,필립스적외선램프,PC,138,2,457,913,3.7,0,0,0,0
"파워링크",ESLIGHTINGSMART,적외선,필립스적외선램프,모바일,411,2,473,946,2.6,0,0,0,0
"파워링크",ESLIGHTINGSMART,적외선,필립스적외선램프150W,PC,16,0,0,0,2.4,0,0,0,0
"파워링크",ESLIGHTINGSMART,적외선,필립스적외선램프150W,모바일,22,0,0,0,1.2,0,0,0,0
"파워링크",ESLIGHTINGSMART,적외선,필립스적외선램프250W,PC,2,0,0,0,4,0,0,0,0
"파워링크",ESLIGHTINGSMART,적외선,필립스적외선전구,PC,1,0,0,0,8,0,0,0,0
"파워링크",ESLIGHTINGSMART,적외선,필립스적외선전구,모바일,2,0,0,0,4.5,0,0,0,0
"파워링크",ESLIGHTINGSMART,적외선,필립스적외선전구150W,PC,2,0,0,0,2,0,0,0,0
"파워링크",ESLIGHTINGSMART,적외선,필립스적외선전구150W,모바일,3,0,0,0,3,0,0,0,0
"파워링크",ESLIGHTINGSMART,적외선,필립스적외선전구250W,PC,6,0,0,0,3,0,0,0,0
"파워링크",ESLIGHTINGSMART,적외선,필립스적외선전구250W,모바일,4,0,0,0,2,0,0,0,0
"파워링크",ESLIGHTINGSMART,VitaLite,-,PC,19,0,0,0,1.8,0,0,0,0
"파워링크",ESLIGHTINGSMART,VitaLite,-,모바일,46,1,77,77,1.6,0,0,0,0
"파워링크",ESLIGHTINGSMART,VitaLite,꽈배기등,PC,2,0,0,0,2,0,0,0,0
"파워링크",ESLIGHTINGSMART,VitaLite,꽈배기등,모바일,6,0,0,0,2,0,0,0,0
"파워링크",ESLIGHTINGSMART,VitaLite,꽈배기램프,모바일,1,0,0,0,2,0,0,0,0
"파워링크",ESLIGHTINGSMART,VitaLite,꽈배기전구,PC,3,0,0,0,3,0,0,0,0
"파워링크",ESLIGHTINGSMART,VitaLite,꽈배기전구,모바일,8,0,0,0,2.9,0,0,0,0
"파워링크",ESLIGHTINGSMART,VitaLite,꽈배기형광등,PC,3,0,0,0,2,0,0,0,0
"파워링크",ESLIGHTINGSMART,VitaLite,꽈배기형광등,모바일,3,0,0,0,2,0,0,0,0
"파워링크",ESLIGHTINGSMART,VitaLite,비타민D램프,PC,109,1,77,77,3.6,0,0,0,0
"파워링크",ESLIGHTINGSMART,VitaLite,비타민D램프,모바일,34,1,77,77,2.4,0,0,0,0
"파워링크",ESLIGHTINGSMART,VitaLite,비타민D형광등,모바일,1,0,0,0,2,0,0,0,0
"파워링크",ESLIGHTINGSMART,VitaLite,사육장등,모바일,1,0,0,0,1,0,0,0,0
"파워링크",ESLIGHTINGSMART,VitaLite,사육장램프,PC,3,0,0,0,2.7,0,0,0,0
"파워링크",ESLIGHTINGSMART,VitaLite,사육장램프,모바일,14,0,0,0,2,0,0,0,0
"파워링크",ESLIGHTINGSMART,VitaLite,사육장전구,모바일,6,0,0,0,2,0,0,0,0
"파워링크",ESLIGHTINGSMART,VitaLite,식물생장등,PC,22,0,0,0,7.6,0,0,0,0
"파워링크",ESLIGHTINGSMART,VitaLite,식물생장등,모바일,260,0,0,0,3.3,0,0,0,0
"파워링크",ESLIGHTINGSMART,VitaLite,식물생장램프,PC,4,0,0,0,7.8,0,0,0,0
"파워링크",ESLIGHTINGSMART,VitaLite,식물생장전구,PC,1,0,0,0,7,0,0,0,0
"파워링크",ESLIGHTINGSMART,VitaLite,식물생장전구,모바일,1,0,0,0,8,0,0,0,0
"파워링크",ESLIGHTINGSMART,VitaLite,식물생장형광등,모바일,1,0,0,0,1,0,0,0,0
"파워링크",ESLIGHTINGSMART,VitaLite,식물성장등,PC,59,0,0,0,3.7,0,0,0,0
"파워링크",ESLIGHTINGSMART,VitaLite,식물성장등,모바일,262,1,341,341,2.3,0,0,0,0
"파워링크",ESLIGHTINGSMART,VitaLite,식물성장램프,PC,14,0,0,0,6.1,0,0,0,0
"파워링크",ESLIGHTINGSMART,VitaLite,식물성장램프,모바일,21,0,0,0,4.1,0,0,0,0
"파워링크",ESLIGHTINGSMART,VitaLite,식물성장전구,PC,12,0,0,0,5.4,0,0,0,0
"파워링크",ESLIGHTINGSMART,VitaLite,식물성장전구,모바일,6,0,0,0,4.5,0,0,0,0
"파워링크",ESLIGHTINGSMART,VitaLite,식물성장형광등,PC,1,0,0,0,2,0,0,0,0
"파워링크",ESLIGHTINGSMART,VitaLite,식물성장형광등,모바일,1,0,0,0,2,0,0,0,0
"파워링크",ESLIGHTINGSMART,VitaLite,식별등,PC,1,0,0,0,2,0,0,0,0
"파워링크",ESLIGHTINGSMART,VitaLite,식별등,모바일,4,0,0,0,2,0,0,0,0
"파워링크",ESLIGHTINGSMART,VitaLite,오파장등,PC,1,0,0,0,2,0,0,0,0
"파워링크",ESLIGHTINGSMART,VitaLite,오파장램프,PC,1,0,0,0,6,0,0,0,0
"파워링크",ESLIGHTINGSMART,VitaLite,오파장램프,모바일,1,0,0,0,6,0,0,0,0
"파워링크",ESLIGHTINGSMART,VitaLite,오파장전구,모바일,1,0,0,0,2,0,0,0,0
"파워링크",ESLIGHTINGSMART,VitaLite,오파장형광등,PC,1,0,0,0,3,0,0,0,0
"쇼핑검색",쇼핑검색 테스트,테스트 01,-,PC,6,0,0,0,6,0,0,0,0
"쇼핑검색",쇼핑검색 테스트,테스트 01,-,모바일,"22,810",1,55,55,2,1,0,0,0
