﻿"파워링크보고서(2024.12.01.~2024.12.31.),jun0897"
"캠페인유형",캠페인,광고그룹,키워드,PC/모바일 매체,노출수,클릭수,"평균클릭비용(VAT포함,원)","총비용(VAT포함,원)",평균노출순위,방문당 평균페이지뷰,방문당 평균체류시간(초),전환수,전환매출액(원)
"파워링크",파워링크_MO,01.폼블럭,-,모바일,825,42,197,"8,261",1.4,1.73,32.39,2,"75,000"
"파워링크",파워링크_MO,01.폼블럭,단열공사,모바일,2,0,0,0,38.5,0,0,0,0
"파워링크",파워링크_MO,01.폼블럭,단열벽지폼블럭,모바일,31,1,121,121,1,1.5,21,0,0
"파워링크",파워링크_MO,01.폼블럭,단열폼,모바일,6,0,0,0,7.5,0,0,0,0
"파워링크",파워링크_MO,01.폼블럭,단열폼블럭,모바일,91,4,272,"1,089",2.8,0.8,0,0,0
"파워링크",파워링크_MO,01.폼블럭,도배지,모바일,1,0,0,0,17,0,0,0,0
"파워링크",파워링크_MO,01.폼블럭,방한벽지,모바일,45,0,0,0,5.6,0,0,0,0
"파워링크",파워링크_MO,01.폼블럭,벽돌모양벽지,모바일,91,1,187,187,2,1,0,0,0
"파워링크",파워링크_MO,01.폼블럭,벽돌무늬벽지,모바일,67,7,245,"1,716",3.6,1.39,20.67,0,0
"파워링크",파워링크_MO,01.폼블럭,벽돌벽지,모바일,91,0,0,0,3.3,0,0,0,0
"파워링크",파워링크_MO,01.폼블럭,벽돌블럭,모바일,156,2,512,"1,023",3.8,1.5,3,0,0
"파워링크",파워링크_MO,01.폼블럭,벽돌시트지,모바일,6,0,0,0,4.8,0,0,0,0
"파워링크",파워링크_MO,01.폼블럭,벽지추천,모바일,2,0,0,0,19,0,0,0,0
"파워링크",파워링크_MO,01.폼블럭,벽포인트타일,모바일,12,0,0,0,1.8,0,0,0,0
"파워링크",파워링크_MO,01.폼블럭,보온폼블럭,모바일,4,0,0,0,1,0,0,0,0
"파워링크",파워링크_MO,01.폼블럭,붙이는벽돌,모바일,8,0,0,0,3.5,0,0,0,0
"파워링크",파워링크_MO,01.폼블럭,붙이는파벽돌,모바일,21,0,0,0,2,0,0,0,0
"파워링크",파워링크_MO,01.폼블럭,블럭벽돌,모바일,399,7,341,"2,387",2.8,1.09,2,0,0
"파워링크",파워링크_MO,01.폼블럭,실내인테리어벽돌,모바일,106,5,253,"1,265",2.6,1,0,0,0
"파워링크",파워링크_MO,01.폼블럭,실크벽지,모바일,2,0,0,0,20,0,0,0,0
"파워링크",파워링크_MO,01.폼블럭,압축폼블럭,모바일,14,0,0,0,1.1,0,0,0,0
"파워링크",파워링크_MO,01.폼블럭,이쁜폼블럭,모바일,2,0,0,0,1,0,0,0,0
"파워링크",파워링크_MO,01.폼블럭,인테리어벽돌시트지,모바일,11,0,0,0,1.8,0,0,0,0
"파워링크",파워링크_MO,01.폼블럭,인테리어폼블럭,모바일,228,11,362,"3,982",3.3,1.81,76.9,1,1
"파워링크",파워링크_MO,01.폼블럭,입체벽돌벽지,모바일,1,0,0,0,1,0,0,0,0
"파워링크",파워링크_MO,01.폼블럭,접착식단열벽지,모바일,1,0,0,0,1,0,0,0,0
"파워링크",파워링크_MO,01.폼블럭,접착식단열벽지20M,모바일,164,2,308,616,3.4,1.4,65,0,0
"파워링크",파워링크_MO,01.폼블럭,접착식파벽돌,모바일,213,13,190,"2,464",2.9,1.17,4.22,0,0
"파워링크",파워링크_MO,01.폼블럭,접착식폼블럭,모바일,41,0,0,0,2.2,0,0,0,0
"파워링크",파워링크_MO,01.폼블럭,친환경폼블럭,모바일,18,1,121,121,1,1.5,2,0,0
"파워링크",파워링크_MO,01.폼블럭,쿠션벽돌,모바일,12,0,0,0,1,0,0,0,0
"파워링크",파워링크_MO,01.폼블럭,쿠션블럭,모바일,104,0,0,0,1,0,0,0,0
"파워링크",파워링크_MO,01.폼블럭,파벽돌벽지,모바일,177,3,121,363,2.4,1,0,0,0
"파워링크",파워링크_MO,01.폼블럭,포인트벽돌,모바일,15,0,0,0,1,0,0,0,0
"파워링크",파워링크_MO,01.폼블럭,포인트벽지,모바일,4,0,0,0,23.5,0,0,0,0
"파워링크",파워링크_MO,01.폼블럭,폼벽돌,모바일,65,0,0,0,1,0,0,0,0
"파워링크",파워링크_MO,01.폼블럭,폼벽지,모바일,424,6,568,"3,410",3.5,1.5,6.64,0,0
"파워링크",파워링크_MO,01.폼블럭,폼블럭,모바일,"21,074",139,694,"96,481",2,1.22,37.68,4,"225,000"
"파워링크",파워링크_MO,01.폼블럭,폼블럭10M,모바일,20,1,253,253,2.1,1.33,5.67,0,0
"파워링크",파워링크_MO,01.폼블럭,폼블럭1M,모바일,2,0,0,0,1,0,0,0,0
"파워링크",파워링크_MO,01.폼블럭,폼블럭20M,모바일,170,7,226,"1,584",3,0.91,81.55,1,"150,000"
"파워링크",파워링크_MO,01.폼블럭,폼블럭25M,모바일,3,0,0,0,1,0,0,0,0
"파워링크",파워링크_MO,01.폼블럭,폼블럭5M,모바일,2,0,0,0,1,0,0,0,0
"파워링크",파워링크_MO,01.폼블럭,폼블럭구매,모바일,2,0,0,0,1,0,0,0,0
"파워링크",파워링크_MO,01.폼블럭,폼블럭단열,모바일,20,0,0,0,1.7,0,0,0,0
"파워링크",파워링크_MO,01.폼블럭,폼블럭단열벽지,모바일,"4,408",12,182,"2,178",1.5,1.43,8.22,0,0
"파워링크",파워링크_MO,01.폼블럭,폼블럭벽지,모바일,"5,194",80,300,"24,002",3.7,1.43,33.23,6,0
"파워링크",파워링크_MO,01.폼블럭,폼블럭벽지추천,모바일,1,1,231,231,1,1,0,1,1
"파워링크",파워링크_MO,01.폼블럭,폼블럭시공,모바일,25,1,220,220,1.1,1.67,18,0,0
"파워링크",파워링크_MO,01.폼블럭,폼블럭시트지,모바일,114,2,165,330,3.5,1.4,16,1,0
"파워링크",파워링크_MO,01.폼블럭,폼블럭인테리어,모바일,25,0,0,0,2,0,0,0,0
"파워링크",파워링크_MO,01.폼블럭,폼블럭추천,모바일,130,14,305,"4,268",1.7,0.85,0.2,0,0
"파워링크",파워링크_MO,01.폼블럭,폼블럭판매,모바일,1,0,0,0,1,0,0,0,0
"파워링크",파워링크_MO,01.폼블럭,폼블럭후기,모바일,3,0,0,0,1,0,0,0,0
"파워링크",파워링크_MO,01.폼블럭,폼블록,모바일,3,0,0,0,2.3,0,0,0,0
"파워링크",파워링크_MO,01.폼블럭,풀바른벽지,모바일,606,4,209,836,2.8,1.13,4.13,0,0
"파워링크",파워링크_MO,02.단열벽지,-,모바일,525,19,232,"4,411",1.8,1.35,18.29,1,0
"파워링크",파워링크_MO,02.단열벽지,3D벽지,모바일,206,4,149,594,2.9,1,0,0,0
"파워링크",파워링크_MO,02.단열벽지,3D입체벽지,모바일,88,0,0,0,4.9,0,0,0,0
"파워링크",파워링크_MO,02.단열벽지,거실포인트벽지,모바일,2,0,0,0,23.5,0,0,0,0
"파워링크",파워링크_MO,02.단열벽지,겨울벽지,모바일,1,0,0,0,12,0,0,0,0
"파워링크",파워링크_MO,02.단열벽지,꽃무늬벽지,모바일,27,0,0,0,7.7,0,0,0,0
"파워링크",파워링크_MO,02.단열벽지,난방벽지,모바일,611,36,323,"11,638",3.1,1.36,33.52,0,0
"파워링크",파워링크_MO,02.단열벽지,난방시트지,모바일,2,0,0,0,6,0,0,0,0
"파워링크",파워링크_MO,02.단열벽지,단열도배,모바일,151,8,276,"2,211",2.8,2,15.92,0,0
"파워링크",파워링크_MO,02.단열벽지,단열도배지,모바일,16,0,0,0,4.1,0,0,0,0
"파워링크",파워링크_MO,02.단열벽지,단열벽지,모바일,"38,493","1,574",841,"1,324,147",1.9,1.6,36.03,115,"2,254,312"
"파워링크",파워링크_MO,02.단열벽지,단열벽지10미터,모바일,1,0,0,0,1,0,0,0,0
"파워링크",파워링크_MO,02.단열벽지,단열벽지20M,모바일,33,1,99,99,12,1,0,0,0
"파워링크",파워링크_MO,02.단열벽지,단열벽지50M,모바일,3,1,99,99,5,1,0,0,0
"파워링크",파워링크_MO,02.단열벽지,단열벽지50미터,모바일,3,1,77,77,1.3,1,0,0,0
"파워링크",파워링크_MO,02.단열벽지,단열벽지도배,모바일,5,0,0,0,2.8,0,0,0,0
"파워링크",파워링크_MO,02.단열벽지,단열벽지셀프시공,모바일,457,45,433,"19,481",1.1,1.57,25.77,1,1
"파워링크",파워링크_MO,02.단열벽지,단열벽지효과,모바일,182,10,162,"1,617",1.2,1.09,4.27,0,0
"파워링크",파워링크_MO,02.단열벽지,단열보온매트,모바일,5,0,0,0,2,0,0,0,0
"파워링크",파워링크_MO,02.단열벽지,단열보온재,모바일,41,0,0,0,4.8,0,0,0,0
"파워링크",파워링크_MO,02.단열벽지,단열셀프시공,모바일,21,0,0,0,3,0,0,0,0
"파워링크",파워링크_MO,02.단열벽지,단열스티커,모바일,45,0,0,0,2.5,0,0,0,0
"파워링크",파워링크_MO,02.단열벽지,단열시공,모바일,5,0,0,0,30.8,0,0,0,0
"파워링크",파워링크_MO,02.단열벽지,단열시트,모바일,2,0,0,0,24,0,0,0,0
"파워링크",파워링크_MO,02.단열벽지,단열시트지,모바일,"2,091",82,470,"38,522",3.8,1.63,26.21,3,"118,100"
"파워링크",파워링크_MO,02.단열벽지,단열재벽지,모바일,136,13,348,"4,521",1.8,2,33.65,2,0
"파워링크",파워링크_MO,02.단열벽지,도배지,모바일,2,0,0,0,21,0,0,0,0
"파워링크",파워링크_MO,02.단열벽지,방수벽지,모바일,424,21,236,"4,961",3.7,1.32,5.9,0,0
"파워링크",파워링크_MO,02.단열벽지,방열시트,모바일,139,1,880,880,3.6,1,0,0,0
"파워링크",파워링크_MO,02.단열벽지,방풍시트,모바일,412,12,223,"2,673",3,1.7,10.43,0,0
"파워링크",파워링크_MO,02.단열벽지,방한벽지,모바일,10,0,0,0,7.8,0,0,0,0
"파워링크",파워링크_MO,02.단열벽지,베란다단열,모바일,3,0,0,0,13,0,0,0,0
"파워링크",파워링크_MO,02.단열벽지,베란다단열시트,모바일,2,0,0,0,6.5,0,0,0,0
"파워링크",파워링크_MO,02.단열벽지,베란다벽지,모바일,14,0,0,0,3.1,0,0,0,0
"파워링크",파워링크_MO,02.단열벽지,벽돌단열벽지,모바일,3,0,0,0,4.7,0,0,0,0
"파워링크",파워링크_MO,02.단열벽지,벽돌무늬벽지,모바일,28,2,264,528,3.8,1.4,23.4,0,0
"파워링크",파워링크_MO,02.단열벽지,벽지종류,모바일,999,71,200,"14,223",3.8,1.86,51.18,4,"9,700"
"파워링크",파워링크_MO,02.단열벽지,보온단열벽지,모바일,130,9,584,"5,258",1.1,1.22,110.83,0,0
"파워링크",파워링크_MO,02.단열벽지,보온도배지,모바일,6,0,0,0,3,0,0,0,0
"파워링크",파워링크_MO,02.단열벽지,보온벽지,모바일,"2,390",100,481,"48,125",3.9,1.86,62.63,2,"164,900"
"파워링크",파워링크_MO,02.단열벽지,보온벽지50M,모바일,7,2,77,154,1,3,238.6,4,0
"파워링크",파워링크_MO,02.단열벽지,붙이는벽지,모바일,"6,852",268,515,"138,072",3.5,1.47,17.8,4,"19,900"
"파워링크",파워링크_MO,02.단열벽지,스티커단열벽지,모바일,14,0,0,0,3.7,0,0,0,0
"파워링크",파워링크_MO,02.단열벽지,스티커벽지,모바일,7,0,0,0,12.4,0,0,0,0
"파워링크",파워링크_MO,02.단열벽지,외풍벽지,모바일,17,0,0,0,3,0,0,0,0
"파워링크",파워링크_MO,02.단열벽지,외풍차단,모바일,15,0,0,0,26,0,0,0,0
"파워링크",파워링크_MO,02.단열벽지,외풍차단벽지,모바일,3,0,0,0,6.3,0,0,0,0
"파워링크",파워링크_MO,02.단열벽지,욕실단열벽지,모바일,25,1,88,88,1.3,1,0,0,0
"파워링크",파워링크_MO,02.단열벽지,웃풍차단,모바일,82,6,193,"1,155",4.8,1,0,0,0
"파워링크",파워링크_MO,02.단열벽지,인테리어시트지,모바일,354,6,145,869,3,1.45,16.27,0,0
"파워링크",파워링크_MO,02.단열벽지,입체벽지,모바일,50,1,484,484,3.4,1,0,0,0
"파워링크",파워링크_MO,02.단열벽지,접착단열벽지,모바일,54,4,380,"1,518",1.9,1.33,2.33,0,0
"파워링크",파워링크_MO,02.단열벽지,접착식단열벽지,모바일,"5,816",171,515,"88,099",3.7,2.01,51.54,15,"284,704"
"파워링크",파워링크_MO,02.단열벽지,접착식단열벽지20M,모바일,200,6,400,"2,398",3.4,1.83,30.5,0,0
"파워링크",파워링크_MO,02.단열벽지,접착식단열벽지50M,모바일,18,0,0,0,2,0,0,0,0
"파워링크",파워링크_MO,02.단열벽지,접착식단열벽지추천,모바일,11,0,0,0,3,0,0,0,0
"파워링크",파워링크_MO,02.단열벽지,접착식단열벽지효과,모바일,48,1,88,88,2.6,1,0,0,0
"파워링크",파워링크_MO,02.단열벽지,접착식벽시트지,모바일,7,0,0,0,1,0,0,0,0
"파워링크",파워링크_MO,02.단열벽지,접착식벽지,모바일,"1,747",130,809,"105,182",1.2,1.52,21.2,5,"38,802"
"파워링크",파워링크_MO,02.단열벽지,접착식벽지10M,모바일,3,0,0,0,2,0,0,0,0
"파워링크",파워링크_MO,02.단열벽지,접착식보온단열벽지,모바일,96,10,77,770,3.6,1.47,35.21,0,0
"파워링크",파워링크_MO,02.단열벽지,접착식보온벽지,모바일,1,0,0,0,6,0,0,0,0
"파워링크",파워링크_MO,02.단열벽지,친환경단열벽지,모바일,188,23,504,"11,583",1.7,1.79,18.85,2,0
"파워링크",파워링크_MO,02.단열벽지,파이프보온재,모바일,15,0,0,0,10.2,0,0,0,0
"파워링크",파워링크_MO,02.단열벽지,포인트벽지,모바일,7,0,0,0,29,1.5,12,0,0
"파워링크",파워링크_MO,02.단열벽지,풀바른벽지,모바일,192,2,193,385,5.4,1.5,5.5,0,0
"파워링크",파워링크_MO,02.단열벽지,풀바른실크벽지,모바일,267,10,261,"2,607",4.5,1.17,5.58,0,0
"파워링크",파워링크_MO,02.단열벽지,해바라기벽지,모바일,61,4,215,858,3.9,1.67,28.67,0,0
"파워링크",파워링크_PC,01.폼블럭,-,PC,139,4,138,550,1.8,1.5,10.83,0,0
"파워링크",파워링크_PC,01.폼블럭,단열벽지폼블럭,PC,12,0,0,0,2.8,0,0,0,0
"파워링크",파워링크_PC,01.폼블럭,단열폼,PC,164,0,0,0,11.4,0,0,0,0
"파워링크",파워링크_PC,01.폼블럭,단열폼블럭,PC,181,5,216,"1,078",5.2,1.4,29.8,0,0
"파워링크",파워링크_PC,01.폼블럭,벽돌모양벽지,PC,18,0,0,0,2.9,0,0,0,0
"파워링크",파워링크_PC,01.폼블럭,벽돌무늬벽지,PC,7,1,143,143,6.1,1,0,0,0
"파워링크",파워링크_PC,01.폼블럭,벽돌벽지,PC,31,1,308,308,6.1,2,62,0,0
"파워링크",파워링크_PC,01.폼블럭,벽돌블럭,PC,221,0,0,0,3.7,0,0,0,0
"파워링크",파워링크_PC,01.폼블럭,벽돌시트지,PC,76,0,0,0,5.7,0,0,0,0
"파워링크",파워링크_PC,01.폼블럭,벽포인트타일,PC,1,0,0,0,14,0,0,0,0
"파워링크",파워링크_PC,01.폼블럭,보온폼블럭,PC,2,0,0,0,3,0,0,0,0
"파워링크",파워링크_PC,01.폼블럭,붙이는벽돌,PC,4,0,0,0,4.5,0,0,0,0
"파워링크",파워링크_PC,01.폼블럭,붙이는파벽돌,PC,2,0,0,0,6,0,0,0,0
"파워링크",파워링크_PC,01.폼블럭,블럭벽돌,PC,55,1,330,330,5.3,1,0,0,0
"파워링크",파워링크_PC,01.폼블럭,실내인테리어벽돌,PC,10,0,0,0,3.4,0,0,0,0
"파워링크",파워링크_PC,01.폼블럭,압축폼블럭,PC,3,0,0,0,2,0,0,0,0
"파워링크",파워링크_PC,01.폼블럭,인테리어폼블럭,PC,39,1,253,253,3.9,6,"1,000",0,0
"파워링크",파워링크_PC,01.폼블럭,접착식파벽돌,PC,79,2,149,297,3.5,1.33,4.33,0,0
"파워링크",파워링크_PC,01.폼블럭,접착식폼블럭,PC,15,0,0,0,2.2,0,0,0,0
"파워링크",파워링크_PC,01.폼블럭,친환경폼블럭,PC,2,0,0,0,4,0,0,0,0
"파워링크",파워링크_PC,01.폼블럭,쿠션벽돌,PC,1,0,0,0,5,0,0,0,0
"파워링크",파워링크_PC,01.폼블럭,쿠션블럭,PC,3,0,0,0,4,0,0,0,0
"파워링크",파워링크_PC,01.폼블럭,포인트벽돌,PC,6,0,0,0,2.2,0,0,0,0
"파워링크",파워링크_PC,01.폼블럭,폼벽돌,PC,9,0,0,0,2.3,0,0,0,0
"파워링크",파워링크_PC,01.폼블럭,폼벽지,PC,197,4,415,"1,661",5.6,5.5,98,0,0
"파워링크",파워링크_PC,01.폼블럭,폼블럭,PC,"1,912",37,550,"20,350",1.1,1.7,64.49,1,"37,500"
"파워링크",파워링크_PC,01.폼블럭,폼블럭1M,PC,1,0,0,0,2,0,0,0,0
"파워링크",파워링크_PC,01.폼블럭,폼블럭20M,PC,27,0,0,0,3.7,0,0,0,0
"파워링크",파워링크_PC,01.폼블럭,폼블럭5M,PC,4,0,0,0,1.8,0,0,0,0
"파워링크",파워링크_PC,01.폼블럭,폼블럭단열,PC,4,0,0,0,3.3,0,0,0,0
"파워링크",파워링크_PC,01.폼블럭,폼블럭단열벽지,PC,715,1,132,132,2.9,1,0,0,0
"파워링크",파워링크_PC,01.폼블럭,폼블럭벽지,PC,"1,049",12,457,"5,489",2.7,2.89,170.95,1,0
"파워링크",파워링크_PC,01.폼블럭,폼블럭시공,PC,5,0,0,0,2,0,0,0,0
"파워링크",파워링크_PC,01.폼블럭,폼블럭시트지,PC,49,2,143,286,1.9,8,205.5,4,"92,000"
"파워링크",파워링크_PC,01.폼블럭,폼블럭인테리어,PC,1,0,0,0,7,0,0,0,0
"파워링크",파워링크_PC,01.폼블럭,폼블럭추천,PC,24,1,220,220,1.8,2,22,0,0
"파워링크",파워링크_PC,01.폼블럭,폼블록,PC,20,1,165,165,4.7,1.5,200,0,0
"파워링크",파워링크_PC,02.단열벽지,-,PC,79,3,114,341,2,1.83,69.83,0,0
"파워링크",파워링크_PC,02.단열벽지,3D벽지,PC,38,0,0,0,4.3,0,0,0,0
"파워링크",파워링크_PC,02.단열벽지,3D입체벽지,PC,32,0,0,0,2.8,0,0,0,0
"파워링크",파워링크_PC,02.단열벽지,겨울벽지,PC,47,0,0,0,3.3,0,0,0,0
"파워링크",파워링크_PC,02.단열벽지,난방벽지,PC,121,6,374,"2,244",1.8,1.45,14.18,0,0
"파워링크",파워링크_PC,02.단열벽지,난방시트지,PC,21,2,303,605,1.8,1.5,625.5,0,0
"파워링크",파워링크_PC,02.단열벽지,단열도배,PC,48,0,0,0,2.9,0,0,0,0
"파워링크",파워링크_PC,02.단열벽지,단열도배지,PC,39,4,146,583,4.1,4.11,140.33,1,"145,000"
"파워링크",파워링크_PC,02.단열벽지,단열벽지,PC,"5,863",203,"1,672","339,416",1.2,2.28,99.24,23,"458,200"
"파워링크",파워링크_PC,02.단열벽지,단열벽지10M,PC,12,0,0,0,2.6,0,0,0,0
"파워링크",파워링크_PC,02.단열벽지,단열벽지20M,PC,111,9,364,"3,278",2.8,1.57,52.5,1,"145,000"
"파워링크",파워링크_PC,02.단열벽지,단열벽지50M,PC,11,0,0,0,3.7,2,94,0,0
"파워링크",파워링크_PC,02.단열벽지,단열벽지도배,PC,11,1,275,275,2,8.5,571.5,0,0
"파워링크",파워링크_PC,02.단열벽지,단열벽지셀프시공,PC,81,4,561,"2,244",1.6,2,87.2,0,0
"파워링크",파워링크_PC,02.단열벽지,단열벽지효과,PC,83,3,99,297,1.7,2,36,0,0
"파워링크",파워링크_PC,02.단열벽지,단열보온매트,PC,1,0,0,0,1,0,0,0,0
"파워링크",파워링크_PC,02.단열벽지,단열보온재,PC,23,1,495,495,6,2,23,0,0
"파워링크",파워링크_PC,02.단열벽지,단열셀프시공,PC,10,0,0,0,1.7,0,0,0,0
"파워링크",파워링크_PC,02.단열벽지,단열스티커,PC,28,0,0,0,1.9,0,0,0,0
"파워링크",파워링크_PC,02.단열벽지,단열시트,PC,"1,134",16,844,"13,508",4.2,1.21,25.37,2,"19,900"
"파워링크",파워링크_PC,02.단열벽지,단열시트지,PC,787,15,637,"9,548",5.3,3,252.64,3,"73,800"
"파워링크",파워링크_PC,02.단열벽지,단열재벽지,PC,35,2,363,726,3.8,1,0,0,0
"파워링크",파워링크_PC,02.단열벽지,방수벽지,PC,232,2,297,594,6.3,1.5,13.5,0,0
"파워링크",파워링크_PC,02.단열벽지,방열시트,PC,31,0,0,0,6.2,0,0,0,0
"파워링크",파워링크_PC,02.단열벽지,방풍시트,PC,"1,597",1,165,165,6.5,2,32,0,0
"파워링크",파워링크_PC,02.단열벽지,방한벽지,PC,519,29,724,"20,999",1.3,2.07,147.24,0,0
"파워링크",파워링크_PC,02.단열벽지,베란다단열시트,PC,31,2,215,429,1.8,4.5,139.5,0,0
"파워링크",파워링크_PC,02.단열벽지,벽돌단열벽지,PC,9,0,0,0,2.7,0,0,0,0
"파워링크",파워링크_PC,02.단열벽지,보온단열벽지,PC,35,4,696,"2,783",2.4,2,130.2,0,0
"파워링크",파워링크_PC,02.단열벽지,보온도배지,PC,7,0,0,0,2.1,0,0,0,0
"파워링크",파워링크_PC,02.단열벽지,보온벽지,PC,418,28,752,"21,054",2.9,3.24,202.86,1,0
"파워링크",파워링크_PC,02.단열벽지,붙이는벽지,PC,"1,451",54,989,"53,394",2.1,2.75,113.21,6,0
"파워링크",파워링크_PC,02.단열벽지,스티커단열벽지,PC,8,0,0,0,2,0,0,0,0
"파워링크",파워링크_PC,02.단열벽지,외풍벽지,PC,20,0,0,0,2,0,0,0,0
"파워링크",파워링크_PC,02.단열벽지,외풍차단벽지,PC,8,0,0,0,2.4,0,0,0,0
"파워링크",파워링크_PC,02.단열벽지,욕실단열벽지,PC,4,2,182,363,1.5,1,0,0,0
"파워링크",파워링크_PC,02.단열벽지,입체벽지,PC,36,1,297,297,5.5,3,21,0,0
"파워링크",파워링크_PC,02.단열벽지,접착단열벽지,PC,13,0,0,0,1.8,0,0,0,0
"파워링크",파워링크_PC,02.단열벽지,접착식단열벽지,PC,"1,090",68,"1,073","72,996",1.7,2.34,146.53,4,"79,800"
"파워링크",파워링크_PC,02.단열벽지,접착식단열벽지10M,PC,10,0,0,0,1.9,0,0,0,0
"파워링크",파워링크_PC,02.단열벽지,접착식단열벽지20M,PC,111,6,466,"2,794",2.3,4,162.33,4,"59,900"
"파워링크",파워링크_PC,02.단열벽지,접착식단열벽지50M,PC,1,0,0,0,2,0,0,0,0
"파워링크",파워링크_PC,02.단열벽지,접착식단열벽지추천,PC,5,0,0,0,1.8,0,0,0,0
"파워링크",파워링크_PC,02.단열벽지,접착식단열벽지효과,PC,17,0,0,0,2.8,0,0,0,0
"파워링크",파워링크_PC,02.단열벽지,접착식단열시트지,PC,7,1,352,352,1.9,1,0,0,0
"파워링크",파워링크_PC,02.단열벽지,접착식방한벽지,PC,3,1,275,275,2,1,0,0,0
"파워링크",파워링크_PC,02.단열벽지,접착식벽지,PC,447,16,979,"15,664",1.5,1.68,53,0,0
"파워링크",파워링크_PC,02.단열벽지,접착식벽지10M,PC,1,0,0,0,1,0,0,0,0
"파워링크",파워링크_PC,02.단열벽지,접착식벽지20M,PC,2,0,0,0,4,0,0,0,0
"파워링크",파워링크_PC,02.단열벽지,접착식보온단열벽지,PC,27,2,94,187,3.1,1.5,21.5,0,0
"파워링크",파워링크_PC,02.단열벽지,접착식보온벽지,PC,9,0,0,0,2.6,0,0,0,0
"파워링크",파워링크_PC,02.단열벽지,친환경단열벽지,PC,44,5,308,"1,540",2.9,4.75,180.13,1,"9,700"
"파워링크",파워링크_PC,02.단열벽지,파이프보온재,PC,767,6,627,"3,762",4.3,1,0,0,0
"파워링크",파워링크_자이디_균등분배제외,자상호 MO,-,모바일,1,0,0,0,1,0,0,0,0
"파워링크",파워링크_자이디_균등분배제외,자상호 MO,자이디,모바일,704,29,704,"20,427",1,3.75,129.5,6,"68,903"
"파워링크",파워링크_자이디_균등분배제외,자상호 MO,자이디단열벽지,모바일,37,3,103,308,3.8,3.83,165.83,2,"179,700"
"파워링크",파워링크_자이디_균등분배제외,자상호 MO,자이디벽지,모바일,3,0,0,0,2,0,0,0,0
"파워링크",파워링크_자이디_균등분배제외,자상호 MO,자이디폼블럭,모바일,1,0,0,0,2,0,0,0,0
"파워링크",파워링크_자이디_균등분배제외,자상호 PC,-,모바일,7,1,99,99,1.6,1,0,0,0
"파워링크",파워링크_자이디_균등분배제외,자상호 PC,자이디3D,모바일,27,0,0,0,3.2,0,0,0,0
"파워링크",파워링크_자이디_균등분배제외,자상호 PC,자이디폼블럭,모바일,47,2,127,253,2,1,0,0,0
"쇼핑검색",쇼검_자이디,폼블럭 / 단열벽지 - mobile,-,모바일,"217,363","2,331","1,509","3,516,953",3.1,1.18,14.29,118,"12,161,700"
"쇼핑검색",쇼검_자이디,임산부용안전벨트,-,PC,524,4,281,"1,122",2.4,1,0,1,"22,000"
"쇼핑검색",쇼검_자이디,임산부용안전벨트,-,모바일,"1,195",34,330,"11,220",2,1,0,1,"12,900"
"쇼핑검색",쇼검_자이디,폼블럭 / 단열벽지 - PC,-,PC,"67,819",147,"1,377","202,488",1.8,1.47,34.55,8,"819,400"
"쇼핑검색",쇼검_단열벽지,B_벽돌벽지_PC,-,PC,60,0,0,0,9.7,0,0,0,0
"쇼핑검색",쇼검_단열벽지,B_벽돌벽지_MO,-,모바일,84,2,149,297,7.3,1,0,0,0
"쇼핑검색",쇼검_단열벽지,C_단열벽지20m_PC,-,PC,918,16,963,"15,411",2.4,2.1,60.57,2,"179,700"
"쇼핑검색",쇼검_단열벽지,B_곰팡이벽지_MO,-,모바일,822,44,406,"17,864",3.2,1.12,7.19,1,"59,900"
"쇼핑검색",쇼검_단열벽지,C_DIY벽지_PC,-,PC,110,5,504,"2,519",5.8,1,0,0,0
"쇼핑검색",쇼검_단열벽지,A_단열벽지대용량_MO,-,모바일,94,7,300,"2,101",4.6,1.75,14.88,0,0
"쇼핑검색",쇼검_단열벽지,A_단열벽지50m_PC,-,PC,26,1,473,473,4,1,0,0,0
"쇼핑검색",쇼검_단열벽지,A_단열벽지50m_MO,-,모바일,40,3,436,"1,309",6.9,1,0,0,0
"쇼핑검색",쇼검_폼블럭,A_폼블럭_PC,-,PC,"2,430",4,267,"1,067",2.2,1.5,9.5,1,"85,000"
"쇼핑검색",쇼검_폼블럭,A_폼블럭_PC,-,모바일,351,7,104,726,6.3,1,0,1,"85,000"
"쇼핑검색",쇼검_폼블럭,A_폼블럭벽지_PC,-,PC,2,0,0,0,3,0,0,0,0
"쇼핑검색",쇼검_폼블럭,A_폼블럭벽지_MO,-,모바일,1,0,0,0,10,0,0,0,0
"쇼핑검색",쇼검_폼블럭,B_현관문방한시트지_PC,-,PC,1,0,0,0,60,0,0,0,0
"쇼핑검색",쇼검_폼블럭,B_현관문방한시트지_MO,-,모바일,508,0,0,0,12.4,0,0,0,0
"쇼핑검색",쇼검_폼블럭,B_폼블럭대용량_PC,-,PC,138,0,0,0,2.1,1.5,39,0,0
"쇼핑검색",쇼검_폼블럭,B_폼블럭대용량_MO,-,모바일,"7,994",62,946,"58,630",2.8,1.31,11.07,8,"717,500"
"쇼핑검색",쇼검_폼블럭,B_폼블럭25m_PC,-,PC,115,0,0,0,1.9,0,0,0,0
"쇼핑검색",쇼검_폼블럭,B_폼블럭25m_MO,-,모바일,4,0,0,0,5.8,0,0,0,0
"쇼핑검색",쇼검_폼블럭,B_이음새없는폼블럭_PC,-,PC,"2,802",54,986,"53,262",2.2,1.16,14.26,6,"1,368,900"
"쇼핑검색",쇼검_폼블럭,B_이음새없는폼블럭_MO,-,모바일,"4,972",164,780,"127,963",1.9,1.2,13.6,13,"995,000"
"쇼핑검색",쇼검_폼블럭,B_고급형화이트(벽돌)폼블럭_PC,-,PC,87,2,55,110,10,1,0,0,0
"쇼핑검색",쇼검_폼블럭,B_고급형화이트(벽돌)폼블럭_MO,-,모바일,708,14,79,"1,100",3,1.57,20.1,0,0
"쇼핑검색",쇼검_폼블럭,B_폼블럭스티커_PC,-,PC,108,0,0,0,9.8,0,0,0,0
"쇼핑검색",쇼검_폼블럭,B_폼블럭스티커_MO,-,모바일,"1,485",15,443,"6,644",5.4,1,0,2,"74,400"
