﻿"파워링크보고서(2024.12.01.~2024.12.31.),canofix-man:naver"
"캠페인유형",캠페인,광고그룹,키워드,PC/모바일 매체,노출수,클릭수,"평균클릭비용(VAT포함,원)","총비용(VAT포함,원)",평균노출순위,방문당 평균페이지뷰,방문당 평균체류시간(초),전환수(네이버페이),전환매출액(네이버페이)
"파워링크",djcanofix.kr,0 상호,캐노픽스,PC,2,0,0,0,4,0,0,0,0
"파워링크",djcanofix.kr,0 상호,캐노픽스,모바일,1,0,0,0,5,0,0,0,0
"파워링크",djcanofix.kr,1 전국,계단캐노피,PC,11,0,0,0,5.3,0,0,0,0
"파워링크",djcanofix.kr,1 전국,계단캐노피,모바일,9,0,0,0,3.4,0,0,0,0
"파워링크",djcanofix.kr,1 전국,그늘막,PC,161,1,"2,123","2,123",4.7,0,0,0,0
"파워링크",djcanofix.kr,1 전국,그늘막,모바일,259,3,"2,116","6,347",2.1,0,0,0,0
"파워링크",djcanofix.kr,1 전국,그늘막설치,PC,9,0,0,0,4.3,0,0,0,0
"파워링크",djcanofix.kr,1 전국,그늘막설치,모바일,6,0,0,0,2,0,0,0,0
"파워링크",djcanofix.kr,1 전국,넥산,PC,244,3,"2,706","8,118",4.1,0,0,0,0
"파워링크",djcanofix.kr,1 전국,넥산,모바일,466,13,"1,950","25,344",2.6,0,0,0,0
"파워링크",djcanofix.kr,1 전국,넥산공사,PC,2,0,0,0,5,0,0,0,0
"파워링크",djcanofix.kr,1 전국,넥산설치,모바일,1,0,0,0,1,0,0,0,0
"파워링크",djcanofix.kr,1 전국,넥산시공,PC,22,1,902,902,9.2,0,0,0,0
"파워링크",djcanofix.kr,1 전국,넥산시공,모바일,44,2,"1,034","2,068",3.9,0,0,0,0
"파워링크",djcanofix.kr,1 전국,데크지붕,PC,66,0,0,0,1.7,0,0,0,0
"파워링크",djcanofix.kr,1 전국,데크지붕,모바일,24,1,748,748,1.8,0,0,0,0
"파워링크",djcanofix.kr,1 전국,데크캐노피,모바일,2,0,0,0,3,0,0,0,0
"파워링크",djcanofix.kr,1 전국,렉산,PC,"5,245",8,"4,334","34,672",2.5,0,0,0,0
"파워링크",djcanofix.kr,1 전국,렉산,모바일,"1,886",27,"2,415","65,208",1.9,0,0,0,0
"파워링크",djcanofix.kr,1 전국,렉산공사,PC,19,1,"2,970","2,970",4.1,0,0,0,0
"파워링크",djcanofix.kr,1 전국,렉산공사,모바일,9,0,0,0,1.8,0,0,0,0
"파워링크",djcanofix.kr,1 전국,렉산설치,PC,11,0,0,0,3.8,0,0,0,0
"파워링크",djcanofix.kr,1 전국,렉산설치,모바일,4,0,0,0,6,0,0,0,0
"파워링크",djcanofix.kr,1 전국,렉산시공,PC,61,1,"2,673","2,673",6.2,0,0,0,0
"파워링크",djcanofix.kr,1 전국,렉산시공,모바일,51,4,"2,772","11,088",3.5,0,0,0,0
"파워링크",djcanofix.kr,1 전국,렉산주차장,PC,2,0,0,0,5.5,0,0,0,0
"파워링크",djcanofix.kr,1 전국,렉산주차장,모바일,3,0,0,0,3.3,0,0,0,0
"파워링크",djcanofix.kr,1 전국,렉산지붕,PC,109,2,"1,628","3,256",7.9,0,0,0,0
"파워링크",djcanofix.kr,1 전국,렉산지붕,모바일,110,6,"1,360","8,162",3.4,0,0,0,0
"파워링크",djcanofix.kr,1 전국,렉산차양,PC,13,0,0,0,4.8,0,0,0,0
"파워링크",djcanofix.kr,1 전국,렉산차양,모바일,3,0,0,0,3.7,0,0,0,0
"파워링크",djcanofix.kr,1 전국,렉산캐노피,PC,133,0,0,0,7.5,0,0,0,0
"파워링크",djcanofix.kr,1 전국,렉산캐노피,모바일,"1,204",2,"2,294","4,587",3,0,0,0,0
"파워링크",djcanofix.kr,1 전국,렉산폴리카보네이트,PC,114,1,"1,067","1,067",3.9,0,0,0,0
"파워링크",djcanofix.kr,1 전국,렉산폴리카보네이트,모바일,"1,046",7,"1,179","8,250",3.7,0,0,0,0
"파워링크",djcanofix.kr,1 전국,복층렉산,PC,281,2,"8,349","16,698",4.1,0,0,0,0
"파워링크",djcanofix.kr,1 전국,복층렉산,모바일,"1,291",13,"6,044","78,573",2.9,0,0,0,0
"파워링크",djcanofix.kr,1 전국,비가리개,PC,3,0,0,0,5.3,0,0,0,0
"파워링크",djcanofix.kr,1 전국,비가리개,모바일,11,0,0,0,3.4,0,0,0,0
"파워링크",djcanofix.kr,1 전국,비가림막,PC,44,0,0,0,8.8,0,0,0,0
"파워링크",djcanofix.kr,1 전국,비가림막,모바일,60,0,0,0,3.4,0,0,0,0
"파워링크",djcanofix.kr,1 전국,비가림막설치,PC,8,0,0,0,3.6,0,0,0,0
"파워링크",djcanofix.kr,1 전국,비가림막설치,모바일,4,0,0,0,2.3,0,0,0,0
"파워링크",djcanofix.kr,1 전국,비가림시설,PC,24,0,0,0,4.8,0,0,0,0
"파워링크",djcanofix.kr,1 전국,비가림시설,모바일,35,0,0,0,4.3,0,0,0,0
"파워링크",djcanofix.kr,1 전국,비가림어닝,모바일,8,1,110,110,2.1,0,0,0,0
"파워링크",djcanofix.kr,1 전국,비가림지붕,PC,3,0,0,0,2.3,0,0,0,0
"파워링크",djcanofix.kr,1 전국,비가림지붕,모바일,8,0,0,0,2.6,0,0,0,0
"파워링크",djcanofix.kr,1 전국,비가림차양,PC,3,0,0,0,7,0,0,0,0
"파워링크",djcanofix.kr,1 전국,비가림차양,모바일,33,0,0,0,3.6,0,0,0,0
"파워링크",djcanofix.kr,1 전국,비가림캐노피,PC,7,0,0,0,5.6,0,0,0,0
"파워링크",djcanofix.kr,1 전국,비가림캐노피,모바일,9,0,0,0,2.8,0,0,0,0
"파워링크",djcanofix.kr,1 전국,비막이,모바일,2,0,0,0,12,0,0,0,0
"파워링크",djcanofix.kr,1 전국,비받이,PC,8,0,0,0,4.9,0,0,0,0
"파워링크",djcanofix.kr,1 전국,비받이,모바일,14,1,275,275,4.5,0,0,0,0
"파워링크",djcanofix.kr,1 전국,이중렉산,PC,24,0,0,0,4,0,0,0,0
"파워링크",djcanofix.kr,1 전국,이중렉산,모바일,32,3,367,"1,100",2.1,0,0,0,0
"파워링크",djcanofix.kr,1 전국,전원주택캐노피,PC,5,1,638,638,2.4,0,0,0,0
"파워링크",djcanofix.kr,1 전국,전원주택캐노피,모바일,28,0,0,0,2.4,0,0,0,0
"파워링크",djcanofix.kr,1 전국,주차장렉산,PC,4,0,0,0,2,0,0,0,0
"파워링크",djcanofix.kr,1 전국,주차장비가림막,모바일,2,0,0,0,6,0,0,0,0
"파워링크",djcanofix.kr,1 전국,주차장지붕,PC,51,1,"1,045","1,045",3.5,0,0,0,0
"파워링크",djcanofix.kr,1 전국,주차장지붕,모바일,45,1,"1,155","1,155",2.6,0,0,0,0
"파워링크",djcanofix.kr,1 전국,주차장차양,PC,3,0,0,0,4.3,0,0,0,0
"파워링크",djcanofix.kr,1 전국,주차장차양막,PC,1,0,0,0,4,0,0,0,0
"파워링크",djcanofix.kr,1 전국,주차장차양막,모바일,2,0,0,0,4,0,0,0,0
"파워링크",djcanofix.kr,1 전국,주차장캐노피,PC,78,1,"3,289","3,289",7.5,0,0,0,0
"파워링크",djcanofix.kr,1 전국,주차장캐노피,모바일,52,0,0,0,3,0,0,0,0
"파워링크",djcanofix.kr,1 전국,주차장캐노피공사,PC,6,0,0,0,2.5,0,0,0,0
"파워링크",djcanofix.kr,1 전국,주차장캐노피공사,모바일,7,1,77,77,3.3,0,0,0,0
"파워링크",djcanofix.kr,1 전국,주차캐노피,PC,25,2,688,"1,375",3.2,0,0,0,0
"파워링크",djcanofix.kr,1 전국,주차캐노피,모바일,22,0,0,0,2.5,0,0,0,0
"파워링크",djcanofix.kr,1 전국,주택캐노피,PC,5,1,506,506,3.4,0,0,0,0
"파워링크",djcanofix.kr,1 전국,주택캐노피,모바일,8,0,0,0,2.9,0,0,0,0
"파워링크",djcanofix.kr,1 전국,지붕렉산,PC,11,0,0,0,5.6,0,0,0,0
"파워링크",djcanofix.kr,1 전국,지붕렉산,모바일,8,0,0,0,3.8,0,0,0,0
"파워링크",djcanofix.kr,1 전국,지붕설치,PC,6,0,0,0,3.3,0,0,0,0
"파워링크",djcanofix.kr,1 전국,지붕설치,모바일,6,0,0,0,2.5,0,0,0,0
"파워링크",djcanofix.kr,1 전국,지붕재,PC,56,1,638,638,4.4,0,0,0,0
"파워링크",djcanofix.kr,1 전국,지붕재,모바일,43,0,0,0,2.2,0,0,0,0
"파워링크",djcanofix.kr,1 전국,지붕캐노피,PC,14,0,0,0,3.7,0,0,0,0
"파워링크",djcanofix.kr,1 전국,지붕캐노피,모바일,5,0,0,0,3,0,0,0,0
"파워링크",djcanofix.kr,1 전국,지붕폴리카보네이트,PC,1,0,0,0,4,0,0,0,0
"파워링크",djcanofix.kr,1 전국,지붕폴리카보네이트,모바일,1,0,0,0,5,0,0,0,0
"파워링크",djcanofix.kr,1 전국,지하주차장캐노피,PC,30,0,0,0,3.2,0,0,0,0
"파워링크",djcanofix.kr,1 전국,지하주차장캐노피,모바일,24,0,0,0,2.2,0,0,0,0
"파워링크",djcanofix.kr,1 전국,차양막,PC,72,1,"1,782","1,782",4.4,0,0,0,0
"파워링크",djcanofix.kr,1 전국,차양막,모바일,96,0,0,0,3.7,0,0,0,0
"파워링크",djcanofix.kr,1 전국,차양설치,PC,3,0,0,0,6,0,0,0,0
"파워링크",djcanofix.kr,1 전국,차양캐노피,PC,6,0,0,0,2.2,0,0,0,0
"파워링크",djcanofix.kr,1 전국,차양캐노피,모바일,6,0,0,0,1.3,0,0,0,0
"파워링크",djcanofix.kr,1 전국,창문렉산,PC,15,0,0,0,5.2,0,0,0,0
"파워링크",djcanofix.kr,1 전국,창문렉산,모바일,29,2,935,"1,870",2.9,0,0,0,0
"파워링크",djcanofix.kr,1 전국,창문비가림,PC,1,0,0,0,5,0,0,0,0
"파워링크",djcanofix.kr,1 전국,창문비막이,PC,8,0,0,0,4.3,0,0,0,0
"파워링크",djcanofix.kr,1 전국,창문비막이,모바일,12,0,0,0,3.8,0,0,0,0
"파워링크",djcanofix.kr,1 전국,창문차양,모바일,3,0,0,0,3.3,0,0,0,0
"파워링크",djcanofix.kr,1 전국,창문캐노피,PC,18,0,0,0,3.8,0,0,0,0
"파워링크",djcanofix.kr,1 전국,창문캐노피,모바일,46,1,517,517,3,0,0,0,0
"파워링크",djcanofix.kr,1 전국,처마차양,PC,10,0,0,0,3.5,0,0,0,0
"파워링크",djcanofix.kr,1 전국,처마차양,모바일,21,1,737,737,5.1,0,0,0,0
"파워링크",djcanofix.kr,1 전국,캐노피,PC,"3,519",21,"3,671","77,099",3.4,0,0,0,0
"파워링크",djcanofix.kr,1 전국,캐노피,모바일,"4,161",53,"3,255","172,524",2,0,0,0,0
"파워링크",djcanofix.kr,1 전국,캐노피가격,PC,4,0,0,0,3,0,0,0,0
"파워링크",djcanofix.kr,1 전국,캐노피가격,모바일,3,0,0,0,2.3,0,0,0,0
"파워링크",djcanofix.kr,1 전국,캐노피공사,PC,38,2,"2,404","4,807",7,0,0,0,0
"파워링크",djcanofix.kr,1 전국,캐노피공사,모바일,47,4,"2,398","9,592",2.9,0,0,0,0
"파워링크",djcanofix.kr,1 전국,캐노피설치,PC,45,1,"1,727","1,727",6.1,0,0,0,0
"파워링크",djcanofix.kr,1 전국,캐노피설치,모바일,41,2,"1,430","2,860",4.2,0,0,0,0
"파워링크",djcanofix.kr,1 전국,캐노피시공,PC,22,0,0,0,3.6,0,0,0,0
"파워링크",djcanofix.kr,1 전국,캐노피시공,모바일,18,0,0,0,1.8,0,0,0,0
"파워링크",djcanofix.kr,1 전국,캐노픽스,PC,197,5,"1,912","9,559",3.1,0,0,0,0
"파워링크",djcanofix.kr,1 전국,캐노픽스,모바일,436,10,"1,799","17,985",3.8,0,0,0,0
"파워링크",djcanofix.kr,1 전국,캐노픽스설치,PC,1,0,0,0,4,0,0,0,0
"파워링크",djcanofix.kr,1 전국,캐노픽스시공,PC,66,0,0,0,4.9,0,0,0,0
"파워링크",djcanofix.kr,1 전국,캐노픽스시공,모바일,238,0,0,0,4.6,0,0,0,0
"파워링크",djcanofix.kr,1 전국,케노픽스,PC,23,1,"1,023","1,023",4.1,0,0,0,0
"파워링크",djcanofix.kr,1 전국,케노픽스,모바일,58,5,719,"3,597",3.1,0,0,0,0
"파워링크",djcanofix.kr,1 전국,테라스캐노피,PC,8,0,0,0,5.1,0,0,0,0
"파워링크",djcanofix.kr,1 전국,테라스캐노피,모바일,7,0,0,0,3.7,0,0,0,0
"파워링크",djcanofix.kr,1 전국,투명렉산,PC,42,0,0,0,3.5,0,0,0,0
"파워링크",djcanofix.kr,1 전국,투명렉산,모바일,70,3,796,"2,387",2.3,0,0,0,0
"파워링크",djcanofix.kr,1 전국,투명폴리카보네이트,PC,9,0,0,0,5.2,0,0,0,0
"파워링크",djcanofix.kr,1 전국,투명폴리카보네이트,모바일,35,0,0,0,2.4,0,0,0,0
"파워링크",djcanofix.kr,1 전국,폴리카보네이트,PC,"1,038",3,"4,444","13,332",7.1,0,0,0,0
"파워링크",djcanofix.kr,1 전국,폴리카보네이트,모바일,"1,992",34,"2,937","99,869",2.3,0,0,0,0
"파워링크",djcanofix.kr,1 전국,폴리카보네이트가격,PC,32,4,"1,447","5,786",5.7,0,0,0,0
"파워링크",djcanofix.kr,1 전국,폴리카보네이트가격,모바일,67,2,"1,436","2,871",2.3,0,0,0,0
"파워링크",djcanofix.kr,1 전국,폴리카보네이트가공,PC,17,0,0,0,5.9,0,0,0,0
"파워링크",djcanofix.kr,1 전국,폴리카보네이트가공,모바일,31,1,781,781,3.2,0,0,0,0
"파워링크",djcanofix.kr,1 전국,폴리카보네이트규격,PC,22,0,0,0,4.1,0,0,0,0
"파워링크",djcanofix.kr,1 전국,폴리카보네이트규격,모바일,18,0,0,0,2.4,0,0,0,0
"파워링크",djcanofix.kr,1 전국,폴리카보네이트설치,PC,3,0,0,0,6.3,0,0,0,0
"파워링크",djcanofix.kr,1 전국,폴리카보네이트설치,모바일,1,0,0,0,4,0,0,0,0
"파워링크",djcanofix.kr,1 전국,햇빛가림막,PC,5,0,0,0,7,0,0,0,0
"파워링크",djcanofix.kr,1 전국,햇빛가림막,모바일,6,0,0,0,3.7,0,0,0,0
"파워링크",djcanofix.kr,1 전국,현관비가림,PC,1,0,0,0,7,0,0,0,0
"파워링크",djcanofix.kr,1 전국,현관비가림,모바일,3,0,0,0,2.7,0,0,0,0
"파워링크",djcanofix.kr,1 전국,현관캐노피,PC,32,0,0,0,3.2,0,0,0,0
"파워링크",djcanofix.kr,1 전국,현관캐노피,모바일,8,1,517,517,3.8,0,0,0,0
"파워링크",djcanofix.kr,2 대전 세종,대전렉산,PC,18,0,0,0,4.6,0,0,0,0
"파워링크",djcanofix.kr,2 대전 세종,대전렉산,모바일,9,0,0,0,3.1,0,0,0,0
"파워링크",djcanofix.kr,2 대전 세종,대전렉산공사,PC,1,0,0,0,3,0,0,0,0
"파워링크",djcanofix.kr,2 대전 세종,대전렉산시공,모바일,2,0,0,0,1.5,0,0,0,0
"파워링크",djcanofix.kr,2 대전 세종,대전복층렉산,모바일,1,0,0,0,1,0,0,0,0
"파워링크",djcanofix.kr,2 대전 세종,대전지붕재,모바일,2,0,0,0,2.5,0,0,0,0
"파워링크",djcanofix.kr,2 대전 세종,대전캐노피,PC,9,0,0,0,2.7,0,0,0,0
"파워링크",djcanofix.kr,2 대전 세종,대전캐노피,모바일,5,1,"3,421","3,421",1.4,0,0,0,0
"파워링크",djcanofix.kr,2 대전 세종,대전캐노피공사,PC,1,1,77,77,5,0,0,0,0
"파워링크",djcanofix.kr,2 대전 세종,대전캐노픽스,PC,5,1,110,110,3,0,0,0,0
"파워링크",djcanofix.kr,2 대전 세종,대전캐노픽스,모바일,2,0,0,0,2.5,0,0,0,0
"파워링크",djcanofix.kr,2 대전 세종,대전캐노픽스설치,모바일,2,1,77,77,1,0,0,0,0
"파워링크",djcanofix.kr,2 대전 세종,대전폴리카보네이트,PC,2,1,253,253,2.5,0,0,0,0
"파워링크",djcanofix.kr,2 대전 세종,대전폴리카보네이트,모바일,5,0,0,0,2.4,0,0,0,0
"파워링크",djcanofix.kr,2 대전 세종,세종렉산,모바일,1,0,0,0,3,0,0,0,0
"파워링크",djcanofix.kr,2 대전 세종,세종캐노피,모바일,1,0,0,0,4,0,0,0,0
"파워링크",djcanofix.kr,3 충북,옥상비가림,PC,6,0,0,0,3,0,0,0,0
"파워링크",djcanofix.kr,3 충북,옥상비가림,모바일,8,0,0,0,2.6,0,0,0,0
"파워링크",djcanofix.kr,3 충북,음성캐노피,모바일,2,0,0,0,3,0,0,0,0
"파워링크",djcanofix.kr,3 충북,제천캐노피,PC,1,1,"2,970","2,970",1,0,0,0,0
"파워링크",djcanofix.kr,3 충북,제천캐노피,모바일,3,0,0,0,1,0,0,0,0
"파워링크",djcanofix.kr,3 충북,제천캐노피공사,모바일,2,0,0,0,3,0,0,0,0
"파워링크",djcanofix.kr,3 충북,제천캐노피시공,모바일,1,0,0,0,3,0,0,0,0
"파워링크",djcanofix.kr,3 충북,진천캐노피,모바일,1,0,0,0,4,0,0,0,0
"파워링크",djcanofix.kr,3 충북,진천폴리카보네이트,모바일,2,0,0,0,3,0,0,0,0
"파워링크",djcanofix.kr,3 충북,청주렉산,모바일,3,0,0,0,6,0,0,0,0
"파워링크",djcanofix.kr,3 충북,청주렉산캐노피,PC,1,0,0,0,3,0,0,0,0
"파워링크",djcanofix.kr,3 충북,청주렉산캐노피,모바일,1,0,0,0,2,0,0,0,0
"파워링크",djcanofix.kr,3 충북,청주복층렉산,모바일,1,0,0,0,3,0,0,0,0
"파워링크",djcanofix.kr,3 충북,청주비가림막,모바일,3,0,0,0,2.3,0,0,0,0
"파워링크",djcanofix.kr,3 충북,청주전원주택캐노피,PC,1,0,0,0,3,0,0,0,0
"파워링크",djcanofix.kr,3 충북,청주전원주택캐노피,모바일,1,0,0,0,2,0,0,0,0
"파워링크",djcanofix.kr,3 충북,청주캐노피,PC,5,0,0,0,1.4,0,0,0,0
"파워링크",djcanofix.kr,3 충북,청주캐노피,모바일,22,1,"2,706","2,706",2.3,0,0,0,0
"파워링크",djcanofix.kr,3 충북,청주캐노피공사,PC,1,0,0,0,1,0,0,0,0
"파워링크",djcanofix.kr,3 충북,청주캐노피공사,모바일,1,0,0,0,2,0,0,0,0
"파워링크",djcanofix.kr,3 충북,청주캐노픽스,모바일,1,0,0,0,3,0,0,0,0
"파워링크",djcanofix.kr,3 충북,청주폴리카보네이트,PC,10,0,0,0,1.9,0,0,0,0
"파워링크",djcanofix.kr,3 충북,청주폴리카보네이트,모바일,3,0,0,0,2.7,0,0,0,0
"파워링크",djcanofix.kr,3 충북,충주지붕재,PC,1,0,0,0,3,0,0,0,0
"파워링크",djcanofix.kr,3 충북,충주캐노피,모바일,1,0,0,0,3,0,0,0,0
"파워링크",djcanofix.kr,4-1 충남,공주렉산,모바일,1,0,0,0,4,0,0,0,0
"파워링크",djcanofix.kr,4-1 충남,공주캐노피,PC,10,0,0,0,1.1,0,0,0,0
"파워링크",djcanofix.kr,4-1 충남,공주캐노피,모바일,56,0,0,0,1.1,0,0,0,0
"파워링크",djcanofix.kr,4-1 충남,논산캐노피,PC,3,0,0,0,2.3,0,0,0,0
"파워링크",djcanofix.kr,4-1 충남,당진렉산,PC,1,0,0,0,9,0,0,0,0
"파워링크",djcanofix.kr,4-1 충남,당진렉산,모바일,1,0,0,0,9,0,0,0,0
"파워링크",djcanofix.kr,4-1 충남,당진렉산시공,모바일,1,0,0,0,3,0,0,0,0
"파워링크",djcanofix.kr,4-1 충남,당진폴리카보네이트,모바일,3,0,0,0,2.7,0,0,0,0
"파워링크",djcanofix.kr,4-1 충남,보령폴리카보네이트,PC,1,0,0,0,4,0,0,0,0
"파워링크",djcanofix.kr,4-1 충남,부여렉산,모바일,1,0,0,0,3,0,0,0,0
"파워링크",djcanofix.kr,4-1 충남,서산렉산,PC,2,0,0,0,7,0,0,0,0
"파워링크",djcanofix.kr,4-1 충남,서산렉산공사,모바일,1,0,0,0,2,0,0,0,0
"파워링크",djcanofix.kr,4-1 충남,서산렉산시공,모바일,2,0,0,0,3,0,0,0,0
"파워링크",djcanofix.kr,4-1 충남,아산캐노피,모바일,3,0,0,0,2.7,0,0,0,0
"파워링크",djcanofix.kr,4-1 충남,아산캐노픽스,모바일,1,0,0,0,2,0,0,0,0
"파워링크",djcanofix.kr,4-1 충남,천안렉산,PC,4,0,0,0,4.3,0,0,0,0
"파워링크",djcanofix.kr,4-1 충남,천안렉산시공,모바일,1,0,0,0,2,0,0,0,0
"파워링크",djcanofix.kr,4-1 충남,천안렉산캐노피,모바일,2,0,0,0,1,0,0,0,0
"파워링크",djcanofix.kr,4-1 충남,천안캐노피,PC,5,0,0,0,1.4,0,0,0,0
"파워링크",djcanofix.kr,4-1 충남,천안캐노피,모바일,6,0,0,0,1.5,0,0,0,0
"파워링크",djcanofix.kr,4-1 충남,천안캐노픽스,PC,1,0,0,0,2,0,0,0,0
"파워링크",djcanofix.kr,4-1 충남,천안캐노픽스,모바일,2,0,0,0,2.5,0,0,0,0
"파워링크",djcanofix.kr,4-1 충남,천안폴리카보네이트,모바일,1,0,0,0,3,0,0,0,0
"파워링크",djcanofix.kr,4-2 충남,홍성캐노피공사,모바일,1,0,0,0,3,0,0,0,0
"파워링크",djcanofix.kr,5-1 전북,군산캐노피,PC,1,0,0,0,1,0,0,0,0
"파워링크",djcanofix.kr,5-1 전북,군산폴리카보네이트,PC,1,0,0,0,2,0,0,0,0
"파워링크",djcanofix.kr,5-1 전북,남원캐노피,PC,1,0,0,0,1,0,0,0,0
"파워링크",djcanofix.kr,5-1 전북,무주캐노피,모바일,5,0,0,0,1,0,0,0,0
"파워링크",djcanofix.kr,5-1 전북,익산렉산,PC,1,0,0,0,5,0,0,0,0
"파워링크",djcanofix.kr,5-1 전북,익산렉산,모바일,1,0,0,0,4,0,0,0,0
"파워링크",djcanofix.kr,5-1 전북,익산렉산지붕,모바일,1,0,0,0,2,0,0,0,0
"파워링크",djcanofix.kr,5-1 전북,익산캐노피,모바일,3,0,0,0,4,0,0,0,0
"파워링크",djcanofix.kr,5-1 전북,익산캐노픽스,모바일,2,0,0,0,2,0,0,0,0
"파워링크",djcanofix.kr,5-1 전북,익산폴리카보네이트,모바일,2,0,0,0,2,0,0,0,0
"파워링크",djcanofix.kr,5-1 전북,전주렉산시공,PC,1,0,0,0,3,0,0,0,0
"파워링크",djcanofix.kr,5-1 전북,전주렉산캐노피,PC,1,0,0,0,1,0,0,0,0
"파워링크",djcanofix.kr,5-1 전북,전주캐노피,PC,2,0,0,0,2.5,0,0,0,0
"파워링크",djcanofix.kr,5-1 전북,전주캐노피,모바일,1,0,0,0,2,0,0,0,0
"파워링크",djcanofix.kr,5-1 전북,전주캐노픽스,모바일,1,0,0,0,3,0,0,0,0
"파워링크",djcanofix.kr,5-1 전북,전주폴리카보네이트,PC,3,0,0,0,2.3,0,0,0,0
"파워링크",djcanofix.kr,5-1 전북,전주폴리카보네이트,모바일,2,0,0,0,1,0,0,0,0
"파워링크",djcanofix.kr,5-2 전북,부안캐노피,모바일,4,0,0,0,1,0,0,0,0
"파워링크",djcanofix.kr,6-1 전남,광양지붕재,모바일,1,1,77,77,3,0,0,0,0
"파워링크",djcanofix.kr,6-1 전남,목포넥산,모바일,1,0,0,0,1,0,0,0,0
"파워링크",djcanofix.kr,6-1 전남,목포렉산,모바일,1,0,0,0,4,0,0,0,0
"파워링크",djcanofix.kr,6-1 전남,목포캐노피,PC,1,0,0,0,1,0,0,0,0
"파워링크",djcanofix.kr,6-1 전남,목포캐노피,모바일,1,0,0,0,4,0,0,0,0
"파워링크",djcanofix.kr,6-1 전남,순천렉산,PC,2,0,0,0,3,0,0,0,0
"파워링크",djcanofix.kr,6-1 전남,순천렉산,모바일,1,0,0,0,3,0,0,0,0
"파워링크",djcanofix.kr,6-1 전남,순천렉산폴리카보네이트,모바일,1,1,77,77,1,0,0,0,0
"파워링크",djcanofix.kr,6-1 전남,순천캐노피,모바일,1,0,0,0,1,0,0,0,0
"파워링크",djcanofix.kr,6-1 전남,순천폴리카보네이트,모바일,2,0,0,0,1,0,0,0,0
"파워링크",djcanofix.kr,6-1 전남,여수렉산,모바일,1,0,0,0,6,0,0,0,0
"파워링크",djcanofix.kr,6-2 전남,해남캐노피,PC,1,0,0,0,1,0,0,0,0
"쇼핑검색",대전캐노픽스 주력,캐노픽 주력 1 MO,-,모바일,"17,959",124,"1,884","233,662",3.8,1.07,2.65,0,0
"쇼핑검색",대전캐노픽스 주력,캐노픽 주력 2 MO,-,모바일,"4,588",59,"1,528","90,145",2.5,1,0,0,0
"쇼핑검색",대전캐노픽스 주력,캐노픽 주력 1 PC,-,PC,681,1,"1,650","1,650",5.2,1,0,0,0
"쇼핑검색",대전캐노픽스 주력,캐노픽 주력 2 PC,-,PC,"5,539",30,"1,897","56,903",3.6,1.19,19.11,0,0
