﻿"파워링크보고서(2024.12.01.~2024.12.31.),ss_1112:naver"
"캠페인유형",캠페인,광고그룹,키워드,PC/모바일 매체,노출수,클릭수,"평균클릭비용(VAT포함,원)","총비용(VAT포함,원)",평균노출순위,방문당 평균페이지뷰,방문당 평균체류시간(초),전환수,전환매출액(원)
"파워링크","# BAM_PC",쇼핑몰,-,PC,120,16,127,"2,024",1.8,4.65,60.47,0,0
"파워링크","# BAM_PC",쇼핑몰,10대남자쇼핑몰,PC,10,0,0,0,6.3,0,0,0,0
"파워링크","# BAM_PC",쇼핑몰,10대남자옷쇼핑몰,PC,7,0,0,0,6.1,0,0,0,0
"파워링크","# BAM_PC",쇼핑몰,180남자쇼핑몰,PC,9,1,143,143,6.2,2,10,0,0
"파워링크","# BAM_PC",쇼핑몰,180쇼핑몰,PC,7,0,0,0,2,0,0,0,0
"파워링크","# BAM_PC",쇼핑몰,190남자쇼핑몰,PC,2,1,176,176,1,1,0,0,0
"파워링크","# BAM_PC",쇼핑몰,190쇼핑몰,PC,9,2,176,352,4.7,3.33,31.67,0,0
"파워링크","# BAM_PC",쇼핑몰,20대남성쇼핑몰,PC,5,0,0,0,19.4,0,0,0,0
"파워링크","# BAM_PC",쇼핑몰,20대남성옷쇼핑몰,PC,2,0,0,0,5.5,0,0,0,0
"파워링크","# BAM_PC",쇼핑몰,20대남성의류,PC,11,2,132,264,12.1,3,48,0,0
"파워링크","# BAM_PC",쇼핑몰,20대남성의류브랜드,PC,7,0,0,0,2.6,0,0,0,0
"파워링크","# BAM_PC",쇼핑몰,20대남성의류쇼핑몰,PC,14,0,0,0,9.5,0,0,0,0
"파워링크","# BAM_PC",쇼핑몰,20대남자쇼핑,PC,4,0,0,0,3.5,0,0,0,0
"파워링크","# BAM_PC",쇼핑몰,20대남자쇼핑몰,PC,14,0,0,0,21.8,0,0,0,0
"파워링크","# BAM_PC",쇼핑몰,20대남자쇼핑몰순위,PC,47,1,165,165,11.9,2,11,0,0
"파워링크","# BAM_PC",쇼핑몰,20대남자쇼핑몰추천,PC,3,0,0,0,9.3,0,0,0,0
"파워링크","# BAM_PC",쇼핑몰,20대남자옷브랜드,PC,46,0,0,0,6,2,6,0,0
"파워링크","# BAM_PC",쇼핑몰,20대남자옷사이트,PC,4,0,0,0,7.5,0,0,0,0
"파워링크","# BAM_PC",쇼핑몰,20대남자옷쇼핑몰,PC,74,1,165,165,13.9,2,8,0,0
"파워링크","# BAM_PC",쇼핑몰,30대남성쇼핑몰,PC,5,0,0,0,26.2,0,0,0,0
"파워링크","# BAM_PC",쇼핑몰,30대남성옷,PC,2,0,0,0,11.5,0,0,0,0
"파워링크","# BAM_PC",쇼핑몰,30대남성옷쇼핑몰,PC,2,0,0,0,9.5,0,0,0,0
"파워링크","# BAM_PC",쇼핑몰,30대남성의류,PC,4,0,0,0,16.5,0,0,0,0
"파워링크","# BAM_PC",쇼핑몰,30대남성의류쇼핑몰,PC,5,0,0,0,13,0,0,0,0
"파워링크","# BAM_PC",쇼핑몰,30대남자쇼핑몰,PC,10,0,0,0,31.4,0,0,0,0
"파워링크","# BAM_PC",쇼핑몰,30대남자쇼핑몰순위,PC,53,1,209,209,13.7,2,19,0,0
"파워링크","# BAM_PC",쇼핑몰,30대남자쇼핑몰추천,PC,3,0,0,0,13,0,0,0,0
"파워링크","# BAM_PC",쇼핑몰,30대남자옷쇼핑몰,PC,73,0,0,0,21.3,0,0,0,0
"파워링크","# BAM_PC",쇼핑몰,30대남자의류쇼핑몰,PC,1,0,0,0,8,0,0,0,0
"파워링크","# BAM_PC",쇼핑몰,깔끔한남자쇼핑몰,PC,6,0,0,0,6.8,0,0,0,0
"파워링크","# BAM_PC",쇼핑몰,남성30대쇼핑몰,PC,2,0,0,0,9.5,0,0,0,0
"파워링크","# BAM_PC",쇼핑몰,남성댄디룩,PC,6,0,0,0,6.3,0,0,0,0
"파워링크","# BAM_PC",쇼핑몰,남성바지쇼핑몰,PC,28,2,143,286,9.6,3.5,323.5,3,"112,001"
"파워링크","# BAM_PC",쇼핑몰,남성보세쇼핑몰,PC,2,0,0,0,9.5,0,0,0,0
"파워링크","# BAM_PC",쇼핑몰,남성복브랜드,PC,621,1,330,330,5.6,0,0,0,0
"파워링크","# BAM_PC",쇼핑몰,남성복사이트,PC,15,2,138,275,6.5,2,17.5,0,0
"파워링크","# BAM_PC",쇼핑몰,남성복쇼핑몰,PC,100,2,215,429,12.8,2.5,29,0,0
"파워링크","# BAM_PC",쇼핑몰,남성복쇼핑몰순위,PC,28,0,0,0,3.6,0,0,0,0
"파워링크","# BAM_PC",쇼핑몰,남성브랜드쇼핑몰,PC,1,0,0,0,3,0,0,0,0
"파워링크","# BAM_PC",쇼핑몰,남성빈티지쇼핑몰,PC,2,0,0,0,7.5,0,0,0,0
"파워링크","# BAM_PC",쇼핑몰,남성쇼핑,PC,4,0,0,0,4.3,0,0,0,0
"파워링크","# BAM_PC",쇼핑몰,남성쇼핑몰,PC,29,2,220,440,24.9,1.5,2,0,0
"파워링크","# BAM_PC",쇼핑몰,남성쇼핑몰순위,PC,51,0,0,0,13.1,0,0,0,0
"파워링크","# BAM_PC",쇼핑몰,남성쇼핑몰추천,PC,10,0,0,0,12.9,0,0,0,0
"파워링크","# BAM_PC",쇼핑몰,남성오피스룩,PC,6,0,0,0,7.5,0,0,0,0
"파워링크","# BAM_PC",쇼핑몰,남성온라인쇼핑몰,PC,1,0,0,0,11,0,0,0,0
"파워링크","# BAM_PC",쇼핑몰,남성옷브랜드,PC,14,0,0,0,6.3,0,0,0,0
"파워링크","# BAM_PC",쇼핑몰,남성옷사이트,PC,8,0,0,0,11.8,0,0,0,0
"파워링크","# BAM_PC",쇼핑몰,남성옷쇼핑,PC,5,0,0,0,5.8,0,0,0,0
"파워링크","# BAM_PC",쇼핑몰,남성옷쇼핑몰,PC,31,0,0,0,21.2,0,0,0,0
"파워링크","# BAM_PC",쇼핑몰,남성옷쇼핑몰순위,PC,22,1,220,220,4.5,1,0,0,0
"파워링크","# BAM_PC",쇼핑몰,남성의류,PC,76,2,220,440,18.8,2.5,7,0,0
"파워링크","# BAM_PC",쇼핑몰,남성의류브랜드,PC,23,0,0,0,8.7,0,0,0,0
"파워링크","# BAM_PC",쇼핑몰,남성의류사이트,PC,6,1,220,220,11.3,3,10,0,0
"파워링크","# BAM_PC",쇼핑몰,남성의류쇼핑,PC,4,0,0,0,3.3,0,0,0,0
"파워링크","# BAM_PC",쇼핑몰,남성의류쇼핑몰,PC,19,1,220,220,24.1,1.5,2,0,0
"파워링크","# BAM_PC",쇼핑몰,남성의류쇼핑몰순위,PC,11,0,0,0,7.3,0,0,0,0
"파워링크","# BAM_PC",쇼핑몰,남성의류쇼핑몰추천,PC,2,0,0,0,14.5,0,0,0,0
"파워링크","# BAM_PC",쇼핑몰,남성의류전문,PC,3,1,187,187,2.7,5,19,0,0
"파워링크","# BAM_PC",쇼핑몰,남성인터넷쇼핑몰,PC,2,0,0,0,11.5,0,0,0,0
"파워링크","# BAM_PC",쇼핑몰,남성전문쇼핑몰,PC,3,0,0,0,7,0,0,0,0
"파워링크","# BAM_PC",쇼핑몰,남성전용쇼핑몰,PC,4,0,0,0,8.8,0,0,0,0
"파워링크","# BAM_PC",쇼핑몰,남성캐주얼쇼핑몰,PC,3,0,0,0,7.3,0,0,0,0
"파워링크","# BAM_PC",쇼핑몰,남성캐주얼의류,PC,4,0,0,0,4.5,0,0,0,0
"파워링크","# BAM_PC",쇼핑몰,남성패션사이트,PC,9,0,0,0,6,0,0,0,0
"파워링크","# BAM_PC",쇼핑몰,남성패션쇼핑몰,PC,5,0,0,0,13.8,0,0,0,0
"파워링크","# BAM_PC",쇼핑몰,남자20대쇼핑몰,PC,23,0,0,0,13.8,0,0,0,0
"파워링크","# BAM_PC",쇼핑몰,남자30대쇼핑몰,PC,13,2,220,440,13.5,2,5,0,0
"파워링크","# BAM_PC",쇼핑몰,남자30대옷쇼핑몰,PC,2,0,0,0,1,0,0,0,0
"파워링크","# BAM_PC",쇼핑몰,남자가성비쇼핑몰,PC,17,0,0,0,6.2,0,0,0,0
"파워링크","# BAM_PC",쇼핑몰,남자당일배송쇼핑몰,PC,11,0,0,0,6.5,2,6,0,0
"파워링크","# BAM_PC",쇼핑몰,남자대학생쇼핑몰,PC,4,0,0,0,6.8,0,0,0,0
"파워링크","# BAM_PC",쇼핑몰,남자댄디룩쇼핑몰,PC,12,0,0,0,4,0,0,0,0
"파워링크","# BAM_PC",쇼핑몰,남자댄디쇼핑몰,PC,17,0,0,0,10.5,0,0,0,0
"파워링크","# BAM_PC",쇼핑몰,남자댄디스타일,PC,22,0,0,0,5.3,0,0,0,0
"파워링크","# BAM_PC",쇼핑몰,남자데일리룩쇼핑몰,PC,9,1,121,121,3.6,3,17,0,0
"파워링크","# BAM_PC",쇼핑몰,남자데일리쇼핑몰,PC,7,0,0,0,4,0,0,0,0
"파워링크","# BAM_PC",쇼핑몰,남자모던쇼핑몰,PC,8,0,0,0,2.9,0,0,0,0
"파워링크","# BAM_PC",쇼핑몰,남자바지쇼핑몰,PC,2,0,0,0,15.5,0,0,0,0
"파워링크","# BAM_PC",쇼핑몰,남자보세사이트,PC,24,2,215,429,4.3,3,21,0,0
"파워링크","# BAM_PC",쇼핑몰,남자보세쇼핑몰,PC,33,0,0,0,14.7,0,0,0,0
"파워링크","# BAM_PC",쇼핑몰,남자보세옷사이트,PC,11,0,0,0,2.8,0,0,0,0
"파워링크","# BAM_PC",쇼핑몰,남자보세옷쇼핑몰,PC,20,1,187,187,3.7,1,0,0,0
"파워링크","# BAM_PC",쇼핑몰,남자브랜드쇼핑몰,PC,14,1,198,198,3.4,2,5,0,0
"파워링크","# BAM_PC",쇼핑몰,남자쇼핑,PC,18,0,0,0,5.9,0,0,0,0
"파워링크","# BAM_PC",쇼핑몰,남자쇼핑몰,PC,99,1,110,110,66.2,1,0,0,0
"파워링크","# BAM_PC",쇼핑몰,남자쇼핑몰당일배송,PC,24,2,215,429,5.9,1,0,0,0
"파워링크","# BAM_PC",쇼핑몰,남자쇼핑몰랭킹,PC,7,0,0,0,11.1,0,0,0,0
"파워링크","# BAM_PC",쇼핑몰,남자쇼핑몰모음,PC,15,0,0,0,4.7,0,0,0,0
"파워링크","# BAM_PC",쇼핑몰,남자쇼핑몰사이트,PC,5,0,0,0,7,0,0,0,0
"파워링크","# BAM_PC",쇼핑몰,남자쇼핑몰순위,PC,228,1,187,187,13.6,3,14,0,0
"파워링크","# BAM_PC",쇼핑몰,남자쇼핑몰추천,PC,9,1,165,165,10.2,1,0,0,0
"파워링크","# BAM_PC",쇼핑몰,남자쇼핑물,PC,7,0,0,0,5,0,0,0,0
"파워링크","# BAM_PC",쇼핑몰,남자오버핏사이트,PC,6,0,0,0,6.5,0,0,0,0
"파워링크","# BAM_PC",쇼핑몰,남자온라인쇼핑몰,PC,11,0,0,0,6.8,0,0,0,0
"파워링크","# BAM_PC",쇼핑몰,남자옷가게,PC,24,0,0,0,9.5,0,0,0,0
"파워링크","# BAM_PC",쇼핑몰,남자옷당일배송,PC,57,0,0,0,9.4,0,0,0,0
"파워링크","# BAM_PC",쇼핑몰,남자옷브랜드,PC,25,0,0,0,11.4,0,0,0,0
"파워링크","# BAM_PC",쇼핑몰,남자옷사는곳,PC,105,0,0,0,13.4,0,0,0,0
"파워링크","# BAM_PC",쇼핑몰,남자옷사이트,PC,57,0,0,0,20.1,0,0,0,0
"파워링크","# BAM_PC",쇼핑몰,남자옷사이트순위,PC,2,0,0,0,4,0,0,0,0
"파워링크","# BAM_PC",쇼핑몰,남자옷사이트추천,PC,18,0,0,0,5.9,0,0,0,0
"파워링크","# BAM_PC",쇼핑몰,남자옷쇼핑,PC,22,0,0,0,6.1,0,0,0,0
"파워링크","# BAM_PC",쇼핑몰,남자옷쇼핑몰,PC,86,3,220,660,27.3,1.75,6.5,0,0
"파워링크","# BAM_PC",쇼핑몰,남자옷쇼핑몰순위,PC,212,3,194,583,11.9,1.67,3.67,0,0
"파워링크","# BAM_PC",쇼핑몰,남자옷쇼핑몰추천,PC,2,0,0,0,7.5,0,0,0,0
"파워링크","# BAM_PC",쇼핑몰,남자의류,PC,23,1,220,220,17.3,2,13,0,0
"파워링크","# BAM_PC",쇼핑몰,남자의류쇼핑몰,PC,11,2,220,440,22.9,1.5,3,0,0
"파워링크","# BAM_PC",쇼핑몰,남자의류쇼핑몰순위,PC,7,0,0,0,3.4,0,0,0,0
"파워링크","# BAM_PC",쇼핑몰,남자인기쇼핑몰,PC,3,0,0,0,8.7,0,0,0,0
"파워링크","# BAM_PC",쇼핑몰,남자인터넷쇼핑,PC,4,0,0,0,2,0,0,0,0
"파워링크","# BAM_PC",쇼핑몰,남자인터넷쇼핑몰,PC,4,0,0,0,9.5,0,0,0,0
"파워링크","# BAM_PC",쇼핑몰,남자자체제작쇼핑몰,PC,50,1,198,198,6,4,54,0,0
"파워링크","# BAM_PC",쇼핑몰,남자저렴한쇼핑몰,PC,5,0,0,0,6.4,0,0,0,0
"파워링크","# BAM_PC",쇼핑몰,남자직장인쇼핑몰,PC,7,0,0,0,7.7,0,0,0,0
"파워링크","# BAM_PC",쇼핑몰,남자출근룩쇼핑몰,PC,5,0,0,0,2,0,0,0,0
"파워링크","# BAM_PC",쇼핑몰,남자캐주얼쇼핑몰,PC,4,0,0,0,7.3,0,0,0,0
"파워링크","# BAM_PC",쇼핑몰,남자코디사이트,PC,16,0,0,0,7.4,0,0,0,0
"파워링크","# BAM_PC",쇼핑몰,남자코디쇼핑몰,PC,29,0,0,0,12.1,0,0,0,0
"파워링크","# BAM_PC",쇼핑몰,남자코트쇼핑몰,PC,7,0,0,0,6.7,0,0,0,0
"파워링크","# BAM_PC",쇼핑몰,남자패션사이트,PC,7,0,0,0,7.6,0,0,0,0
"파워링크","# BAM_PC",쇼핑몰,남자패션쇼핑몰,PC,5,0,0,0,10.2,0,0,0,0
"파워링크","# BAM_PC",쇼핑몰,남친룩쇼핑몰,PC,91,1,209,209,11.1,4,31,0,0
"파워링크","# BAM_PC",쇼핑몰,다리긴남자쇼핑몰,PC,6,3,158,473,1.3,4,71.33,0,0
"파워링크","# BAM_PC",쇼핑몰,당일배송남자쇼핑몰,PC,5,0,0,0,11,0,0,0,0
"파워링크","# BAM_PC",쇼핑몰,대학생쇼핑몰,PC,24,0,0,0,5.5,0,0,0,0
"파워링크","# BAM_PC",쇼핑몰,댄디룩쇼핑몰,PC,15,0,0,0,4.1,0,0,0,0
"파워링크","# BAM_PC",쇼핑몰,댄디쇼핑몰,PC,19,0,0,0,4.3,0,0,0,0
"파워링크","# BAM_PC",쇼핑몰,롱다리쇼핑몰,PC,10,4,201,803,2.3,4.5,37.75,0,0
"파워링크","# BAM_PC",쇼핑몰,마른남자쇼핑몰,PC,81,1,220,220,11.8,3,11,0,0
"파워링크","# BAM_PC",쇼핑몰,바지쇼핑몰,PC,11,0,0,0,15.9,0,0,0,0
"파워링크","# BAM_PC",쇼핑몰,바지쇼핑몰추천,PC,1,0,0,0,7,0,0,0,0
"파워링크","# BAM_PC",쇼핑몰,쇼핑몰,PC,31,1,220,220,39.1,1,0,0,0
"파워링크","# BAM_PC",쇼핑몰,쇼핑몰남자,PC,6,0,0,0,7.2,0,0,0,0
"파워링크","# BAM_PC",쇼핑몰,쇼핑몰순위,PC,622,1,209,209,5,1,0,0,0
"파워링크","# BAM_PC",쇼핑몰,쇼핑물,PC,32,0,0,0,7.2,0,0,0,0
"파워링크","# BAM_PC",쇼핑몰,오버핏쇼핑몰,PC,5,0,0,0,11.6,0,0,0,0
"파워링크","# BAM_PC",쇼핑몰,옷쇼핑몰,PC,35,0,0,0,11.3,0,0,0,0
"파워링크","# BAM_PC",쇼핑몰,옷쇼핑몰추천,PC,5,0,0,0,4.6,0,0,0,0
"파워링크","# BAM_PC",쇼핑몰,의류쇼핑몰,PC,9,0,0,0,20.4,0,0,0,0
"파워링크","# BAM_PC",쇼핑몰,인기있는남성쇼핑몰,PC,12,0,0,0,8.2,0,0,0,0
"파워링크","# BAM_PC",쇼핑몰,인터넷쇼핑몰,PC,3,0,0,0,56.3,0,0,0,0
"파워링크","# BAM_PC",쇼핑몰,인터넷옷쇼핑몰,PC,3,0,0,0,5.3,0,0,0,0
"파워링크","# BAM_PC",쇼핑몰,자체제작남자쇼핑몰,PC,8,0,0,0,2.6,0,0,0,0
"파워링크","# BAM_PC",쇼핑몰,자체제작쇼핑몰,PC,2,0,0,0,28,0,0,0,0
"파워링크","# BAM_PC",쇼핑몰,캐쥬얼쇼핑몰,PC,13,0,0,0,5.2,0,0,0,0
"파워링크","# BAM_PC",쇼핑몰,키190쇼핑몰,PC,12,1,341,341,1,11,204,0,0
"파워링크","# BAM_PC",쇼핑몰,키작은남자쇼핑,PC,26,0,0,0,6.6,0,0,0,0
"파워링크","# BAM_PC",쇼핑몰,키크고마른남자쇼핑몰,PC,7,1,110,110,6.9,1,0,0,0
"파워링크","# BAM_PC",쇼핑몰,키큰사람쇼핑몰,PC,18,4,512,"2,046",1.3,5,133.25,0,0
"파워링크","# BAM_PC",쇼핑몰,키큰쇼핑몰,PC,31,3,521,"1,562",3.3,7,757.5,0,0
"파워링크","# BAM_PC",쇼핑몰,핸드메이드쇼핑몰,PC,31,0,0,0,6.5,0,0,0,0
"파워링크","# BAM_PC",하의,-,PC,40,5,79,396,2.2,5,284.17,0,0
"파워링크","# BAM_PC",하의,20대남성바지,PC,2,0,0,0,14.5,0,0,0,0
"파워링크","# BAM_PC",하의,20대남자바지,PC,1,0,0,0,17,0,0,0,0
"파워링크","# BAM_PC",하의,30대남자바지,PC,1,0,0,0,24,0,0,0,0
"파워링크","# BAM_PC",하의,가을남성바지,PC,1,0,0,0,22,0,0,0,0
"파워링크","# BAM_PC",하의,가을남자바지,PC,2,0,0,0,21,0,0,0,0
"파워링크","# BAM_PC",하의,검은면바지,PC,1,0,0,0,13,0,0,0,0
"파워링크","# BAM_PC",하의,검은바지,PC,2,0,0,0,17.5,0,0,0,0
"파워링크","# BAM_PC",하의,검은색면바지,PC,1,0,0,0,18,0,0,0,0
"파워링크","# BAM_PC",하의,검은색바지,PC,2,0,0,0,22.5,0,0,0,0
"파워링크","# BAM_PC",하의,검정면바지,PC,2,0,0,0,19,0,0,0,0
"파워링크","# BAM_PC",하의,검정색면바지,PC,2,0,0,0,5,0,0,0,0
"파워링크","# BAM_PC",하의,검정색바지,PC,2,0,0,0,21,0,0,0,0
"파워링크","# BAM_PC",하의,검정슬랙스,PC,1,0,0,0,34,0,0,0,0
"파워링크","# BAM_PC",하의,검정일자바지,PC,2,0,0,0,17.5,0,0,0,0
"파워링크","# BAM_PC",하의,고무줄면바지,PC,2,0,0,0,21,0,0,0,0
"파워링크","# BAM_PC",하의,고무줄바지,PC,1,0,0,0,46,0,0,0,0
"파워링크","# BAM_PC",하의,기본면바지,PC,1,0,0,0,12,0,0,0,0
"파워링크","# BAM_PC",하의,기장긴바지,PC,7,3,180,539,15.1,4,65,0,0
"파워링크","# BAM_PC",하의,기장긴슬랙스,PC,2,0,0,0,7.5,0,0,0,0
"파워링크","# BAM_PC",하의,기장긴청바지,PC,4,0,0,0,18.5,0,0,0,0
"파워링크","# BAM_PC",하의,기장긴트레이닝바지,PC,2,0,0,0,13,0,0,0,0
"파워링크","# BAM_PC",하의,기장이긴바지,PC,4,0,0,0,4,0,0,0,0
"파워링크","# BAM_PC",하의,긴기장바지,PC,5,0,0,0,9.8,11,554,0,0
"파워링크","# BAM_PC",하의,남성7부바지,PC,1,0,0,0,25,0,0,0,0
"파워링크","# BAM_PC",하의,남성8부바지,PC,1,0,0,0,12,0,0,0,0
"파워링크","# BAM_PC",하의,남성9부면바지,PC,2,0,0,0,12,0,0,0,0
"파워링크","# BAM_PC",하의,남성9부바지,PC,2,0,0,0,23,0,0,0,0
"파워링크","# BAM_PC",하의,남성9부슬랙스,PC,2,0,0,0,21.5,0,0,0,0
"파워링크","# BAM_PC",하의,남성검정면바지,PC,1,0,0,0,9,0,0,0,0
"파워링크","# BAM_PC",하의,남성검정바지,PC,1,0,0,0,17,0,0,0,0
"파워링크","# BAM_PC",하의,남성고무줄바지,PC,2,0,0,0,18.5,0,0,0,0
"파워링크","# BAM_PC",하의,남성면반바지,PC,3,0,0,0,12.3,0,0,0,0
"파워링크","# BAM_PC",하의,남성면스판바지,PC,5,0,0,0,11.2,0,0,0,0
"파워링크","# BAM_PC",하의,남성면팬츠,PC,2,0,0,0,19,0,0,0,0
"파워링크","# BAM_PC",하의,남성바지,PC,1,0,0,0,89,0,0,0,0
"파워링크","# BAM_PC",하의,남성바지추천,PC,1,0,0,0,16,0,0,0,0
"파워링크","# BAM_PC",하의,남성밴드바지,PC,1,0,0,0,6,0,0,0,0
"파워링크","# BAM_PC",하의,남성밴딩면바지,PC,1,0,0,0,18,0,0,0,0
"파워링크","# BAM_PC",하의,남성밴딩바지,PC,2,0,0,0,20.5,0,0,0,0
"파워링크","# BAM_PC",하의,남성밴딩슬랙스,PC,4,0,0,0,21.3,0,0,0,0
"파워링크","# BAM_PC",하의,남성베이지바지,PC,1,0,0,0,15,0,0,0,0
"파워링크","# BAM_PC",하의,남성복바지,PC,3,0,0,0,11.7,0,0,0,0
"파워링크","# BAM_PC",하의,남성블랙면바지,PC,2,0,0,0,9.5,0,0,0,0
"파워링크","# BAM_PC",하의,남성세미와이드팬츠,PC,13,1,77,77,10.9,5,39,0,0
"파워링크","# BAM_PC",하의,남성스키니바지,PC,2,0,0,0,10,0,0,0,0
"파워링크","# BAM_PC",하의,남성스판면바지,PC,2,0,0,0,18.5,0,0,0,0
"파워링크","# BAM_PC",하의,남성스판바지,PC,1,0,0,0,43,0,0,0,0
"파워링크","# BAM_PC",하의,남성슬랙스,PC,1,1,77,77,56,2,6,0,0
"파워링크","# BAM_PC",하의,남성슬림면바지,PC,1,0,0,0,9,0,0,0,0
"파워링크","# BAM_PC",하의,남성슬림핏면바지,PC,2,0,0,0,10,0,0,0,0
"파워링크","# BAM_PC",하의,남성슬림핏바지,PC,2,0,0,0,18,0,0,0,0
"파워링크","# BAM_PC",하의,남성와이드바지,PC,2,0,0,0,22,0,0,0,0
"파워링크","# BAM_PC",하의,남성와이드슬랙스,PC,2,0,0,0,27,0,0,0,0
"파워링크","# BAM_PC",하의,남성용면바지,PC,3,0,0,0,8.7,0,0,0,0
"파워링크","# BAM_PC",하의,남성용바지,PC,15,0,0,0,5,0,0,0,0
"파워링크","# BAM_PC",하의,남성용팬츠,PC,2,0,0,0,16,0,0,0,0
"파워링크","# BAM_PC",하의,남성일자면바지,PC,8,0,0,0,10.3,0,0,0,0
"파워링크","# BAM_PC",하의,남성일자바지,PC,1,0,0,0,22,0,0,0,0
"파워링크","# BAM_PC",하의,남성일자청바지,PC,2,0,0,0,23.5,0,0,0,0
"파워링크","# BAM_PC",하의,남성조거,PC,2,0,0,0,24,0,0,0,0
"파워링크","# BAM_PC",하의,남성조거바지,PC,1,0,0,0,27,0,0,0,0
"파워링크","# BAM_PC",하의,남성청바지,PC,1,0,0,0,64,0,0,0,0
"파워링크","# BAM_PC",하의,남성체크바지,PC,1,0,0,0,20,0,0,0,0
"파워링크","# BAM_PC",하의,남성츄리닝바지,PC,2,0,0,0,38.5,0,0,0,0
"파워링크","# BAM_PC",하의,남성치노팬츠,PC,1,0,0,0,25,0,0,0,0
"파워링크","# BAM_PC",하의,남성칠부바지,PC,2,0,0,0,17.5,0,0,0,0
"파워링크","# BAM_PC",하의,남성카고바지,PC,1,0,0,0,51,0,0,0,0
"파워링크","# BAM_PC",하의,남성카고바지추천,PC,1,0,0,0,7,0,0,0,0
"파워링크","# BAM_PC",하의,남성카고팬츠,PC,1,0,0,0,36,0,0,0,0
"파워링크","# BAM_PC",하의,남성캐주얼면바지,PC,5,0,0,0,8.2,0,0,0,0
"파워링크","# BAM_PC",하의,남성캐쥬얼바지,PC,4,0,0,0,12.5,0,0,0,0
"파워링크","# BAM_PC",하의,남성코튼팬츠,PC,1,0,0,0,13,0,0,0,0
"파워링크","# BAM_PC",하의,남성통바지,PC,3,0,0,0,21.7,0,0,0,0
"파워링크","# BAM_PC",하의,남성트레이닝바지,PC,2,0,0,0,62.5,0,0,0,0
"파워링크","# BAM_PC",하의,남성편한바지,PC,1,0,0,0,23,0,0,0,0
"파워링크","# BAM_PC",하의,남성플리츠팬츠,PC,2,0,0,0,9.5,0,0,0,0
"파워링크","# BAM_PC",하의,남성하의,PC,3,0,0,0,15,0,0,0,0
"파워링크","# BAM_PC",하의,남성화이트진,PC,1,0,0,0,13,0,0,0,0
"파워링크","# BAM_PC",하의,남성화이트팬츠,PC,2,0,0,0,11,0,0,0,0
"파워링크","# BAM_PC",하의,남성흰바지,PC,1,0,0,0,19,0,0,0,0
"파워링크","# BAM_PC",하의,남성흰색면바지,PC,2,0,0,0,9,0,0,0,0
"파워링크","# BAM_PC",하의,남성흰색바지,PC,1,0,0,0,15,0,0,0,0
"파워링크","# BAM_PC",하의,남자8부바지,PC,2,0,0,0,15.5,0,0,0,0
"파워링크","# BAM_PC",하의,남자9부,PC,2,0,0,0,11.5,0,0,0,0
"파워링크","# BAM_PC",하의,남자9부면바지,PC,2,0,0,0,8.5,0,0,0,0
"파워링크","# BAM_PC",하의,남자9부바지,PC,2,0,0,0,23,0,0,0,0
"파워링크","# BAM_PC",하의,남자9부슬랙스,PC,1,0,0,0,31,0,0,0,0
"파워링크","# BAM_PC",하의,남자9부팬츠,PC,2,0,0,0,16,0,0,0,0
"파워링크","# BAM_PC",하의,남자가을면바지,PC,1,0,0,0,12,0,0,0,0
"파워링크","# BAM_PC",하의,남자가을바지,PC,1,0,0,0,33,0,0,0,0
"파워링크","# BAM_PC",하의,남자검은면바지,PC,1,0,0,0,11,0,0,0,0
"파워링크","# BAM_PC",하의,남자검은바지,PC,1,0,0,0,14,0,0,0,0
"파워링크","# BAM_PC",하의,남자검은색면바지,PC,1,0,0,0,10,0,0,0,0
"파워링크","# BAM_PC",하의,남자검은색바지,PC,1,0,0,0,13,0,0,0,0
"파워링크","# BAM_PC",하의,남자검정면바지,PC,2,0,0,0,14.5,0,0,0,0
"파워링크","# BAM_PC",하의,남자검정바지,PC,232,1,550,550,3.4,3,35,0,0
"파워링크","# BAM_PC",하의,남자검정색바지,PC,1,0,0,0,9,0,0,0,0
"파워링크","# BAM_PC",하의,남자검정슬랙스,PC,2,0,0,0,20.5,0,0,0,0
"파워링크","# BAM_PC",하의,남자고무줄면바지,PC,4,0,0,0,9.3,0,0,0,0
"파워링크","# BAM_PC",하의,남자고무줄바지,PC,2,0,0,0,14,0,0,0,0
"파워링크","# BAM_PC",하의,남자기능성바지,PC,2,0,0,0,17,0,0,0,0
"파워링크","# BAM_PC",하의,남자기본면바지,PC,1,0,0,0,9,0,0,0,0
"파워링크","# BAM_PC",하의,남자기장긴바지,PC,7,1,77,77,6.7,3,159,0,0
"파워링크","# BAM_PC",하의,남자기장긴청바지,PC,1,0,0,0,4,0,0,0,0
"파워링크","# BAM_PC",하의,남자긴바지,PC,1,0,0,0,20,0,0,0,0
"파워링크","# BAM_PC",하의,남자긴청바지,PC,2,0,0,0,10.5,0,0,0,0
"파워링크","# BAM_PC",하의,남자다리길어보이는청바지,PC,10,0,0,0,2.5,0,0,0,0
"파워링크","# BAM_PC",하의,남자대학생바지,PC,1,0,0,0,11,0,0,0,0
"파워링크","# BAM_PC",하의,남자데일리바지,PC,2,0,0,0,4,0,0,0,0
"파워링크","# BAM_PC",하의,남자롱다리바지,PC,5,1,363,363,1,6,126,0,0
"파워링크","# BAM_PC",하의,남자루즈핏바지,PC,2,0,0,0,14.5,0,0,0,0
"파워링크","# BAM_PC",하의,남자면바지,PC,30,0,0,0,12.3,0,0,0,0
"파워링크","# BAM_PC",하의,남자면바지기장,PC,4,0,0,0,2.5,0,0,0,0
"파워링크","# BAM_PC",하의,남자면바지추천,PC,11,0,0,0,3.6,0,0,0,0
"파워링크","# BAM_PC",하의,남자면바지코디,PC,2,0,0,0,17,0,0,0,0
"파워링크","# BAM_PC",하의,남자면반바지,PC,1,0,0,0,29,0,0,0,0
"파워링크","# BAM_PC",하의,남자면스판바지,PC,2,0,0,0,14.5,0,0,0,0
"파워링크","# BAM_PC",하의,남자면조거팬츠,PC,2,0,0,0,15.5,0,0,0,0
"파워링크","# BAM_PC",하의,남자면팬츠,PC,2,0,0,0,24.5,0,0,0,0
"파워링크","# BAM_PC",하의,남자바지,PC,11,0,0,0,47.5,0,0,0,0
"파워링크","# BAM_PC",하의,남자바지사이즈,PC,76,0,0,0,9.3,0,0,0,0
"파워링크","# BAM_PC",하의,남자바지사이트,PC,7,0,0,0,6.6,0,0,0,0
"파워링크","# BAM_PC",하의,남자바지슬랙스,PC,2,0,0,0,22.5,0,0,0,0
"파워링크","# BAM_PC",하의,남자바지전문,PC,1,0,0,0,2,0,0,0,0
"파워링크","# BAM_PC",하의,남자바지종류,PC,5,0,0,0,10,0,0,0,0
"파워링크","# BAM_PC",하의,남자바지추천,PC,3,0,0,0,25,0,0,0,0
"파워링크","# BAM_PC",하의,남자바지코디,PC,1,0,0,0,15,0,0,0,0
"파워링크","# BAM_PC",하의,남자바지핏,PC,1,0,0,0,7,0,0,0,0
"파워링크","# BAM_PC",하의,남자반바지,PC,3,1,77,77,76,2,7,0,0
"파워링크","# BAM_PC",하의,남자배바지,PC,2,0,0,0,9,0,0,0,0
"파워링크","# BAM_PC",하의,남자백바지,PC,1,0,0,0,18,0,0,0,0
"파워링크","# BAM_PC",하의,남자밴드바지,PC,2,0,0,0,13,0,0,0,0
"파워링크","# BAM_PC",하의,남자밴딩면바지,PC,1,0,0,0,6,0,0,0,0
"파워링크","# BAM_PC",하의,남자밴딩바지,PC,1,0,0,0,30,0,0,0,0
"파워링크","# BAM_PC",하의,남자밴딩슬랙스,PC,1,0,0,0,33,0,0,0,0
"파워링크","# BAM_PC",하의,남자밴딩와이드팬츠,PC,3,0,0,0,21,0,0,0,0
"파워링크","# BAM_PC",하의,남자밴딩조거팬츠,PC,2,0,0,0,14,0,0,0,0
"파워링크","# BAM_PC",하의,남자밴딩치노팬츠,PC,3,0,0,0,1,0,0,0,0
"파워링크","# BAM_PC",하의,남자밴딩카고바지,PC,1,0,0,0,12,0,0,0,0
"파워링크","# BAM_PC",하의,남자밴딩팬츠,PC,6,0,0,0,22.5,0,0,0,0
"파워링크","# BAM_PC",하의,남자베이지면바지,PC,2,0,0,0,16,0,0,0,0
"파워링크","# BAM_PC",하의,남자베이지바지,PC,2,0,0,0,24.5,0,0,0,0
"파워링크","# BAM_PC",하의,남자베이지색면바지,PC,1,0,0,0,9,0,0,0,0
"파워링크","# BAM_PC",하의,남자베이지색바지,PC,1,0,0,0,17,0,0,0,0
"파워링크","# BAM_PC",하의,남자보세바지,PC,3,0,0,0,7,0,0,0,0
"파워링크","# BAM_PC",하의,남자부츠컷슬랙스,PC,2,0,0,0,14.5,0,0,0,0
"파워링크","# BAM_PC",하의,남자블랙면바지,PC,2,0,0,0,8,0,0,0,0
"파워링크","# BAM_PC",하의,남자세미바지,PC,2,0,0,0,11.5,0,0,0,0
"파워링크","# BAM_PC",하의,남자세미와이드슬랙스,PC,3,0,0,0,23,0,0,0,0
"파워링크","# BAM_PC",하의,남자스키니바지,PC,2,0,0,0,8,0,0,0,0
"파워링크","# BAM_PC",하의,남자스트레이트팬츠,PC,3,0,0,0,3,0,0,0,0
"파워링크","# BAM_PC",하의,남자스트링팬츠,PC,1,0,0,0,7,0,0,0,0
"파워링크","# BAM_PC",하의,남자스판면바지,PC,1,0,0,0,17,0,0,0,0
"파워링크","# BAM_PC",하의,남자스판슬랙스,PC,1,0,0,0,37,0,0,0,0
"파워링크","# BAM_PC",하의,남자스판조거팬츠,PC,1,0,0,0,13,0,0,0,0
"파워링크","# BAM_PC",하의,남자스판팬츠,PC,1,0,0,0,10,0,0,0,0
"파워링크","# BAM_PC",하의,남자슬랙스,PC,1,0,0,0,36,0,0,0,0
"파워링크","# BAM_PC",하의,남자슬랙스바지,PC,2,0,0,0,38.5,0,0,0,0
"파워링크","# BAM_PC",하의,남자슬랙스추천,PC,1,0,0,0,25,0,0,0,0
"파워링크","# BAM_PC",하의,남자슬랙스코디,PC,1,0,0,0,33,0,0,0,0
"파워링크","# BAM_PC",하의,남자슬렉스,PC,2,0,0,0,24,0,0,0,0
"파워링크","# BAM_PC",하의,남자슬림면바지,PC,2,0,0,0,14,0,0,0,0
"파워링크","# BAM_PC",하의,남자슬림바지,PC,1,0,0,0,7,0,0,0,0
"파워링크","# BAM_PC",하의,남자슬림슬랙스,PC,3,0,0,0,16.3,0,0,0,0
"파워링크","# BAM_PC",하의,남자슬림조거팬츠,PC,2,0,0,0,12.5,0,0,0,0
"파워링크","# BAM_PC",하의,남자슬림핏면바지,PC,2,0,0,0,14.5,0,0,0,0
"파워링크","# BAM_PC",하의,남자슬림핏바지,PC,2,0,0,0,21,0,0,0,0
"파워링크","# BAM_PC",하의,남자아이보리바지,PC,1,0,0,0,9,0,0,0,0
"파워링크","# BAM_PC",하의,남자여름바지,PC,2,0,0,0,24.5,0,0,0,0
"파워링크","# BAM_PC",하의,남자오버핏바지,PC,3,0,0,0,10.7,0,0,0,0
"파워링크","# BAM_PC",하의,남자와이드바지,PC,1,0,0,0,35,0,0,0,0
"파워링크","# BAM_PC",하의,남자와이드밴딩슬랙스,PC,1,0,0,0,10,0,0,0,0
"파워링크","# BAM_PC",하의,남자와이드밴딩팬츠,PC,1,0,0,0,18,0,0,0,0
"파워링크","# BAM_PC",하의,남자와이드팬츠,PC,6,1,77,77,86.3,1,0,0,0
"파워링크","# BAM_PC",하의,남자와이드팬츠코디,PC,4,0,0,0,8.8,0,0,0,0
"파워링크","# BAM_PC",하의,남자워싱진,PC,3,0,0,0,9,0,0,0,0
"파워링크","# BAM_PC",하의,남자유행바지,PC,4,0,0,0,7.8,0,0,0,0
"파워링크","# BAM_PC",하의,남자인생바지,PC,10,0,0,0,2.3,0,0,0,0
"파워링크","# BAM_PC",하의,남자일자면바지,PC,2,0,0,0,18.5,0,0,0,0
"파워링크","# BAM_PC",하의,남자일자슬랙스,PC,2,0,0,0,22,0,0,0,0
"파워링크","# BAM_PC",하의,남자일자청바지,PC,2,0,0,0,35,0,0,0,0
"파워링크","# BAM_PC",하의,남자일자핏바지,PC,2,0,0,0,11.5,0,0,0,0
"파워링크","# BAM_PC",하의,남자일자핏청바지,PC,1,0,0,0,17,0,0,0,0
"파워링크","# BAM_PC",하의,남자조거,PC,1,0,0,0,34,0,0,0,0
"파워링크","# BAM_PC",하의,남자조거바지,PC,1,0,0,0,39,0,0,0,0
"파워링크","# BAM_PC",하의,남자조거카고팬츠,PC,1,0,0,0,13,0,0,0,0
"파워링크","# BAM_PC",하의,남자조거팬츠,PC,1,0,0,0,65,0,0,0,0
"파워링크","# BAM_PC",하의,남자조거팬츠코디,PC,2,0,0,0,19.5,0,0,0,0
"파워링크","# BAM_PC",하의,남자조커팬츠,PC,2,0,0,0,16.5,0,0,0,0
"파워링크","# BAM_PC",하의,남자청바지,PC,8,0,0,0,30.6,0,0,0,0
"파워링크","# BAM_PC",하의,남자카고,PC,1,0,0,0,13,0,0,0,0
"파워링크","# BAM_PC",하의,남자카고바지,PC,1,0,0,0,39,0,0,0,0
"파워링크","# BAM_PC",하의,남자카고팬츠,PC,2,0,0,0,28.5,0,0,0,0
"파워링크","# BAM_PC",하의,남자카키바지,PC,10,0,0,0,6.8,0,0,0,0
"파워링크","# BAM_PC",하의,남자캐주얼면바지,PC,2,0,0,0,3.5,0,0,0,0
"파워링크","# BAM_PC",하의,남자캐주얼바지,PC,3,0,0,0,20,0,0,0,0
"파워링크","# BAM_PC",하의,남자캐쥬얼바지,PC,2,0,0,0,15,0,0,0,0
"파워링크","# BAM_PC",하의,남자코튼바지,PC,2,0,0,0,16,0,0,0,0
"파워링크","# BAM_PC",하의,남자코튼팬츠,PC,1,0,0,0,21,0,0,0,0
"파워링크","# BAM_PC",하의,남자크롭팬츠,PC,1,0,0,0,12,0,0,0,0
"파워링크","# BAM_PC",하의,남자통넓은바지,PC,6,0,0,0,12.2,0,0,0,0
"파워링크","# BAM_PC",하의,남자통바지,PC,2,0,0,0,36.5,0,0,0,0
"파워링크","# BAM_PC",하의,남자투턱슬랙스,PC,13,0,0,0,6.4,0,0,0,0
"파워링크","# BAM_PC",하의,남자트임바지,PC,1,0,0,0,4,0,0,0,0
"파워링크","# BAM_PC",하의,남자패션바지,PC,2,0,0,0,11,0,0,0,0
"파워링크","# BAM_PC",하의,남자팬츠,PC,1,0,0,0,30,0,0,0,0
"파워링크","# BAM_PC",하의,남자편한바지,PC,1,0,0,0,36,0,0,0,0
"파워링크","# BAM_PC",하의,남자플리츠바지,PC,2,0,0,0,11.5,0,0,0,0
"파워링크","# BAM_PC",하의,남자플리츠팬츠,PC,1,0,0,0,16,0,0,0,0
"파워링크","# BAM_PC",하의,남자하의,PC,2,0,0,0,14,0,0,0,0
"파워링크","# BAM_PC",하의,남자하이웨스트,PC,2,0,0,0,5,0,0,0,0
"파워링크","# BAM_PC",하의,남자하이웨스트슬랙스,PC,13,0,0,0,5.9,0,0,0,0
"파워링크","# BAM_PC",하의,남자화이트면바지,PC,1,0,0,0,8,0,0,0,0
"파워링크","# BAM_PC",하의,남자화이트바지,PC,1,0,0,0,14,0,0,0,0
"파워링크","# BAM_PC",하의,남자화이트진,PC,1,0,0,0,15,0,0,0,0
"파워링크","# BAM_PC",하의,남자화이트팬츠,PC,2,0,0,0,6.5,0,0,0,0
"파워링크","# BAM_PC",하의,남자회색바지,PC,1,0,0,0,14,0,0,0,0
"파워링크","# BAM_PC",하의,남자흰면바지,PC,2,0,0,0,9.5,0,0,0,0
"파워링크","# BAM_PC",하의,남자흰바지,PC,8,0,0,0,9,0,0,0,0
"파워링크","# BAM_PC",하의,남자흰색면바지,PC,4,0,0,0,8.8,0,0,0,0
"파워링크","# BAM_PC",하의,남자흰색바지,PC,1,0,0,0,17,0,0,0,0
"파워링크","# BAM_PC",하의,다리긴남자바지,PC,1,0,0,0,8,0,0,0,0
"파워링크","# BAM_PC",하의,다리긴바지,PC,4,0,0,0,7,0,0,0,0
"파워링크","# BAM_PC",하의,데일리바지,PC,2,0,0,0,17.5,0,0,0,0
"파워링크","# BAM_PC",하의,데일리슬랙스,PC,1,0,0,0,18,0,0,0,0
"파워링크","# BAM_PC",하의,데일리팬츠,PC,2,0,0,0,25.5,0,0,0,0
"파워링크","# BAM_PC",하의,롤업팬츠,PC,1,0,0,0,19,0,0,0,0
"파워링크","# BAM_PC",하의,롱다리남자바지,PC,1,0,0,0,2,0,0,0,0
"파워링크","# BAM_PC",하의,롱다리바지,PC,14,1,154,154,6.2,3,12,0,0
"파워링크","# BAM_PC",하의,롱다리청바지,PC,2,0,0,0,14,0,0,0,0
"파워링크","# BAM_PC",하의,롱슬랙스,PC,1,0,0,0,32,0,0,0,0
"파워링크","# BAM_PC",하의,마른남자바지,PC,1,0,0,0,17,0,0,0,0
"파워링크","# BAM_PC",하의,면바지,PC,2,0,0,0,34,0,0,0,0
"파워링크","# BAM_PC",하의,바지사이트,PC,2,0,0,0,22,0,0,0,0
"파워링크","# BAM_PC",하의,바지자체제작,PC,2,0,0,0,6.5,0,0,0,0
"파워링크","# BAM_PC",하의,바지종류,PC,4,0,0,0,10.3,0,0,0,0
"파워링크","# BAM_PC",하의,밴딩남자바지,PC,2,0,0,0,15.5,0,0,0,0
"파워링크","# BAM_PC",하의,밴딩면바지,PC,1,0,0,0,24,0,0,0,0
"파워링크","# BAM_PC",하의,밴딩바지,PC,2,0,0,0,68.5,0,0,0,0
"파워링크","# BAM_PC",하의,밴딩슬랙스,PC,1,0,0,0,40,0,0,0,0
"파워링크","# BAM_PC",하의,밴딩일자바지,PC,2,0,0,0,21.5,0,0,0,0
"파워링크","# BAM_PC",하의,밴딩조거,PC,1,0,0,0,9,0,0,0,0
"파워링크","# BAM_PC",하의,밴딩치노팬츠,PC,3,0,0,0,9,0,0,0,0
"파워링크","# BAM_PC",하의,밴딩카고바지,PC,1,0,0,0,18,0,0,0,0
"파워링크","# BAM_PC",하의,밴딩카고팬츠,PC,2,0,0,0,19.5,0,0,0,0
"파워링크","# BAM_PC",하의,베이지면바지,PC,2,0,0,0,17,0,0,0,0
"파워링크","# BAM_PC",하의,베이지바지,PC,2,0,0,0,25.5,0,0,0,0
"파워링크","# BAM_PC",하의,베이지색면바지,PC,1,0,0,0,11,0,0,0,0
"파워링크","# BAM_PC",하의,베이지색바지,PC,2,0,0,0,18.5,0,0,0,0
"파워링크","# BAM_PC",하의,베이지치노팬츠,PC,2,0,0,0,11,0,0,0,0
"파워링크","# BAM_PC",하의,베이지팬츠,PC,1,0,0,0,23,0,0,0,0
"파워링크","# BAM_PC",하의,베이직면바지,PC,1,0,0,0,8,0,0,0,0
"파워링크","# BAM_PC",하의,블랙면바지,PC,2,0,0,0,19.5,0,0,0,0
"파워링크","# BAM_PC",하의,블랙일자바지,PC,2,0,0,0,16,0,0,0,0
"파워링크","# BAM_PC",하의,슬림조거팬츠,PC,2,0,0,0,8,0,0,0,0
"파워링크","# BAM_PC",하의,슬림핏면바지,PC,1,0,0,0,15,0,0,0,0
"파워링크","# BAM_PC",하의,여름카고바지,PC,1,0,0,0,30,0,0,0,0
"파워링크","# BAM_PC",하의,인생바지,PC,26,0,0,0,5.7,0,0,0,0
"파워링크","# BAM_PC",하의,인생슬랙스,PC,2,0,0,0,21.5,0,0,0,0
"파워링크","# BAM_PC",하의,인생팬츠,PC,2,0,0,0,6.5,0,0,0,0
"파워링크","# BAM_PC",하의,일자면바지,PC,4,0,0,0,10,0,0,0,0
"파워링크","# BAM_PC",하의,일자핏면바지,PC,1,0,0,0,14,0,0,0,0
"파워링크","# BAM_PC",하의,일자핏바지,PC,2,0,0,0,26,0,0,0,0
"파워링크","# BAM_PC",하의,조거카고팬츠,PC,2,0,0,0,19,0,0,0,0
"파워링크","# BAM_PC",하의,조거팬츠,PC,2,0,0,0,114.5,0,0,0,0
"파워링크","# BAM_PC",하의,조거팬츠남자,PC,1,0,0,0,16,0,0,0,0
"파워링크","# BAM_PC",하의,조거팬츠추천,PC,1,0,0,0,24,0,0,0,0
"파워링크","# BAM_PC",하의,직장인바지,PC,1,0,0,0,11,0,0,0,0
"파워링크","# BAM_PC",하의,출근용바지,PC,2,0,0,0,7.5,0,0,0,0
"파워링크","# BAM_PC",하의,출퇴근바지,PC,1,0,0,0,10,0,0,0,0
"파워링크","# BAM_PC",하의,치노바지,PC,1,0,0,0,14,0,0,0,0
"파워링크","# BAM_PC",하의,치노팬츠,PC,1,0,0,0,22,0,0,0,0
"파워링크","# BAM_PC",하의,카고바지,PC,3,0,0,0,30,0,0,0,0
"파워링크","# BAM_PC",하의,카고바지추천,PC,1,0,0,0,15,0,0,0,0
"파워링크","# BAM_PC",하의,카고바지코디,PC,2,0,0,0,21.5,0,0,0,0
"파워링크","# BAM_PC",하의,카고조거바지,PC,3,0,0,0,13.3,0,0,0,0
"파워링크","# BAM_PC",하의,카고조거팬츠,PC,1,0,0,0,36,0,0,0,0
"파워링크","# BAM_PC",하의,카고팬츠,PC,1,0,0,0,33,0,0,0,0
"파워링크","# BAM_PC",하의,카키면바지,PC,1,0,0,0,16,0,0,0,0
"파워링크","# BAM_PC",하의,카키색바지,PC,2,0,0,0,18.5,0,0,0,0
"파워링크","# BAM_PC",하의,카키색카고바지,PC,2,0,0,0,6.5,0,0,0,0
"파워링크","# BAM_PC",하의,캐주얼바지,PC,2,0,0,0,26.5,0,0,0,0
"파워링크","# BAM_PC",하의,캐쥬얼바지,PC,2,0,0,0,23.5,0,0,0,0
"파워링크","# BAM_PC",하의,키큰바지,PC,4,0,0,0,9.5,0,0,0,0
"파워링크","# BAM_PC",하의,키큰사람바지,PC,18,0,0,0,2.2,0,0,0,0
"파워링크","# BAM_PC",하의,통넓은바지,PC,1,0,0,0,38,0,0,0,0
"파워링크","# BAM_PC",하의,편안한바지,PC,2,0,0,0,26,0,0,0,0
"파워링크","# BAM_PC",하의,편한남자바지,PC,1,0,0,0,15,0,0,0,0
"파워링크","# BAM_PC",하의,편한면바지,PC,2,0,0,0,20,0,0,0,0
"파워링크","# BAM_PC",하의,편한밴딩바지,PC,2,0,0,0,20.5,0,0,0,0
"파워링크","# BAM_PC",하의,편한와이드팬츠,PC,2,0,0,0,10,0,0,0,0
"파워링크","# BAM_PC",하의,편한팬츠,PC,1,0,0,0,25,0,0,0,0
"파워링크","# BAM_PC",하의,핀턱바지,PC,1,0,0,0,21,0,0,0,0
"파워링크","# BAM_PC",하의,허리고무줄바지,PC,1,0,0,0,13,0,0,0,0
"파워링크","# BAM_PC",하의,허리밴드바지,PC,2,0,0,0,21,0,0,0,0
"파워링크","# BAM_PC",하의,허리밴딩면바지,PC,2,0,0,0,15.5,0,0,0,0
"파워링크","# BAM_PC",하의,허리밴딩바지,PC,3,0,0,0,24,0,0,0,0
"파워링크","# BAM_PC",하의,허리밴딩팬츠,PC,2,0,0,0,25,0,0,0,0
"파워링크","# BAM_PC",하의,화이트팬츠,PC,1,0,0,0,31,0,0,0,0
"파워링크","# BAM_PC",하의,회색슬랙스,PC,1,0,0,0,30,0,0,0,0
"파워링크","# BAM_PC",하의,흰면바지,PC,2,0,0,0,18.5,0,0,0,0
"파워링크","# BAM_PC",하의,흰바지,PC,5,0,0,0,13,0,0,0,0
"파워링크","# BAM_PC",하의,흰색면바지,PC,2,0,0,0,20.5,0,0,0,0
"파워링크","# BAM_PC",하의,흰색일자바지,PC,1,0,0,0,17,0,0,0,0
"파워링크","# BAM_PC",기타,-,PC,48,9,79,715,1.9,13,261.67,9,"94,708"
"파워링크","# BAM_PC",기타,10대남자옷,PC,3,0,0,0,20.3,0,0,0,0
"파워링크","# BAM_PC",기타,10대남친룩,PC,2,0,0,0,2,0,0,0,0
"파워링크","# BAM_PC",기타,10대옷,PC,3,0,0,0,17,0,0,0,0
"파워링크","# BAM_PC",기타,180남자,PC,3,0,0,0,4.3,0,0,0,0
"파워링크","# BAM_PC",기타,189시리즈,PC,36,17,71,"1,210",1.9,6.95,244.55,2,2
"파워링크","# BAM_PC",기타,190남자,PC,8,0,0,0,4,0,0,0,0
"파워링크","# BAM_PC",기타,20대남성복,PC,3,0,0,0,14.3,0,0,0,0
"파워링크","# BAM_PC",기타,20대남성옷,PC,1,0,0,0,14,0,0,0,0
"파워링크","# BAM_PC",기타,20대남자,PC,1,0,0,0,19,0,0,0,0
"파워링크","# BAM_PC",기타,20대남자겨울옷,PC,2,0,0,0,12,0,0,0,0
"파워링크","# BAM_PC",기타,20대남자옷,PC,1,0,0,0,40,0,0,0,0
"파워링크","# BAM_PC",기타,20대남자옷추천,PC,5,0,0,0,6.6,0,0,0,0
"파워링크","# BAM_PC",기타,20대남자코디,PC,1,0,0,0,8,0,0,0,0
"파워링크","# BAM_PC",기타,20대남자패션,PC,1,0,0,0,21,0,0,0,0
"파워링크","# BAM_PC",기타,20대남친룩,PC,3,0,0,0,14,0,0,0,0
"파워링크","# BAM_PC",기타,20대옷추천,PC,1,0,0,0,4,0,0,0,0
"파워링크","# BAM_PC",기타,30대남성복,PC,4,0,0,0,12,0,0,0,0
"파워링크","# BAM_PC",기타,30대남자겨울옷,PC,2,0,0,0,10.5,0,0,0,0
"파워링크","# BAM_PC",기타,30대남자데이트룩,PC,5,0,0,0,6,0,0,0,0
"파워링크","# BAM_PC",기타,30대남자데일리룩,PC,3,0,0,0,13.7,0,0,0,0
"파워링크","# BAM_PC",기타,30대남자스타일,PC,1,0,0,0,17,0,0,0,0
"파워링크","# BAM_PC",기타,30대남자옷,PC,4,0,0,0,25,0,0,0,0
"파워링크","# BAM_PC",기타,30대남자캐주얼,PC,1,0,0,0,6,0,0,0,0
"파워링크","# BAM_PC",기타,30대남자코디,PC,2,0,0,0,38,0,0,0,0
"파워링크","# BAM_PC",기타,30대남자패션,PC,1,0,0,0,33,0,0,0,0
"파워링크","# BAM_PC",기타,30대남친룩,PC,1,0,0,0,8,0,0,0,0
"파워링크","# BAM_PC",기타,30대패션,PC,1,0,0,0,21,0,0,0,0
"파워링크","# BAM_PC",기타,WAKY,PC,5,0,0,0,2,0,0,0,0
"파워링크","# BAM_PC",기타,가을남자,PC,2,0,0,0,8.5,0,0,0,0
"파워링크","# BAM_PC",기타,가을남자옷,PC,1,0,0,0,22,0,0,0,0
"파워링크","# BAM_PC",기타,가을남자옷코디,PC,1,0,0,0,7,0,0,0,0
"파워링크","# BAM_PC",기타,가을남자코디,PC,1,0,0,0,17,0,0,0,0
"파워링크","# BAM_PC",기타,가을남자패션,PC,1,0,0,0,16,0,0,0,0
"파워링크","# BAM_PC",기타,가을옷코디,PC,2,0,0,0,16.5,0,0,0,0
"파워링크","# BAM_PC",기타,가을코디,PC,1,0,0,0,32,0,0,0,0
"파워링크","# BAM_PC",기타,가을패션,PC,1,0,0,0,35,0,0,0,0
"파워링크","# BAM_PC",기타,겨울남자옷,PC,3,0,0,0,21,0,0,0,0
"파워링크","# BAM_PC",기타,겨울남자패션,PC,3,0,0,0,12.3,0,0,0,0
"파워링크","# BAM_PC",기타,남사친룩,PC,1,0,0,0,4,0,0,0,0
"파워링크","# BAM_PC",기타,남성가을옷,PC,2,0,0,0,26.5,0,0,0,0
"파워링크","# BAM_PC",기타,남성가을코디,PC,1,0,0,0,25,0,0,0,0
"파워링크","# BAM_PC",기타,남성가을패션,PC,2,0,0,0,20.5,0,0,0,0
"파워링크","# BAM_PC",기타,남성데이트룩,PC,1,0,0,0,18,0,0,0,0
"파워링크","# BAM_PC",기타,남성데일리룩,PC,3,0,0,0,20,0,0,0,0
"파워링크","# BAM_PC",기타,남성복,PC,652,3,213,638,9,2.33,37,0,0
"파워링크","# BAM_PC",기타,남성비즈니스캐주얼,PC,8,0,0,0,7.3,0,0,0,0
"파워링크","# BAM_PC",기타,남성옷,PC,4,0,0,0,61.8,0,0,0,0
"파워링크","# BAM_PC",기타,남성옷추천,PC,4,0,0,0,6.8,0,0,0,0
"파워링크","# BAM_PC",기타,남성의류순위,PC,2,0,0,0,9,0,0,0,0
"파워링크","# BAM_PC",기타,남성의류추천,PC,1,0,0,0,14,0,0,0,0
"파워링크","# BAM_PC",기타,남성캐주얼,PC,6,0,0,0,8.5,0,0,0,0
"파워링크","# BAM_PC",기타,남성캐주얼패션,PC,2,0,0,0,17.5,0,0,0,0
"파워링크","# BAM_PC",기타,남성캐쥬얼,PC,3,0,0,0,17,3,12,0,0
"파워링크","# BAM_PC",기타,남성코디,PC,2,0,0,0,33.5,0,0,0,0
"파워링크","# BAM_PC",기타,남성패션,PC,2,0,0,0,43,0,0,0,0
"파워링크","# BAM_PC",기타,남성편한옷,PC,1,0,0,0,4,0,0,0,0
"파워링크","# BAM_PC",기타,남성하객룩,PC,2,0,0,0,13.5,0,0,0,0
"파워링크","# BAM_PC",기타,남자10대옷,PC,1,0,0,0,4,0,0,0,0
"파워링크","# BAM_PC",기타,남자185,PC,1,0,0,0,5,0,0,0,0
"파워링크","# BAM_PC",기타,남자190,PC,1,0,0,0,2,0,0,0,0
"파워링크","# BAM_PC",기타,남자20대옷,PC,3,0,0,0,16,0,0,0,0
"파워링크","# BAM_PC",기타,남자30대옷,PC,11,2,77,154,20.2,4.5,23.5,0,0
"파워링크","# BAM_PC",기타,남자가오리핏,PC,1,0,0,0,7,0,0,0,0
"파워링크","# BAM_PC",기타,남자가을,PC,1,0,0,0,18,0,0,0,0
"파워링크","# BAM_PC",기타,남자가을룩,PC,1,0,0,0,11,0,0,0,0
"파워링크","# BAM_PC",기타,남자가을신상,PC,2,0,0,0,6.5,0,0,0,0
"파워링크","# BAM_PC",기타,남자가을옷코디,PC,1,0,0,0,17,0,0,0,0
"파워링크","# BAM_PC",기타,남자가을패션,PC,2,0,0,0,23.5,0,0,0,0
"파워링크","# BAM_PC",기타,남자겨울코디,PC,2,0,0,0,35,0,0,0,0
"파워링크","# BAM_PC",기타,남자결혼식하객룩,PC,3,0,0,0,18.7,0,0,0,0
"파워링크","# BAM_PC",기타,남자깔끔한룩,PC,3,0,0,0,3,0,0,0,0
"파워링크","# BAM_PC",기타,남자댄디룩,PC,1,0,0,0,13,0,0,0,0
"파워링크","# BAM_PC",기타,남자데이트룩,PC,4,0,0,0,25,0,0,0,0
"파워링크","# BAM_PC",기타,남자데일리룩,PC,4,0,0,0,44.3,0,0,0,0
"파워링크","# BAM_PC",기타,남자라지사이즈,PC,1,0,0,0,6,0,0,0,0
"파워링크","# BAM_PC",기타,남자룩,PC,2,0,0,0,11,0,0,0,0
"파워링크","# BAM_PC",기타,남자면접복장,PC,1,0,0,0,16,0,0,0,0
"파워링크","# BAM_PC",기타,남자보세,PC,8,0,0,0,23.4,0,0,0,0
"파워링크","# BAM_PC",기타,남자비즈니스캐주얼,PC,1,0,0,0,30,0,0,0,0
"파워링크","# BAM_PC",기타,남자소개팅옷,PC,1,0,0,0,13,0,0,0,0
"파워링크","# BAM_PC",기타,남자스트레이트핏,PC,3,0,0,0,4,0,0,0,0
"파워링크","# BAM_PC",기타,남자오버사이즈,PC,2,0,0,0,19,0,0,0,0
"파워링크","# BAM_PC",기타,남자오버핏,PC,1,0,0,0,51,0,0,0,0
"파워링크","# BAM_PC",기타,남자오버핏패션,PC,2,0,0,0,7,0,0,0,0
"파워링크","# BAM_PC",기타,남자옷,PC,376,5,330,"1,650",15.5,2.2,16,0,0
"파워링크","# BAM_PC",기타,남자옷순위,PC,2,0,0,0,17.5,0,0,0,0
"파워링크","# BAM_PC",기타,남자옷추천,PC,1,0,0,0,26,0,0,0,0
"파워링크","# BAM_PC",기타,남자옷코디,PC,16,0,0,0,22.7,0,0,0,0
"파워링크","# BAM_PC",기타,남자유행패션,PC,2,0,0,0,10,0,0,0,0
"파워링크","# BAM_PC",기타,남자자체제작,PC,15,0,0,0,6.6,0,0,0,0
"파워링크","# BAM_PC",기타,남자출근룩,PC,3,0,0,0,24.7,0,0,0,0
"파워링크","# BAM_PC",기타,남자친구옷,PC,3,0,0,0,19.7,0,0,0,0
"파워링크","# BAM_PC",기타,남자캐주얼,PC,6,0,0,0,10.2,0,0,0,0
"파워링크","# BAM_PC",기타,남자캐주얼룩,PC,2,0,0,0,20,0,0,0,0
"파워링크","# BAM_PC",기타,남자캐주얼옷,PC,2,0,0,0,12,0,0,0,0
"파워링크","# BAM_PC",기타,남자캐주얼코디,PC,1,0,0,0,18,0,0,0,0
"파워링크","# BAM_PC",기타,남자캐주얼패션,PC,2,0,0,0,18.5,0,0,0,0
"파워링크","# BAM_PC",기타,남자캐쥬얼,PC,1,0,0,0,17,0,0,0,0
"파워링크","# BAM_PC",기타,남자캐쥬얼패션,PC,1,0,0,0,6,0,0,0,0
"파워링크","# BAM_PC",기타,남자코디,PC,1,0,0,0,46,0,0,0,0
"파워링크","# BAM_PC",기타,남자코디추천,PC,2,0,0,0,19,0,0,0,0
"파워링크","# BAM_PC",기타,남자큰옷,PC,7,0,0,0,22.7,0,0,0,0
"파워링크","# BAM_PC",기타,남자터틀넥,PC,5,0,0,0,24.2,0,0,0,0
"파워링크","# BAM_PC",기타,남자패션,PC,2,0,0,0,52.5,0,0,0,0
"파워링크","# BAM_PC",기타,남자패션스타일,PC,1,0,0,0,13,0,0,0,0
"파워링크","# BAM_PC",기타,남자편한옷,PC,1,0,0,0,13,0,0,0,0
"파워링크","# BAM_PC",기타,남자하객룩,PC,2,0,0,0,29,0,0,0,0
"파워링크","# BAM_PC",기타,남자핸드메이드자켓,PC,1,0,0,0,5,0,0,0,0
"파워링크","# BAM_PC",기타,남친룩,PC,8,0,0,0,28.4,0,0,0,0
"파워링크","# BAM_PC",기타,남친룩의정석,PC,2,0,0,0,13,0,0,0,0
"파워링크","# BAM_PC",기타,남학생옷,PC,2,0,0,0,9,0,0,0,0
"파워링크","# BAM_PC",기타,다리긴남자,PC,6,1,88,88,1.3,3,64,0,0
"파워링크","# BAM_PC",기타,댄디룩,PC,2,0,0,0,21,0,0,0,0
"파워링크","# BAM_PC",기타,댄디스타일,PC,2,0,0,0,16,0,0,0,0
"파워링크","# BAM_PC",기타,데일리룩,PC,"1,599",0,0,0,14.9,0,0,0,0
"파워링크","# BAM_PC",기타,데일리룩남자,PC,2,0,0,0,10.5,0,0,0,0
"파워링크","# BAM_PC",기타,데일리코디,PC,2,0,0,0,19,0,0,0,0
"파워링크","# BAM_PC",기타,데일리패션,PC,2,0,0,0,16,0,0,0,0
"파워링크","# BAM_PC",기타,도깨비공유옷,PC,2,0,0,0,3,0,0,0,0
"파워링크","# BAM_PC",기타,롱다리,PC,47,0,0,0,2.6,0,0,0,0
"파워링크","# BAM_PC",기타,마른남자,PC,1,0,0,0,19,0,0,0,0
"파워링크","# BAM_PC",기타,마른남자코디,PC,1,0,0,0,21,0,0,0,0
"파워링크","# BAM_PC",기타,마른사람코디,PC,1,0,0,0,9,0,0,0,0
"파워링크","# BAM_PC",기타,멋진남자옷,PC,6,1,154,154,2,3,12,0,0
"파워링크","# BAM_PC",기타,어깨넓은남자,PC,1,0,0,0,10,0,0,0,0
"파워링크","# BAM_PC",기타,어깨넓은남자옷,PC,1,0,0,0,11,0,0,0,0
"파워링크","# BAM_PC",기타,오까네,PC,18,0,0,0,34.2,0,0,0,0
"파워링크","# BAM_PC",기타,오카네,PC,114,0,0,0,14.8,0,0,0,0
"파워링크","# BAM_PC",기타,옷사이트,PC,20,1,77,77,21.3,3,23,0,0
"파워링크","# BAM_PC",기타,요즘남자패션,PC,2,0,0,0,18.5,0,0,0,0
"파워링크","# BAM_PC",기타,자체제작,PC,3,0,0,0,31.7,0,0,0,0
"파워링크","# BAM_PC",기타,캐주얼남자,PC,2,0,0,0,12,0,0,0,0
"파워링크","# BAM_PC",기타,캐주얼룩,PC,1,0,0,0,25,0,0,0,0
"파워링크","# BAM_PC",기타,코디추천,PC,1,0,0,0,12,0,0,0,0
"파워링크","# BAM_PC",기타,키190옷,PC,5,1,77,77,1.6,5.5,44.5,0,0
"파워링크","# BAM_PC",기타,키다리옷,PC,5,1,77,77,5.4,2,10,0,0
"파워링크","# BAM_PC",기타,키작은남,PC,1,0,0,0,9,0,0,0,0
"파워링크","# BAM_PC",기타,키크고마른남자,PC,7,0,0,0,3.6,0,0,0,0
"파워링크","# BAM_PC",기타,키크고마른남자코디,PC,1,0,0,0,5,0,0,0,0
"파워링크","# BAM_PC",기타,키큰,PC,62,0,0,0,2.3,0,0,0,0
"파워링크","# BAM_PC",기타,키큰남,PC,3,0,0,0,9.7,0,0,0,0
"파워링크","# BAM_PC",기타,키큰사람옷,PC,3,0,0,0,6.3,0,0,0,0
"파워링크","# BAM_PC",기타,키큰옷,PC,3,0,0,0,7,0,0,0,0
"파워링크","# BAM_PC",기타,편한남자옷,PC,4,0,0,0,2.3,0,0,0,0
"파워링크","# BAM_PC",키큰남자-주력,-,PC,23,0,0,0,2.1,0,0,0,0
"파워링크","# BAM_PC",키큰남자-주력,키큰남자,PC,120,22,427,"9,383",2.8,4.48,152.76,0,0
"파워링크","# BAM_PC",키큰남자-주력,키큰남자겨울바지,PC,7,1,297,297,1,4,27,0,0
"파워링크","# BAM_PC",키큰남자-주력,키큰남자겨울코디,PC,3,0,0,0,1,0,0,0,0
"파워링크","# BAM_PC",키큰남자-주력,키큰남자니트추천,PC,1,0,0,0,1,0,0,0,0
"파워링크","# BAM_PC",키큰남자-주력,키큰남자롱코트,PC,17,2,556,"1,111",1,3,15.5,0,0
"파워링크","# BAM_PC",키큰남자-주력,키큰남자면바지,PC,1,0,0,0,1,0,0,0,0
"파워링크","# BAM_PC",키큰남자-주력,키큰남자바지,PC,279,54,548,"29,579",1,4.55,122.66,4,4
"파워링크","# BAM_PC",키큰남자-주력,키큰남자바지쇼핑몰,PC,6,2,77,154,1,6,41.5,0,0
"파워링크","# BAM_PC",키큰남자-주력,키큰남자브랜드,PC,4,0,0,0,3,0,0,0,0
"파워링크","# BAM_PC",키큰남자-주력,키큰남자쇼핑몰,PC,542,131,581,"76,087",3.2,5.64,146.83,21,"94,719"
"파워링크","# BAM_PC",키큰남자-주력,키큰남자쇼핑몰추천,PC,1,0,0,0,3,0,0,0,0
"파워링크","# BAM_PC",키큰남자-주력,키큰남자슬랙스,PC,16,3,759,"2,277",1.9,7.33,87.67,0,0
"파워링크","# BAM_PC",키큰남자-주력,키큰남자여름코디,PC,1,0,0,0,3,0,0,0,0
"파워링크","# BAM_PC",키큰남자-주력,키큰남자오버핏,PC,1,0,0,0,1,0,0,0,0
"파워링크","# BAM_PC",키큰남자-주력,키큰남자옷,PC,33,4,880,"3,520",3.9,3.75,42.25,0,0
"파워링크","# BAM_PC",키큰남자-주력,키큰남자옷쇼핑몰,PC,11,2,"1,342","2,684",1.8,1.5,5.5,0,0
"파워링크","# BAM_PC",키큰남자-주력,키큰남자의류쇼핑몰,PC,1,1,77,77,2,5,54,0,0
"파워링크","# BAM_PC",키큰남자-주력,키큰남자조거팬츠,PC,8,1,341,341,1.9,11,228,0,0
"파워링크","# BAM_PC",키큰남자-주력,키큰남자청바지,PC,30,1,572,572,2,3,6,0,0
"파워링크","# BAM_PC",키큰남자-주력,키큰남자코디,PC,23,2,715,"1,430",1.1,3,47,0,0
"파워링크","# BAM_PC",키큰남자-주력,키큰남자코트,PC,22,5,497,"2,486",1,3.4,33,0,0
"파워링크","# BAM_PC",키큰남자-주력,키큰남자코트추천,PC,1,0,0,0,1,0,0,0,0
"파워링크","# BAM_PC",키큰남자-주력,키큰남자패션,PC,4,0,0,0,1.5,0,0,0,0
"파워링크","# BAM_PC",키큰남자-주력,키큰남자패션추천,PC,1,0,0,0,2,0,0,0,0
"파워링크","# BAM_MO",쇼핑몰,-,모바일,362,48,81,"3,894",2,4.26,70,6,"133,704"
"파워링크","# BAM_MO",쇼핑몰,10대남자쇼핑몰,모바일,4,0,0,0,23.8,0,0,0,0
"파워링크","# BAM_MO",쇼핑몰,10대남자옷쇼핑몰,모바일,4,0,0,0,21.3,0,0,0,0
"파워링크","# BAM_MO",쇼핑몰,180남자쇼핑몰,모바일,39,4,349,"1,397",2.8,1.5,4.75,0,0
"파워링크","# BAM_MO",쇼핑몰,180쇼핑몰,모바일,46,5,326,"1,628",2.9,2,6.14,0,0
"파워링크","# BAM_MO",쇼핑몰,185쇼핑몰,모바일,23,6,589,"3,531",1.6,2.08,16,0,0
"파워링크","# BAM_MO",쇼핑몰,190남자쇼핑몰,모바일,39,11,77,847,2,1.28,2.67,0,0
"파워링크","# BAM_MO",쇼핑몰,190쇼핑몰,모바일,77,17,377,"6,413",1.8,2.08,32.04,0,0
"파워링크","# BAM_MO",쇼핑몰,20대남성쇼핑몰,모바일,4,0,0,0,33.5,0,0,0,0
"파워링크","# BAM_MO",쇼핑몰,20대남성옷쇼핑몰,모바일,7,0,0,0,6.9,0,0,0,0
"파워링크","# BAM_MO",쇼핑몰,20대남성의류,모바일,2,0,0,0,28.5,0,0,0,0
"파워링크","# BAM_MO",쇼핑몰,20대남성의류브랜드,모바일,2,0,0,0,6,0,0,0,0
"파워링크","# BAM_MO",쇼핑몰,20대남성의류쇼핑몰,모바일,14,0,0,0,11.1,0,0,0,0
"파워링크","# BAM_MO",쇼핑몰,20대남자쇼핑,모바일,2,0,0,0,9.5,0,0,0,0
"파워링크","# BAM_MO",쇼핑몰,20대남자쇼핑몰,모바일,5,0,0,0,79.2,0,0,0,0
"파워링크","# BAM_MO",쇼핑몰,20대남자쇼핑몰순위,모바일,5,0,0,0,26.4,0,0,0,0
"파워링크","# BAM_MO",쇼핑몰,20대남자쇼핑몰추천,모바일,1,0,0,0,14,0,0,0,0
"파워링크","# BAM_MO",쇼핑몰,20대남자옷브랜드,모바일,1,0,0,0,21,0,0,0,0
"파워링크","# BAM_MO",쇼핑몰,20대남자옷사이트,모바일,1,0,0,0,15,0,0,0,0
"파워링크","# BAM_MO",쇼핑몰,20대남자옷쇼핑몰,모바일,27,0,0,0,31.3,0,0,0,0
"파워링크","# BAM_MO",쇼핑몰,30대남성쇼핑몰,모바일,9,0,0,0,44.8,0,0,0,0
"파워링크","# BAM_MO",쇼핑몰,30대남성옷쇼핑몰,모바일,1,0,0,0,14,0,0,0,0
"파워링크","# BAM_MO",쇼핑몰,30대남성의류,모바일,1,0,0,0,36,0,0,0,0
"파워링크","# BAM_MO",쇼핑몰,30대남성의류쇼핑몰,모바일,1,0,0,0,24,0,0,0,0
"파워링크","# BAM_MO",쇼핑몰,30대남자쇼핑몰,모바일,9,0,0,0,71.3,0,0,0,0
"파워링크","# BAM_MO",쇼핑몰,30대남자쇼핑몰순위,모바일,23,0,0,0,28.2,0,0,0,0
"파워링크","# BAM_MO",쇼핑몰,30대남자옷쇼핑몰,모바일,14,0,0,0,38.2,0,0,0,0
"파워링크","# BAM_MO",쇼핑몰,깔끔한남자쇼핑몰,모바일,2,0,0,0,11.5,0,0,0,0
"파워링크","# BAM_MO",쇼핑몰,남성댄디룩,모바일,4,0,0,0,12,0,0,0,0
"파워링크","# BAM_MO",쇼핑몰,남성바지쇼핑몰,모바일,3,0,0,0,17.7,0,0,0,0
"파워링크","# BAM_MO",쇼핑몰,남성보세쇼핑몰,모바일,8,0,0,0,13.1,0,0,0,0
"파워링크","# BAM_MO",쇼핑몰,남성복브랜드,모바일,11,0,0,0,16.5,0,0,0,0
"파워링크","# BAM_MO",쇼핑몰,남성복사이트,모바일,6,0,0,0,12.8,0,0,0,0
"파워링크","# BAM_MO",쇼핑몰,남성복쇼핑몰,모바일,9,0,0,0,34.9,0,0,0,0
"파워링크","# BAM_MO",쇼핑몰,남성복쇼핑몰순위,모바일,7,0,0,0,8.9,0,0,0,0
"파워링크","# BAM_MO",쇼핑몰,남성쇼핑,모바일,4,0,0,0,12.3,0,0,0,0
"파워링크","# BAM_MO",쇼핑몰,남성쇼핑몰,모바일,12,1,77,77,90.2,0,0,0,0
"파워링크","# BAM_MO",쇼핑몰,남성쇼핑몰순위,모바일,8,0,0,0,33.1,0,0,0,0
"파워링크","# BAM_MO",쇼핑몰,남성쇼핑몰추천,모바일,3,0,0,0,21.7,0,0,0,0
"파워링크","# BAM_MO",쇼핑몰,남성온라인쇼핑몰,모바일,1,0,0,0,15,0,0,0,0
"파워링크","# BAM_MO",쇼핑몰,남성옷브랜드,모바일,4,0,0,0,24.3,0,0,0,0
"파워링크","# BAM_MO",쇼핑몰,남성옷사이트,모바일,4,0,0,0,27.5,0,0,0,0
"파워링크","# BAM_MO",쇼핑몰,남성옷쇼핑,모바일,4,0,0,0,12.3,0,0,0,0
"파워링크","# BAM_MO",쇼핑몰,남성옷쇼핑몰,모바일,11,0,0,0,67.3,0,0,0,0
"파워링크","# BAM_MO",쇼핑몰,남성옷쇼핑몰순위,모바일,3,0,0,0,11.7,0,0,0,0
"파워링크","# BAM_MO",쇼핑몰,남성의류,모바일,21,1,110,110,44.5,1,0,0,0
"파워링크","# BAM_MO",쇼핑몰,남성의류브랜드,모바일,5,0,0,0,18.2,0,0,0,0
"파워링크","# BAM_MO",쇼핑몰,남성의류사이트,모바일,2,0,0,0,22,0,0,0,0
"파워링크","# BAM_MO",쇼핑몰,남성의류쇼핑몰,모바일,3,0,0,0,55.3,0,0,0,0
"파워링크","# BAM_MO",쇼핑몰,남성의류전문,모바일,2,0,0,0,3,0,0,0,0
"파워링크","# BAM_MO",쇼핑몰,남성인터넷쇼핑몰,모바일,3,0,0,0,13.7,0,0,0,0
"파워링크","# BAM_MO",쇼핑몰,남성전문쇼핑몰,모바일,1,0,0,0,14,0,0,0,0
"파워링크","# BAM_MO",쇼핑몰,남성전용쇼핑몰,모바일,1,0,0,0,15,0,0,0,0
"파워링크","# BAM_MO",쇼핑몰,남성캐주얼쇼핑몰,모바일,1,0,0,0,10,0,0,0,0
"파워링크","# BAM_MO",쇼핑몰,남성캐주얼의류,모바일,1,0,0,0,12,0,0,0,0
"파워링크","# BAM_MO",쇼핑몰,남성패션사이트,모바일,330,1,77,77,3.2,1,0,0,0
"파워링크","# BAM_MO",쇼핑몰,남성패션쇼핑몰,모바일,1,0,0,0,22,0,0,0,0
"파워링크","# BAM_MO",쇼핑몰,남자20대쇼핑몰,모바일,3,0,0,0,33.7,0,0,0,0
"파워링크","# BAM_MO",쇼핑몰,남자30대쇼핑몰,모바일,9,0,0,0,29.8,0,0,0,0
"파워링크","# BAM_MO",쇼핑몰,남자30대옷쇼핑몰,모바일,2,0,0,0,3.5,0,0,0,0
"파워링크","# BAM_MO",쇼핑몰,남자가성비쇼핑몰,모바일,5,0,0,0,15,0,0,0,0
"파워링크","# BAM_MO",쇼핑몰,남자당일배송쇼핑몰,모바일,13,1,77,77,11.5,1,0,0,0
"파워링크","# BAM_MO",쇼핑몰,남자대학생쇼핑몰,모바일,1,0,0,0,13,0,0,0,0
"파워링크","# BAM_MO",쇼핑몰,남자댄디룩쇼핑몰,모바일,4,0,0,0,5.5,0,0,0,0
"파워링크","# BAM_MO",쇼핑몰,남자댄디쇼핑몰,모바일,5,0,0,0,16.6,0,0,0,0
"파워링크","# BAM_MO",쇼핑몰,남자댄디스타일,모바일,7,0,0,0,13.4,0,0,0,0
"파워링크","# BAM_MO",쇼핑몰,남자데일리룩쇼핑몰,모바일,2,0,0,0,10,0,0,0,0
"파워링크","# BAM_MO",쇼핑몰,남자데일리쇼핑몰,모바일,1,0,0,0,8,0,0,0,0
"파워링크","# BAM_MO",쇼핑몰,남자모던쇼핑몰,모바일,1,0,0,0,7,0,0,0,0
"파워링크","# BAM_MO",쇼핑몰,남자바지쇼핑몰,모바일,5,0,0,0,27.8,0,0,0,0
"파워링크","# BAM_MO",쇼핑몰,남자보세사이트,모바일,15,1,77,77,9.1,1,0,0,0
"파워링크","# BAM_MO",쇼핑몰,남자보세쇼핑몰,모바일,5,0,0,0,29.6,0,0,0,0
"파워링크","# BAM_MO",쇼핑몰,남자보세옷사이트,모바일,6,1,77,77,10.5,1,0,0,0
"파워링크","# BAM_MO",쇼핑몰,남자브랜드쇼핑몰,모바일,4,0,0,0,9.5,0,0,0,0
"파워링크","# BAM_MO",쇼핑몰,남자쇼핑,모바일,3,0,0,0,16.3,0,0,0,0
"파워링크","# BAM_MO",쇼핑몰,남자쇼핑몰,모바일,188,4,110,440,74.4,1.43,3.29,0,0
"파워링크","# BAM_MO",쇼핑몰,남자쇼핑몰당일배송,모바일,4,0,0,0,8.8,0,0,0,0
"파워링크","# BAM_MO",쇼핑몰,남자쇼핑몰모음,모바일,1,0,0,0,13,0,0,0,0
"파워링크","# BAM_MO",쇼핑몰,남자쇼핑몰사이트,모바일,9,0,0,0,14.9,0,0,0,0
"파워링크","# BAM_MO",쇼핑몰,남자쇼핑몰순위,모바일,25,0,0,0,34.6,0,0,0,0
"파워링크","# BAM_MO",쇼핑몰,남자쇼핑몰추천,모바일,3,0,0,0,37.7,0,0,0,0
"파워링크","# BAM_MO",쇼핑몰,남자쇼핑물,모바일,2,0,0,0,13,0,0,0,0
"파워링크","# BAM_MO",쇼핑몰,남자오버핏사이트,모바일,5,0,0,0,10.2,0,0,0,0
"파워링크","# BAM_MO",쇼핑몰,남자온라인쇼핑몰,모바일,3,0,0,0,20,0,0,0,0
"파워링크","# BAM_MO",쇼핑몰,남자옷가게,모바일,8,0,0,0,23.9,0,0,0,0
"파워링크","# BAM_MO",쇼핑몰,남자옷당일배송,모바일,45,0,0,0,9,0,0,0,0
"파워링크","# BAM_MO",쇼핑몰,남자옷브랜드,모바일,7,0,0,0,29.3,0,0,0,0
"파워링크","# BAM_MO",쇼핑몰,남자옷사는곳,모바일,9,0,0,0,27.7,0,0,0,0
"파워링크","# BAM_MO",쇼핑몰,남자옷사이트,모바일,28,1,77,77,45.7,1,0,0,0
"파워링크","# BAM_MO",쇼핑몰,남자옷사이트추천,모바일,12,0,0,0,12.8,0,0,0,0
"파워링크","# BAM_MO",쇼핑몰,남자옷쇼핑,모바일,3,0,0,0,22.7,0,0,0,0
"파워링크","# BAM_MO",쇼핑몰,남자옷쇼핑몰,모바일,72,1,77,77,76.1,5.5,54.5,0,0
"파워링크","# BAM_MO",쇼핑몰,남자옷쇼핑몰순위,모바일,18,0,0,0,27.4,0,0,0,0
"파워링크","# BAM_MO",쇼핑몰,남자옷쇼핑몰추천,모바일,5,0,0,0,21.2,0,0,0,0
"파워링크","# BAM_MO",쇼핑몰,남자의류,모바일,6,0,0,0,43,0,0,0,0
"파워링크","# BAM_MO",쇼핑몰,남자의류쇼핑몰,모바일,7,0,0,0,38,0,0,0,0
"파워링크","# BAM_MO",쇼핑몰,남자인기쇼핑몰,모바일,6,0,0,0,11.2,0,0,0,0
"파워링크","# BAM_MO",쇼핑몰,남자인터넷쇼핑,모바일,3,0,0,0,3.7,0,0,0,0
"파워링크","# BAM_MO",쇼핑몰,남자인터넷쇼핑몰,모바일,4,0,0,0,23,0,0,0,0
"파워링크","# BAM_MO",쇼핑몰,남자자체제작쇼핑몰,모바일,3,0,0,0,13,0,0,0,0
"파워링크","# BAM_MO",쇼핑몰,남자직장인쇼핑몰,모바일,4,0,0,0,14,0,0,0,0
"파워링크","# BAM_MO",쇼핑몰,남자출근룩쇼핑몰,모바일,13,0,0,0,2.7,0,0,0,0
"파워링크","# BAM_MO",쇼핑몰,남자캐주얼쇼핑몰,모바일,4,0,0,0,16,0,0,0,0
"파워링크","# BAM_MO",쇼핑몰,남자코디사이트,모바일,5,1,77,77,21.2,4,39,0,0
"파워링크","# BAM_MO",쇼핑몰,남자코디쇼핑몰,모바일,2,0,0,0,24.5,0,0,0,0
"파워링크","# BAM_MO",쇼핑몰,남자코트쇼핑몰,모바일,2,0,0,0,19.5,0,0,0,0
"파워링크","# BAM_MO",쇼핑몰,남자패션사이트,모바일,4,0,0,0,12.3,0,0,0,0
"파워링크","# BAM_MO",쇼핑몰,남자패션쇼핑몰,모바일,2,0,0,0,16,0,0,0,0
"파워링크","# BAM_MO",쇼핑몰,남친룩쇼핑몰,모바일,18,0,0,0,22.2,0,0,0,0
"파워링크","# BAM_MO",쇼핑몰,다리긴남자쇼핑몰,모바일,21,12,103,"1,232",2,2.43,15.1,0,0
"파워링크","# BAM_MO",쇼핑몰,당일배송남자쇼핑몰,모바일,2,0,0,0,14,0,0,0,0
"파워링크","# BAM_MO",쇼핑몰,대학생쇼핑몰,모바일,1,0,0,0,12,0,0,0,0
"파워링크","# BAM_MO",쇼핑몰,댄디룩쇼핑몰,모바일,8,0,0,0,7.6,0,0,0,0
"파워링크","# BAM_MO",쇼핑몰,댄디쇼핑몰,모바일,9,0,0,0,6.1,0,0,0,0
"파워링크","# BAM_MO",쇼핑몰,롱다리쇼핑몰,모바일,3,0,0,0,14.3,0,0,0,0
"파워링크","# BAM_MO",쇼핑몰,마른남자쇼핑몰,모바일,4,0,0,0,22.8,0,0,0,0
"파워링크","# BAM_MO",쇼핑몰,몸좋은남자쇼핑몰,모바일,1,0,0,0,7,0,0,0,0
"파워링크","# BAM_MO",쇼핑몰,바지쇼핑몰,모바일,5,0,0,0,37.2,0,0,0,0
"파워링크","# BAM_MO",쇼핑몰,바지쇼핑몰추천,모바일,1,0,0,0,12,0,0,0,0
"파워링크","# BAM_MO",쇼핑몰,쇼핑몰,모바일,5,0,0,0,85.4,0,0,0,0
"파워링크","# BAM_MO",쇼핑몰,쇼핑몰남자,모바일,4,0,0,0,14.5,0,0,0,0
"파워링크","# BAM_MO",쇼핑몰,쇼핑몰순위,모바일,8,0,0,0,22,0,0,0,0
"파워링크","# BAM_MO",쇼핑몰,쇼핑물,모바일,5,0,0,0,16,0,0,0,0
"파워링크","# BAM_MO",쇼핑몰,오버핏쇼핑몰,모바일,4,0,0,0,21.8,0,0,0,0
"파워링크","# BAM_MO",쇼핑몰,옷쇼핑몰,모바일,2,0,0,0,56,0,0,0,0
"파워링크","# BAM_MO",쇼핑몰,옷쇼핑몰추천,모바일,2,0,0,0,10.5,0,0,0,0
"파워링크","# BAM_MO",쇼핑몰,의류쇼핑몰,모바일,6,0,0,0,58,0,0,0,0
"파워링크","# BAM_MO",쇼핑몰,인기있는남성쇼핑몰,모바일,6,0,0,0,21.2,0,0,0,0
"파워링크","# BAM_MO",쇼핑몰,인터넷쇼핑몰,모바일,1,0,0,0,70,0,0,0,0
"파워링크","# BAM_MO",쇼핑몰,인터넷옷쇼핑몰,모바일,3,0,0,0,10,0,0,0,0
"파워링크","# BAM_MO",쇼핑몰,자체제작남자쇼핑몰,모바일,2,0,0,0,5,0,0,0,0
"파워링크","# BAM_MO",쇼핑몰,캐쥬얼쇼핑몰,모바일,5,0,0,0,13,0,0,0,0
"파워링크","# BAM_MO",쇼핑몰,키180쇼핑몰,모바일,8,3,920,"2,761",1.1,1,0,0,0
"파워링크","# BAM_MO",쇼핑몰,키190쇼핑몰,모바일,28,11,377,"4,147",1,4.2,64.75,2,2
"파워링크","# BAM_MO",쇼핑몰,키작은남자쇼핑,모바일,12,0,0,0,11.3,0,0,0,0
"파워링크","# BAM_MO",쇼핑몰,키크고마른남자쇼핑몰,모바일,5,0,0,0,11.2,0,0,0,0
"파워링크","# BAM_MO",쇼핑몰,키큰사람쇼핑몰,모바일,35,9,408,"3,674",3.7,8,147.08,0,0
"파워링크","# BAM_MO",쇼핑몰,키큰쇼핑몰,모바일,123,9,318,"2,860",2,1.8,10.93,0,0
"파워링크","# BAM_MO",쇼핑몰,핸드메이드쇼핑몰,모바일,2,0,0,0,28.5,0,0,0,0
"파워링크","# BAM_MO",하의,-,모바일,488,74,175,"12,947",1.4,3.73,64.17,12,"145,010"
"파워링크","# BAM_MO",하의,20대남성바지,모바일,3,0,0,0,14,0,0,0,0
"파워링크","# BAM_MO",하의,검은바지,모바일,1,0,0,0,24,0,0,0,0
"파워링크","# BAM_MO",하의,검은색면바지,모바일,2,0,0,0,13,0,0,0,0
"파워링크","# BAM_MO",하의,검정색면바지,모바일,13,0,0,0,2.8,0,0,0,0
"파워링크","# BAM_MO",하의,검정일자바지,모바일,1,0,0,0,15,0,0,0,0
"파워링크","# BAM_MO",하의,고무줄면바지,모바일,1,0,0,0,16,0,0,0,0
"파워링크","# BAM_MO",하의,기본면바지,모바일,1,0,0,0,13,0,0,0,0
"파워링크","# BAM_MO",하의,기장긴바지,모바일,30,1,165,165,13.8,3,25,0,0
"파워링크","# BAM_MO",하의,기장긴슬랙스,모바일,2,0,0,0,9,0,0,0,0
"파워링크","# BAM_MO",하의,기장긴트레이닝바지,모바일,2,0,0,0,12.5,0,0,0,0
"파워링크","# BAM_MO",하의,기장이긴바지,모바일,8,2,77,154,3.3,5.5,65.5,0,0
"파워링크","# BAM_MO",하의,긴기장바지,모바일,2,0,0,0,12,0,0,0,0
"파워링크","# BAM_MO",하의,남성7부바지,모바일,1,0,0,0,15,0,0,0,0
"파워링크","# BAM_MO",하의,남성8부바지,모바일,1,0,0,0,14,0,0,0,0
"파워링크","# BAM_MO",하의,남성면바지,모바일,3,0,0,0,21.3,0,0,0,0
"파워링크","# BAM_MO",하의,남성면스판바지,모바일,1,0,0,0,14,0,0,0,0
"파워링크","# BAM_MO",하의,남성바지,모바일,5,0,0,0,63,0,0,0,0
"파워링크","# BAM_MO",하의,남성밴드바지,모바일,6,0,0,0,7.5,0,0,0,0
"파워링크","# BAM_MO",하의,남성밴딩바지,모바일,1,0,0,0,20,0,0,0,0
"파워링크","# BAM_MO",하의,남성슬랙스바지,모바일,1,0,0,0,22,0,0,0,0
"파워링크","# BAM_MO",하의,남성슬림면바지,모바일,1,0,0,0,14,0,0,0,0
"파워링크","# BAM_MO",하의,남성용면바지,모바일,3,0,0,0,7.7,0,0,0,0
"파워링크","# BAM_MO",하의,남성용바지,모바일,191,0,0,0,1.4,0,0,0,0
"파워링크","# BAM_MO",하의,남성일자면바지,모바일,3,0,0,0,8,0,0,0,0
"파워링크","# BAM_MO",하의,남성청바지,모바일,5,0,0,0,49.8,0,0,0,0
"파워링크","# BAM_MO",하의,남성치노팬츠,모바일,1,0,0,0,20,0,0,0,0
"파워링크","# BAM_MO",하의,남성카고바지,모바일,1,0,0,0,43,0,0,0,0
"파워링크","# BAM_MO",하의,남성캐주얼면바지,모바일,3,0,0,0,7.7,0,0,0,0
"파워링크","# BAM_MO",하의,남성캐쥬얼바지,모바일,1,0,0,0,14,0,0,0,0
"파워링크","# BAM_MO",하의,남성통바지,모바일,1,0,0,0,23,0,0,0,0
"파워링크","# BAM_MO",하의,남성트레이닝바지,모바일,1,0,0,0,53,0,0,0,0
"파워링크","# BAM_MO",하의,남성하의,모바일,11,0,0,0,3.2,0,0,0,0
"파워링크","# BAM_MO",하의,남성화이트진,모바일,130,1,77,77,2.8,7,130,0,0
"파워링크","# BAM_MO",하의,남성흰색면바지,모바일,1,0,0,0,12,0,0,0,0
"파워링크","# BAM_MO",하의,남성흰색바지,모바일,1,0,0,0,14,0,0,0,0
"파워링크","# BAM_MO",하의,남자30대바지,모바일,1,0,0,0,8,0,0,0,0
"파워링크","# BAM_MO",하의,남자8부바지,모바일,2,0,0,0,15,0,0,0,0
"파워링크","# BAM_MO",하의,남자9부,모바일,1,0,0,0,12,0,0,0,0
"파워링크","# BAM_MO",하의,남자9부면바지,모바일,1,0,0,0,15,0,0,0,0
"파워링크","# BAM_MO",하의,남자9부슬랙스,모바일,1,0,0,0,25,0,0,0,0
"파워링크","# BAM_MO",하의,남자검은면바지,모바일,1,0,0,0,14,0,0,0,0
"파워링크","# BAM_MO",하의,남자검정바지,모바일,"1,395",1,550,550,4.4,1,0,0,0
"파워링크","# BAM_MO",하의,남자검정색바지,모바일,1,0,0,0,11,0,0,0,0
"파워링크","# BAM_MO",하의,남자기본면바지,모바일,1,0,0,0,12,0,0,0,0
"파워링크","# BAM_MO",하의,남자기장긴바지,모바일,15,2,77,154,10.1,1,0,0,0
"파워링크","# BAM_MO",하의,남자긴바지,모바일,1,0,0,0,21,0,0,0,0
"파워링크","# BAM_MO",하의,남자긴청바지,모바일,1,0,0,0,12,0,0,0,0
"파워링크","# BAM_MO",하의,남자다리길어보이는청바지,모바일,12,0,0,0,2.4,0,0,0,0
"파워링크","# BAM_MO",하의,남자데일리바지,모바일,1,0,0,0,9,0,0,0,0
"파워링크","# BAM_MO",하의,남자롱다리바지,모바일,68,22,343,"7,546",1.4,5.34,88.94,6,"56,005"
"파워링크","# BAM_MO",하의,남자면바지,모바일,22,1,330,330,15.2,1,0,0,0
"파워링크","# BAM_MO",하의,남자면바지기장,모바일,8,0,0,0,2.8,0,0,0,0
"파워링크","# BAM_MO",하의,남자면바지추천,모바일,12,0,0,0,5.7,0,0,0,0
"파워링크","# BAM_MO",하의,남자면스판바지,모바일,1,0,0,0,15,0,0,0,0
"파워링크","# BAM_MO",하의,남자면조거팬츠,모바일,1,0,0,0,15,0,0,0,0
"파워링크","# BAM_MO",하의,남자바지,모바일,12,0,0,0,53.8,1.5,3.5,0,0
"파워링크","# BAM_MO",하의,남자바지사이즈,모바일,11,0,0,0,10.9,0,0,0,0
"파워링크","# BAM_MO",하의,남자바지사이트,모바일,9,0,0,0,7.9,0,0,0,0
"파워링크","# BAM_MO",하의,남자바지전문,모바일,1,0,0,0,6,0,0,0,0
"파워링크","# BAM_MO",하의,남자바지핏,모바일,2,0,0,0,8,0,0,0,0
"파워링크","# BAM_MO",하의,남자배바지,모바일,1,0,0,0,12,0,0,0,0
"파워링크","# BAM_MO",하의,남자밴딩슬랙스,모바일,5,0,0,0,27.4,0,0,0,0
"파워링크","# BAM_MO",하의,남자밴딩와이드팬츠,모바일,1,0,0,0,18,0,0,0,0
"파워링크","# BAM_MO",하의,남자밴딩조거팬츠,모바일,1,0,0,0,14,0,0,0,0
"파워링크","# BAM_MO",하의,남자밴딩치노팬츠,모바일,7,0,0,0,1,0,0,0,0
"파워링크","# BAM_MO",하의,남자밴딩카고바지,모바일,1,0,0,0,14,0,0,0,0
"파워링크","# BAM_MO",하의,남자밴딩팬츠,모바일,3,0,0,0,21,0,0,0,0
"파워링크","# BAM_MO",하의,남자보세바지,모바일,3,0,0,0,6.7,0,0,0,0
"파워링크","# BAM_MO",하의,남자부츠컷슬랙스,모바일,1,0,0,0,18,0,0,0,0
"파워링크","# BAM_MO",하의,남자스키니바지,모바일,2,0,0,0,9.5,0,0,0,0
"파워링크","# BAM_MO",하의,남자스트레이트팬츠,모바일,4,0,0,0,5.3,0,0,0,0
"파워링크","# BAM_MO",하의,남자스트링팬츠,모바일,2,0,0,0,7.5,0,0,0,0
"파워링크","# BAM_MO",하의,남자스판조거팬츠,모바일,1,0,0,0,13,0,0,0,0
"파워링크","# BAM_MO",하의,남자스판팬츠,모바일,2,0,0,0,11,0,0,0,0
"파워링크","# BAM_MO",하의,남자슬랙스,모바일,8,0,0,0,37.3,0,0,0,0
"파워링크","# BAM_MO",하의,남자슬렉스,모바일,2,0,0,0,26,0,0,0,0
"파워링크","# BAM_MO",하의,남자슬림슬랙스,모바일,1,0,0,0,13,0,0,0,0
"파워링크","# BAM_MO",하의,남자슬림조거팬츠,모바일,2,0,0,0,13,0,0,0,0
"파워링크","# BAM_MO",하의,남자슬림핏면바지,모바일,1,0,0,0,12,0,0,0,0
"파워링크","# BAM_MO",하의,남자아이보리바지,모바일,1,0,0,0,13,0,0,0,0
"파워링크","# BAM_MO",하의,남자오버핏바지,모바일,2,0,0,0,15,0,0,0,0
"파워링크","# BAM_MO",하의,남자와이드바지,모바일,1,0,0,0,39,0,0,0,0
"파워링크","# BAM_MO",하의,남자와이드밴딩슬랙스,모바일,1,0,0,0,10,0,0,0,0
"파워링크","# BAM_MO",하의,남자와이드팬츠,모바일,1,0,0,0,83,0,0,0,0
"파워링크","# BAM_MO",하의,남자와이드팬츠코디,모바일,6,0,0,0,5.8,0,0,0,0
"파워링크","# BAM_MO",하의,남자유행바지,모바일,3,0,0,0,9.7,0,0,0,0
"파워링크","# BAM_MO",하의,남자인생바지,모바일,13,0,0,0,3.2,0,0,0,0
"파워링크","# BAM_MO",하의,남자일자바지,모바일,2,0,0,0,30,0,0,0,0
"파워링크","# BAM_MO",하의,남자일자청바지,모바일,1,0,0,0,40,0,0,0,0
"파워링크","# BAM_MO",하의,남자일자핏바지,모바일,1,0,0,0,12,0,0,0,0
"파워링크","# BAM_MO",하의,남자조거,모바일,4,0,0,0,28.8,0,0,0,0
"파워링크","# BAM_MO",하의,남자조거바지,모바일,1,0,0,0,26,0,0,0,0
"파워링크","# BAM_MO",하의,남자조거팬츠,모바일,2,0,0,0,66,0,0,0,0
"파워링크","# BAM_MO",하의,남자청바지,모바일,59,0,0,0,9.9,0,0,0,0
"파워링크","# BAM_MO",하의,남자청바지추천,모바일,1,0,0,0,32,0,0,0,0
"파워링크","# BAM_MO",하의,남자카고,모바일,1,0,0,0,15,0,0,0,0
"파워링크","# BAM_MO",하의,남자카고바지,모바일,3,0,0,0,32,0,0,0,0
"파워링크","# BAM_MO",하의,남자카키바지,모바일,4,0,0,0,6.5,0,0,0,0
"파워링크","# BAM_MO",하의,남자캐주얼면바지,모바일,5,0,0,0,1.8,0,0,0,0
"파워링크","# BAM_MO",하의,남자캐쥬얼바지,모바일,1,0,0,0,15,0,0,0,0
"파워링크","# BAM_MO",하의,남자크롭팬츠,모바일,1,0,0,0,13,0,0,0,0
"파워링크","# BAM_MO",하의,남자투턱슬랙스,모바일,3,0,0,0,5.7,0,0,0,0
"파워링크","# BAM_MO",하의,남자트임바지,모바일,1,0,0,0,6,0,0,0,0
"파워링크","# BAM_MO",하의,남자패션바지,모바일,2,0,0,0,11.5,0,0,0,0
"파워링크","# BAM_MO",하의,남자팬츠,모바일,1,0,0,0,28,0,0,0,0
"파워링크","# BAM_MO",하의,남자플리츠바지,모바일,1,0,0,0,10,0,0,0,0
"파워링크","# BAM_MO",하의,남자플리츠팬츠,모바일,1,0,0,0,14,0,0,0,0
"파워링크","# BAM_MO",하의,남자하이웨스트,모바일,1,0,0,0,6,0,0,0,0
"파워링크","# BAM_MO",하의,남자하이웨스트슬랙스,모바일,2,0,0,0,7.5,0,0,0,0
"파워링크","# BAM_MO",하의,남자화이트면바지,모바일,1,0,0,0,8,0,0,0,0
"파워링크","# BAM_MO",하의,남자화이트바지,모바일,1,0,0,0,15,0,0,0,0
"파워링크","# BAM_MO",하의,남자화이트팬츠,모바일,2,0,0,0,14,0,0,0,0
"파워링크","# BAM_MO",하의,남자흰면바지,모바일,1,0,0,0,11,0,0,0,0
"파워링크","# BAM_MO",하의,남자흰바지,모바일,2,0,0,0,8,0,0,0,0
"파워링크","# BAM_MO",하의,남자흰색면바지,모바일,1,0,0,0,7,0,0,0,0
"파워링크","# BAM_MO",하의,다리긴남자바지,모바일,6,0,0,0,9.3,0,0,0,0
"파워링크","# BAM_MO",하의,다리긴바지,모바일,36,0,0,0,2.1,1,0,0,0
"파워링크","# BAM_MO",하의,데미지바지,모바일,1,0,0,0,14,0,0,0,0
"파워링크","# BAM_MO",하의,데일리슬랙스,모바일,1,0,0,0,15,0,0,0,0
"파워링크","# BAM_MO",하의,롱다리남자바지,모바일,17,4,77,308,2,3.13,31.13,2,2
"파워링크","# BAM_MO",하의,롱다리바지,모바일,35,1,132,132,5.3,5,42,0,0
"파워링크","# BAM_MO",하의,롱다리청바지,모바일,4,0,0,0,12.8,0,0,0,0
"파워링크","# BAM_MO",하의,면바지,모바일,4,0,0,0,12.8,0,0,0,0
"파워링크","# BAM_MO",하의,바지사이트,모바일,3,0,0,0,20.7,0,0,0,0
"파워링크","# BAM_MO",하의,바지자체제작,모바일,2,0,0,0,5.5,0,0,0,0
"파워링크","# BAM_MO",하의,바지종류,모바일,1,0,0,0,12,0,0,0,0
"파워링크","# BAM_MO",하의,밴딩바지,모바일,1,0,0,0,50,0,0,0,0
"파워링크","# BAM_MO",하의,밴딩조거,모바일,2,0,0,0,9,0,0,0,0
"파워링크","# BAM_MO",하의,밴딩치노팬츠,모바일,6,0,0,0,7.5,0,0,0,0
"파워링크","# BAM_MO",하의,베이지면바지,모바일,2,0,0,0,11,0,0,0,0
"파워링크","# BAM_MO",하의,베이지색면바지,모바일,1,0,0,0,13,0,0,0,0
"파워링크","# BAM_MO",하의,베이지치노팬츠,모바일,2,0,0,0,12.5,0,0,0,0
"파워링크","# BAM_MO",하의,베이직면바지,모바일,1,0,0,0,6,0,0,0,0
"파워링크","# BAM_MO",하의,블랙일자바지,모바일,2,0,0,0,12.5,0,0,0,0
"파워링크","# BAM_MO",하의,슬림조거팬츠,모바일,1,0,0,0,9,0,0,0,0
"파워링크","# BAM_MO",하의,인생바지,모바일,"1,124",1,220,220,1.1,0,0,0,0
"파워링크","# BAM_MO",하의,인생팬츠,모바일,11,0,0,0,2.4,0,0,0,0
"파워링크","# BAM_MO",하의,일자면바지,모바일,7,0,0,0,6.9,0,0,0,0
"파워링크","# BAM_MO",하의,조거팬츠,모바일,2,0,0,0,94,0,0,0,0
"파워링크","# BAM_MO",하의,출근용바지,모바일,5,0,0,0,2.4,0,0,0,0
"파워링크","# BAM_MO",하의,출퇴근바지,모바일,1,0,0,0,10,0,0,0,0
"파워링크","# BAM_MO",하의,치노바지,모바일,6,0,0,0,6.7,0,0,0,0
"파워링크","# BAM_MO",하의,카고바지,모바일,6,0,0,0,26,0,0,0,0
"파워링크","# BAM_MO",하의,카고조거바지,모바일,1,0,0,0,15,0,0,0,0
"파워링크","# BAM_MO",하의,카고조거팬츠,모바일,21,0,0,0,28.4,0,0,0,0
"파워링크","# BAM_MO",하의,카고팬츠,모바일,5,2,220,440,27.8,1.33,1.67,0,0
"파워링크","# BAM_MO",하의,키큰바지,모바일,2,0,0,0,11.5,0,0,0,0
"파워링크","# BAM_MO",하의,키큰사람바지,모바일,101,27,527,"14,223",2.8,4.21,75.54,0,0
"파워링크","# BAM_MO",하의,편한바지,모바일,1,0,0,0,51,0,0,0,0
"파워링크","# BAM_MO",하의,핀턱바지,모바일,62,0,0,0,1.7,0,0,0,0
"파워링크","# BAM_MO",하의,허리고무줄바지,모바일,2,0,0,0,12,0,0,0,0
"파워링크","# BAM_MO",하의,허리밴딩면바지,모바일,1,0,0,0,13,0,0,0,0
"파워링크","# BAM_MO",하의,허리밴딩바지,모바일,1,0,0,0,24,0,0,0,0
"파워링크","# BAM_MO",하의,흰바지,모바일,8,0,0,0,5.8,0,0,0,0
"파워링크","# BAM_MO",기타,-,모바일,258,49,75,"3,685",1.7,6.17,116.26,24,"126,241"
"파워링크","# BAM_MO",기타,10대남자옷,모바일,2,0,0,0,16,0,0,0,0
"파워링크","# BAM_MO",기타,10대남친룩,모바일,4,0,0,0,1,0,0,0,0
"파워링크","# BAM_MO",기타,10대옷,모바일,4,0,0,0,13.8,0,0,0,0
"파워링크","# BAM_MO",기타,180남자,모바일,10,1,77,77,3.9,1,0,0,0
"파워링크","# BAM_MO",기타,189시리즈,모바일,176,64,117,"7,491",2,6.84,182.79,26,"232,123"
"파워링크","# BAM_MO",기타,190남자,모바일,2,0,0,0,4,0,0,0,0
"파워링크","# BAM_MO",기타,20대남성복,모바일,2,0,0,0,11.5,0,0,0,0
"파워링크","# BAM_MO",기타,20대남성옷,모바일,1,0,0,0,15,0,0,0,0
"파워링크","# BAM_MO",기타,20대남자,모바일,1,0,0,0,23,0,0,0,0
"파워링크","# BAM_MO",기타,20대남자겨울옷,모바일,3,0,0,0,13,0,0,0,0
"파워링크","# BAM_MO",기타,20대남자옷,모바일,1,0,0,0,35,0,0,0,0
"파워링크","# BAM_MO",기타,20대남자옷추천,모바일,9,0,0,0,5.4,0,0,0,0
"파워링크","# BAM_MO",기타,20대남자캐주얼,모바일,1,0,0,0,9,0,0,0,0
"파워링크","# BAM_MO",기타,20대남자코디,모바일,3,0,0,0,9.7,0,0,0,0
"파워링크","# BAM_MO",기타,20대남자패션,모바일,1,0,0,0,29,0,0,0,0
"파워링크","# BAM_MO",기타,20대남친룩,모바일,5,0,0,0,11.8,0,0,0,0
"파워링크","# BAM_MO",기타,30대남성복,모바일,7,0,0,0,8,0,0,0,0
"파워링크","# BAM_MO",기타,30대남자겨울옷,모바일,11,0,0,0,13.8,0,0,0,0
"파워링크","# BAM_MO",기타,30대남자데이트룩,모바일,1,0,0,0,6,0,0,0,0
"파워링크","# BAM_MO",기타,30대남자데일리룩,모바일,2,0,0,0,14,0,0,0,0
"파워링크","# BAM_MO",기타,30대남자옷,모바일,6,0,0,0,23.7,0,0,0,0
"파워링크","# BAM_MO",기타,30대남자캐주얼,모바일,1,0,0,0,8,0,0,0,0
"파워링크","# BAM_MO",기타,30대남자코디,모바일,2,0,0,0,39.5,0,0,0,0
"파워링크","# BAM_MO",기타,30대남친룩,모바일,1,0,0,0,8,0,0,0,0
"파워링크","# BAM_MO",기타,30대패션,모바일,1,0,0,0,19,0,0,0,0
"파워링크","# BAM_MO",기타,WAKY,모바일,32,0,0,0,2,0,0,0,0
"파워링크","# BAM_MO",기타,가을남자,모바일,12,0,0,0,3,0,0,0,0
"파워링크","# BAM_MO",기타,가을남자옷코디,모바일,1,0,0,0,9,0,0,0,0
"파워링크","# BAM_MO",기타,겨울남자옷,모바일,2,0,0,0,25.5,0,0,0,0
"파워링크","# BAM_MO",기타,겨울남자패션,모바일,1,0,0,0,14,0,0,0,0
"파워링크","# BAM_MO",기타,남사친룩,모바일,1,0,0,0,4,0,0,0,0
"파워링크","# BAM_MO",기타,남성데일리룩,모바일,2,0,0,0,18,0,0,0,0
"파워링크","# BAM_MO",기타,남성복,모바일,"5,200",5,143,715,2.1,3,29.5,0,0
"파워링크","# BAM_MO",기타,남성비즈니스캐주얼,모바일,159,2,77,154,3.1,1.6,8.4,0,0
"파워링크","# BAM_MO",기타,남성오버핏,모바일,1,0,0,0,25,0,0,0,0
"파워링크","# BAM_MO",기타,남성옷,모바일,4,0,0,0,46,0,0,0,0
"파워링크","# BAM_MO",기타,남성옷추천,모바일,1,0,0,0,5,0,0,0,0
"파워링크","# BAM_MO",기타,남성의류순위,모바일,2,0,0,0,12,0,0,0,0
"파워링크","# BAM_MO",기타,남성캐주얼,모바일,"1,390",1,209,209,1.7,0,0,0,0
"파워링크","# BAM_MO",기타,남성캐쥬얼,모바일,1,0,0,0,23,0,0,0,0
"파워링크","# BAM_MO",기타,남성코디,모바일,1,0,0,0,29,0,0,0,0
"파워링크","# BAM_MO",기타,남성패션,모바일,6,0,0,0,41.3,0,0,0,0
"파워링크","# BAM_MO",기타,남성편한옷,모바일,1,0,0,0,7,0,0,0,0
"파워링크","# BAM_MO",기타,남성하객룩,모바일,1,0,0,0,14,0,0,0,0
"파워링크","# BAM_MO",기타,남자10대옷,모바일,5,0,0,0,2.2,0,0,0,0
"파워링크","# BAM_MO",기타,남자185,모바일,6,0,0,0,3.3,0,0,0,0
"파워링크","# BAM_MO",기타,남자190,모바일,25,1,77,77,1.8,1,0,0,0
"파워링크","# BAM_MO",기타,남자20대옷,모바일,4,0,0,0,18.8,0,0,0,0
"파워링크","# BAM_MO",기타,남자30대옷,모바일,2,0,0,0,20,0,0,0,0
"파워링크","# BAM_MO",기타,남자가을룩,모바일,1,0,0,0,12,0,0,0,0
"파워링크","# BAM_MO",기타,남자가을신상,모바일,1,0,0,0,13,0,0,0,0
"파워링크","# BAM_MO",기타,남자가을코디,모바일,1,0,0,0,38,0,0,0,0
"파워링크","# BAM_MO",기타,남자겨울코디,모바일,8,0,0,0,39.5,0,0,0,0
"파워링크","# BAM_MO",기타,남자깔끔한룩,모바일,6,0,0,0,3,0,0,0,0
"파워링크","# BAM_MO",기타,남자댄디룩,모바일,1,0,0,0,22,0,0,0,0
"파워링크","# BAM_MO",기타,남자데이트룩,모바일,1,0,0,0,28,0,0,0,0
"파워링크","# BAM_MO",기타,남자데일리룩,모바일,2,0,0,0,43,0,0,0,0
"파워링크","# BAM_MO",기타,남자라지사이즈,모바일,1,0,0,0,8,0,0,0,0
"파워링크","# BAM_MO",기타,남자룩,모바일,1,0,0,0,13,0,0,0,0
"파워링크","# BAM_MO",기타,남자면접복장,모바일,1,0,0,0,22,0,0,0,0
"파워링크","# BAM_MO",기타,남자모델옷,모바일,4,0,0,0,1.5,0,0,0,0
"파워링크","# BAM_MO",기타,남자보세,모바일,9,0,0,0,25.9,0,0,0,0
"파워링크","# BAM_MO",기타,남자소개팅옷,모바일,1,0,0,0,15,0,0,0,0
"파워링크","# BAM_MO",기타,남자스트레이트핏,모바일,1,0,0,0,3,0,0,0,0
"파워링크","# BAM_MO",기타,남자오버사이즈,모바일,3,0,0,0,19,0,0,0,0
"파워링크","# BAM_MO",기타,남자오피스룩,모바일,2,0,0,0,26,0,0,0,0
"파워링크","# BAM_MO",기타,남자옷,모바일,"6,484",15,309,"4,642",2.9,1.8,5.53,0,0
"파워링크","# BAM_MO",기타,남자옷코디,모바일,19,0,0,0,23.8,0,0,0,0
"파워링크","# BAM_MO",기타,남자유행패션,모바일,4,0,0,0,9.8,0,0,0,0
"파워링크","# BAM_MO",기타,남자자체제작,모바일,6,0,0,0,11.3,0,0,0,0
"파워링크","# BAM_MO",기타,남자출근룩,모바일,2,0,0,0,26,0,0,0,0
"파워링크","# BAM_MO",기타,남자캐주얼,모바일,21,0,0,0,9.1,0,0,0,0
"파워링크","# BAM_MO",기타,남자캐주얼룩,모바일,1,0,0,0,28,0,0,0,0
"파워링크","# BAM_MO",기타,남자캐주얼옷,모바일,2,0,0,0,17.5,0,0,0,0
"파워링크","# BAM_MO",기타,남자캐쥬얼패션,모바일,3,0,0,0,6.7,0,0,0,0
"파워링크","# BAM_MO",기타,남자큰옷,모바일,16,2,187,374,21.9,4.67,43.67,0,0
"파워링크","# BAM_MO",기타,남자터틀넥,모바일,1,0,0,0,18,0,0,0,0
"파워링크","# BAM_MO",기타,남자패션,모바일,2,0,0,0,53,0,0,0,0
"파워링크","# BAM_MO",기타,남자편한옷,모바일,3,0,0,0,13,0,0,0,0
"파워링크","# BAM_MO",기타,남자하객룩,모바일,1,0,0,0,29,0,0,0,0
"파워링크","# BAM_MO",기타,남자핸드메이드자켓,모바일,2,0,0,0,8,0,0,0,0
"파워링크","# BAM_MO",기타,남친데이트룩,모바일,1,0,0,0,8,0,0,0,0
"파워링크","# BAM_MO",기타,남친룩,모바일,7,0,0,0,27.1,0,0,0,0
"파워링크","# BAM_MO",기타,남학생옷,모바일,4,0,0,0,12,0,0,0,0
"파워링크","# BAM_MO",기타,다리긴남자,모바일,36,4,206,825,1.4,1.83,10.17,0,0
"파워링크","# BAM_MO",기타,댄디룩,모바일,6,0,0,0,23.2,0,0,0,0
"파워링크","# BAM_MO",기타,댄디스타일,모바일,4,0,0,0,15.3,0,0,0,0
"파워링크","# BAM_MO",기타,데일리룩,모바일,"1,249",4,217,869,6.8,1,0,0,0
"파워링크","# BAM_MO",기타,데일리룩남자,모바일,1,0,0,0,8,0,0,0,0
"파워링크","# BAM_MO",기타,데일리코디,모바일,1,0,0,0,15,0,0,0,0
"파워링크","# BAM_MO",기타,데일리패션,모바일,8,0,0,0,3.4,0,0,0,0
"파워링크","# BAM_MO",기타,도깨비공유옷,모바일,88,0,0,0,2.7,0,0,0,0
"파워링크","# BAM_MO",기타,롱다리,모바일,"1,686",5,224,"1,122",2,1,0,0,0
"파워링크","# BAM_MO",기타,마른남자,모바일,1,0,0,0,21,0,0,0,0
"파워링크","# BAM_MO",기타,멋진남자옷,모바일,19,0,0,0,1.6,0,0,0,0
"파워링크","# BAM_MO",기타,어깨넓은남자,모바일,1,0,0,0,10,0,0,0,0
"파워링크","# BAM_MO",기타,오까네,모바일,20,0,0,0,30.6,0,0,0,0
"파워링크","# BAM_MO",기타,오카네,모바일,2,0,0,0,18,0,0,0,0
"파워링크","# BAM_MO",기타,옷사이트,모바일,18,0,0,0,19.4,0,0,0,0
"파워링크","# BAM_MO",기타,요즘남자패션,모바일,1,0,0,0,22,0,0,0,0
"파워링크","# BAM_MO",기타,캐주얼남자,모바일,2,0,0,0,13.5,0,0,0,0
"파워링크","# BAM_MO",기타,캐주얼남자옷,모바일,4,0,0,0,4,0,0,0,0
"파워링크","# BAM_MO",기타,코디추천,모바일,3,0,0,0,14,0,0,0,0
"파워링크","# BAM_MO",기타,키190옷,모바일,17,4,66,264,1.9,2.4,6,0,0
"파워링크","# BAM_MO",기타,키크고마른남자,모바일,18,1,77,77,4,7,33,0,0
"파워링크","# BAM_MO",기타,키큰,모바일,299,0,0,0,2.9,0,0,0,0
"파워링크","# BAM_MO",기타,키큰남,모바일,2,0,0,0,10.5,0,0,0,0
"파워링크","# BAM_MO",기타,키큰사람옷,모바일,3,0,0,0,9,0,0,0,0
"파워링크","# BAM_MO",기타,키큰옷,모바일,2,0,0,0,10,0,0,0,0
"파워링크","# BAM_MO",기타,패션남자,모바일,1,0,0,0,5,0,0,0,0
"파워링크","# BAM_MO",기타,편한남자옷,모바일,6,0,0,0,1.5,0,0,0,0
"파워링크","# BAM_MO",키큰남자-주력,-,모바일,277,24,130,"3,124",1.9,3.59,62.93,2,2
"파워링크","# BAM_MO",키큰남자-주력,키큰남자,모바일,84,6,378,"2,266",4.5,6.6,146.7,1,1
"파워링크","# BAM_MO",키큰남자-주력,키큰남자겨울바지,모바일,43,11,300,"3,300",1,2.14,18.43,1,1
"파워링크","# BAM_MO",키큰남자-주력,키큰남자겨울옷,모바일,3,1,99,99,1,1,0,0,0
"파워링크","# BAM_MO",키큰남자-주력,키큰남자겨울코디,모바일,5,0,0,0,1,0,0,0,0
"파워링크","# BAM_MO",키큰남자-주력,키큰남자겨울코트,모바일,1,0,0,0,2,0,0,0,0
"파워링크","# BAM_MO",키큰남자-주력,키큰남자니트,모바일,14,1,374,374,1,0,0,0,0
"파워링크","# BAM_MO",키큰남자-주력,키큰남자니트쇼핑몰,모바일,1,0,0,0,1,0,0,0,0
"파워링크","# BAM_MO",키큰남자-주력,키큰남자롱코트,모바일,76,12,943,"11,319",1,2.8,43,0,0
"파워링크","# BAM_MO",키큰남자-주력,키큰남자룩,모바일,1,0,0,0,3,0,0,0,0
"파워링크","# BAM_MO",키큰남자-주력,키큰남자맨투맨,모바일,8,1,495,495,1.9,1.5,5.5,0,0
"파워링크","# BAM_MO",키큰남자-주력,키큰남자면바지,모바일,8,0,0,0,2.6,0,0,0,0
"파워링크","# BAM_MO",키큰남자-주력,키큰남자바지,모바일,"1,112",193,655,"126,423",1.9,3.05,38.24,15,"112,014"
"파워링크","# BAM_MO",키큰남자-주력,키큰남자바지쇼핑몰,모바일,10,1,66,66,1,1,0,0,0
"파워링크","# BAM_MO",키큰남자-주력,키큰남자바지추천,모바일,11,0,0,0,1,0,0,0,0
"파워링크","# BAM_MO",키큰남자-주력,키큰남자브랜드,모바일,23,2,314,627,2.4,10.33,159.67,3,3
"파워링크","# BAM_MO",키큰남자-주력,키큰남자상의,모바일,2,0,0,0,2,0,0,0,0
"파워링크","# BAM_MO",키큰남자-주력,키큰남자셔츠,모바일,1,0,0,0,2,0,0,0,0
"파워링크","# BAM_MO",키큰남자-주력,키큰남자쇼핑몰,모바일,"4,379",848,354,"300,069",4.3,3.53,51.89,118,"851,208"
"파워링크","# BAM_MO",키큰남자-주력,키큰남자쇼핑몰추천,모바일,8,1,363,363,2,0,0,0,0
"파워링크","# BAM_MO",키큰남자-주력,키큰남자슬랙스,모바일,45,6,"1,073","6,435",1.5,2.75,168,0,0
"파워링크","# BAM_MO",키큰남자-주력,키큰남자아우터,모바일,5,0,0,0,2,0,0,0,0
"파워링크","# BAM_MO",키큰남자-주력,키큰남자여름옷,모바일,2,0,0,0,2.5,0,0,0,0
"파워링크","# BAM_MO",키큰남자-주력,키큰남자오버핏,모바일,2,0,0,0,1,0,0,0,0
"파워링크","# BAM_MO",키큰남자-주력,키큰남자오버핏상의,모바일,286,4,77,308,2.7,3.75,33,0,0
"파워링크","# BAM_MO",키큰남자-주력,키큰남자옷,모바일,106,29,661,"19,173",3.9,3.62,47.11,8,8
"파워링크","# BAM_MO",키큰남자-주력,키큰남자옷쇼핑몰,모바일,28,2,495,990,2.8,2,55.67,0,0
"파워링크","# BAM_MO",키큰남자-주력,키큰남자의류쇼핑몰,모바일,2,0,0,0,3,0,0,0,0
"파워링크","# BAM_MO",키큰남자-주력,키큰남자자켓,모바일,1,0,0,0,3,0,0,0,0
"파워링크","# BAM_MO",키큰남자-주력,키큰남자조거팬츠,모바일,46,6,180,"1,078",3.5,1.89,26.78,0,0
"파워링크","# BAM_MO",키큰남자-주력,키큰남자청바지,모바일,146,35,"1,006","35,222",1.2,3.53,45.71,4,4
"파워링크","# BAM_MO",키큰남자-주력,키큰남자카고바지,모바일,2,0,0,0,1,0,0,0,0
"파워링크","# BAM_MO",키큰남자-주력,키큰남자카고팬츠,모바일,2,1,77,77,3,1,0,0,0
"파워링크","# BAM_MO",키큰남자-주력,키큰남자코디,모바일,57,7,960,"6,721",1.4,2.38,22.23,0,0
"파워링크","# BAM_MO",키큰남자-주력,키큰남자코디쇼핑몰,모바일,1,0,0,0,3,0,0,0,0
"파워링크","# BAM_MO",키큰남자-주력,키큰남자코트,모바일,122,21,360,"7,557",1,3.41,107.62,5,"86,704"
"파워링크","# BAM_MO",키큰남자-주력,키큰남자코트쇼핑몰,모바일,3,0,0,0,2,0,0,0,0
"파워링크","# BAM_MO",키큰남자-주력,키큰남자코트추천,모바일,2,0,0,0,1,0,0,0,0
"파워링크","# BAM_MO",키큰남자-주력,키큰남자티셔츠,모바일,1,0,0,0,3,0,0,0,0
"파워링크","# BAM_MO",키큰남자-주력,키큰남자패션,모바일,10,0,0,0,2,0,0,0,0
"파워링크","# BAM_MO",키큰남자-주력,키큰남자패션추천,모바일,1,0,0,0,3,0,0,0,0
"쇼핑검색",TEST 키큰남자 주력,TEST 바지,-,PC,826,2,83,165,8.7,1,0,0,0
"쇼핑검색",TEST 키큰남자 주력,TEST 바지,-,모바일,"74,799",26,95,"2,464",22.5,1.65,16.03,1,"112,000"
"쇼핑검색",TEST 키큰남자 주력,TEST 상의,-,PC,"1,752",0,0,0,9.5,2,1,0,0
"쇼핑검색",TEST 키큰남자 주력,TEST 상의,-,모바일,"456,666",16,184,"2,937",13,1.53,7.68,0,0
