﻿"파워링크보고서(2024.12.01.~2024.12.31.),kjss2106:naver"
"캠페인유형",캠페인,광고그룹,키워드,PC/모바일 매체,노출수,클릭수,"평균클릭비용(VAT포함,원)","총비용(VAT포함,원)",평균노출순위,방문당 평균페이지뷰,방문당 평균체류시간(초),전환수,전환매출액(원)
"파워링크",인버터 파워링크,인버터 검색어,-,PC,2,0,0,0,1,0,0,0,0
"파워링크",인버터 파워링크,인버터 검색어,VVVF,PC,"4,161",3,825,"2,475",1.3,1,0,0,0
"파워링크",인버터 파워링크,인버터 검색어,VVVF,모바일,"22,228",2,176,352,1.7,1,0,0,0
"파워링크",인버터 파워링크,인버터 검색어,범용인버터,PC,3,0,0,0,1.7,0,0,0,0
"파워링크",인버터 파워링크,인버터 검색어,범용인버터,모바일,5,0,0,0,1,0,0,0,0
"파워링크",인버터 파워링크,인버터 검색어,산업용인버터,PC,42,2,"1,122","2,244",4.8,1.33,27.33,0,0
"파워링크",인버터 파워링크,인버터 검색어,산업용인버터,모바일,80,1,484,484,2.9,1,0,0,0
"파워링크",인버터 파워링크,코드시스 통신,CODESYS,PC,90,0,0,0,2.3,1,0,0,0
"파워링크",인버터 파워링크,코드시스 통신,CODESYS,모바일,103,0,0,0,1.7,0,0,0,0
"파워링크",인버터 파워링크,코드시스 통신,ETHERCAT통신,PC,11,0,0,0,1,0,0,0,0
"파워링크",인버터 파워링크,코드시스 통신,이더캣통신,PC,10,0,0,0,1.8,0,0,0,0
"파워링크",인버터 파워링크,코드시스 통신,이더캣통신,모바일,6,0,0,0,1,0,0,0,0
"파워링크",인버터 파워링크,코드시스 통신,인버터통신,PC,27,0,0,0,1.3,0,0,0,0
"파워링크",인버터 파워링크,코드시스 통신,인버터통신,모바일,50,1,88,88,1.9,1,0,0,0
"파워링크","#01. 한국제이에스씨스텍",진제 서보모터,-,PC,30,1,77,77,1.5,1,0,0,0
"파워링크","#01. 한국제이에스씨스텍",진제 서보모터,-,모바일,17,2,220,440,1.2,1,0,0,0
"파워링크","#01. 한국제이에스씨스텍",진제 서보모터,AC서보,PC,11,0,0,0,1.4,0,0,0,0
"파워링크","#01. 한국제이에스씨스텍",진제 서보모터,AC서보,모바일,8,0,0,0,1.4,0,0,0,0
"파워링크","#01. 한국제이에스씨스텍",진제 서보모터,AC서보모터,PC,49,1,902,902,2.3,1,0,0,0
"파워링크","#01. 한국제이에스씨스텍",진제 서보모터,AC서보모터,모바일,16,0,0,0,1.6,0,0,0,0
"파워링크","#01. 한국제이에스씨스텍",진제 서보모터,DC서보,PC,24,1,77,77,3.2,1,0,0,0
"파워링크","#01. 한국제이에스씨스텍",진제 서보모터,DC서보,모바일,3,0,0,0,4,0,0,0,0
"파워링크","#01. 한국제이에스씨스텍",진제 서보모터,DC서보드라이브,PC,24,0,0,0,1.8,0,0,0,0
"파워링크","#01. 한국제이에스씨스텍",진제 서보모터,DC서보드라이브,모바일,5,0,0,0,1.4,0,0,0,0
"파워링크","#01. 한국제이에스씨스텍",진제 서보모터,DC서보모터,PC,81,2,517,"1,034",4.4,1.75,136.75,0,0
"파워링크","#01. 한국제이에스씨스텍",진제 서보모터,DC서보모터,모바일,38,3,462,"1,386",1.7,1,0,0,0
"파워링크","#01. 한국제이에스씨스텍",진제 서보모터,ETHERCAT,PC,560,0,0,0,3,0,0,0,0
"파워링크","#01. 한국제이에스씨스텍",진제 서보모터,ETHERCAT,모바일,286,3,997,"2,992",1.2,2.43,16.86,0,0
"파워링크","#01. 한국제이에스씨스텍",진제 서보모터,MS6S,모바일,203,0,0,0,1.2,0,0,0,0
"파워링크","#01. 한국제이에스씨스텍",진제 서보모터,산업용서보모터,PC,2,0,0,0,1.5,0,0,0,0
"파워링크","#01. 한국제이에스씨스텍",진제 서보모터,산업용서보모터,모바일,2,0,0,0,2,0,0,0,0
"파워링크","#01. 한국제이에스씨스텍",진제 서보모터,서보,PC,"11,139",2,"1,766","3,531",1.5,1.67,4,0,0
"파워링크","#01. 한국제이에스씨스텍",진제 서보모터,서보,모바일,"4,935",9,"1,676","15,081",1,1,0,0,0
"파워링크","#01. 한국제이에스씨스텍",진제 서보모터,서보드라이버,PC,170,1,"1,331","1,331",2.6,2,7,0,0
"파워링크","#01. 한국제이에스씨스텍",진제 서보모터,서보드라이버,모바일,92,1,"1,287","1,287",2.4,1,0,0,0
"파워링크","#01. 한국제이에스씨스텍",진제 서보모터,서보드라이브,PC,404,4,"1,172","4,686",3.1,1,0,0,0
"파워링크","#01. 한국제이에스씨스텍",진제 서보모터,서보드라이브,모바일,239,1,"1,188","1,188",2.3,1.33,0,0,0
"파워링크","#01. 한국제이에스씨스텍",진제 서보모터,서보모터,PC,"1,931",4,"3,165","12,661",3.4,1.5,15.25,0,0
"파워링크","#01. 한국제이에스씨스텍",진제 서보모터,서보모터,모바일,"1,395",8,"3,273","26,180",2.3,1,0,0,0
"파워링크","#01. 한국제이에스씨스텍",진제 서보모터,서보이더켓,PC,1,0,0,0,1,0,0,0,0
"파워링크","#01. 한국제이에스씨스텍",진제 서보모터,서브모터,PC,296,4,"3,600","14,399",1,2.6,14.4,0,0
"파워링크","#01. 한국제이에스씨스텍",진제 서보모터,서브모터,모바일,345,6,810,"4,862",1,1,0,0,0
"파워링크","#01. 한국제이에스씨스텍",진제 서보모터,이더캣서보,모바일,4,0,0,0,3.5,0,0,0,0
"파워링크","#01. 한국제이에스씨스텍",진제 서보모터,이더켓서보,모바일,1,0,0,0,1,0,0,0,0
"파워링크","#01. 한국제이에스씨스텍",진제 서보모터,진제,모바일,3,0,0,0,1,0,0,0,0
"파워링크","#01. 한국제이에스씨스텍",중고제품,A2USCPU,PC,1,0,0,0,4,0,0,0,0
"파워링크","#01. 한국제이에스씨스텍",중고제품,CJ1W-OD211,PC,3,0,0,0,3,0,0,0,0
"파워링크","#01. 한국제이에스씨스텍",중고제품,FDA-7002,모바일,1,0,0,0,2,0,0,0,0
"파워링크","#01. 한국제이에스씨스텍",중고제품,FX20GM,PC,2,0,0,0,1.5,0,0,0,0
"파워링크","#01. 한국제이에스씨스텍",중고제품,FX20GM,모바일,1,0,0,0,1,0,0,0,0
"파워링크","#01. 한국제이에스씨스텍",중고제품,G4L-CUEA,PC,1,0,0,0,5,0,0,0,0
"파워링크","#01. 한국제이에스씨스텍",중고제품,G4L-CUEA,모바일,1,0,0,0,3,0,0,0,0
"파워링크","#01. 한국제이에스씨스텍",중고제품,GRL-D22A,PC,5,0,0,0,3,0,0,0,0
"파워링크","#01. 한국제이에스씨스텍",중고제품,GRL-D22A,모바일,6,0,0,0,2,0,0,0,0
"파워링크","#01. 한국제이에스씨스텍",중고제품,K4P-15AS,PC,1,0,0,0,9,0,0,0,0
"파워링크","#01. 한국제이에스씨스텍",중고제품,K4P-15AS,모바일,1,0,0,0,9,0,0,0,0
"파워링크","#01. 한국제이에스씨스텍",중고제품,MT6070IH,PC,1,0,0,0,5,0,0,0,0
"파워링크","#01. 한국제이에스씨스텍",중고제품,MT8070IE,모바일,4,0,0,0,3,0,0,0,0
"파워링크","#01. 한국제이에스씨스텍",중고제품,MT8121XE,PC,2,0,0,0,3.5,0,0,0,0
"파워링크","#01. 한국제이에스씨스텍",중고제품,MT8121XE,모바일,11,0,0,0,3,0,0,0,0
"파워링크","#01. 한국제이에스씨스텍",중고제품,NJ-PA3001,PC,3,0,0,0,3,0,0,0,0
"파워링크","#01. 한국제이에스씨스텍",중고제품,NJ301,PC,2,0,0,0,2,0,0,0,0
"파워링크","#01. 한국제이에스씨스텍",중고제품,NJ301,모바일,2,0,0,0,1,0,0,0,0
"파워링크","#01. 한국제이에스씨스텍",중고제품,NJ301-1200,PC,1,0,0,0,3,0,0,0,0
"파워링크","#01. 한국제이에스씨스텍",중고제품,NMRV075,PC,6,0,0,0,2,0,0,0,0
"파워링크","#01. 한국제이에스씨스텍",중고제품,NMRV075,모바일,1,0,0,0,2,0,0,0,0
"파워링크","#01. 한국제이에스씨스텍",중고제품,PGX120-H-10,PC,1,0,0,0,3,0,0,0,0
"파워링크","#01. 한국제이에스씨스텍",중고제품,PGX90-H-3,PC,5,0,0,0,2,0,0,0,0
"파워링크","#01. 한국제이에스씨스텍",중고제품,PGX90-H-3,모바일,1,0,0,0,1,0,0,0,0
"파워링크","#01. 한국제이에스씨스텍",중고제품,PGX90-H-30,PC,2,0,0,0,3,0,0,0,0
"파워링크","#01. 한국제이에스씨스텍",중고제품,PGX90-H-30,모바일,1,0,0,0,2,0,0,0,0
"파워링크","#01. 한국제이에스씨스텍",중고제품,SIMATICS7,PC,5,0,0,0,1.2,0,0,0,0
"파워링크","#01. 한국제이에스씨스텍",중고제품,SIMATICS7,모바일,3,0,0,0,2,0,0,0,0
"파워링크","#01. 한국제이에스씨스텍",중고제품,XC1-16R-E,PC,1,0,0,0,2,0,0,0,0
"파워링크","#01. 한국제이에스씨스텍",중고제품,XGI-D22A,PC,1,0,0,0,7,0,0,0,0
"파워링크","#01. 한국제이에스씨스텍",중고제품,XGK-CPUE,PC,1,0,0,0,14,0,0,0,0
"파워링크","#01. 한국제이에스씨스텍",중고제품,XGK-CPUE,모바일,1,0,0,0,10,0,0,0,0
"파워링크","#01. 한국제이에스씨스텍",중고제품,XGQ-TR2A,PC,1,0,0,0,8,0,0,0,0
"파워링크","#01. 한국제이에스씨스텍",중고제품,XGQ-TR2A,모바일,1,0,0,0,5,0,0,0,0
"파워링크","#01. 한국제이에스씨스텍",캡핑기,-,PC,2,0,0,0,2,0,0,0,0
"파워링크","#01. 한국제이에스씨스텍",캡핑기,-,모바일,2,0,0,0,1.5,0,0,0,0
"파워링크","#01. 한국제이에스씨스텍",캡핑기,고속캡핑기,PC,3,0,0,0,1.7,0,0,0,0
"파워링크","#01. 한국제이에스씨스텍",캡핑기,자동캡핑,모바일,10,0,0,0,3.8,0,0,0,0
"파워링크","#01. 한국제이에스씨스텍",캡핑기,자동캡핑기,PC,33,1,"1,111","1,111",5,2,9,0,0
"파워링크","#01. 한국제이에스씨스텍",캡핑기,자동캡핑기,모바일,26,1,"1,221","1,221",2,0,0,0,0
"파워링크","#01. 한국제이에스씨스텍",캡핑기,캡핑기,PC,"1,141",12,"2,657","31,878",4.9,1.1,4.2,0,0
"파워링크","#01. 한국제이에스씨스텍",캡핑기,캡핑기,모바일,183,16,"2,668","42,691",3,1,0,0,0
"파워링크","#01. 한국제이에스씨스텍",대용량충진기,-,PC,2,2,77,154,1,0,0,0,0
"파워링크","#01. 한국제이에스씨스텍",대용량충진기,대용량액상충진기,PC,6,1,77,77,1,1,0,0,0
"파워링크","#01. 한국제이에스씨스텍",대용량충진기,대용량액상충진기,모바일,4,0,0,0,1,0,0,0,0
"파워링크","#01. 한국제이에스씨스텍",대용량충진기,드럼충진기,PC,7,0,0,0,2,0,0,0,0
"파워링크","#01. 한국제이에스씨스텍",대용량충진기,드럼충진기,모바일,766,0,0,0,1.3,0,0,0,0
"파워링크","#01. 한국제이에스씨스텍",대용량충진기,말통충진기,PC,6,0,0,0,3,0,0,0,0
"파워링크","#01. 한국제이에스씨스텍",대용량충진기,말통충진기,모바일,5,0,0,0,2.8,0,0,0,0
"파워링크","#01. 한국제이에스씨스텍",식품용충진기,간장충진기,PC,1,0,0,0,2,0,0,0,0
"파워링크","#01. 한국제이에스씨스텍",식품용충진기,간장충진기,모바일,1,0,0,0,2,0,0,0,0
"파워링크","#01. 한국제이에스씨스텍",식품용충진기,기름충진기,PC,1,0,0,0,1,0,0,0,0
"파워링크","#01. 한국제이에스씨스텍",식품용충진기,소스충진,PC,2,0,0,0,7,0,0,0,0
"파워링크","#01. 한국제이에스씨스텍",식품용충진기,소스충진,모바일,16,0,0,0,2.3,0,0,0,0
"파워링크","#01. 한국제이에스씨스텍",식품용충진기,소스충진기,PC,48,1,"2,717","2,717",10.4,1,0,0,0
"파워링크","#01. 한국제이에스씨스텍",식품용충진기,소스충진기,모바일,19,4,"2,558","10,230",4.1,1,0,0,0
"파워링크","#01. 한국제이에스씨스텍",식품용충진기,식품자동화,PC,34,1,374,374,4,1,0,0,0
"파워링크","#01. 한국제이에스씨스텍",식품용충진기,식품자동화,모바일,5,0,0,0,2.6,0,0,0,0
"파워링크","#01. 한국제이에스씨스텍",식품용충진기,식품충진기,PC,2,0,0,0,7,0,0,0,0
"파워링크","#01. 한국제이에스씨스텍",식품용충진기,식품충진기,모바일,4,2,"1,705","3,410",2.5,1,0,0,0
"파워링크","#01. 한국제이에스씨스텍",식품용충진기,양념소스충진기,모바일,1,0,0,0,2,0,0,0,0
"파워링크","#01. 한국제이에스씨스텍",식품용충진기,양념충진기,PC,7,0,0,0,3,0,0,0,0
"파워링크","#01. 한국제이에스씨스텍",식품용충진기,양념충진기,모바일,2,0,0,0,3,0,0,0,0
"파워링크","#01. 한국제이에스씨스텍",식품용충진기,참기름충진,모바일,1,0,0,0,1,0,0,0,0
"파워링크","#01. 한국제이에스씨스텍",식품용충진기,참기름충진기,PC,1,0,0,0,1,0,0,0,0
"파워링크","#01. 한국제이에스씨스텍",소량충진기,-,PC,3,1,77,77,2,0,0,0,0
"파워링크","#01. 한국제이에스씨스텍",소량충진기,-,모바일,3,1,77,77,1.7,0,0,0,0
"파워링크","#01. 한국제이에스씨스텍",소량충진기,소량액상충진기,PC,3,2,77,154,1.3,1.5,2,0,0
"파워링크","#01. 한국제이에스씨스텍",소량충진기,소량충진기,PC,11,2,94,187,2.4,1.5,6,0,0
"파워링크","#01. 한국제이에스씨스텍",소량충진기,소량충진기,모바일,11,1,121,121,2.7,0,0,0,0
"파워링크","#01. 한국제이에스씨스텍",소량충진기,소형충진,모바일,101,0,0,0,2.7,0,0,0,0
"파워링크","#01. 한국제이에스씨스텍",소량충진기,소형충진기,PC,1,0,0,0,7,0,0,0,0
"파워링크","#01. 한국제이에스씨스텍",소량충진기,피스톤충진기,PC,3,0,0,0,5.7,0,0,0,0
"파워링크","#01. 한국제이에스씨스텍",소량충진기,피스톤충진기,모바일,3,0,0,0,5.3,0,0,0,0
"파워링크","#01. 한국제이에스씨스텍",점도별충진기,-,PC,5,0,0,0,1.8,0,0,0,0
"파워링크","#01. 한국제이에스씨스텍",점도별충진기,-,모바일,8,1,209,209,1.6,0,0,0,0
"파워링크","#01. 한국제이에스씨스텍",점도별충진기,고점도충진기,PC,43,2,"1,865","3,729",11.9,0,0,0,0
"파워링크","#01. 한국제이에스씨스텍",점도별충진기,고점도충진기,모바일,20,1,"2,420","2,420",4.1,0,0,0,0
"파워링크","#01. 한국제이에스씨스텍",점도별충진기,세제충전기,모바일,"1,857",3,84,253,1.8,0,0,0,0
"파워링크","#01. 한국제이에스씨스텍",점도별충진기,세제충진기,PC,4,0,0,0,1,0,0,0,0
"파워링크","#01. 한국제이에스씨스텍",점도별충진기,크림충진기,PC,14,1,"1,199","1,199",3.1,0,0,0,0
"파워링크","#01. 한국제이에스씨스텍",점도별충진기,크림충진기,모바일,14,4,"1,183","4,730",1.6,1,0,0,0
"파워링크","#01. 한국제이에스씨스텍",에코리필스테이션,-,PC,3,0,0,0,2.7,0,0,0,0
"파워링크","#01. 한국제이에스씨스텍",에코리필스테이션,-,모바일,1,0,0,0,1,0,0,0,0
"파워링크","#01. 한국제이에스씨스텍",에코리필스테이션,리필용디스펜서,PC,3,0,0,0,1.7,0,0,0,0
"파워링크","#01. 한국제이에스씨스텍",에코리필스테이션,리필용디스펜서,모바일,11,0,0,0,1.5,0,0,0,0
"파워링크","#01. 한국제이에스씨스텍",에코리필스테이션,에코리필,모바일,4,0,0,0,1,0,0,0,0
"파워링크","#01. 한국제이에스씨스텍",에코리필스테이션,에코리필스테이션,PC,2,0,0,0,1,0,0,0,0
"파워링크","#01. 한국제이에스씨스텍",에코리필스테이션,에코리필스테이션,모바일,2,0,0,0,1,0,0,0,0
"파워링크","#01. 한국제이에스씨스텍",화면표시기,-,모바일,7,0,0,0,1.3,0,0,0,0
"파워링크","#01. 한국제이에스씨스텍",화면표시기,PLC데이터통신,PC,16,0,0,0,1,0,0,0,0
"파워링크","#01. 한국제이에스씨스텍",화면표시기,PLC데이터통신,모바일,5,0,0,0,1,0,0,0,0
"파워링크","#01. 한국제이에스씨스텍",화면표시기,생산현황,PC,43,0,0,0,4.1,0,0,0,0
"파워링크","#01. 한국제이에스씨스텍",화면표시기,생산현황,모바일,2,0,0,0,5.5,0,0,0,0
"파워링크","#01. 한국제이에스씨스텍",화면표시기,생산현황판,PC,3,0,0,0,12.7,0,0,0,0
"파워링크","#01. 한국제이에스씨스텍",화면표시기,생산현황판,모바일,1,0,0,0,14,0,0,0,0
"파워링크","#01. 한국제이에스씨스텍",화면표시기,온습도표시,PC,5,0,0,0,2,0,0,0,0
"파워링크","#01. 한국제이에스씨스텍",화면표시기,온습도표시,모바일,2,0,0,0,2,0,0,0,0
"파워링크","#01. 한국제이에스씨스텍",화면표시기,원격제어솔루션,PC,3,0,0,0,10,0,0,0,0
"파워링크","#01. 한국제이에스씨스텍",화면표시기,원격제어솔루션,모바일,15,0,0,0,3.3,0,0,0,0
"파워링크","#01. 한국제이에스씨스텍",충전식 충진기,-,PC,5,0,0,0,1.8,0,0,0,0
"파워링크","#01. 한국제이에스씨스텍",충전식 충진기,-,모바일,2,0,0,0,1.5,0,0,0,0
"파워링크","#01. 한국제이에스씨스텍",충전식 충진기,충전식밧데리충전기,PC,8,0,0,0,2,0,0,0,0
"파워링크","#01. 한국제이에스씨스텍",충전식 충진기,충전식밧데리충전기,모바일,21,0,0,0,1,0,0,0,0
"파워링크","#01. 한국제이에스씨스텍",충전식 충진기,충전식충전기,PC,5,0,0,0,2.4,0,0,0,0
"파워링크","#01. 한국제이에스씨스텍",충전식 충진기,충전식충전기,모바일,6,0,0,0,1,0,0,0,0
"파워링크","#01. 한국제이에스씨스텍",충전식 충진기,컨베어캡핑기,모바일,40,0,0,0,2.7,0,0,0,0
"파워링크","#01. 한국제이에스씨스텍","생산라인자동화 ",-,PC,21,0,0,0,2.2,0,0,0,0
"파워링크","#01. 한국제이에스씨스텍","생산라인자동화 ",-,모바일,10,0,0,0,2.3,0,0,0,0
"파워링크","#01. 한국제이에스씨스텍","생산라인자동화 ",2024스마트공방,PC,9,0,0,0,1,0,0,0,0
"파워링크","#01. 한국제이에스씨스텍","생산라인자동화 ",2025스마트공방,모바일,5,0,0,0,1,0,0,0,0
"파워링크","#01. 한국제이에스씨스텍","생산라인자동화 ",2025스마트공방지원사업,모바일,2,0,0,0,1,0,0,0,0
"파워링크","#01. 한국제이에스씨스텍","생산라인자동화 ",기술보급사업,PC,4,0,0,0,1,0,0,0,0
"파워링크","#01. 한국제이에스씨스텍","생산라인자동화 ",기술보급사업,모바일,28,0,0,0,2.3,0,0,0,0
"파워링크","#01. 한국제이에스씨스텍","생산라인자동화 ",라인자동화,PC,9,0,0,0,2.4,0,0,0,0
"파워링크","#01. 한국제이에스씨스텍","생산라인자동화 ",라인자동화,모바일,8,0,0,0,2.4,0,0,0,0
"파워링크","#01. 한국제이에스씨스텍","생산라인자동화 ",생산라인,PC,11,0,0,0,9.3,0,0,0,0
"파워링크","#01. 한국제이에스씨스텍","생산라인자동화 ",생산라인,모바일,5,0,0,0,6,0,0,0,0
"파워링크","#01. 한국제이에스씨스텍","생산라인자동화 ",생산라인자동화,PC,2,0,0,0,1.5,0,0,0,0
"파워링크","#01. 한국제이에스씨스텍","생산라인자동화 ",생산라인자동화,모바일,2,0,0,0,2,0,0,0,0
"파워링크","#01. 한국제이에스씨스텍","생산라인자동화 ",소상공인스마트공방,PC,14,0,0,0,1,0,0,0,0
"파워링크","#01. 한국제이에스씨스텍","생산라인자동화 ",소상공인스마트공방,모바일,5,0,0,0,1,0,0,0,0
"파워링크","#01. 한국제이에스씨스텍","생산라인자동화 ",소상공인자동화,PC,25,0,0,0,1.2,0,0,0,0
"파워링크","#01. 한국제이에스씨스텍","생산라인자동화 ",스마트공방,PC,873,14,"1,286","18,007",4.6,2.8,484.6,1,10
"파워링크","#01. 한국제이에스씨스텍","생산라인자동화 ",스마트공방,모바일,271,4,"1,304","5,214",3.5,1,0,0,0
"파워링크","#01. 한국제이에스씨스텍","생산라인자동화 ",스마트공방기술보급사업,PC,23,0,0,0,1,0,0,0,0
"파워링크","#01. 한국제이에스씨스텍","생산라인자동화 ",스마트공방기술보급사업,모바일,4,0,0,0,1,0,0,0,0
"파워링크","#01. 한국제이에스씨스텍","생산라인자동화 ",스마트공방지원사업,PC,646,7,539,"3,773",2.6,2,270,1,10
"파워링크","#01. 한국제이에스씨스텍","생산라인자동화 ",스마트공방지원사업,모바일,455,12,490,"5,885",2.6,1,0,0,0
"파워링크","#01. 한국제이에스씨스텍","생산라인자동화 ",자동생산,PC,1,0,0,0,2,0,0,0,0
"파워링크","#01. 한국제이에스씨스텍","생산라인자동화 ",자동생산,모바일,18,0,0,0,1,0,0,0,0
"파워링크","#01. 한국제이에스씨스텍","생산라인자동화 ",자동생산라인,PC,2,0,0,0,2,0,0,0,0
"파워링크","#01. 한국제이에스씨스텍","생산라인자동화 ",자동생산라인,모바일,23,0,0,0,2.7,0,0,0,0
"파워링크","#01. 한국제이에스씨스텍","생산라인자동화 ",자동화라인,PC,2,0,0,0,36.5,0,0,0,0
"파워링크","#01. 한국제이에스씨스텍","생산라인자동화 ",자동화라인,모바일,1,0,0,0,33,0,0,0,0
"파워링크","#01. 한국제이에스씨스텍","생산라인자동화 ",제조업지원사업,PC,14,0,0,0,9,0,0,0,0
"파워링크","#01. 한국제이에스씨스텍","생산라인자동화 ",제조업지원사업,모바일,3,0,0,0,7.3,0,0,0,0
"파워링크","#01. 한국제이에스씨스텍","생산라인자동화 ",충진라인,PC,1,0,0,0,3,0,0,0,0
"파워링크","#01. 한국제이에스씨스텍","생산라인자동화 ",컨베어라인,PC,1,0,0,0,11,0,0,0,0
"파워링크","#01. 한국제이에스씨스텍",원격제어,-,PC,8,0,0,0,1.6,0,0,0,0
"파워링크","#01. 한국제이에스씨스텍",원격제어,-,모바일,11,1,77,77,1.7,0,0,0,0
"파워링크","#01. 한국제이에스씨스텍",원격제어,HMI원격제어,모바일,3,0,0,0,1,0,0,0,0
"파워링크","#01. 한국제이에스씨스텍",원격제어,PLC원격제어,PC,12,1,242,242,2.3,0,0,0,0
"파워링크","#01. 한국제이에스씨스텍",원격제어,PLC원격제어,모바일,6,0,0,0,2.5,0,0,0,0
"파워링크","#01. 한국제이에스씨스텍",원격제어,원격제어,PC,900,0,0,0,4,0,0,0,0
"파워링크","#01. 한국제이에스씨스텍",원격제어,원격제어,모바일,827,1,517,517,3.9,0,0,0,0
"파워링크","#01. 한국제이에스씨스텍",원격제어,원격제어터치,모바일,4,0,0,0,1,0,0,0,0
"파워링크","#01. 한국제이에스씨스텍",GateWay,-,PC,40,1,77,77,1.5,3,482,0,0
"파워링크","#01. 한국제이에스씨스텍",GateWay,-,모바일,28,0,0,0,1,0,0,0,0
"파워링크","#01. 한국제이에스씨스텍",GateWay,CMT-G01,PC,4,0,0,0,2,0,0,0,0
"파워링크","#01. 한국제이에스씨스텍",GateWay,CMT-G01,모바일,3,0,0,0,1,0,0,0,0
"파워링크","#01. 한국제이에스씨스텍",GateWay,CMT-G02,PC,1,0,0,0,2,0,0,0,0
"파워링크","#01. 한국제이에스씨스텍",GateWay,G04,PC,272,0,0,0,1.2,0,0,0,0
"파워링크","#01. 한국제이에스씨스텍",GateWay,G04,모바일,40,0,0,0,2.6,0,0,0,0
"파워링크","#01. 한국제이에스씨스텍",GateWay,GATEWAY,PC,540,2,638,"1,276",5.2,3,12,0,0
"파워링크","#01. 한국제이에스씨스텍",GateWay,GATEWAY,모바일,460,3,656,"1,969",3.8,1.25,10.75,0,0
"파워링크","#01. 한국제이에스씨스텍",GateWay,IOT판넬,PC,1,0,0,0,1,0,0,0,0
"파워링크","#01. 한국제이에스씨스텍",GateWay,IOT판넬,모바일,6,0,0,0,1,0,0,0,0
"파워링크","#01. 한국제이에스씨스텍",GateWay,OPCUA,PC,163,0,0,0,5.7,0,0,0,0
"파워링크","#01. 한국제이에스씨스텍",GateWay,OPCUA,모바일,33,0,0,0,3.9,0,0,0,0
"파워링크","#01. 한국제이에스씨스텍",GateWay,게이트웨이,PC,562,4,"1,029","4,114",5.9,2.5,8,0,0
"파워링크","#01. 한국제이에스씨스텍",GateWay,게이트웨이,모바일,129,0,0,0,4.1,0,0,0,0
"파워링크","#01. 한국제이에스씨스텍",충진기,-,PC,8,0,0,0,1.3,0,0,0,0
"파워링크","#01. 한국제이에스씨스텍",충진기,-,모바일,10,3,187,561,1.5,0,0,0,0
"파워링크","#01. 한국제이에스씨스텍",충진기,고점도액상충진기,PC,11,1,231,231,5.9,4,126,0,0
"파워링크","#01. 한국제이에스씨스텍",충진기,고점도액상충진기,모바일,105,3,150,451,2.7,1,0,0,0
"파워링크","#01. 한국제이에스씨스텍",충진기,글리세린충진,모바일,18,0,0,0,3.4,0,0,0,0
"파워링크","#01. 한국제이에스씨스텍",충진기,병충진기,PC,4,0,0,0,5,0,0,0,0
"파워링크","#01. 한국제이에스씨스텍",충진기,병충진기,모바일,5,0,0,0,4.8,0,0,0,0
"파워링크","#01. 한국제이에스씨스텍",충진기,샴푸충진기,PC,3,0,0,0,2.3,0,0,0,0
"파워링크","#01. 한국제이에스씨스텍",충진기,샴푸충진기,모바일,4,0,0,0,2,0,0,0,0
"파워링크","#01. 한국제이에스씨스텍",충진기,서보충진기,PC,3,0,0,0,1,0,0,0,0
"파워링크","#01. 한국제이에스씨스텍",충진기,소분기,PC,99,2,"1,205","2,409",2.9,0,0,0,0
"파워링크","#01. 한국제이에스씨스텍",충진기,소분기,모바일,116,3,"1,206","3,619",2.7,0,0,0,0
"파워링크","#01. 한국제이에스씨스텍",충진기,액상소분기,PC,41,0,0,0,2.9,0,0,0,0
"파워링크","#01. 한국제이에스씨스텍",충진기,액상소분기,모바일,7,1,176,176,2.6,1,0,0,0
"파워링크","#01. 한국제이에스씨스텍",충진기,액상자동충진기,PC,20,0,0,0,3.4,0,0,0,0
"파워링크","#01. 한국제이에스씨스텍",충진기,액상자동충진기,모바일,10,1,"1,188","1,188",2.1,1,0,0,0
"파워링크","#01. 한국제이에스씨스텍",충진기,액상정량충진기,PC,8,2,"2,189","4,378",3,0,0,0,0
"파워링크","#01. 한국제이에스씨스텍",충진기,액상정량충진기,모바일,4,0,0,0,2,0,0,0,0
"파워링크","#01. 한국제이에스씨스텍",충진기,액상주입기,PC,18,1,"1,012","1,012",3.2,1,0,0,0
"파워링크","#01. 한국제이에스씨스텍",충진기,액상주입기,모바일,18,3,477,"1,430",2.1,1,0,0,0
"파워링크","#01. 한국제이에스씨스텍",충진기,액상충전기,PC,3,0,0,0,5,0,0,0,0
"파워링크","#01. 한국제이에스씨스텍",충진기,액상충전기,모바일,5,0,0,0,3.2,0,0,0,0
"파워링크","#01. 한국제이에스씨스텍",충진기,액상충진,PC,15,0,0,0,3.9,0,0,0,0
"파워링크","#01. 한국제이에스씨스텍",충진기,액상충진,모바일,11,0,0,0,1.7,0,0,0,0
"파워링크","#01. 한국제이에스씨스텍",충진기,액상충진기,PC,"2,557",20,"5,926","118,525",2.2,1.69,10.31,1,10
"파워링크","#01. 한국제이에스씨스텍",충진기,액상충진기,모바일,386,32,"5,611","179,564",1.8,1.04,1.52,0,0
"파워링크","#01. 한국제이에스씨스텍",충진기,액체소분기,PC,8,1,99,99,3.9,1,0,0,0
"파워링크","#01. 한국제이에스씨스텍",충진기,액체소분기,모바일,16,0,0,0,5.6,0,0,0,0
"파워링크","#01. 한국제이에스씨스텍",충진기,액체충진,PC,3,0,0,0,3,0,0,0,0
"파워링크","#01. 한국제이에스씨스텍",충진기,액체충진,모바일,3,0,0,0,1.7,0,0,0,0
"파워링크","#01. 한국제이에스씨스텍",충진기,액체충진기,PC,53,3,"4,492","13,475",8.2,1,0,0,0
"파워링크","#01. 한국제이에스씨스텍",충진기,액체충진기,모바일,22,2,"3,680","7,359",2.4,1,0,0,0
"파워링크","#01. 한국제이에스씨스텍",충진기,음료충진기,PC,11,0,0,0,3.2,0,0,0,0
"파워링크","#01. 한국제이에스씨스텍",충진기,음료충진기,모바일,4,0,0,0,4.3,0,0,0,0
"파워링크","#01. 한국제이에스씨스텍",충진기,자동정량토출기,PC,4,0,0,0,1.5,0,0,0,0
"파워링크","#01. 한국제이에스씨스텍",충진기,자동충진기,PC,52,2,"4,043","8,085",9.2,1,0,0,0
"파워링크","#01. 한국제이에스씨스텍",충진기,자동충진기,모바일,31,2,"3,229","6,457",2.5,1,0,0,0
"파워링크","#01. 한국제이에스씨스텍",충진기,자동화설비,PC,73,0,0,0,11.7,0,0,0,0
"파워링크","#01. 한국제이에스씨스텍",충진기,자동화설비,모바일,4,0,0,0,9,0,0,0,0
"파워링크","#01. 한국제이에스씨스텍",충진기,정량소분기,PC,12,2,374,748,6.1,1,0,0,0
"파워링크","#01. 한국제이에스씨스텍",충진기,정량소분기,모바일,7,0,0,0,3,0,0,0,0
"파워링크","#01. 한국제이에스씨스텍",충진기,정량충전기,PC,4,1,"1,210","1,210",1.3,27,943,0,0
"파워링크","#01. 한국제이에스씨스텍",충진기,정량충전기,모바일,1,0,0,0,1,0,0,0,0
"파워링크","#01. 한국제이에스씨스텍",충진기,정량충진기,PC,102,1,"4,488","4,488",6.6,1.67,55,0,0
"파워링크","#01. 한국제이에스씨스텍",충진기,정량충진기,모바일,40,6,"3,456","20,735",2.4,1,0,0,0
"파워링크","#01. 한국제이에스씨스텍",충진기,정량토출,PC,40,0,0,0,3.3,0,0,0,0
"파워링크","#01. 한국제이에스씨스텍",충진기,정량토출,모바일,8,1,"2,497","2,497",3.1,0,0,0,0
"파워링크","#01. 한국제이에스씨스텍",충진기,정량토출기,PC,106,0,0,0,11,0,0,0,0
"파워링크","#01. 한국제이에스씨스텍",충진기,정량토출기,모바일,82,0,0,0,2.5,0,0,0,0
"파워링크","#01. 한국제이에스씨스텍",충진기,정량토출장치,PC,7,0,0,0,4.7,0,0,0,0
"파워링크","#01. 한국제이에스씨스텍",충진기,정량토출장치,모바일,1,0,0,0,8,0,0,0,0
"파워링크","#01. 한국제이에스씨스텍",충진기,정액주입기,PC,8,0,0,0,1.9,0,0,0,0
"파워링크","#01. 한국제이에스씨스텍",충진기,정액주입기,모바일,37,0,0,0,2,0,0,0,0
"파워링크","#01. 한국제이에스씨스텍",충진기,중고액상충진기,PC,18,3,466,"1,397",1,2.33,111,0,0
"파워링크","#01. 한국제이에스씨스텍",충진기,중고액상충진기,모바일,2,0,0,0,1,0,0,0,0
"파워링크","#01. 한국제이에스씨스텍",충진기,중고충진기,PC,24,3,983,"2,948",1.3,16,598,0,0
"파워링크","#01. 한국제이에스씨스텍",충진기,중고충진기,모바일,9,1,649,649,1,0,0,0,0
"파워링크","#01. 한국제이에스씨스텍",충진기,중고캡핑기,PC,15,1,154,154,1.1,0,0,0,0
"파워링크","#01. 한국제이에스씨스텍",충진기,충진기,PC,"3,275",5,"6,442","32,208",3.5,3,304,1,10
"파워링크","#01. 한국제이에스씨스텍",충진기,충진기,모바일,381,9,"5,614","50,523",3.1,1,0,0,0
"파워링크","#01. 한국제이에스씨스텍",충진기,충진기중고,PC,6,0,0,0,1,0,0,0,0
"파워링크","#01. 한국제이에스씨스텍",충진기,탁상형충진기,PC,2,0,0,0,1,0,0,0,0
"파워링크","#01. 한국제이에스씨스텍",충진기,향수충진기,PC,9,3,499,"1,496",1,1,0,0,0
"파워링크","#01. 한국제이에스씨스텍",충진기,향수충진기,모바일,19,1,209,209,1,0,0,0,0
"파워링크","#01. 한국제이에스씨스텍",충진기,화장품충진기,PC,2,0,0,0,2.5,0,0,0,0
"파워링크","#01. 한국제이에스씨스텍",충진기,화장품충진기,모바일,7,2,"1,243","2,486",1.3,1,0,0,0
"파워링크","#01. 한국제이에스씨스텍",이지뷰,-,PC,40,2,66,132,1.2,9,277,0,0
"파워링크","#01. 한국제이에스씨스텍",이지뷰,-,모바일,18,1,77,77,1,1,0,0,0
"파워링크","#01. 한국제이에스씨스텍",이지뷰,10인치터치,PC,4,0,0,0,1.5,0,0,0,0
"파워링크","#01. 한국제이에스씨스텍",이지뷰,10인치터치,모바일,1,0,0,0,1,0,0,0,0
"파워링크","#01. 한국제이에스씨스텍",이지뷰,10인치터치판넬,모바일,1,0,0,0,3,0,0,0,0
"파워링크","#01. 한국제이에스씨스텍",이지뷰,15인치터치,PC,3,0,0,0,3,0,0,0,0
"파워링크","#01. 한국제이에스씨스텍",이지뷰,5인치터치판넬,PC,1,0,0,0,1,0,0,0,0
"파워링크","#01. 한국제이에스씨스텍",이지뷰,EASYACCESS,PC,29,0,0,0,1.9,0,0,0,0
"파워링크","#01. 한국제이에스씨스텍",이지뷰,EASYACCESS,모바일,25,0,0,0,2.6,0,0,0,0
"파워링크","#01. 한국제이에스씨스텍",이지뷰,EASYBUILDER,PC,80,0,0,0,1,0,0,0,0
"파워링크","#01. 한국제이에스씨스텍",이지뷰,EASYBUILDER,모바일,28,0,0,0,2,0,0,0,0
"파워링크","#01. 한국제이에스씨스텍",이지뷰,EASYVIEW,PC,164,3,"1,041","3,124",2.1,0,0,0,0
"파워링크","#01. 한국제이에스씨스텍",이지뷰,EASYVIEW,모바일,47,2,"1,106","2,211",2,0,0,0,0
"파워링크","#01. 한국제이에스씨스텍",이지뷰,HMI,PC,217,0,0,0,9.5,0,0,0,0
"파워링크","#01. 한국제이에스씨스텍",이지뷰,HMI,모바일,3,0,0,0,13.3,0,0,0,0
"파워링크","#01. 한국제이에스씨스텍",이지뷰,LCD패널,PC,4,0,0,0,17.8,0,0,0,0
"파워링크","#01. 한국제이에스씨스텍",이지뷰,LCD패널,모바일,3,0,0,0,12.3,0,0,0,0
"파워링크","#01. 한국제이에스씨스텍",이지뷰,MT506,PC,2,0,0,0,1.5,0,0,0,0
"파워링크","#01. 한국제이에스씨스텍",이지뷰,MT6070,PC,16,0,0,0,2.1,0,0,0,0
"파워링크","#01. 한국제이에스씨스텍",이지뷰,MT6070,모바일,8,0,0,0,2,0,0,0,0
"파워링크","#01. 한국제이에스씨스텍",이지뷰,MT8050IE,PC,4,0,0,0,1.8,0,0,0,0
"파워링크","#01. 한국제이에스씨스텍",이지뷰,MT8050IE,모바일,2,0,0,0,2,0,0,0,0
"파워링크","#01. 한국제이에스씨스텍",이지뷰,MT8051IE,PC,4,0,0,0,2,0,0,0,0
"파워링크","#01. 한국제이에스씨스텍",이지뷰,MT8071IE,PC,55,2,699,"1,397",1.1,5.5,141.5,0,0
"파워링크","#01. 한국제이에스씨스텍",이지뷰,MT8071IE,모바일,29,0,0,0,1,0,0,0,0
"파워링크","#01. 한국제이에스씨스텍",이지뷰,MT8090XE,PC,7,1,341,341,2,2,14,0,0
"파워링크","#01. 한국제이에스씨스텍",이지뷰,MT8090XE,모바일,4,1,341,341,1.3,20,475,0,0
"파워링크","#01. 한국제이에스씨스텍",이지뷰,MT8100IE,PC,14,1,660,660,1.5,10,169,0,0
"파워링크","#01. 한국제이에스씨스텍",이지뷰,MT8101IE,PC,15,0,0,0,1,0,0,0,0
"파워링크","#01. 한국제이에스씨스텍",이지뷰,MT8101IE,모바일,10,0,0,0,1,1,0,0,0
"파워링크","#01. 한국제이에스씨스텍",이지뷰,MT8102IE,PC,45,2,649,"1,298",1.4,8,85,0,0
"파워링크","#01. 한국제이에스씨스텍",이지뷰,MT8102IE,모바일,5,0,0,0,1,0,0,0,0
"파워링크","#01. 한국제이에스씨스텍",이지뷰,MT8150XE,PC,8,0,0,0,2,0,0,0,0
"파워링크","#01. 한국제이에스씨스텍",이지뷰,MT8150XE,모바일,4,0,0,0,1,0,0,0,0
"파워링크","#01. 한국제이에스씨스텍",이지뷰,OPC통신,PC,69,0,0,0,1.6,0,0,0,0
"파워링크","#01. 한국제이에스씨스텍",이지뷰,OPC통신,모바일,45,0,0,0,1.6,0,0,0,0
"파워링크","#01. 한국제이에스씨스텍",이지뷰,OPC프로토콜,모바일,1,0,0,0,1,0,0,0,0
"파워링크","#01. 한국제이에스씨스텍",이지뷰,TOUCHPANEL,PC,18,0,0,0,1.6,0,0,0,0
"파워링크","#01. 한국제이에스씨스텍",이지뷰,TOUCHPANEL,모바일,11,0,0,0,1.4,0,0,0,0
"파워링크","#01. 한국제이에스씨스텍",이지뷰,WEINTEK,PC,644,11,437,"4,807",2,3.56,78.78,0,0
"파워링크","#01. 한국제이에스씨스텍",이지뷰,WEINTEK,모바일,169,4,193,770,2.8,1,0,0,0
"파워링크","#01. 한국제이에스씨스텍",이지뷰,WEINVIEW,PC,27,1,209,209,1.8,1,0,0,0
"파워링크","#01. 한국제이에스씨스텍",이지뷰,WEINVIEW,모바일,14,1,176,176,2,1,0,0,0
"파워링크","#01. 한국제이에스씨스텍",이지뷰,웨인텍,PC,120,3,587,"1,760",2,4.5,162,0,0
"파워링크","#01. 한국제이에스씨스텍",이지뷰,웨인텍,모바일,53,1,"1,320","1,320",1,5.33,63.33,0,0
"파워링크","#01. 한국제이에스씨스텍",이지뷰,이지뷰,PC,"2,005",33,"1,904","62,832",1.9,4.18,93,0,0
"파워링크","#01. 한국제이에스씨스텍",이지뷰,이지뷰,모바일,"1,005",12,"1,535","18,414",2.2,1.25,135.88,0,0
"파워링크","#01. 한국제이에스씨스텍",이지뷰,이지뷰대리점,PC,22,1,165,165,1.3,0,0,0,0
"파워링크","#01. 한국제이에스씨스텍",이지뷰,이지뷰대리점,모바일,14,0,0,0,1.3,0,0,0,0
"파워링크","#01. 한국제이에스씨스텍",이지뷰,이지뷰터치,PC,30,1,473,473,1.1,7,26,0,0
"파워링크","#01. 한국제이에스씨스텍",이지뷰,이지뷰터치,모바일,19,0,0,0,2,0,0,0,0
"파워링크","#01. 한국제이에스씨스텍",이지뷰,이지뷰터치스크린,PC,11,1,77,77,3,0,0,0,0
"파워링크","#01. 한국제이에스씨스텍",이지뷰,이지뷰터치스크린,모바일,5,0,0,0,2.6,0,0,0,0
"파워링크","#01. 한국제이에스씨스텍",이지뷰,이지뷰터치판넬,PC,18,2,77,154,1,2,151,0,0
"파워링크","#01. 한국제이에스씨스텍",이지뷰,이지뷰터치판넬,모바일,12,5,77,385,1,7,346,0,0
"파워링크","#01. 한국제이에스씨스텍",이지뷰,이지뷰터치패널,PC,2,0,0,0,1,0,0,0,0
"파워링크","#01. 한국제이에스씨스텍",이지뷰,이지억세스,PC,"2,050",0,0,0,1.3,0,0,0,0
"파워링크","#01. 한국제이에스씨스텍",이지뷰,이지억세스,모바일,712,1,77,77,1.8,0,0,0,0
"파워링크","#01. 한국제이에스씨스텍",이지뷰,이지엑세스,PC,506,0,0,0,1.3,0,0,0,0
"파워링크","#01. 한국제이에스씨스텍",이지뷰,이지엑세스,모바일,276,0,0,0,2.1,0,0,0,0
"파워링크","#01. 한국제이에스씨스텍",이지뷰,터치모니터,PC,4,0,0,0,29.5,0,0,0,0
"파워링크","#01. 한국제이에스씨스텍",이지뷰,터치모니터,모바일,3,0,0,0,27.3,0,0,0,0
"파워링크","#01. 한국제이에스씨스텍",이지뷰,터치판넬,PC,81,0,0,0,3.7,0,0,0,0
"파워링크","#01. 한국제이에스씨스텍",이지뷰,터치판넬,모바일,37,1,"3,982","3,982",2.4,5,26.67,0,0
"파워링크","#01. 한국제이에스씨스텍",이지뷰,터치패널,PC,240,2,"4,345","8,690",4.1,2,18,0,0
"파워링크","#01. 한국제이에스씨스텍",이지뷰,터치패널,모바일,164,0,0,0,4.4,0,0,0,0
"파워링크","#01. 한국제이에스씨스텍",이지뷰,한국이지뷰,PC,16,0,0,0,1,0,0,0,0
"파워링크","#01. 한국제이에스씨스텍",이지뷰,한국이지뷰,모바일,1,0,0,0,2,0,0,0,0
"파워링크","#01. 한국제이에스씨스텍",진제 PLC,-,PC,8,1,154,154,2.1,1,0,0,0
"파워링크","#01. 한국제이에스씨스텍",진제 PLC,-,모바일,4,0,0,0,1.3,0,0,0,0
"파워링크","#01. 한국제이에스씨스텍",진제 PLC,LSPLC,PC,"1,534",2,539,"1,078",4.1,7,49,0,0
"파워링크","#01. 한국제이에스씨스텍",진제 PLC,LSPLC,모바일,366,2,583,"1,166",2.8,1.33,1.33,0,0
"파워링크","#01. 한국제이에스씨스텍",진제 PLC,PLC,PC,515,1,"2,123","2,123",5.5,1,0,0,0
"파워링크","#01. 한국제이에스씨스텍",진제 PLC,PLC,모바일,23,0,0,0,7.3,0,0,0,0
"파워링크","#01. 한국제이에스씨스텍",진제 PLC,PLC일체형,모바일,1,0,0,0,1,0,0,0,0
"파워링크","#01. 한국제이에스씨스텍",진제 PLC,XINJE,PC,354,18,98,"1,760",1.2,8.52,145.16,1,10
"파워링크","#01. 한국제이에스씨스텍",진제 PLC,XINJE,모바일,28,0,0,0,1,0,0,0,0
"파워링크","#01. 한국제이에스씨스텍",진제 PLC,XINJEPLC,PC,6,0,0,0,1,0,0,0,0
"파워링크","#01. 한국제이에스씨스텍",진제 PLC,XINJEPLC,모바일,2,0,0,0,1,0,0,0,0
"파워링크","#01. 한국제이에스씨스텍",진제 PLC,멜섹PLC,PC,113,0,0,0,1.7,0,0,0,0
"파워링크","#01. 한국제이에스씨스텍",진제 PLC,멜섹PLC,모바일,122,1,88,88,1,2,19,0,0
"파워링크","#01. 한국제이에스씨스텍",진제 PLC,미쓰비시PLC,PC,202,1,308,308,3.9,9,209,0,0
"파워링크","#01. 한국제이에스씨스텍",진제 PLC,미쓰비시PLC,모바일,12,1,330,330,5,1,0,0,0
"파워링크","#01. 한국제이에스씨스텍",진제 PLC,미쯔비시PLC,PC,11,1,264,264,3.8,1,0,0,0
"파워링크","#01. 한국제이에스씨스텍",진제 PLC,미쯔비시PLC,모바일,1,0,0,0,10,0,0,0,0
"파워링크","#01. 한국제이에스씨스텍",진제 PLC,산업용PLC,모바일,1,0,0,0,6,0,0,0,0
"파워링크","#01. 한국제이에스씨스텍",진제 PLC,소형PLC,PC,25,0,0,0,2.7,0,0,0,0
"파워링크","#01. 한국제이에스씨스텍",진제 PLC,소형PLC,모바일,5,1,165,165,3,1.5,3.5,0,0
"파워링크","#01. 한국제이에스씨스텍",진제 PLC,옴론PLC,PC,331,0,0,0,2.7,0,0,0,0
"파워링크","#01. 한국제이에스씨스텍",진제 PLC,옴론PLC,모바일,55,0,0,0,2.7,0,0,0,0
"파워링크","#01. 한국제이에스씨스텍",진제 PLC,일체형PLC,PC,1,0,0,0,2,0,0,0,0
"파워링크","#01. 한국제이에스씨스텍",진제 PLC,일체형PLC,모바일,6,0,0,0,3,0,0,0,0
"파워링크","#01. 한국제이에스씨스텍",진제 PLC,저렴한PLC,PC,1,0,0,0,1,0,0,0,0
"파워링크","#01. 한국제이에스씨스텍",진제 PLC,중국PLC,PC,181,0,0,0,1.5,0,0,0,0
"파워링크","#01. 한국제이에스씨스텍",진제 PLC,중국PLC,모바일,33,0,0,0,1.9,0,0,0,0
"파워링크","#01. 한국제이에스씨스텍",진제 PLC,진제PLC,PC,2,1,66,66,1,15,224,0,0
"파워링크","#01. 한국제이에스씨스텍",진제 PLC,진제PLC,모바일,2,0,0,0,1,0,0,0,0
"파워링크","#01. 한국제이에스씨스텍",진제 터치,-,PC,7,0,0,0,1.6,0,0,0,0
"파워링크","#01. 한국제이에스씨스텍",진제 터치,-,모바일,1,0,0,0,1,0,0,0,0
"파워링크","#01. 한국제이에스씨스텍",진제 터치,TG765,PC,5,1,110,110,1,7,80,0,0
"파워링크","#01. 한국제이에스씨스텍",진제 터치,TOUCHWIN,PC,14,3,77,231,1,4.75,83.25,1,10
"파워링크","#01. 한국제이에스씨스텍",진제 터치,TOUCHWIN,모바일,4,0,0,0,1.3,0,0,0,0
"파워링크","#01. 한국제이에스씨스텍",진제 터치,로직판넬,모바일,16,0,0,0,1.9,0,0,0,0
"파워링크","#01. 한국제이에스씨스텍",진제 터치,로직패널,PC,1,0,0,0,1,0,0,0,0
"파워링크","#01. 한국제이에스씨스텍",진제 터치,로직패널,모바일,1,0,0,0,3,0,0,0,0
"파워링크","#01. 한국제이에스씨스텍","호퍼 및 기타 자재 ",-,PC,1,0,0,0,1,0,0,0,0
"파워링크","#01. 한국제이에스씨스텍","호퍼 및 기타 자재 ",-,모바일,2,0,0,0,1,0,0,0,0
"파워링크","#01. 한국제이에스씨스텍","호퍼 및 기타 자재 ",STAINLESS,PC,38,0,0,0,3.4,0,0,0,0
"파워링크","#01. 한국제이에스씨스텍","호퍼 및 기타 자재 ",STAINLESS,모바일,296,0,0,0,2.9,0,0,0,0
"파워링크","#01. 한국제이에스씨스텍","호퍼 및 기타 자재 ",스탠드호퍼,PC,1,0,0,0,1,0,0,0,0
"파워링크","#01. 한국제이에스씨스텍","호퍼 및 기타 자재 ",스탠드호퍼,모바일,10,0,0,0,1,0,0,0,0
"파워링크","#01. 한국제이에스씨스텍","호퍼 및 기타 자재 ",스테인리스호퍼,PC,1,0,0,0,3,0,0,0,0
"파워링크","#01. 한국제이에스씨스텍","호퍼 및 기타 자재 ",스텐호퍼,PC,45,5,843,"4,213",1,1,0,0,0
"파워링크","#01. 한국제이에스씨스텍","호퍼 및 기타 자재 ",스텐호퍼,모바일,24,2,330,660,1,1,0,0,0
"파워링크","#01. 한국제이에스씨스텍","호퍼 및 기타 자재 ",원형탱크,PC,17,0,0,0,2.6,0,0,0,0
"파워링크","#01. 한국제이에스씨스텍","호퍼 및 기타 자재 ",원형탱크,모바일,103,0,0,0,2.1,0,0,0,0
"파워링크","#01. 한국제이에스씨스텍","호퍼 및 기타 자재 ",원형호퍼,PC,5,0,0,0,1,0,0,0,0
"파워링크","#01. 한국제이에스씨스텍","호퍼 및 기타 자재 ",원형호퍼,모바일,3,0,0,0,1,0,0,0,0
"파워링크","#01. 한국제이에스씨스텍","거품제거용 노즐 ",-,PC,20,0,0,0,2,0,0,0,0
"파워링크","#01. 한국제이에스씨스텍","거품제거용 노즐 ",-,모바일,21,0,0,0,1.8,0,0,0,0
"파워링크","#01. 한국제이에스씨스텍","거품제거용 노즐 ",거품제거기,PC,21,0,0,0,4.9,0,0,0,0
"파워링크","#01. 한국제이에스씨스텍","거품제거용 노즐 ",거품제거기,모바일,39,0,0,0,3.9,0,0,0,0
"파워링크","#01. 한국제이에스씨스텍","거품제거용 노즐 ",거품제거장치,PC,5,0,0,0,3,0,0,0,0
"파워링크","#01. 한국제이에스씨스텍","거품제거용 노즐 ",거품제거장치,모바일,30,0,0,0,1.9,0,0,0,0
"파워링크","#01. 한국제이에스씨스텍",케미칼화장품,-,PC,1,0,0,0,2,0,0,0,0
"파워링크","#01. 한국제이에스씨스텍",케미칼화장품,로션충진기,PC,2,0,0,0,1,0,0,0,0
"파워링크","#01. 한국제이에스씨스텍",케미칼화장품,앰플충진,PC,3,0,0,0,3,0,0,0,0
"파워링크","#01. 한국제이에스씨스텍",케미칼화장품,앰플충진,모바일,1,0,0,0,2,0,0,0,0
"파워링크","#01. 한국제이에스씨스텍",케미칼화장품,앰플충진기,PC,2,0,0,0,2.5,0,0,0,0
"파워링크","#01. 한국제이에스씨스텍",케미칼화장품,앰플충진기,모바일,1,0,0,0,1,0,0,0,0
"파워링크","#01. 한국제이에스씨스텍",케미칼화장품,화장품충진,PC,9,0,0,0,5,0,0,0,0
"파워링크","#01. 한국제이에스씨스텍",케미칼화장품,화장품충진,모바일,44,0,0,0,2.2,0,0,0,0
"파워링크","#01. 한국제이에스씨스텍",케미칼화장품,화장품충진기,PC,50,0,0,0,8,0,0,0,0
"파워링크","#01. 한국제이에스씨스텍",케미칼화장품,화장품충진기,모바일,22,0,0,0,2.5,0,0,0,0
"파워링크","#01. 한국제이에스씨스텍",이더켓PLC,ETHERCAT,PC,31,0,0,0,4.3,0,0,0,0
"파워링크","#01. 한국제이에스씨스텍",이더켓PLC,ETHERCAT,모바일,142,0,0,0,2.4,0,0,0,0
"파워링크","#01. 한국제이에스씨스텍",이더켓PLC,이더캣,PC,145,0,0,0,2.9,0,0,0,0
"파워링크","#01. 한국제이에스씨스텍",이더켓PLC,이더캣,모바일,87,0,0,0,2.5,0,0,0,0
"파워링크","#01. 한국제이에스씨스텍",이더켓PLC,이더켓,PC,273,0,0,0,2.8,0,0,0,0
"파워링크","#01. 한국제이에스씨스텍",이더켓PLC,이더켓,모바일,89,0,0,0,1.7,0,0,0,0
"파워링크","#01. 한국제이에스씨스텍",이더켓PLC,이더켓PLC,PC,1,0,0,0,2,0,0,0,0
"파워링크","#01. 한국제이에스씨스텍",코드시스PLC,-,PC,1,0,0,0,1,0,0,0,0
"파워링크","#01. 한국제이에스씨스텍",코드시스PLC,-,모바일,2,0,0,0,1,0,0,0,0
"파워링크","#01. 한국제이에스씨스텍",코드시스PLC,CODESYS,PC,210,2,99,198,2.3,5.33,30,0,0
"파워링크","#01. 한국제이에스씨스텍",코드시스PLC,CODESYS,모바일,6,0,0,0,2,0,0,0,0
"파워링크","#01. 한국제이에스씨스텍",코드시스PLC,코드시스,PC,40,0,0,0,2.8,0,0,0,0
"파워링크","#01. 한국제이에스씨스텍",코드시스PLC,코드시스,모바일,29,0,0,0,2.8,0,0,0,0
"파워링크","#01. 한국제이에스씨스텍",이더넷PLC,이더넷PLC,PC,7,0,0,0,1,0,0,0,0
"파워링크","#01. 한국제이에스씨스텍",이더넷PLC,이더넷PLC,모바일,18,0,0,0,2.6,0,0,0,0
"파워링크","#01. 한국제이에스씨스텍",WIFI 터치판넬,-,PC,9,0,0,0,1.4,0,0,0,0
"파워링크","#01. 한국제이에스씨스텍",WIFI 터치판넬,-,모바일,1,0,0,0,3,0,0,0,0
"파워링크","#01. 한국제이에스씨스텍",WIFI 터치판넬,와이파이HMI,모바일,3,0,0,0,2.3,0,0,0,0
"파워링크","#01. 한국제이에스씨스텍",티칭팬던트,-,PC,8,0,0,0,1.9,0,0,0,0
"파워링크","#01. 한국제이에스씨스텍",티칭팬던트,-,모바일,3,0,0,0,1.7,0,0,0,0
"파워링크","#01. 한국제이에스씨스텍",티칭팬던트,TEACHINGPENDANT,PC,29,0,0,0,2,0,0,0,0
"파워링크","#01. 한국제이에스씨스텍",티칭팬던트,TEACHINGPENDANT,모바일,3,0,0,0,2,0,0,0,0
"파워링크","#01. 한국제이에스씨스텍",티칭팬던트,티칭팬던트,PC,32,0,0,0,2.5,0,0,0,0
"파워링크","#01. 한국제이에스씨스텍",티칭팬던트,티칭팬던트,모바일,8,0,0,0,1,0,0,0,0
"파워링크","#01. 한국제이에스씨스텍",티칭팬던트,티칭펜던트,PC,41,1,176,176,2.4,1,0,0,0
"파워링크","#01. 한국제이에스씨스텍",티칭팬던트,티칭펜던트,모바일,15,0,0,0,1,0,0,0,0
"파워링크","#01. 한국제이에스씨스텍",PLC내장서보,-,PC,20,0,0,0,1.5,0,0,0,0
"파워링크","#01. 한국제이에스씨스텍",PLC내장서보,-,모바일,2,0,0,0,2,0,0,0,0
"파워링크","#01. 한국제이에스씨스텍",PLC내장서보,PLC내장,PC,14,0,0,0,1.1,0,0,0,0
"파워링크","#01. 한국제이에스씨스텍",PLC내장서보,PLC내장,모바일,27,0,0,0,2.5,0,0,0,0
"파워링크","#01. 한국제이에스씨스텍",PLC내장서보,PLC서보,PC,2,0,0,0,1,0,0,0,0
"파워링크","#01. 한국제이에스씨스텍",PLC내장서보,서보PLC,PC,1,0,0,0,2,0,0,0,0
"파워링크","#01. 한국제이에스씨스텍",PLC내장서보,서보PLC,모바일,1,0,0,0,1,0,0,0,0
"파워링크","#01. 한국제이에스씨스텍",일체형터치판넬,-,PC,7,0,0,0,2,0,0,0,0
"파워링크","#01. 한국제이에스씨스텍",일체형터치판넬,-,모바일,5,0,0,0,1.8,0,0,0,0
"파워링크","#01. 한국제이에스씨스텍",일체형터치판넬,PLC터치,PC,12,0,0,0,2.5,0,0,0,0
"파워링크","#01. 한국제이에스씨스텍",일체형터치판넬,PLC터치,모바일,44,0,0,0,2.7,0,0,0,0
"파워링크","#01. 한국제이에스씨스텍",고추장충진기,고추장충진,PC,2,1,209,209,3,1,0,0,0
"파워링크","#01. 한국제이에스씨스텍",고추장충진기,고추장충진,모바일,5,0,0,0,1.6,0,0,0,0
"파워링크","#01. 한국제이에스씨스텍",고추장충진기,고추장충진기,PC,5,0,0,0,4,0,0,0,0
"파워링크","#01. 한국제이에스씨스텍",고추장충진기,고추장충진기,모바일,95,1,"1,100","1,100",2.2,0,0,0,0
"파워링크","#01. 한국제이에스씨스텍",매생이충진기,-,모바일,2,1,77,77,1,0,0,0,0
"파워링크","#01. 한국제이에스씨스텍",매생이충진기,매생이충진,모바일,5,0,0,0,2.4,0,0,0,0
"파워링크","#01. 한국제이에스씨스텍",된장충진기,-,PC,2,0,0,0,2,0,0,0,0
"파워링크","#01. 한국제이에스씨스텍",된장충진기,-,모바일,2,0,0,0,2.5,0,0,0,0
"파워링크","#01. 한국제이에스씨스텍",된장충진기,된장소분,PC,11,0,0,0,1.1,0,0,0,0
"파워링크","#01. 한국제이에스씨스텍",된장충진기,된장소분,모바일,40,0,0,0,1,0,0,0,0
"파워링크","#01. 한국제이에스씨스텍",된장충진기,된장소분기,모바일,1,0,0,0,1,0,0,0,0
"파워링크","#01. 한국제이에스씨스텍",된장충진기,된장충진,모바일,4,0,0,0,1,0,0,0,0
"파워링크","#01. 한국제이에스씨스텍",된장충진기,된장충진기,PC,14,1,"2,365","2,365",1.6,1,0,0,0
"파워링크","#01. 한국제이에스씨스텍",된장충진기,된장충진기,모바일,27,7,"1,804","12,628",1.4,1,0,0,0
"파워링크","#01. 한국제이에스씨스텍",된장충진기,스크류펌프,PC,50,0,0,0,6.1,0,0,0,0
"파워링크","#01. 한국제이에스씨스텍",된장충진기,스크류펌프,모바일,28,1,"1,540","1,540",6.1,0,0,0,0
"파워링크","#01. 한국제이에스씨스텍",고춧가루충진기,-,PC,58,2,77,154,1.1,2.6,21,0,0
"파워링크","#01. 한국제이에스씨스텍",고춧가루충진기,-,모바일,36,2,105,209,1.3,0,0,0,0
"파워링크","#01. 한국제이에스씨스텍",고춧가루충진기,고추가루소분,PC,3,0,0,0,1.7,0,0,0,0
"파워링크","#01. 한국제이에스씨스텍",고춧가루충진기,고추가루소분,모바일,3,0,0,0,1.3,0,0,0,0
"파워링크","#01. 한국제이에스씨스텍",고춧가루충진기,고춧가루소분,PC,7,0,0,0,2,0,0,0,0
"파워링크","#01. 한국제이에스씨스텍",고춧가루충진기,고춧가루소분,모바일,28,0,0,0,2,0,0,0,0
"파워링크","#01. 한국제이에스씨스텍",고춧가루충진기,분말소분,PC,8,1,539,539,5.1,4,15,0,0
"파워링크","#01. 한국제이에스씨스텍",고춧가루충진기,분말소분,모바일,4,0,0,0,8.5,0,0,0,0
"파워링크","#01. 한국제이에스씨스텍",고춧가루충진기,분말소분기,PC,29,3,414,"1,243",4.7,0,0,0,0
"파워링크","#01. 한국제이에스씨스텍",고춧가루충진기,분말소분기,모바일,49,3,447,"1,342",3,1.33,0.33,0,0
"파워링크","#01. 한국제이에스씨스텍",고춧가루충진기,분말충진,PC,1,0,0,0,6,0,0,0,0
"파워링크","#01. 한국제이에스씨스텍",고춧가루충진기,분말충진기,PC,46,4,"1,262","5,049",7.4,4,35,0,0
"파워링크","#01. 한국제이에스씨스텍",고춧가루충진기,분말충진기,모바일,20,0,0,0,5.2,0,0,0,0
"파워링크","#01. 한국제이에스씨스텍",고춧가루충진기,콩가루소분,PC,6,1,77,77,2,2,0,0,0
"파워링크","#01. 한국제이에스씨스텍",고춧가루충진기,콩가루소분,모바일,3,0,0,0,2,0,0,0,0
"파워링크","#01. 한국제이에스씨스텍",고춧가루충진기,콩가루소분기,모바일,1,0,0,0,4,0,0,0,0
"파워링크","#01. 한국제이에스씨스텍",마늘충진기,-,PC,1,0,0,0,1,0,0,0,0
"파워링크","#01. 한국제이에스씨스텍",마늘충진기,-,모바일,2,0,0,0,1,0,0,0,0
"파워링크","#01. 한국제이에스씨스텍",마늘충진기,간마늘소분,PC,1,0,0,0,1,0,0,0,0
"파워링크","#01. 한국제이에스씨스텍",마늘충진기,간마늘소분,모바일,518,5,121,605,2.2,1,0,0,0
"파워링크","#01. 한국제이에스씨스텍",마늘충진기,다진마늘소분,PC,173,0,0,0,4.4,0,0,0,0
"파워링크","#01. 한국제이에스씨스텍",마늘충진기,다진마늘소분,모바일,220,0,0,0,2.7,0,0,0,0
"파워링크","#01. 한국제이에스씨스텍",마늘충진기,다진마늘소분기,모바일,3,0,0,0,1.7,0,0,0,0
"파워링크","#01. 한국제이에스씨스텍",마늘충진기,다진마늘충진기,PC,13,1,77,77,1,1,0,0,0
"파워링크","#01. 한국제이에스씨스텍",로브펌프,-,모바일,1,0,0,0,1,0,0,0,0
"파워링크","#01. 한국제이에스씨스텍",로브펌프,로브펌프,PC,977,1,"1,716","1,716",2.9,1,0,0,0
"파워링크","#01. 한국제이에스씨스텍",로브펌프,로브펌프,모바일,65,1,"1,573","1,573",3.7,1,0,0,0
"파워링크","#01. 한국제이에스씨스텍",로브펌프,액상펌프,PC,26,2,380,759,1.8,1,0,0,0
"파워링크","#01. 한국제이에스씨스텍",로브펌프,액상펌프,모바일,34,0,0,0,1.3,0,0,0,0
"파워링크","#01. 한국제이에스씨스텍",로브펌프,펌프,PC,"4,949",2,572,"1,144",2.9,0,0,0,0
"파워링크","#01. 한국제이에스씨스텍",로브펌프,펌프,모바일,"2,824",6,647,"3,883",2.3,1,0,0,0
"파워링크","#01. 한국제이에스씨스텍",양념소스다대기충진,-,모바일,1,0,0,0,2,0,0,0,0
"파워링크","#01. 한국제이에스씨스텍",양념소스다대기충진,다대기충진기,PC,1,0,0,0,4,0,0,0,0
"파워링크","#01. 한국제이에스씨스텍",양념소스다대기충진,다대기충진기,모바일,1,0,0,0,2,0,0,0,0
"파워링크","#01. 한국제이에스씨스텍",양념소스다대기충진,떡갈비소분,모바일,1,0,0,0,1,0,0,0,0
"파워링크","#01. 한국제이에스씨스텍",양념소스다대기충진,떡갈비충진기,모바일,3,1,77,77,1.7,0,0,0,0
"파워링크","#01. 한국제이에스씨스텍",양념소스다대기충진,로브펌프충진기,PC,6,0,0,0,3,0,0,0,0
"파워링크","#01. 한국제이에스씨스텍",양념소스다대기충진,로브펌프충진기,모바일,5,0,0,0,2.4,0,0,0,0
"파워링크","#01. 한국제이에스씨스텍",요소수,요소수생산,PC,22,1,110,110,2.5,0,0,0,0
"파워링크","#01. 한국제이에스씨스텍",요소수,요소수생산,모바일,22,1,110,110,2.1,0,0,0,0
"파워링크","#01. 한국제이에스씨스텍",요소수,요소수설비,PC,2,0,0,0,1,0,0,0,0
"파워링크","#01. 한국제이에스씨스텍",요소수,요소수설비,모바일,12,0,0,0,3.3,0,0,0,0
"파워링크","#01. 한국제이에스씨스텍",파우더충진,-,PC,5,1,66,66,2.4,1,0,0,0
"파워링크","#01. 한국제이에스씨스텍",파우더충진,-,모바일,1,0,0,0,1,0,0,0,0
"파워링크","#01. 한국제이에스씨스텍",파우더충진,파우더충진,PC,4,0,0,0,4.8,0,0,0,0
"파워링크","#01. 한국제이에스씨스텍",파우더충진,파우더충진,모바일,51,0,0,0,1.7,0,0,0,0
"파워링크","#01. 한국제이에스씨스텍",파우더충진,파우더충진기,PC,4,0,0,0,3.5,0,0,0,0
"파워링크","#01. 한국제이에스씨스텍",파우더충진,파우더충진기,모바일,7,0,0,0,2.6,0,0,0,0
"파워링크","#01. 한국제이에스씨스텍",비료충진,-,PC,3,0,0,0,1.7,0,0,0,0
"파워링크","#01. 한국제이에스씨스텍",비료충진,-,모바일,1,0,0,0,3,0,0,0,0
"파워링크","#01. 한국제이에스씨스텍",비료충진,비료충진,모바일,39,0,0,0,3,0,0,0,0
"파워링크","#01. 한국제이에스씨스텍",드럼펌프,-,PC,2,0,0,0,2,0,0,0,0
"파워링크","#01. 한국제이에스씨스텍",드럼펌프,-,모바일,1,0,0,0,3,0,0,0,0
"파워링크","#01. 한국제이에스씨스텍",드럼펌프,드럼펌프,PC,198,2,"1,986","3,971",12,0,0,0,0
"파워링크","#01. 한국제이에스씨스텍",드럼펌프,드럼펌프,모바일,428,0,0,0,1.2,0,0,0,0
"파워링크","#01. 한국제이에스씨스텍",공압노즐,-,모바일,1,0,0,0,2,0,0,0,0
"파워링크","#01. 한국제이에스씨스텍",공압노즐,공압노즐,PC,2,0,0,0,1,0,0,0,0
"파워링크","#01. 한국제이에스씨스텍",공압노즐,공압노즐,모바일,2,0,0,0,1,0,0,0,0
"파워링크","#01. 한국제이에스씨스텍",공압노즐,공압밸브,PC,300,2,"1,045","2,090",10.4,2.5,15.5,0,0
"파워링크","#01. 한국제이에스씨스텍",공압노즐,공압밸브,모바일,98,2,919,"1,837",3.9,0,0,0,0
"파워링크","#01. 한국제이에스씨스텍",공압노즐,노즐,PC,"2,809",6,902,"5,412",7.8,2.2,3.2,0,0
"파워링크","#01. 한국제이에스씨스텍",공압노즐,노즐,모바일,487,5,739,"3,696",3.1,2,1,0,0
"파워링크","#01. 한국제이에스씨스텍",공압노즐,충진기노즐,PC,12,1,660,660,1,3,7,0,0
"파워링크","#01. 한국제이에스씨스텍",공압노즐,충진기노즐,모바일,14,0,0,0,1,0,0,0,0
"파워링크","#01. 한국제이에스씨스텍",텍스트모니터,-,모바일,3,2,77,154,1.3,1,0,0,0
"파워링크","#01. 한국제이에스씨스텍",텍스트모니터,OPERATEPANEL,모바일,1,0,0,0,4,0,0,0,0
"파워링크","#01. 한국제이에스씨스텍",텍스트모니터,모노터치,모바일,50,0,0,0,2.6,0,0,0,0
"파워링크","#01. 한국제이에스씨스텍",호퍼,HOPPER,PC,468,4,"1,108","4,433",5.4,1,0,0,0
"파워링크","#01. 한국제이에스씨스텍",호퍼,HOPPER,모바일,653,1,"1,111","1,111",2.8,1,0,0,0
"파워링크","#01. 한국제이에스씨스텍",호퍼,가열호퍼,PC,2,0,0,0,1,0,0,0,0
"파워링크","#01. 한국제이에스씨스텍",호퍼,가열호퍼,모바일,3,1,77,77,1,1.25,17.75,0,0
"파워링크","#01. 한국제이에스씨스텍",호퍼,교반호퍼,모바일,1,1,77,77,1,0,0,0,0
"파워링크","#01. 한국제이에스씨스텍",호퍼,열선호퍼,모바일,2,1,77,77,1,1,0,0,0
"파워링크","#01. 한국제이에스씨스텍",호퍼,호퍼,PC,623,6,"1,118","6,710",6.8,1,0,0,0
"파워링크","#01. 한국제이에스씨스텍",호퍼,호퍼,모바일,141,1,"1,265","1,265",5,1,0,0,0
"파워링크","#01. 한국제이에스씨스텍",진제 TS시리즈,-,PC,6,2,77,154,1.2,6.5,130.25,0,0
"파워링크","#01. 한국제이에스씨스텍",진제 TS시리즈,-,모바일,6,1,77,77,1.2,2.33,18,0,0
"파워링크","#01. 한국제이에스씨스텍",진제 TS시리즈,HMI,PC,740,0,0,0,6.4,0,0,0,0
"파워링크","#01. 한국제이에스씨스텍",진제 TS시리즈,HMI,모바일,319,0,0,0,2.9,0,0,0,0
"파워링크","#01. 한국제이에스씨스텍",진제 TS시리즈,LSHMI,PC,12,0,0,0,6.3,0,0,0,0
"파워링크","#01. 한국제이에스씨스텍",진제 TS시리즈,LSHMI,모바일,3,0,0,0,4.3,0,0,0,0
"파워링크","#01. 한국제이에스씨스텍",진제 TS시리즈,LS터치,PC,43,1,143,143,2.4,1,0,0,0
"파워링크","#01. 한국제이에스씨스텍",진제 TS시리즈,LS터치,모바일,35,0,0,0,1.7,0,0,0,0
"파워링크","#01. 한국제이에스씨스텍",진제 TS시리즈,LS터치판넬,PC,10,0,0,0,3.2,0,0,0,0
"파워링크","#01. 한국제이에스씨스텍",진제 TS시리즈,LS터치판넬,모바일,10,0,0,0,2.2,0,0,0,0
"파워링크","#01. 한국제이에스씨스텍",진제 TS시리즈,M2I,PC,"1,930",4,154,616,6.2,1,0,0,0
"파워링크","#01. 한국제이에스씨스텍",진제 TS시리즈,M2I,모바일,59,0,0,0,4.3,0,0,0,0
"파워링크","#01. 한국제이에스씨스텍",진제 TS시리즈,M2IHMI,PC,23,0,0,0,2.4,0,0,0,0
"파워링크","#01. 한국제이에스씨스텍",진제 TS시리즈,M2IHMI,모바일,1,0,0,0,2,0,0,0,0
"파워링크","#01. 한국제이에스씨스텍",진제 TS시리즈,M2I터치,PC,18,0,0,0,2.4,0,0,0,0
"파워링크","#01. 한국제이에스씨스텍",진제 TS시리즈,M2I터치,모바일,24,0,0,0,2.2,0,0,0,0
"파워링크","#01. 한국제이에스씨스텍",진제 TS시리즈,M2I터치판넬,PC,2,0,0,0,2,0,0,0,0
"파워링크","#01. 한국제이에스씨스텍",진제 TS시리즈,TOUCHWINPRO,모바일,3,0,0,0,2.3,0,0,0,0
"파워링크","#01. 한국제이에스씨스텍",진제 TS시리즈,TS2,PC,"5,534",0,0,0,1.2,0,0,0,0
"파워링크","#01. 한국제이에스씨스텍",진제 TS시리즈,TS2,모바일,"1,460",2,242,484,1.2,1,0,0,0
"파워링크","#01. 한국제이에스씨스텍",진제 TS시리즈,XINJE,PC,10,1,165,165,1.4,10.5,176.5,0,0
"파워링크","#01. 한국제이에스씨스텍",진제 TS시리즈,XINJE,모바일,163,1,374,374,1,15.5,242,0,0
"파워링크","#01. 한국제이에스씨스텍",진제 TS시리즈,XINJEHMI,모바일,20,0,0,0,2.3,0,0,0,0
"파워링크","#01. 한국제이에스씨스텍",진제 TS시리즈,산업용터치판넬,PC,58,3,506,"1,518",3.7,1,0,0,0
"파워링크","#01. 한국제이에스씨스텍",진제 TS시리즈,산업용터치판넬,모바일,3,0,0,0,3.3,0,0,0,0
"파워링크","#01. 한국제이에스씨스텍",진제 TS시리즈,이지뷰HMI,PC,5,0,0,0,1.6,0,0,0,0
"파워링크","#01. 한국제이에스씨스텍",진제 TS시리즈,이지뷰HMI,모바일,6,0,0,0,1.8,0,0,0,0
"파워링크","#01. 한국제이에스씨스텍",진제 TS시리즈,터치스크린,PC,"1,063",1,"1,826","1,826",3.6,1,0,0,0
"파워링크","#01. 한국제이에스씨스텍",진제 TS시리즈,터치스크린,모바일,"1,259",2,"2,679","5,357",2,1,0,0,0
"파워링크","#01. 한국제이에스씨스텍",진제 TS시리즈,터치판넬,PC,56,0,0,0,3.9,0,0,0,0
"파워링크","#01. 한국제이에스씨스텍",진제 TS시리즈,터치판넬,모바일,27,0,0,0,3.4,0,0,0,0
"파워링크","#01. 한국제이에스씨스텍",진제 TS시리즈,프로페이스,PC,"2,794",0,0,0,3.3,0,0,0,0
"파워링크","#01. 한국제이에스씨스텍",진제 TS시리즈,프로페이스,모바일,592,0,0,0,2,1,0,0,0
"쇼핑검색",진제상품,진제상품_광고그룹#1,-,PC,"11,668",11,857,"9,427",2.5,1.88,16.65,0,0
"쇼핑검색",진제상품,진제상품_광고그룹#1,-,모바일,"232,299",113,"1,825","206,228",5.8,1.04,1.17,0,0
"쇼핑검색",진제상품,대형깔대기,-,PC,21,0,0,0,10.7,0,0,0,0
"쇼핑검색",진제상품,대형깔대기,-,모바일,"1,286",0,0,0,6,0,0,0,0
"쇼핑검색",진제상품,저렴한PLC,-,PC,158,1,55,55,2.4,1,0,0,0
"쇼핑검색",진제상품,저렴한PLC,-,모바일,"3,816",3,220,660,2.1,1,0,0,0
