﻿"쇼핑검색보고서(2025.06.01.~2025.06.30.),robotico1018:naver"
"캠페인유형",검색어,PC/모바일 매체,노출수,클릭수,"평균클릭비용(VAT포함,원)","총비용(VAT포함,원)",평균노출순위,방문당 평균페이지뷰,방문당 평균체류시간(초),전환수,전환매출액(원)
"파워링크",10KG용접기,모바일,1,0,0,0,2,0,0,0,0
"파워링크",AUTO용접,PC,1,0,0,0,1,0,0,0,0
"파워링크",CO2용접기제원,모바일,2,0,0,0,1,0,0,0,0
"파워링크",CO2용접로봇SITE:ROBOTICO.KR,PC,1,0,0,0,1,0,0,0,0
"파워링크",PLC와협동로봇,모바일,1,0,0,0,1,0,0,0,0
"파워링크",ROBOT,PC,49,0,0,0,6.2,0,0,0,0
"파워링크",ROBOT,모바일,66,0,0,0,4,0,0,0,0
"파워링크",ROBOTICS,PC,212,1,704,704,2.4,0,0,0,0
"파워링크",ROBOTICS,모바일,281,0,0,0,2.9,0,0,0,0
"파워링크",ROBOTTEACHING,PC,7,0,0,0,2.6,0,0,0,0
"파워링크",ROBOTTEACHING,모바일,4,0,0,0,2.8,0,0,0,0
"파워링크",ROBOT기업,PC,1,0,0,0,2,0,0,0,0
"파워링크",개인용접기,모바일,1,0,0,0,1,0,0,0,0
"파워링크",공장레일로봇,모바일,1,0,0,0,2,0,0,0,0
"파워링크",공장자동화로보트,모바일,1,0,0,0,1,0,0,0,0
"파워링크",공장자동화로봇,PC,9,0,0,0,2.6,0,0,0,0
"파워링크",공장자동화로봇,모바일,13,0,0,0,2.1,0,0,0,0
"파워링크",금형용접로봇,PC,1,0,0,0,3,0,0,0,0
"파워링크",납부용접이란,모바일,1,0,0,0,1,0,0,0,0
"파워링크",누구나용접할수있는용접기,모바일,1,0,0,0,3,0,0,0,0
"파워링크",드릴로봇자동화,PC,1,0,0,0,1,0,0,0,0
"파워링크",레이저용접로봇,PC,3,1,462,462,9,0,0,0,0
"파워링크",레이저용접협동로봇,모바일,1,0,0,0,3,0,0,0,0
"파워링크",레일로봇,모바일,4,0,0,0,2,0,0,0,0
"파워링크",레일자동용접기,모바일,1,1,77,77,1,0,0,0,0
"파워링크",로보부착,모바일,1,0,0,0,1,0,0,0,0
"파워링크",로보자동시스템,모바일,1,0,0,0,2,0,0,0,0
"파워링크",로보트,PC,95,0,0,0,6.2,0,0,0,0
"파워링크",로보트,모바일,225,0,0,0,3.8,0,0,0,0
"파워링크",로보트용접기조작방법,모바일,1,0,0,0,1,0,0,0,0
"파워링크",로보트팔,PC,1,0,0,0,6,0,0,0,0
"파워링크",로보티코용접기,모바일,3,2,77,154,1,1.25,93.25,0,0
"파워링크",로보틱스,PC,610,0,0,0,2.2,0,0,0,0
"파워링크",로보틱스,모바일,"1,699",2,"1,062","2,123",2.9,0,0,0,0
"파워링크",로봇,PC,361,2,"1,254","2,508",7.9,0,0,0,0
"파워링크",로봇,모바일,633,1,"1,287","1,287",4.9,0,0,0,0
"파워링크",로봇ICS,모바일,3,0,0,0,2,0,0,0,0
"파워링크",로봇TEACHING,PC,1,0,0,0,2,0,0,0,0
"파워링크",로봇TEACHING,모바일,1,0,0,0,3,0,0,0,0
"파워링크",로봇감소기,모바일,1,0,0,0,1,0,0,0,0
"파워링크",로봇교육,PC,65,1,"1,584","1,584",6.8,0,0,0,0
"파워링크",로봇교육,모바일,5,0,0,0,7.4,0,0,0,0
"파워링크",로봇기업,PC,59,0,0,0,2.8,0,0,0,0
"파워링크",로봇기업,모바일,119,0,0,0,2.1,0,0,0,0
"파워링크",로봇레이저용접,PC,1,0,0,0,10,0,0,0,0
"파워링크",로봇레이저용접기,PC,4,0,0,0,3.3,0,0,0,0
"파워링크",로봇부착,모바일,1,0,0,0,1,0,0,0,0
"파워링크",로봇용접,PC,74,3,"1,327","3,982",6.2,0,0,0,0
"파워링크",로봇용접,모바일,65,3,"1,203","3,608",3.2,0,0,0,0
"파워링크",로봇용접기,PC,84,8,"1,075","8,602",3,0.5,0,0,0
"파워링크",로봇용접기,모바일,48,11,984,"10,824",3.3,0.5,123.67,0,0
"파워링크",로봇용접기가격,모바일,1,0,0,0,1,0,0,0,0
"파워링크",로봇용접기술,모바일,1,0,0,0,2,0,0,0,0
"파워링크",로봇용접기용접기만별도로,PC,2,0,0,0,1,0,0,0,0
"파워링크",로봇용접기용접기별도,PC,1,0,0,0,1,0,0,0,0
"파워링크",로봇용접기종류,PC,1,0,0,0,3,0,0,0,0
"파워링크",로봇용접기티칭,PC,2,0,0,0,1,0,0,0,0
"파워링크",로봇용접방법,PC,1,0,0,0,2,0,0,0,0
"파워링크",로봇용접이란,모바일,1,0,0,0,1,0,0,0,0
"파워링크",로봇용접일,모바일,1,0,0,0,2,0,0,0,0
"파워링크",로봇용접자동화,모바일,1,0,0,0,2,0,0,0,0
"파워링크",로봇용접종류,PC,1,0,0,0,2,0,0,0,0
"파워링크",로봇용접종류,모바일,1,0,0,0,3,0,0,0,0
"파워링크",로봇용접턴테이블,모바일,1,1,407,407,1,0,0,0,0
"파워링크",로봇용접티칭,PC,1,0,0,0,1,0,0,0,0
"파워링크",로봇용접티칭,모바일,3,1,77,77,1,0,0,0,0
"파워링크",로봇용접회사,모바일,2,0,0,0,3,0,0,0,0
"파워링크",로봇용접후기,PC,2,0,0,0,2,0,0,0,0
"파워링크",로봇용접후기,모바일,3,0,0,0,1,0,0,0,0
"파워링크",로봇입니까?,모바일,2,0,0,0,3,0,0,0,0
"파워링크",로봇자동용접,PC,4,2,220,440,1.8,0,0,0,0
"파워링크",로봇자동용접,모바일,1,1,374,374,3,0,0,0,0
"파워링크",로봇자동용접기,PC,1,0,0,0,10,0,0,0,0
"파워링크",로봇자동용접기,모바일,3,1,352,352,1,0,0,0,0
"파워링크",로봇자동화,PC,8,0,0,0,34.8,0,0,0,0
"파워링크",로봇자동화용접,모바일,1,0,0,0,3,0,0,0,0
"파워링크",로봇자동화조작,모바일,1,0,0,0,2,0,0,0,0
"파워링크",로봇자동화포장기계,모바일,1,0,0,0,3,0,0,0,0
"파워링크",로봇장착,모바일,1,0,0,0,1,0,0,0,0
"파워링크",로봇조작기,모바일,1,0,0,0,1,0,0,0,0
"파워링크",로봇티그용접,PC,2,0,0,0,3,0,0,0,0
"파워링크",로봇티그용접,모바일,1,0,0,0,1,0,0,0,0
"파워링크",로봇티칭,PC,165,0,0,0,2.6,0,0,0,0
"파워링크",로봇티칭,모바일,77,1,539,539,2.2,0,0,0,0
"파워링크",로봇티칭?,모바일,1,0,0,0,3,0,0,0,0
"파워링크",로봇티칭이란,PC,1,0,0,0,2,0,0,0,0
"파워링크",로봇티칭이란,모바일,1,0,0,0,2,0,0,0,0
"파워링크",로봇팔,PC,155,0,0,0,8.1,0,0,0,0
"파워링크",로봇팔,모바일,20,0,0,0,5.8,0,0,0,0
"파워링크",로봇팔레이저용접기,모바일,1,1,66,66,3,0,0,0,0
"파워링크",로봇팔시스템,모바일,1,0,0,0,3,0,0,0,0
"파워링크",로봇팔용접기,PC,2,1,429,429,1.5,0,0,0,0
"파워링크",로봇팔자동화,모바일,3,0,0,0,2,0,0,0,0
"파워링크",부착용접,PC,1,0,0,0,1,0,0,0,0
"파워링크",산업용로봇CO2용접,모바일,1,0,0,0,3,0,0,0,0
"파워링크",안전용접화,모바일,1,0,0,0,3,0,0,0,0
"파워링크",오토용접기,PC,1,0,0,0,2,0,0,0,0
"파워링크",용접기10KG,모바일,1,0,0,0,2,0,0,0,0
"파워링크",용접기부착,모바일,1,0,0,0,1,0,0,0,0
"파워링크",용접기사용법,모바일,21,0,0,0,2.1,0,0,0,0
"파워링크",용접기자동,PC,2,0,0,0,2.5,0,0,0,0
"파워링크",용접로보트,PC,4,0,0,0,4,0,0,0,0
"파워링크",용접로봇,PC,107,6,"2,823","16,940",4.2,0,0,0,0
"파워링크",용접로봇,모바일,11,1,"1,034","1,034",4.3,0,0,0,0
"파워링크",용접로봇가격,PC,3,0,0,0,2,0,0,0,0
"파워링크",용접로봇가격,모바일,2,0,0,0,1,0,0,0,0
"파워링크",용접로봇자동화,PC,1,1,77,77,7,0,0,0,0
"파워링크",용접로봇자동화,모바일,12,1,374,374,2.8,0.5,0,0,0
"파워링크",용접로봇티칭,PC,2,0,0,0,1,0,0,0,0
"파워링크",용접로봇티칭,모바일,1,0,0,0,1,0,0,0,0
"파워링크",용접로봇팔,PC,1,0,0,0,1,0,0,0,0
"파워링크",용접로봇회사,모바일,1,0,0,0,2,0,0,0,0
"파워링크",용접부착,PC,2,0,0,0,1.5,0,0,0,0
"파워링크",용접사안전화,모바일,1,0,0,0,1,0,0,0,0
"파워링크",용접안전기,모바일,1,0,0,0,3,0,0,0,0
"파워링크",용접자동화,PC,114,3,"3,975","11,924",4,0,0,0,0
"파워링크",용접자동화,모바일,16,0,0,0,9.1,0,0,0,0
"파워링크",용접협동로봇,PC,5,2,391,781,2.4,0,0,0,0
"파워링크",용접협동로봇,모바일,2,0,0,0,1,0,0,0,0
"파워링크",용접협동로봇로보티코,PC,1,0,0,0,1,0,0,0,0
"파워링크",용접화,PC,27,0,0,0,5,0,0,0,0
"파워링크",용접화,모바일,15,0,0,0,3.4,0,0,0,0
"파워링크",자동로봇가격,모바일,1,0,0,0,3,0,0,0,0
"파워링크",자동로봇용접,모바일,2,0,0,0,2,0,0,0,0
"파워링크",자동로봇용접기종류,모바일,1,1,440,440,1,1,18,0,0
"파워링크",자동용접,PC,84,2,"1,441","2,882",4,0,0,0,0
"파워링크",자동용접,모바일,34,0,0,0,3.4,0,0,0,0
"파워링크",자동용접기,PC,186,7,"1,598","11,187",6.2,0,0,0,0
"파워링크",자동용접기,모바일,59,1,"1,573","1,573",7.2,0,0,0,0
"파워링크",자동용접기가격,모바일,2,0,0,0,3.5,0,0,0,0
"파워링크",자동용접기로봇팔,PC,1,0,0,0,1,0,0,0,0
"파워링크",자동용접기사용법,모바일,1,0,0,0,2,0,0,0,0
"파워링크",자동용접로봇,PC,4,0,0,0,6.5,0,0,0,0
"파워링크",자동용접로봇,모바일,5,0,0,0,1.8,0,0,0,0
"파워링크",자동용접로봇용접,모바일,1,0,0,0,1,0,0,0,0
"파워링크",자동용접사,PC,4,0,0,0,2.8,0,0,0,0
"파워링크",자동용접사,모바일,4,0,0,0,3,0,0,0,0
"파워링크",자동주문로봇,모바일,1,0,0,0,3,0,0,0,0
"파워링크",자동택배로봇,PC,1,0,0,0,2,0,0,0,0
"파워링크",자동화로더,PC,1,0,0,0,3,0,0,0,0
"파워링크",자동화로봇,PC,28,1,"1,507","1,507",14.2,0,0,0,0
"파워링크",자동화로봇,모바일,5,0,0,0,9.6,0,0,0,0
"파워링크",자동화로봇가격,모바일,1,0,0,0,3,0,0,0,0
"파워링크",자동화로봇기술,모바일,1,0,0,0,4,0,0,0,0
"파워링크",자동화로봇용접,PC,1,0,0,0,3,0,0,0,0
"파워링크",자동화로봇용접기,PC,1,0,0,0,2,0,0,0,0
"파워링크",자동화로봇취업,PC,2,0,0,0,3,0,0,0,0
"파워링크",자동화로봇팔,PC,1,0,0,0,2,0,0,0,0
"파워링크",자동화로봇팔,모바일,1,0,0,0,3,0,0,0,0
"파워링크",자동화시스템,PC,2,0,0,0,26.5,0,0,0,0
"파워링크",자동화시스템,모바일,20,0,0,0,3.4,0,0,0,0
"파워링크",장착로봇,모바일,3,0,0,0,2,0,0,0,0
"파워링크",전자동용접기,모바일,1,0,0,0,2,0,0,0,0
"파워링크",택배자동로봇,모바일,3,0,0,0,2,0,0,0,0
"파워링크",티그용접로봇,모바일,1,0,0,0,1,0,0,0,0
"파워링크",티코자동,모바일,2,0,0,0,1,0,0,0,0
"파워링크",협동로봇,PC,9,0,0,0,22.3,0,0,0,0
"파워링크",협동로봇,모바일,1,0,0,0,26,0,0,0,0
"파워링크",협동로봇광고,PC,2,0,0,0,3,0,0,0,0
"파워링크",협동로봇교육,PC,7,0,0,0,3.7,0,0,0,0
"파워링크",협동로봇교육용,PC,1,0,0,0,3,0,0,0,0
"파워링크",협동로봇드릴,모바일,2,0,0,0,1,0,0,0,0
"파워링크",협동로봇레이저용접기,PC,9,0,0,0,2.9,0,0,0,0
"파워링크",협동로봇용용접기,PC,1,0,0,0,1,0,0,0,0
"파워링크",협동로봇용접,PC,6,1,319,319,3.5,0,0,0,0
"파워링크",협동로봇용접,모바일,7,1,220,220,2.4,0,0,0,0
"파워링크",협동로봇용접기,PC,6,1,374,374,2.3,0,0,0,0
"파워링크",협동로봇컴퓨터,모바일,1,0,0,0,2,0,0,0,0
"파워링크",협동로봇토치,PC,1,0,0,0,1,0,0,0,0
"파워링크",협동로봇팔,PC,1,0,0,0,4,0,0,0,0
"파워링크",협동용접로봇,PC,2,0,0,0,3,0,0,0,0
"파워링크",협동용접로봇,모바일,1,0,0,0,2,0,0,0,0
"파워링크",협동용접로봇가격,PC,1,0,0,0,1,0,0,0,0
"파워링크",협동화로봇,PC,2,1,385,385,1,0,0,0,0
"파워링크",협업로봇,PC,6,0,0,0,6.8,0,0,0,0
"파워링크",협업로봇,모바일,7,0,0,0,2.3,0,0,0,0
"파워링크",화다로봇,모바일,1,0,0,0,3,0,0,0,0
"쇼핑검색",-,PC,189,4,391,"1,562",3.3,0.83,38.83,0,0
"쇼핑검색",-,모바일,296,2,501,"1,001",2.8,1.67,125.33,2,2
"쇼핑검색",2025로봇자동화,모바일,2,0,0,0,1.5,0,0,0,0
"쇼핑검색",320KV엑스레이교정용,PC,1,0,0,0,1,0,0,0,0
"쇼핑검색",350*500,모바일,1,0,0,0,2,0,0,0,0
"쇼핑검색",350500,PC,1,0,0,0,2,0,0,0,0
"쇼핑검색",350500,모바일,3,0,0,0,2,0,0,0,0
"쇼핑검색",350A,PC,34,0,0,0,1.7,0,0,0,0
"쇼핑검색",350A,모바일,44,0,0,0,1.8,0,0,0,0
"쇼핑검색",350ACDC용접기,모바일,1,0,0,0,1,0,0,0,0
"쇼핑검색",350ACO2용접기,모바일,3,0,0,0,2.3,0,0,0,0
"쇼핑검색",350A\,PC,1,0,0,0,2,0,0,0,0
"쇼핑검색",350A대대용접기,PC,1,0,0,0,2,0,0,0,0
"쇼핑검색",350A둘레길이,PC,1,0,0,0,2,0,0,0,0
"쇼핑검색",350A세트저항,모바일,1,0,0,0,1,0,0,0,0
"쇼핑검색",350A소비전력,PC,1,0,0,0,2,0,0,0,0
"쇼핑검색",350A용접기,PC,4,0,0,0,1.8,0,0,0,0
"쇼핑검색",350A용접기,모바일,4,0,0,0,1.3,0,0,0,0
"쇼핑검색",350A용접기500A용접기,모바일,1,0,0,0,1,0,0,0,0
"쇼핑검색",350A용접기전류,모바일,1,0,0,0,2,0,0,0,0
"쇼핑검색",350A티그용접기,모바일,1,0,0,0,4,0,0,0,0
"쇼핑검색",350KR,PC,1,0,0,0,1,0,0,0,0
"쇼핑검색",350×500,모바일,2,0,0,0,1.5,0,0,0,0
"쇼핑검색",350용접기,모바일,2,0,0,0,2.5,0,0,0,0
"쇼핑검색",350티그용접기,모바일,2,0,0,0,1,0,0,0,0
"쇼핑검색",440V로보트용접기용량산정,PC,1,0,0,0,1,0,0,0,0
"쇼핑검색",500350ㄷ자,PC,2,0,0,0,16,0,0,0,0
"쇼핑검색",500A,모바일,2,0,0,0,1.5,0,0,0,0
"쇼핑검색",500A350A,모바일,2,0,0,0,1.5,0,0,0,0
"쇼핑검색",500ACO2,모바일,1,0,0,0,1,0,0,0,0
"쇼핑검색",500ATIG용접기,PC,1,0,0,0,3,0,0,0,0
"쇼핑검색",500A쇼트용접기,모바일,1,0,0,0,1,0,0,0,0
"쇼핑검색",500A용접기,PC,8,0,0,0,1,0,0,0,0
"쇼핑검색",500A용접기,모바일,11,0,0,0,1,0,0,0,0
"쇼핑검색",500A용접기명판,모바일,1,0,0,0,1,0,0,0,0
"쇼핑검색",500A용접기무기,PC,1,0,0,0,1,0,0,0,0
"쇼핑검색",500A용접기선,모바일,4,0,0,0,1,0,0,0,0
"쇼핑검색",500A용접기입력선,모바일,1,0,0,0,1,0,0,0,0
"쇼핑검색",500A용접기제원표,PC,1,0,0,0,1,0,0,0,0
"쇼핑검색",500A티그용접기,PC,1,0,0,0,1,0,0,0,0
"쇼핑검색",500A티그용접기,모바일,3,0,0,0,1.7,0,0,0,0
"쇼핑검색",A.I공구자동화,모바일,2,0,0,0,1.5,0,0,0,0
"쇼핑검색",ACDC용접기500,모바일,1,0,0,0,3,0,0,0,0
"쇼핑검색",AC용접기500A,모바일,1,0,0,0,4,0,0,0,0
"쇼핑검색",AI공구자동화,모바일,10,0,0,0,1.5,0,0,0,0
"쇼핑검색",AI로봇용접,PC,1,0,0,0,2,0,0,0,0
"쇼핑검색",AI용접로봇,PC,1,0,0,0,2,0,0,0,0
"쇼핑검색",AI자동화툴,PC,25,0,0,0,1.5,0,0,0,0
"쇼핑검색",AI자동화툴,모바일,21,0,0,0,1.4,0,0,0,0
"쇼핑검색",AJ네트웍스로봇자동화,PC,2,0,0,0,1.5,0,0,0,0
"쇼핑검색",AR2010,PC,1,0,0,0,1,0,0,0,0
"쇼핑검색",AROBOTZEMECKIS,모바일,1,0,0,0,1,0,0,0,0
"쇼핑검색",ASEA-500A용접기,PC,1,0,0,0,1,0,0,0,0
"쇼핑검색",ATAM자동화툴,PC,2,0,0,0,1.5,0,0,0,0
"쇼핑검색",A로봇아웃도어,모바일,4,0,0,0,1.5,0,0,0,0
"쇼핑검색",BA-350용접기,PC,1,0,0,0,6,0,0,0,0
"쇼핑검색",BULLS-350A용접기,모바일,2,0,0,0,2,0,0,0,0
"쇼핑검색",BULLS350A용접기,모바일,4,0,0,0,2,0,0,0,0
"쇼핑검색",C02용접기350A,모바일,2,0,0,0,1,0,0,0,0
"쇼핑검색",CCK자동화툴,PC,2,0,0,0,1.5,0,0,0,0
"쇼핑검색",CO2(A),모바일,1,0,0,0,1,0,0,0,0
"쇼핑검색",CO2/350암피어가동발천끼용량,모바일,2,0,0,0,2,0,0,0,0
"쇼핑검색",CO2350,PC,1,0,0,0,3,0,0,0,0
"쇼핑검색",CO2350,모바일,2,0,0,0,2,0,0,0,0
"쇼핑검색",CO2350A,PC,1,0,0,0,1,0,0,0,0
"쇼핑검색",CO2350A,모바일,2,0,0,0,1,0,0,0,0
"쇼핑검색",CO2350A19MM,PC,2,0,0,0,1.5,0,0,0,0
"쇼핑검색",CO2350A용접기,모바일,1,0,0,0,1,0,0,0,0
"쇼핑검색",CO2500A,PC,1,0,0,0,1,0,0,0,0
"쇼핑검색",CO2500A,모바일,1,0,0,0,1,0,0,0,0
"쇼핑검색",CO2결합길ㅇ,모바일,1,0,0,0,2,0,0,0,0
"쇼핑검색",CO2과배출없이윤던,모바일,1,0,0,0,1,0,0,0,0
"쇼핑검색",CO2대가이,모바일,2,0,0,0,1,0,0,0,0
"쇼핑검색",CO2뜨는지가라앉는지,PC,1,0,0,0,1,0,0,0,0
"쇼핑검색",CO2레귤이귤레이터,모바일,1,0,0,0,3,0,0,0,0
"쇼핑검색",CO2로보트드레서,PC,1,0,0,0,1,0,0,0,0
"쇼핑검색",CO2로봇,PC,1,0,0,0,1,0,0,0,0
"쇼핑검색",CO2로봇,모바일,2,0,0,0,1,0,0,0,0
"쇼핑검색",CO2로봇용접,PC,4,0,0,0,1,0,0,0,0
"쇼핑검색",CO2로봇용접우수업체,PC,1,0,0,0,1,0,0,0,0
"쇼핑검색",CO2로봇원점,PC,1,0,0,0,1,0,0,0,0
"쇼핑검색",CO2로봇조건,PC,1,0,0,0,1,0,0,0,0
"쇼핑검색",CO2로봇티칭,PC,1,0,0,0,1,0,0,0,0
"쇼핑검색",CO2망간용봉,PC,1,0,0,0,1,0,0,0,0
"쇼핑검색",CO2메인전기선,모바일,1,0,0,0,1,0,0,0,0
"쇼핑검색",CO2미그용접기,모바일,1,0,0,0,10,0,0,0,0
"쇼핑검색",CO2사용기간,모바일,1,0,0,0,1,0,0,0,0
"쇼핑검색",CO2세정로봇,PC,1,0,0,0,2,0,0,0,0
"쇼핑검색",CO2세트설치,모바일,1,0,0,0,1,0,0,0,0
"쇼핑검색",CO2송급어스선,PC,1,0,0,0,6,0,0,0,0
"쇼핑검색",CO2아답터세트,PC,1,0,0,0,6,0,0,0,0
"쇼핑검색",CO2약제량87.7리터,PC,1,0,0,0,1,0,0,0,0
"쇼핑검색",CO2어스선부품,PC,1,0,0,0,6,0,0,0,0
"쇼핑검색",CO2용접구멍,모바일,1,0,0,0,1,0,0,0,0
"쇼핑검색",CO2용접기,모바일,4,0,0,0,7.8,0,0,0,0
"쇼핑검색",CO2용접기350,모바일,1,0,0,0,8,0,0,0,0
"쇼핑검색",CO2용접기350A,PC,1,0,0,0,1,0,0,0,0
"쇼핑검색",CO2용접기350A,모바일,2,0,0,0,1,0,0,0,0
"쇼핑검색",CO2용접기500,PC,3,0,0,0,4.3,0,0,0,0
"쇼핑검색",CO2용접기500,모바일,1,0,0,0,2,0,0,0,0
"쇼핑검색",CO2용접기500A,PC,1,0,0,0,1,0,0,0,0
"쇼핑검색",CO2용접기500A,모바일,1,0,0,0,6,0,0,0,0
"쇼핑검색",CO2용접기캡,모바일,1,0,0,0,1,0,0,0,0
"쇼핑검색",CO2용접노즐동,모바일,3,0,0,0,8,0,0,0,0
"쇼핑검색",CO2용접뒤땜제,모바일,1,0,0,0,7,0,0,0,0
"쇼핑검색",CO2용접로보트,PC,1,0,0,0,1,0,0,0,0
"쇼핑검색",CO2용접로봇,PC,1,0,0,0,1,0,0,0,0
"쇼핑검색",CO2용접로봇,모바일,1,0,0,0,1,0,0,0,0
"쇼핑검색",CO2용접모제,모바일,1,0,0,0,1,0,0,0,0
"쇼핑검색",CO2용접못하는것,PC,2,0,0,0,1,0,0,0,0
"쇼핑검색",CO2용접백비드,PC,1,0,0,0,1,0,0,0,0
"쇼핑검색",CO2용접백비드,모바일,2,0,0,0,1,0,0,0,0
"쇼핑검색",CO2용접백킹재,모바일,2,0,0,0,7,0,0,0,0
"쇼핑검색",CO2용접백킹제,모바일,2,0,0,0,7,0,0,0,0
"쇼핑검색",CO2용접부속,모바일,6,0,0,0,1.7,0,0,0,0
"쇼핑검색",CO2용접불똥,모바일,4,0,0,0,1,0,0,0,0
"쇼핑검색",CO2용접비드폭,모바일,1,0,0,0,1,0,0,0,0
"쇼핑검색",CO2용접사구함,모바일,1,0,0,0,1,0,0,0,0
"쇼핑검색",CO2용접산화층,PC,1,0,0,0,1,0,0,0,0
"쇼핑검색",CO2용접수작업,PC,1,0,0,0,1,0,0,0,0
"쇼핑검색",CO2용접스패터,PC,1,0,0,0,1,0,0,0,0
"쇼핑검색",CO2용접스패터,모바일,1,0,0,0,6,0,0,0,0
"쇼핑검색",CO2용접암홀더,모바일,1,0,0,0,6,0,0,0,0
"쇼핑검색",CO2용접야간반,모바일,2,0,0,0,1,0,0,0,0
"쇼핑검색",CO2용접에덧쌓기용착방법,PC,1,0,0,0,1,0,0,0,0
"쇼핑검색",CO2용접용입깊이,PC,1,0,0,0,1,0,0,0,0
"쇼핑검색",CO2용접용품,모바일,5,0,0,0,1,0,0,0,0
"쇼핑검색",CO2용접자재,모바일,4,0,0,0,5.8,0,0,0,0
"쇼핑검색",CO2용접전연관,모바일,3,0,0,0,6.3,0,0,0,0
"쇼핑검색",CO2용접절연통350A,PC,1,0,0,0,1,0,0,0,0
"쇼핑검색",CO2용접종류,PC,1,0,0,0,1,0,0,0,0
"쇼핑검색",CO2용접종류,모바일,4,0,0,0,1,0,0,0,0
"쇼핑검색",CO2용접준비물,모바일,1,0,0,0,1,0,0,0,0
"쇼핑검색",CO2용접토우각,PC,1,0,0,0,1,0,0,0,0
"쇼핑검색",CO2용접패킹제,모바일,3,0,0,0,1.7,0,0,0,0
"쇼핑검색",CO2용접홀더잭,모바일,1,0,0,0,1,0,0,0,0
"쇼핑검색",CO2용품,모바일,1,0,0,0,2,0,0,0,0
"쇼핑검색",CO2중고용접기,모바일,1,0,0,0,10,0,0,0,0
"쇼핑검색",CO2캔확산봉셋트,PC,1,0,0,0,1,0,0,0,0
"쇼핑검색",CO2코부라후렉시볼,모바일,1,0,0,0,2,0,0,0,0
"쇼핑검색",CO2툴세트,모바일,1,0,0,0,1,0,0,0,0
"쇼핑검색",CO2팁교체시기,모바일,1,0,0,0,1,0,0,0,0
"쇼핑검색",CO2홀다선350A,모바일,1,0,0,0,1,0,0,0,0
"쇼핑검색",CO용접기,모바일,2,0,0,0,2,0,0,0,0
"쇼핑검색",CPR용접로보트,모바일,5,0,0,0,2.4,0,0,0,0
"쇼핑검색",CRM자동화툴,모바일,2,0,0,0,1.5,0,0,0,0
"쇼핑검색",CX2500A용접기,모바일,1,0,0,0,1,0,0,0,0
"쇼핑검색",DB-350A용접기,모바일,1,0,0,0,2,0,0,0,0
"쇼핑검색",DIGITAL-350코드선,모바일,2,0,0,0,1.5,0,0,0,0
"쇼핑검색",DW-350A용접기,PC,1,0,0,0,2,0,0,0,0
"쇼핑검색",DY-MIG500,PC,2,0,0,0,1,0,0,0,0
"쇼핑검색",DYDWJQ협동로봇,PC,1,0,0,0,1,0,0,0,0
"쇼핑검색",EDR로봇용접,모바일,2,0,0,0,2.5,0,0,0,0
"쇼핑검색",EHAVECM350용접기,모바일,1,0,0,0,4,0,0,0,0
"쇼핑검색",ERW용접로봇용접,모바일,1,0,0,0,1,0,0,0,0
"쇼핑검색",ESTUN로봇용접기,모바일,2,0,0,0,2,0,0,0,0
"쇼핑검색",ESTUN용접로봇,PC,1,0,0,0,1,0,0,0,0
"쇼핑검색",FD86용접로봇,PC,2,0,0,0,1.5,0,0,0,0
"쇼핑검색",GYS양면용접기,모바일,1,0,0,0,2,0,0,0,0
"쇼핑검색",HCE로봇용접,PC,1,0,0,0,1,0,0,0,0
"쇼핑검색",HD용접로봇,모바일,3,0,0,0,1,0,0,0,0
"쇼핑검색",HYWELL용접기350A,모바일,1,0,0,0,1,0,0,0,0
"쇼핑검색",KEPUNI,PC,1,0,0,0,1,0,0,0,0
"쇼핑검색",KEPUNI,모바일,3,0,0,0,1,0,0,0,0
"쇼핑검색",KOSHACO2용접,PC,1,0,0,0,1,0,0,0,0
"쇼핑검색",LASER용접ROBOT,PC,1,0,0,0,1,0,0,0,0
"쇼핑검색",LVS용접로봇,PC,1,0,0,0,1,0,0,0,0
"쇼핑검색",MAGICPOD자동화툴,모바일,2,0,0,0,1,0,0,0,0
"쇼핑검색",MAG용접기,PC,2,0,0,0,4,0,0,0,0
"쇼핑검색",MAS-3산소자동절단기,모바일,1,0,0,0,1,0,0,0,0
"쇼핑검색",MIG-350,모바일,1,0,0,0,1,0,0,0,0
"쇼핑검색",MIG-500,PC,1,0,0,0,1,0,0,0,0
"쇼핑검색",MIG-500가격,PC,1,0,0,0,1,0,0,0,0
"쇼핑검색",MIG-950용접기,모바일,1,0,0,0,6,0,0,0,0
"쇼핑검색",MIG180용접기,모바일,1,0,0,0,10,0,0,0,0
"쇼핑검색",MIG210X용접기,모바일,1,0,0,0,5,0,0,0,0
"쇼핑검색",MIG350ST,PC,1,0,0,0,1,0,0,0,0
"쇼핑검색",MIG500,PC,2,0,0,0,1,0,0,0,0
"쇼핑검색",MIG500,모바일,1,0,0,0,1,0,0,0,0
"쇼핑검색",MIG500MAINPCB,모바일,1,0,0,0,1,0,0,0,0
"쇼핑검색",MIG500아크릴,모바일,1,0,0,0,1,0,0,0,0
"쇼핑검색",MIG로봇,모바일,1,0,0,0,1,0,0,0,0
"쇼핑검색",MIG미그,모바일,1,0,0,0,2,0,0,0,0
"쇼핑검색",MIG알루미늄용접기,PC,1,0,0,0,5,0,0,0,0
"쇼핑검색",MIG용접,PC,4,0,0,0,2,0,0,0,0
"쇼핑검색",MIG용접,모바일,21,0,0,0,2.1,0,0,0,0
"쇼핑검색",MIG용접500짜리중고,모바일,1,0,0,0,1,0,0,0,0
"쇼핑검색",MIG용접기,PC,10,0,0,0,6.2,0,0,0,0
"쇼핑검색",MIG용접기,모바일,12,0,0,0,5.7,0,0,0,0
"쇼핑검색",MIG용접기-논가스,모바일,1,0,0,0,1,0,0,0,0
"쇼핑검색",MIG용접기500A,모바일,1,0,0,0,8,0,0,0,0
"쇼핑검색",MIG용접기500LMG2,PC,1,0,0,0,1,0,0,0,0
"쇼핑검색",MIG용접로봇,모바일,1,0,0,0,1,0,0,0,0
"쇼핑검색",MIG용접스플건,모바일,1,0,0,0,1,0,0,0,0
"쇼핑검색",MIG용접원리,모바일,1,0,0,0,2,0,0,0,0
"쇼핑검색",MMA용접기,모바일,6,0,0,0,8,0,0,0,0
"쇼핑검색",N8N자동화툴,PC,2,0,0,0,1.5,0,0,0,0
"쇼핑검색",OTC로봇용접,모바일,1,0,0,0,1,0,0,0,0
"쇼핑검색",OTC용접로봇,PC,1,0,0,0,1,0,0,0,0
"쇼핑검색",PULSEDMIG용접기500A,PC,1,0,0,0,1,0,0,0,0
"쇼핑검색",REACTOR용접로봇,PC,1,0,0,0,1,0,0,0,0
"쇼핑검색",RIG로봇용접기,모바일,1,0,0,0,1,0,0,0,0
"쇼핑검색",ROBOTSPOT용접기,PC,1,0,0,0,1,0,0,0,0
"쇼핑검색",ROBOT용접TIP,PC,1,0,0,0,1,0,0,0,0
"쇼핑검색",SA350용접기,모바일,1,0,0,0,4,0,0,0,0
"쇼핑검색",SAW로봇용접,모바일,1,0,0,0,1,0,0,0,0
"쇼핑검색",SCR용접기500A,PC,1,0,0,0,1,0,0,0,0
"쇼핑검색",SL500용접기,PC,1,0,0,0,1,0,0,0,0
"쇼핑검색",SMR로봇용접,모바일,1,0,0,0,1,0,0,0,0
"쇼핑검색",SMR원전로봇용접자동화,모바일,4,0,0,0,1.5,0,0,0,0
"쇼핑검색",SNS자동화툴,모바일,2,0,0,0,2,0,0,0,0
"쇼핑검색",SPOTROBOT용접,PC,1,0,0,0,1,0,0,0,0
"쇼핑검색",SPOT로봇용접,PC,1,0,0,0,1,0,0,0,0
"쇼핑검색",TIC용접기500,모바일,3,0,0,0,6,0,0,0,0
"쇼핑검색",TIG로봇용접기,PC,1,0,0,0,1,0,0,0,0
"쇼핑검색",TIG용접기350A,PC,4,0,0,0,3,0,0,0,0
"쇼핑검색",TIG용접기350A,모바일,3,0,0,0,3,0,0,0,0
"쇼핑검색",TURBO미그용접,모바일,1,0,0,0,2,0,0,0,0
"쇼핑검색",VARIOSTAR2500,PC,1,1,561,561,1,0.5,0,0,0
"쇼핑검색",WD-350A용접기,모바일,1,0,0,0,2,0,0,0,0
"쇼핑검색",WELSTARMIG350A,모바일,2,0,0,0,1,0,0,0,0
"쇼핑검색",ZNA-500용접기,모바일,1,0,0,0,2,0,0,0,0
"쇼핑검색",ZNH-350A알루미늄,모바일,1,0,0,0,2,0,0,0,0
"쇼핑검색",ZNH-350A알루미늄용접,모바일,2,0,0,0,2,0,0,0,0
"쇼핑검색",ZNH-350A알류미늄,모바일,1,0,0,0,2,0,0,0,0
"쇼핑검색",가정용용접기미그,모바일,1,0,0,0,6,0,0,0,0
"쇼핑검색",각진로봇티코,모바일,2,0,0,0,1.5,0,0,0,0
"쇼핑검색",각파이프용접자동화,PC,2,0,0,0,1.5,0,0,0,0
"쇼핑검색",강관로봇용접기,모바일,2,0,0,0,1,0,0,0,0
"쇼핑검색",거제로봇용접,PC,1,0,0,0,1,0,0,0,0
"쇼핑검색",경남진해용접자동화,PC,2,0,0,0,1.5,0,0,0,0
"쇼핑검색",경산로봇용접,모바일,1,0,0,0,1,0,0,0,0
"쇼핑검색",고강도레이저로봇,모바일,1,0,0,0,1,0,0,0,0
"쇼핑검색",고객사들로부터,PC,2,0,0,0,1,0,0,0,0
"쇼핑검색",고령로봇용접,모바일,2,0,0,0,1,0,0,0,0
"쇼핑검색",고베로보트용접,PC,2,0,0,0,1,0,0,0,0
"쇼핑검색",고베로봇용접기,모바일,1,0,0,0,1,0,0,0,0
"쇼핑검색",고압CO2세트,PC,2,0,0,0,1,0,0,0,0
"쇼핑검색",고압CO2세트,모바일,12,0,0,0,1,0,0,0,0
"쇼핑검색",공냉식알곤토치세트,모바일,1,0,0,0,1,0,0,0,0
"쇼핑검색",공냉식용접기,모바일,1,0,0,0,9,0,0,0,0
"쇼핑검색",광창용접기협동로봇,PC,1,0,0,0,1,0,0,0,0
"쇼핑검색",교류용접기500,모바일,2,0,0,0,4.5,0,0,0,0
"쇼핑검색",교류용접기디지털,모바일,1,0,0,0,3,0,0,0,0
"쇼핑검색",교반용접로봇,PC,2,0,0,0,1,0,0,0,0
"쇼핑검색",국내로봇용접기,모바일,1,0,0,0,1,0,0,0,0
"쇼핑검색",국비로봇자동화,모바일,2,0,0,0,1.5,0,0,0,0
"쇼핑검색",국산논가스용접기,모바일,1,0,0,0,1,0,0,0,0
"쇼핑검색",국산로봇용접기,PC,1,0,0,0,1,0,0,0,0
"쇼핑검색",국산협동용접로봇,PC,3,0,0,0,1.7,0,0,0,0
"쇼핑검색",궤도용접기,모바일,1,0,0,0,1,0,0,0,0
"쇼핑검색",극좌표로봇용접,모바일,1,0,0,0,1,0,0,0,0
"쇼핑검색",금속로봇용접,모바일,1,0,0,0,1,0,0,0,0
"쇼핑검색",금형로봇용접,PC,1,0,0,0,1,0,0,0,0
"쇼핑검색",금형용접로봇,PC,2,0,0,0,1,0,0,0,0
"쇼핑검색",남동공단로보,모바일,2,0,0,0,1.5,0,0,0,0
"쇼핑검색",남동공단로봇트용접기,PC,1,0,0,0,1,0,0,0,0
"쇼핑검색",논가스용접셋트,모바일,4,0,0,0,3,0,0,0,0
"쇼핑검색",뉴로메카용접로봇,PC,13,1,"1,485","1,485",1.5,0.5,0,0,0
"쇼핑검색",뉴로메카용접로봇,모바일,4,0,0,0,1.5,0,0,0,0
"쇼핑검색",뉴로메카의용접로봇,PC,2,0,0,0,1.5,0,0,0,0
"쇼핑검색",다관절용접로봇,PC,1,0,0,0,1,0,0,0,0
"쇼핑검색",다이헨미그용접기,모바일,2,0,0,0,3,0,0,0,0
"쇼핑검색",다이헨용접기500A,모바일,1,0,0,0,1,0,0,0,0
"쇼핑검색",다족용접로봇,PC,4,0,0,0,1.5,0,0,0,0
"쇼핑검색",다품종용접자동화,PC,2,0,0,0,1.5,0,0,0,0
"쇼핑검색",대양금속씨오투,PC,1,0,0,0,1,0,0,0,0
"쇼핑검색",대형스폿용접기,모바일,1,0,0,0,8,0,0,0,0
"쇼핑검색",동CO2350A16MM,PC,2,0,0,0,1,0,0,0,0
"쇼핑검색",동관용접,모바일,2,0,0,0,7.5,0,0,0,0
"쇼핑검색",동관용접세트,모바일,5,0,0,0,3.4,0,0,0,0
"쇼핑검색",동미그용접기,PC,1,0,0,0,2,0,0,0,0
"쇼핑검색",동수용접기350A,모바일,1,0,0,0,2,0,0,0,0
"쇼핑검색",동양인더스트리스텐브라이트,모바일,1,0,0,0,1,0,0,0,0
"쇼핑검색",동용접검은색,모바일,1,0,0,0,10,0,0,0,0
"쇼핑검색",동파이프용접세트,PC,1,0,0,0,3,0,0,0,0
"쇼핑검색",두산용접로봇,모바일,1,0,0,0,1,0,0,0,0
"쇼핑검색",디웰코,모바일,1,0,0,0,1,0,0,0,0
"쇼핑검색",디웰코255,모바일,1,0,0,0,1,0,0,0,0
"쇼핑검색",디웰코용접기,모바일,1,0,0,0,1,0,0,0,0
"쇼핑검색",디지털스폿용접기,PC,1,0,0,0,1,0,0,0,0
"쇼핑검색",디지털스폿용접기,모바일,2,0,0,0,3,0,0,0,0
"쇼핑검색",디지털용접각장,PC,2,0,0,0,3.5,0,0,0,0
"쇼핑검색",디지털용접기,PC,2,0,0,0,2,0,0,0,0
"쇼핑검색",디지털용접기,모바일,7,0,0,0,1.3,0,0,0,0
"쇼핑검색",디지털자동화,PC,2,0,0,0,1.5,0,0,0,0
"쇼핑검색",디지털카트리지용접,모바일,2,0,0,0,1.5,0,0,0,0
"쇼핑검색",디지털컨트롤용접,모바일,2,0,0,0,4,0,0,0,0
"쇼핑검색",디지털티크용접기,모바일,1,0,0,0,3,0,0,0,0
"쇼핑검색",레이저로봇코리아,PC,19,0,0,0,1,0,0,0,0
"쇼핑검색",레이저로봇코리아,모바일,7,0,0,0,1,0,0,0,0
"쇼핑검색",레이저용접기,모바일,1,0,0,0,9,0,0,0,0
"쇼핑검색",레이저용접보호구,모바일,1,0,0,0,1,0,0,0,0
"쇼핑검색",레이저용접용접면,모바일,2,0,0,0,1.5,0,0,0,0
"쇼핑검색",레이저용접차광도,모바일,1,0,0,0,5,0,0,0,0
"쇼핑검색",레이져/로봇납땜,PC,1,0,0,0,1,0,0,0,0
"쇼핑검색",레이져용품불,모바일,1,0,0,0,2,0,0,0,0
"쇼핑검색",로보드릴자동화,PC,2,0,0,0,1.5,0,0,0,0
"쇼핑검색",로보레이저,모바일,1,0,0,0,1,0,0,0,0
"쇼핑검색",로보부착,모바일,2,0,0,0,1,0,0,0,0
"쇼핑검색",로보부착형태,모바일,2,0,0,0,1,0,0,0,0
"쇼핑검색",로보용품,모바일,2,0,0,0,1,0,0,0,0
"쇼핑검색",로보타이트레이져,모바일,1,0,0,0,1,0,0,0,0
"쇼핑검색",로보택시독점공구,모바일,2,0,0,0,1.5,0,0,0,0
"쇼핑검색",로보트CO2용접,모바일,2,0,0,0,1,0,0,0,0
"쇼핑검색",로보트용접,PC,10,0,0,0,1,0,0,0,0
"쇼핑검색",로보트용접,모바일,13,0,0,0,1,0,0,0,0
"쇼핑검색",로보트용접900억,모바일,3,1,462,462,1.7,0.5,0,0,0
"쇼핑검색",로보트용접기,PC,7,0,0,0,1.3,0,0,0,0
"쇼핑검색",로보트용접기,모바일,5,0,0,0,1,0,0,0,0
"쇼핑검색",로보트용접기FD19AX21,PC,1,0,0,0,1,0,0,0,0
"쇼핑검색",로보트용접기구조,PC,2,0,0,0,1,0,0,0,0
"쇼핑검색",로보트용접기법적규정,PC,1,0,0,0,1,0,0,0,0
"쇼핑검색",로보트용접기전류값불안정,모바일,1,0,0,0,1,0,0,0,0
"쇼핑검색",로보트용접기정밀감속기,PC,1,0,0,0,1,0,0,0,0
"쇼핑검색",로보트용접기조작방법,모바일,1,0,0,0,1,0,0,0,0
"쇼핑검색",로보트용접명칭,PC,1,0,0,0,1,0,0,0,0
"쇼핑검색",로보트용접업체,모바일,1,0,0,0,1,0,0,0,0
"쇼핑검색",로보트용접조건?,모바일,1,0,0,0,1,0,0,0,0
"쇼핑검색",로보트차종용접,모바일,1,0,0,0,1,0,0,0,0
"쇼핑검색",로보티코가격,PC,2,0,0,0,1.5,0,0,0,0
"쇼핑검색",로보티코용접기,모바일,6,0,0,0,1.5,0,0,0,0
"쇼핑검색",로보틱스용접로봇,PC,1,0,0,0,1,0,0,0,0
"쇼핑검색",로봇&자동화,모바일,4,0,0,0,1.5,0,0,0,0
"쇼핑검색",로봇CO2용접,모바일,1,0,0,0,1,0,0,0,0
"쇼핑검색",로봇TIG용접,PC,2,0,0,0,1,0,0,0,0
"쇼핑검색",로봇TIG용접,모바일,2,0,0,0,1,0,0,0,0
"쇼핑검색",로봇과자동화,모바일,12,0,0,0,1.5,0,0,0,0
"쇼핑검색",로봇디지털화면표정,모바일,2,0,0,0,1.5,0,0,0,0
"쇼핑검색",로봇레이저커팅,PC,1,0,0,0,1,0,0,0,0
"쇼핑검색",로봇미그용접,모바일,2,0,0,0,1.5,0,0,0,0
"쇼핑검색",로봇샵푸대,모바일,2,0,0,0,1.5,0,0,0,0
"쇼핑검색",로봇선박용접,PC,1,0,0,0,1,0,0,0,0
"쇼핑검색",로봇쇼트용접기,모바일,4,0,0,0,2,0,0,0,0
"쇼핑검색",로봇스팟용접,모바일,1,0,0,0,1,0,0,0,0
"쇼핑검색",로봇스폿용접,PC,1,0,0,0,1,0,0,0,0
"쇼핑검색",로봇스폿용접,모바일,1,0,0,0,1,0,0,0,0
"쇼핑검색",로봇용접,PC,64,1,473,473,1,0.5,0,0,0
"쇼핑검색",로봇용접,모바일,119,1,451,451,1,0.5,0,0,0
"쇼핑검색",로봇용접1990년,모바일,1,0,0,0,1,0,0,0,0
"쇼핑검색",로봇용접80년대,모바일,2,0,0,0,1,0,0,0,0
"쇼핑검색",로봇용접PPT,모바일,2,0,0,0,1.5,0,0,0,0
"쇼핑검색",로봇용접계열사,모바일,1,0,0,0,1,0,0,0,0
"쇼핑검색",로봇용접공장을,모바일,1,0,0,0,1,0,0,0,0
"쇼핑검색",로봇용접교수,PC,1,0,0,0,1,0,0,0,0
"쇼핑검색",로봇용접교육하는데,모바일,2,0,0,0,1.5,0,0,0,0
"쇼핑검색",로봇용접근무,모바일,1,0,0,0,1,0,0,0,0
"쇼핑검색",로봇용접기,PC,81,6,464,"2,783",1.1,1.13,44.87,1,1
"쇼핑검색",로봇용접기,모바일,89,5,436,"2,178",1.6,1.17,19,0,0
"쇼핑검색",로봇용접기ATAPTOR,PC,3,0,0,0,1.7,0,0,0,0
"쇼핑검색",로봇용접기KC인증,PC,1,0,0,0,1,0,0,0,0
"쇼핑검색",로봇용접기가격,모바일,1,0,0,0,1,0,0,0,0
"쇼핑검색",로봇용접기교시장치,모바일,1,0,0,0,1,0,0,0,0
"쇼핑검색",로봇용접기구매국가지원금,모바일,1,0,0,0,1,0,0,0,0
"쇼핑검색",로봇용접기구성품,PC,1,0,0,0,1,0,0,0,0
"쇼핑검색",로봇용접기구조부,PC,2,0,0,0,1,0,0,0,0
"쇼핑검색",로봇용접기구조부명칭,PC,1,0,0,0,1,0,0,0,0
"쇼핑검색",로봇용접기국가지원,PC,2,0,0,0,1,0,0,0,0
"쇼핑검색",로봇용접기냉각팬,PC,1,0,0,0,1,0,0,0,0
"쇼핑검색",로봇용접기능사,PC,2,0,0,0,1.5,0,0,0,0
"쇼핑검색",로봇용접기능사,모바일,1,0,0,0,2,0,0,0,0
"쇼핑검색",로봇용접기디피샤,모바일,2,0,0,0,2.5,0,0,0,0
"쇼핑검색",로봇용접기방책,모바일,1,0,0,0,1,0,0,0,0
"쇼핑검색",로봇용접기법적의무사항,PC,1,0,0,0,1,0,0,0,0
"쇼핑검색",로봇용접기부위별명칭,PC,1,0,0,0,1,0,0,0,0
"쇼핑검색",로봇용접기부위별명칭,모바일,1,0,0,0,1,0,0,0,0
"쇼핑검색",로봇용접기부품별,PC,1,0,0,0,1,0,0,0,0
"쇼핑검색",로봇용접기빛차단,PC,2,0,0,0,1.5,0,0,0,0
"쇼핑검색",로봇용접기사,모바일,1,0,0,0,2,0,0,0,0
"쇼핑검색",로봇용접기성적서,PC,1,0,0,0,1,0,0,0,0
"쇼핑검색",로봇용접기셋트,모바일,2,0,0,0,1,0,0,0,0
"쇼핑검색",로봇용접기셋팅,모바일,1,0,0,0,1,0,0,0,0
"쇼핑검색",로봇용접기쇼핑몰,PC,1,0,0,0,1,0,0,0,0
"쇼핑검색",로봇용접기수입판매업지원,모바일,1,0,0,0,1,0,0,0,0
"쇼핑검색",로봇용접기술,모바일,1,0,0,0,1,0,0,0,0
"쇼핑검색",로봇용접기야스가와,PC,1,0,0,0,1,0,0,0,0
"쇼핑검색",로봇용접기야스카와,PC,3,0,0,0,1.7,0,0,0,0
"쇼핑검색",로봇용접기업체,PC,2,0,0,0,1,0,0,0,0
"쇼핑검색",로봇용접기오퍼레이터,모바일,3,0,0,0,1,0,0,0,0
"쇼핑검색",로봇용접기용접기만별도로,PC,2,0,0,0,1,0,0,0,0
"쇼핑검색",로봇용접기용접기별도,PC,1,0,0,0,1,0,0,0,0
"쇼핑검색",로봇용접기인터록,PC,1,0,0,0,1,0,0,0,0
"쇼핑검색",로봇용접기정부지원금,모바일,1,0,0,0,1,0,0,0,0
"쇼핑검색",로봇용접기조웰,모바일,1,0,0,0,1,0,0,0,0
"쇼핑검색",로봇용접기종류,PC,3,1,451,451,2,6,564,2,2
"쇼핑검색",로봇용접기지원사업,모바일,1,0,0,0,1,0,0,0,0
"쇼핑검색",로봇용접기티칭특허,PC,1,0,0,0,1,0,0,0,0
"쇼핑검색",로봇용접기팁교환,모바일,2,0,0,0,2,0,0,0,0
"쇼핑검색",로봇용접기판매,모바일,2,0,0,0,1,0,0,0,0
"쇼핑검색",로봇용접기펜슬,PC,1,0,0,0,1,0,0,0,0
"쇼핑검색",로봇용접기획,PC,2,0,0,0,1,0,0,0,0
"쇼핑검색",로봇용접로보트제어,모바일,4,0,0,0,1.5,0,0,0,0
"쇼핑검색",로봇용접명칭,모바일,1,0,0,0,1,0,0,0,0
"쇼핑검색",로봇용접문,모바일,4,0,0,0,1.5,0,0,0,0
"쇼핑검색",로봇용접박람회,모바일,2,0,0,0,1,0,0,0,0
"쇼핑검색",로봇용접방법,PC,1,0,0,0,1,0,0,0,0
"쇼핑검색",로봇용접보호막,모바일,4,0,0,0,2.8,0,0,0,0
"쇼핑검색",로봇용접분류,모바일,1,0,0,0,1,0,0,0,0
"쇼핑검색",로봇용접사람용접,PC,1,0,0,0,1,0,0,0,0
"쇼핑검색",로봇용접설비비,모바일,1,0,0,0,1,0,0,0,0
"쇼핑검색",로봇용접시공,PC,2,0,0,0,1,0,0,0,0
"쇼핑검색",로봇용접시장,PC,1,0,0,0,1,0,0,0,0
"쇼핑검색",로봇용접업무,모바일,1,0,0,0,1,0,0,0,0
"쇼핑검색",로봇용접업체,PC,2,0,0,0,1,0,0,0,0
"쇼핑검색",로봇용접업체,모바일,3,0,0,0,1,0,0,0,0
"쇼핑검색",로봇용접업체추천,PC,1,0,0,0,1,0,0,0,0
"쇼핑검색",로봇용접와이어,모바일,2,0,0,0,1.5,0,0,0,0
"쇼핑검색",로봇용접용입,모바일,1,0,0,0,1,0,0,0,0
"쇼핑검색",로봇용접용접로봇,PC,1,0,0,0,1,0,0,0,0
"쇼핑검색",로봇용접용토치,모바일,1,0,0,0,1,0,0,0,0
"쇼핑검색",로봇용접웰드웰,PC,1,0,0,0,1,0,0,0,0
"쇼핑검색",로봇용접위험,모바일,2,0,0,0,2,0,0,0,0
"쇼핑검색",로봇용접임가공,PC,1,0,0,0,1,0,0,0,0
"쇼핑검색",로봇용접임대,PC,1,1,462,462,1,1,52.5,0,0
"쇼핑검색",로봇용접자동화,PC,2,0,0,0,1,0,0,0,0
"쇼핑검색",로봇용접자동화,모바일,2,0,0,0,1,0,0,0,0
"쇼핑검색",로봇용접자동화제작,PC,2,0,0,0,1.5,0,0,0,0
"쇼핑검색",로봇용접장점,PC,2,0,0,0,1,0,0,0,0
"쇼핑검색",로봇용접전시회,PC,1,0,0,0,1,0,0,0,0
"쇼핑검색",로봇용접제어판,PC,1,0,0,0,1,0,0,0,0
"쇼핑검색",로봇용접조건,모바일,2,0,0,0,1,0,0,0,0
"쇼핑검색",로봇용접조선,PC,1,0,0,0,1,0,0,0,0
"쇼핑검색",로봇용접종류,PC,1,0,0,0,1,0,0,0,0
"쇼핑검색",로봇용접종류,모바일,2,0,0,0,1,0,0,0,0
"쇼핑검색",로봇용접직업,모바일,1,0,0,0,1,0,0,0,0
"쇼핑검색",로봇용접차광막,모바일,2,0,0,0,1.5,0,0,0,0
"쇼핑검색",로봇용접초보,모바일,1,0,0,0,1,0,0,0,0
"쇼핑검색",로봇용접총알,모바일,2,0,0,0,1.5,0,0,0,0
"쇼핑검색",로봇용접컨설팅,모바일,2,0,0,0,1.5,0,0,0,0
"쇼핑검색",로봇용접컨퍼런스,PC,5,0,0,0,1,0,0,0,0
"쇼핑검색",로봇용접컨퍼런스,모바일,3,0,0,0,1,0,0,0,0
"쇼핑검색",로봇용접크레이터,PC,1,0,0,0,1,0,0,0,0
"쇼핑검색",로봇용접테스트,모바일,1,0,0,0,1,0,0,0,0
"쇼핑검색",로봇용접티칭,PC,3,0,0,0,1.7,0,0,0,0
"쇼핑검색",로봇용접티칭,모바일,3,0,0,0,1,0,0,0,0
"쇼핑검색",로봇용접팔,모바일,2,0,0,0,1.5,0,0,0,0
"쇼핑검색",로봇용접프로그래머,모바일,1,0,0,0,2,0,0,0,0
"쇼핑검색",로봇용접프로그래밍,모바일,1,0,0,0,1,0,0,0,0
"쇼핑검색",로봇용접피칭,모바일,2,0,0,0,1.5,0,0,0,0
"쇼핑검색",로봇용접환경,모바일,1,0,0,0,1,0,0,0,0
"쇼핑검색",로봇용접회사,모바일,4,0,0,0,1,0,0,0,0
"쇼핑검색",로봇용접후기,PC,8,0,0,0,1,0,0,0,0
"쇼핑검색",로봇용접후기,모바일,6,0,0,0,1,0,0,0,0
"쇼핑검색",로봇위빙용접,PC,1,0,0,0,1,0,0,0,0
"쇼핑검색",로봇의자동화,모바일,8,0,0,0,1.5,0,0,0,0
"쇼핑검색",로봇의자동화장점,모바일,2,0,0,0,1.5,0,0,0,0
"쇼핑검색",로봇이용접,모바일,1,0,0,0,1,0,0,0,0
"쇼핑검색",로봇자동용접,PC,6,0,0,0,1,0,0,0,0
"쇼핑검색",로봇자동용접,모바일,1,0,0,0,1,0,0,0,0
"쇼핑검색",로봇자동화RIS,PC,2,0,0,0,1.5,0,0,0,0
"쇼핑검색",로봇자동화RTA,모바일,4,0,0,0,1.5,0,0,0,0
"쇼핑검색",로봇자동화YR,모바일,2,0,0,0,1.5,0,0,0,0
"쇼핑검색",로봇자동화가격,모바일,6,0,0,0,2.5,0,0,0,0
"쇼핑검색",로봇자동화관련채색,PC,2,0,0,0,1.5,0,0,0,0
"쇼핑검색",로봇자동화국가,PC,2,0,0,0,1.5,0,0,0,0
"쇼핑검색",로봇자동화꺈,PC,2,0,0,0,1.5,0,0,0,0
"쇼핑검색",로봇자동화농업,PC,2,0,0,0,1.5,0,0,0,0
"쇼핑검색",로봇자동화대기업,PC,2,0,0,0,1.5,0,0,0,0
"쇼핑검색",로봇자동화된,PC,2,0,0,0,1.5,0,0,0,0
"쇼핑검색",로봇자동화분석,PC,2,0,0,0,1.5,0,0,0,0
"쇼핑검색",로봇자동화센터,PC,1,0,0,0,2,0,0,0,0
"쇼핑검색",로봇자동화수명,PC,2,0,0,0,1.5,0,0,0,0
"쇼핑검색",로봇자동화용접,모바일,1,0,0,0,1,0,0,0,0
"쇼핑검색",로봇자동화전공,모바일,2,0,0,0,1.5,0,0,0,0
"쇼핑검색",로봇자동화조작,모바일,2,0,0,0,1.5,0,0,0,0
"쇼핑검색",로봇자동화코닉,모바일,2,0,0,0,1.5,0,0,0,0
"쇼핑검색",로봇자동화한세,PC,2,0,0,0,1.5,0,0,0,0
"쇼핑검색",로봇자동화회사,모바일,2,0,0,0,1.5,0,0,0,0
"쇼핑검색",로봇트용접속도,PC,1,0,0,0,1,0,0,0,0
"쇼핑검색",로봇특수용접,PC,1,0,0,0,1,0,0,0,0
"쇼핑검색",로봇특수용접,모바일,1,0,0,0,1,0,0,0,0
"쇼핑검색",로봇티그용접,PC,2,0,0,0,1,0,0,0,0
"쇼핑검색",로봇티그용접,모바일,1,0,0,0,1,0,0,0,0
"쇼핑검색",로봇티칭용레이저,모바일,2,0,0,0,1,0,0,0,0
"쇼핑검색",로봇협조제어CO2용접,PC,1,0,0,0,1,0,0,0,0
"쇼핑검색",로빈미그용접기,모바일,1,0,0,0,3,0,0,0,0
"쇼핑검색",로케협동로봇용접,모바일,1,0,0,0,1,0,0,0,0
"쇼핑검색",로크웰자동화로봇,모바일,2,0,0,0,1.5,0,0,0,0
"쇼핑검색",롭모로,PC,1,0,0,0,2,0,0,0,0
"쇼핑검색",마스트로봇용접,모바일,1,0,0,0,1,0,0,0,0
"쇼핑검색",말타니,모바일,3,0,0,0,1,0,0,0,0
"쇼핑검색",말타니산소통,모바일,1,0,0,0,1,0,0,0,0
"쇼핑검색",맹호용접기500,모바일,1,0,0,0,2,0,0,0,0
"쇼핑검색",맹호용접기500A,PC,3,0,0,0,1,0,0,0,0
"쇼핑검색",메인뽕용접패럴,모바일,1,0,0,0,2,0,0,0,0
"쇼핑검색",메인양봉원대두분,PC,1,0,0,0,2,0,0,0,0
"쇼핑검색",메일링자동화툴,모바일,2,0,0,0,1.5,0,0,0,0
"쇼핑검색",모바일용접로봇,PC,1,0,0,0,1,0,0,0,0
"쇼핑검색",목포로봇용접,모바일,1,0,0,0,1,0,0,0,0
"쇼핑검색",무인용접로봇,모바일,1,0,0,0,1,0,0,0,0
"쇼핑검색",미그,PC,4,0,0,0,2,0,0,0,0
"쇼핑검색",미그,모바일,40,0,0,0,2.2,0,0,0,0
"쇼핑검색",미그100D용접기,모바일,1,0,0,0,4,0,0,0,0
"쇼핑검색",미그200프로용접기,모바일,1,0,0,0,6,0,0,0,0
"쇼핑검색",미그250용접기,모바일,2,0,0,0,9,0,0,0,0
"쇼핑검색",미그MMA용접기,모바일,1,0,0,0,7,0,0,0,0
"쇼핑검색",미그에이수지,PC,1,0,0,0,1,0,0,0,0
"쇼핑검색",미그용접2G,모바일,1,0,0,0,2,0,0,0,0
"쇼핑검색",미그용접기100D,모바일,1,0,0,0,8,0,0,0,0
"쇼핑검색",미그용접기180,모바일,1,0,0,0,4,0,0,0,0
"쇼핑검색",미그용접기500KVA가격,PC,1,0,0,0,1,0,0,0,0
"쇼핑검색",미그용접기500LMP2,모바일,1,0,0,0,1,0,0,0,0
"쇼핑검색",미그용접기500증고,모바일,1,0,0,0,1,0,0,0,0
"쇼핑검색",미그용접기CO2용접기,모바일,3,0,0,0,6.3,0,0,0,0
"쇼핑검색",미그용접기가격,모바일,1,0,0,0,3,0,0,0,0
"쇼핑검색",미그용접기구매,모바일,1,0,0,0,6,0,0,0,0
"쇼핑검색",미그용접기란,모바일,1,0,0,0,7,0,0,0,0
"쇼핑검색",미그용접기부속,모바일,1,0,0,0,7,0,0,0,0
"쇼핑검색",미그용접기사용법,PC,1,0,0,0,2,0,0,0,0
"쇼핑검색",미그용접기알미늄,모바일,1,0,0,0,3,0,0,0,0
"쇼핑검색",미그용접기와이어,모바일,1,0,0,0,6,0,0,0,0
"쇼핑검색",미그용접기장점,모바일,0,0,0,0,0,0.5,0,0,0
"쇼핑검색",미그용접기추천,모바일,1,0,0,0,3,0,0,0,0
"쇼핑검색",미그용접기테프론,모바일,2,0,0,0,2,0,0,0,0
"쇼핑검색",미그용접기피더기,모바일,1,0,0,0,6,0,0,0,0
"쇼핑검색",미그용접유분,모바일,2,0,0,0,2,0,0,0,0
"쇼핑검색",미그용접의장점,모바일,1,0,0,0,2,0,0,0,0
"쇼핑검색",미그용접이란,모바일,1,0,0,0,2,0,0,0,0
"쇼핑검색",미그용접자동화,모바일,1,0,0,0,1,0,0,0,0
"쇼핑검색",밀러미그용접기,모바일,2,0,0,0,7,0,0,0,0
"쇼핑검색",밀러미그용접기350,모바일,2,0,0,0,1,0,0,0,0
"쇼핑검색",밧데리콘덱타350A,PC,1,0,0,0,2,0,0,0,0
"쇼핑검색",배관로봇용접,모바일,4,0,0,0,1.5,0,0,0,0
"쇼핑검색",배관용접로봇,모바일,1,0,0,0,1,0,0,0,0
"쇼핑검색",부산CO2후기,모바일,1,0,0,0,1,0,0,0,0
"쇼핑검색",부산경남협동로봇용접기,PC,1,0,0,0,1,0,0,0,0
"쇼핑검색",부산로봇용접,모바일,1,0,0,0,1,0,0,0,0
"쇼핑검색",부산용접로봇,PC,1,0,0,0,1,0,0,0,0
"쇼핑검색",부산티코캬브레이터,PC,2,0,0,0,1.5,0,0,0,0
"쇼핑검색",부착용접,PC,1,0,0,0,1,0,0,0,0
"쇼핑검색",비올때CO2용접,모바일,3,0,0,0,1,0,0,0,0
"쇼핑검색",산소용접기로봇,PC,1,0,0,0,1,0,0,0,0
"쇼핑검색",산소자동절단기,모바일,1,0,0,0,1,0,0,0,0
"쇼핑검색",산소통용접세트,모바일,1,0,0,0,3,0,0,0,0
"쇼핑검색",산업로봇용접,PC,1,0,0,0,1,0,0,0,0
"쇼핑검색",산업용로봇용접,PC,4,0,0,0,1,0,0,0,0
"쇼핑검색",산업용로봇용접기,PC,2,0,0,0,1,0,0,0,0
"쇼핑검색",산업용로봇용접기,모바일,4,0,0,0,2,0,0,0,0
"쇼핑검색",산업용스폿용접기,모바일,1,0,0,0,8,0,0,0,0
"쇼핑검색",산업용용접로보트와협동용접로보트차이점,PC,3,0,0,0,1,0,0,0,0
"쇼핑검색",산업용용접로봇,PC,3,0,0,0,1,0,0,0,0
"쇼핑검색",산업용용접로봇,모바일,2,0,0,0,1,0,0,0,0
"쇼핑검색",산업용용접로봇과협동용접로봇차이점,PC,1,0,0,0,1,0,0,0,0
"쇼핑검색",산업용자동화용접기,PC,1,0,0,0,1,0,0,0,0
"쇼핑검색",산업용접로봇,PC,1,0,0,0,1,0,0,0,0
"쇼핑검색",삼청동로보샵,모바일,4,0,0,0,1.5,0,0,0,0
"쇼핑검색",삼호용접로봇,PC,2,0,0,0,1,0,0,0,0
"쇼핑검색",생산직로봇용접,모바일,1,0,0,0,1,0,0,0,0
"쇼핑검색",생활협동조합공구,모바일,1,0,0,0,2,0,0,0,0
"쇼핑검색",샵용접,모바일,1,0,0,0,2,0,0,0,0
"쇼핑검색",서경용접기500A,PC,1,0,0,0,1,0,0,0,0
"쇼핑검색",서웰미그용접기,PC,1,0,0,0,5,0,0,0,0
"쇼핑검색",서포트자동화용접기,모바일,2,0,0,0,1.5,0,0,0,0
"쇼핑검색",선박용로보트용접기.,모바일,1,0,0,0,2,0,0,0,0
"쇼핑검색",선박용용접로봇,모바일,1,0,0,0,1,0,0,0,0
"쇼핑검색",선박용접로봇,PC,5,0,0,0,1,0,0,0,0
"쇼핑검색",선박용접로봇,모바일,5,0,0,0,1,0,0,0,0
"쇼핑검색",설비로봇자동화,PC,2,0,0,0,1.5,0,0,0,0
"쇼핑검색",성서로봇용접,모바일,2,0,0,0,1,0,0,0,0
"쇼핑검색",세아용접기350A,PC,2,0,0,0,2.5,0,0,0,0
"쇼핑검색",소형로봇용접,모바일,3,0,0,0,1,0,0,0,0
"쇼핑검색",쇼트용접기350A가격,모바일,2,0,0,0,2,0,0,0,0
"쇼핑검색",쇼트용접기500A,모바일,3,0,0,0,1,0,0,0,0
"쇼핑검색",쇼피자동화툴,모바일,2,0,0,0,1.5,0,0,0,0
"쇼핑검색",수중용접로봇,PC,1,0,0,0,2,0,0,0,0
"쇼핑검색",스스로MAINAAAA,PC,2,0,0,0,1.5,0,0,0,0
"쇼핑검색",스터드용접기협동로봇,PC,1,0,0,0,1,0,0,0,0
"쇼핑검색",스터드용접자동화,PC,1,0,0,0,1,0,0,0,0
"쇼핑검색",스텐미그용접기,모바일,1,0,0,0,8,0,0,0,0
"쇼핑검색",스팟용접로봇,PC,2,0,0,0,1,0,0,0,0
"쇼핑검색",스폿용접기로봇,PC,1,0,0,0,1,0,0,0,0
"쇼핑검색",스폿용접드레싱,PC,1,0,0,0,1,0,0,0,0
"쇼핑검색",스폿용접로봇,PC,2,0,0,0,1,0,0,0,0
"쇼핑검색",스폿용접로봇,모바일,2,0,0,0,1,0,0,0,0
"쇼핑검색",슬릿용접로봇,모바일,2,0,0,0,1.5,0,0,0,0
"쇼핑검색",시너지코리아용접기,모바일,1,0,0,0,2,0,0,0,0
"쇼핑검색",시오투용접결함,모바일,1,0,0,0,1,0,0,0,0
"쇼핑검색",시오투용접결함원인,모바일,2,0,0,0,1,0,0,0,0
"쇼핑검색",신신350A용접기,모바일,6,0,0,0,1.8,0,0,0,0
"쇼핑검색",신신350용접기,모바일,2,0,0,0,2,0,0,0,0
"쇼핑검색",신신용접기350A,PC,1,0,0,0,1,0,0,0,0
"쇼핑검색",신신용접기350A,모바일,1,0,0,0,2,0,0,0,0
"쇼핑검색",신영로봇용접,모바일,1,0,0,0,1,0,0,0,0
"쇼핑검색",신화전기용접기350,PC,1,0,0,0,6,0,0,0,0
"쇼핑검색",싸이맥스용접로봇,모바일,4,0,0,0,3.3,0,0,0,0
"쇼핑검색",씨오투가스통,모바일,2,0,0,0,2.5,0,0,0,0
"쇼핑검색",씨오투용접500A,모바일,4,0,0,0,1,0,0,0,0
"쇼핑검색",아산용접자동화,PC,2,0,0,0,1.5,0,0,0,0
"쇼핑검색",아세아미그용접기,모바일,4,0,0,0,5.8,0,0,0,0
"쇼핑검색",아세아용접기350,PC,1,0,0,0,1,0,0,0,0
"쇼핑검색",아세아용접기350,모바일,4,0,0,0,5,0,0,0,0
"쇼핑검색",아세아용접기500A,PC,1,0,0,0,1,0,0,0,0
"쇼핑검색",아세아용접기500A,모바일,4,0,0,0,1.3,0,0,0,0
"쇼핑검색",아세틸렌용접세트,모바일,1,0,0,0,7,0,0,0,0
"쇼핑검색",아웃룩자동화툴,PC,1,0,0,0,2,0,0,0,0
"쇼핑검색",아이잼로봇용접,모바일,1,0,0,0,1,0,0,0,0
"쇼핑검색",안산에로봇용접,모바일,1,0,0,0,1,0,0,0,0
"쇼핑검색",알곤기350A장캡,PC,2,0,0,0,1.5,0,0,0,0
"쇼핑검색",알곤마스크,모바일,1,0,0,0,9,0,0,0,0
"쇼핑검색",알곤용접기세트,PC,1,0,0,0,3,0,0,0,0
"쇼핑검색",알곤용접기세트,모바일,1,0,0,0,2,0,0,0,0
"쇼핑검색",알곤용접면,모바일,1,0,0,0,8,0,0,0,0
"쇼핑검색",알곤자동용접기,모바일,1,0,0,0,10,0,0,0,0
"쇼핑검색",야스카와CO2로봇,PC,2,0,0,0,1,0,0,0,0
"쇼핑검색",야스카와CO2용접로봇,PC,1,0,0,0,1,0,0,0,0
"쇼핑검색",야스카와CO2용접로봇매뉴얼,PC,2,0,0,0,1,0,0,0,0
"쇼핑검색",야스카와로보트용접,PC,1,0,0,0,1,0,0,0,0
"쇼핑검색",야스카와로봇CO2,PC,1,0,0,0,1,0,0,0,0
"쇼핑검색",야스카와로봇용접,PC,1,0,0,0,1,0,0,0,0
"쇼핑검색",야스카와용접로보트,PC,1,0,0,0,1,0,0,0,0
"쇼핑검색",야스카와용접로봇,PC,2,0,0,0,1,0,0,0,0
"쇼핑검색",야스카와용접로봇,모바일,2,0,0,0,1,0,0,0,0
"쇼핑검색",양계장로봇자동화,PC,2,0,0,0,1.5,0,0,0,0
"쇼핑검색",업무자동화TOOL,모바일,2,0,0,0,1.5,0,0,0,0
"쇼핑검색",에삽미그용접기,모바일,1,0,0,0,2,0,0,0,0
"쇼핑검색",에이로봇CTO,모바일,1,0,0,0,2,0,0,0,0
"쇼핑검색",에이로봇용접,모바일,1,0,0,0,1,0,0,0,0
"쇼핑검색",에이티코,PC,4,0,0,0,1.5,0,0,0,0
"쇼핑검색",엔지니어링용접로봇,PC,1,0,0,0,1,0,0,0,0
"쇼핑검색",영도용접로보트,모바일,1,0,0,0,1,0,0,0,0
"쇼핑검색",영천로봇용접,PC,1,0,0,0,1,0,0,0,0
"쇼핑검색",오비탈용접기,모바일,1,0,0,0,1,0,0,0,0
"쇼핑검색",오스트리아용접로봇,모바일,2,0,0,0,1,0,0,0,0
"쇼핑검색",오토스자동용접면,모바일,2,0,0,0,9.5,0,0,0,0
"쇼핑검색",온리샵카나데,모바일,1,0,0,0,2,0,0,0,0
"쇼핑검색",옵티로봇용접,모바일,2,0,0,0,1,0,0,0,0
"쇼핑검색",옵티용접로봇,PC,1,0,0,0,1,0,0,0,0
"쇼핑검색",옵티용접로봇,모바일,6,0,0,0,1,0,0,0,0
"쇼핑검색",욕조부착로봇,모바일,2,0,0,0,1,0,0,0,0
"쇼핑검색",용인마북동LPG산소통임대하는곳,모바일,2,0,0,0,1,0,0,0,0
"쇼핑검색",용접A,모바일,1,0,0,0,6,0,0,0,0
"쇼핑검색",용접AI로봇,PC,2,0,0,0,1.5,0,0,0,0
"쇼핑검색",용접CO2MSDS,모바일,2,0,0,0,1,0,0,0,0
"쇼핑검색",용접CO2건부품,모바일,3,0,0,0,7.3,0,0,0,0
"쇼핑검색",용접ROBOTNB42,PC,4,0,0,0,1.5,0,0,0,0
"쇼핑검색",용접가죽용품세트,모바일,1,0,0,0,2,0,0,0,0
"쇼핑검색",용접건홀더세트,모바일,2,0,0,0,9.5,0,0,0,0
"쇼핑검색",용접검사로봇,PC,2,0,0,0,1.5,0,0,0,0
"쇼핑검색",용접공구,PC,3,0,0,0,13.7,0,0,0,0
"쇼핑검색",용접공구,모바일,5,0,0,0,12.4,0,0,0,0
"쇼핑검색",용접관련로봇,모바일,2,0,0,0,1,0,0,0,0
"쇼핑검색",용접관절로봇,PC,3,1,"1,496","1,496",1.3,0.5,0,0,0
"쇼핑검색",용접기350,모바일,3,0,0,0,2.7,0,0,0,0
"쇼핑검색",용접기350A,PC,4,0,0,0,2,0,0,0,0
"쇼핑검색",용접기350A,모바일,3,0,0,0,1.3,0,0,0,0
"쇼핑검색",용접기350A250A,모바일,2,0,0,0,1,0,0,0,0
"쇼핑검색",용접기350AKW?,모바일,1,0,0,0,2,0,0,0,0
"쇼핑검색",용접기350A변형,PC,1,0,0,0,2,0,0,0,0
"쇼핑검색",용접기350A와500A차이점,모바일,1,0,0,0,1,0,0,0,0
"쇼핑검색",용접기350가격,모바일,2,0,0,0,1,0,0,0,0
"쇼핑검색",용접기500A,PC,4,0,0,0,1,0,0,0,0
"쇼핑검색",용접기500A,모바일,9,0,0,0,1,0,0,0,0
"쇼핑검색",용접기500A600A,PC,1,0,0,0,1,0,0,0,0
"쇼핑검색",용접기500A용량,PC,1,0,0,0,1,0,0,0,0
"쇼핑검색",용접기500A전력,모바일,1,0,0,0,1,0,0,0,0
"쇼핑검색",용접기MIG,모바일,1,0,0,0,5,0,0,0,0
"쇼핑검색",용접기MIG160,모바일,1,0,0,0,10,0,0,0,0
"쇼핑검색",용접기PFC-500A,PC,2,0,0,0,1,0,0,0,0
"쇼핑검색",용접기능사세트,PC,2,0,0,0,3,0,0,0,0
"쇼핑검색",용접기디지털,모바일,4,0,0,0,1.8,0,0,0,0
"쇼핑검색",용접기디지털형식,PC,1,0,0,0,1,0,0,0,0
"쇼핑검색",용접기로봇,모바일,1,0,0,0,1,0,0,0,0
"쇼핑검색",용접기메인,PC,2,0,0,0,1.5,0,0,0,0
"쇼핑검색",용접기메인DYB,PC,2,0,0,0,1.5,0,0,0,0
"쇼핑검색",용접기메인PLB,PC,2,0,0,0,1.5,0,0,0,0
"쇼핑검색",용접기메인ㅔㅕㅠ,PC,2,0,0,0,1.5,0,0,0,0
"쇼핑검색",용접기미그,모바일,2,0,0,0,7,0,0,0,0
"쇼핑검색",용접기부착,PC,1,0,0,0,1,0,0,0,0
"쇼핑검색",용접기부착,모바일,4,0,0,0,1,0,0,0,0
"쇼핑검색",용접기부착보호구,모바일,2,0,0,0,1,0,0,0,0
"쇼핑검색",용접기부착보호제,모바일,2,0,0,0,1,0,0,0,0
"쇼핑검색",용접기사로봇용접,모바일,1,0,0,0,1,0,0,0,0
"쇼핑검색",용접기사세트,PC,2,0,0,0,5.5,0,0,0,0
"쇼핑검색",용접기손잡이부착,PC,1,0,0,0,1,0,0,0,0
"쇼핑검색",용접기손잡이부착,모바일,1,0,0,0,1,0,0,0,0
"쇼핑검색",용접기술로봇,모바일,4,0,0,0,1.5,0,0,0,0
"쇼핑검색",용접기임대500A,PC,1,0,0,0,1,0,0,0,0
"쇼핑검색",용접기자동화,모바일,3,0,0,0,1.3,0,0,0,0
"쇼핑검색",용접기티그500A,모바일,2,0,0,0,3,0,0,0,0
"쇼핑검색",용접기협동로봇최소,PC,1,0,0,0,1,0,0,0,0
"쇼핑검색",용접기홀더선500,모바일,1,0,0,0,2,0,0,0,0
"쇼핑검색",용접도구세트,모바일,2,0,0,0,5.5,0,0,0,0
"쇼핑검색",용접동관세트,모바일,1,0,0,0,3,0,0,0,0
"쇼핑검색",용접디지털전류,모바일,1,0,0,0,1,0,0,0,0
"쇼핑검색",용접로보트,PC,3,0,0,0,1,0,0,0,0
"쇼핑검색",용접로보트,모바일,3,0,0,0,1,0,0,0,0
"쇼핑검색",용접로보트ATC,PC,1,0,0,0,1,0,0,0,0
"쇼핑검색",용접로보트OVERCURRENT,모바일,1,0,0,0,1,0,0,0,0
"쇼핑검색",용접로보트가격,모바일,1,0,0,0,1,0,0,0,0
"쇼핑검색",용접로보트명칭,PC,1,0,0,0,1,0,0,0,0
"쇼핑검색",용접로보트모듈,PC,2,0,0,0,1.5,0,0,0,0
"쇼핑검색",용접로보트티칭,모바일,1,0,0,0,1,0,0,0,0
"쇼핑검색",용접로봇,PC,104,1,462,462,1.1,0.67,0,0,0
"쇼핑검색",용접로봇,모바일,132,3,462,"1,386",1.2,1.43,66.86,1,1
"쇼핑검색",용접로봇AR,PC,2,0,0,0,1.5,0,0,0,0
"쇼핑검색",용접로봇ARCMAN,모바일,1,0,0,0,1,0,0,0,0
"쇼핑검색",용접로봇DTST,PC,1,1,462,462,1,0.67,316.67,0,0
"쇼핑검색",용접로봇DX100,모바일,2,0,0,0,1.5,0,0,0,0
"쇼핑검색",용접로봇EZ,PC,2,0,0,0,1.5,0,0,0,0
"쇼핑검색",용접로봇GIF,모바일,1,0,0,0,2,0,0,0,0
"쇼핑검색",용접로봇OCR,모바일,1,0,0,0,1,0,0,0,0
"쇼핑검색",용접로봇OVERCURRENT,모바일,2,0,0,0,1,0,0,0,0
"쇼핑검색",용접로봇YASKAWA,PC,2,0,0,0,1.5,0,0,0,0
"쇼핑검색",용접로봇가격,PC,6,0,0,0,1.3,0,0,0,0
"쇼핑검색",용접로봇가격,모바일,2,0,0,0,1,0,0,0,0
"쇼핑검색",용접로봇개발,모바일,2,0,0,0,1.5,0,0,0,0
"쇼핑검색",용접로봇구조,PC,1,0,0,0,1,0,0,0,0
"쇼핑검색",용접로봇구조,모바일,1,0,0,0,2,0,0,0,0
"쇼핑검색",용접로봇규격,PC,2,0,0,0,1,0,0,0,0
"쇼핑검색",용접로봇기능,PC,2,0,0,0,1,0,0,0,0
"쇼핑검색",용접로봇기술,모바일,1,0,0,0,1,0,0,0,0
"쇼핑검색",용접로봇냉각수,PC,2,0,0,0,1,0,0,0,0
"쇼핑검색",용접로봇도면,PC,1,0,0,0,2,0,0,0,0
"쇼핑검색",용접로봇도입,모바일,1,0,0,0,1,0,0,0,0
"쇼핑검색",용접로봇박람회,모바일,2,0,0,0,2,0,0,0,0
"쇼핑검색",용접로봇부품명,PC,1,0,0,0,1,0,0,0,0
"쇼핑검색",용접로봇비용,모바일,1,0,0,0,1,0,0,0,0
"쇼핑검색",용접로봇사례,PC,1,0,0,0,1,0,0,0,0
"쇼핑검색",용접로봇설치,PC,2,0,0,0,2,0,0,0,0
"쇼핑검색",용접로봇센서,PC,1,0,0,0,2,0,0,0,0
"쇼핑검색",용접로봇솔다,PC,2,0,0,0,1.5,0,0,0,0
"쇼핑검색",용접로봇스톤브릿지,PC,4,0,0,0,1.5,0,0,0,0
"쇼핑검색",용접로봇어댑터,모바일,2,0,0,0,1.5,0,0,0,0
"쇼핑검색",용접로봇업체,PC,2,0,0,0,1,0,0,0,0
"쇼핑검색",용접로봇업체,모바일,1,0,0,0,1,0,0,0,0
"쇼핑검색",용접로봇예시,PC,1,0,0,0,1,0,0,0,0
"쇼핑검색",용접로봇오퍼,모바일,2,0,0,0,1.5,0,0,0,0
"쇼핑검색",용접로봇오퍼레이터,PC,1,0,0,0,2,0,0,0,0
"쇼핑검색",용접로봇오퍼레이터,모바일,1,0,0,0,2,0,0,0,0
"쇼핑검색",용접로봇옵티,PC,2,0,0,0,1.5,0,0,0,0
"쇼핑검색",용접로봇옵티,모바일,4,0,0,0,1.5,0,0,0,0
"쇼핑검색",용접로봇용접불량,PC,1,0,0,0,1,0,0,0,0
"쇼핑검색",용접로봇용접조건,모바일,1,0,0,0,1,0,0,0,0
"쇼핑검색",용접로봇위빙,PC,1,0,0,0,1,0,0,0,0
"쇼핑검색",용접로봇이동준,모바일,1,0,0,0,1,0,0,0,0
"쇼핑검색",용접로봇이란,PC,2,0,0,0,1,0,0,0,0
"쇼핑검색",용접로봇임대,PC,1,0,0,0,2,0,0,0,0
"쇼핑검색",용접로봇자동화,PC,2,0,0,0,1.5,0,0,0,0
"쇼핑검색",용접로봇자동화,모바일,14,0,0,0,1.3,0,0,0,0
"쇼핑검색",용접로봇장비,PC,1,0,0,0,1,0,0,0,0
"쇼핑검색",용접로봇점유율,모바일,1,0,0,0,1,0,0,0,0
"쇼핑검색",용접로봇제어,PC,1,0,0,0,1,0,0,0,0
"쇼핑검색",용접로봇제어기,PC,4,0,0,0,2.8,0,0,0,0
"쇼핑검색",용접로봇제작,모바일,2,0,0,0,1.5,0,0,0,0
"쇼핑검색",용접로봇제작사,PC,1,0,0,0,1,0,0,0,0
"쇼핑검색",용접로봇제조,모바일,1,0,0,0,1,0,0,0,0
"쇼핑검색",용접로봇제조업,PC,1,0,0,0,1,0,0,0,0
"쇼핑검색",용접로봇조선,PC,1,0,0,0,1,0,0,0,0
"쇼핑검색",용접로봇조선,모바일,1,0,0,0,1,0,0,0,0
"쇼핑검색",용접로봇조선소,PC,2,0,0,0,1.5,0,0,0,0
"쇼핑검색",용접로봇조작,PC,1,0,0,0,1,0,0,0,0
"쇼핑검색",용접로봇조작원,모바일,2,0,0,0,1.5,0,0,0,0
"쇼핑검색",용접로봇집진,모바일,1,0,0,0,1,0,0,0,0
"쇼핑검색",용접로봇취부,모바일,1,0,0,0,1,0,0,0,0
"쇼핑검색",용접로봇캘리브레이션자동화,모바일,2,0,0,0,1.5,0,0,0,0
"쇼핑검색",용접로봇통신,PC,2,0,0,0,1.5,0,0,0,0
"쇼핑검색",용접로봇트,모바일,1,0,0,0,1,0,0,0,0
"쇼핑검색",용접로봇트선박,모바일,1,0,0,0,1,0,0,0,0
"쇼핑검색",용접로봇트의장점,PC,1,0,0,0,1,0,0,0,0
"쇼핑검색",용접로봇트장점,PC,1,0,0,0,1,0,0,0,0
"쇼핑검색",용접로봇티칭,PC,2,0,0,0,1,0,0,0,0
"쇼핑검색",용접로봇티칭,모바일,2,0,0,0,1,0,0,0,0
"쇼핑검색",용접로봇팔,PC,8,0,0,0,4,0,0,0,0
"쇼핑검색",용접로봇폐기,PC,1,0,0,0,1,0,0,0,0
"쇼핑검색",용접로봇프로그래머,모바일,2,1,"1,540","1,540",1.5,0.5,0,0,0
"쇼핑검색",용접로봇회사,PC,1,0,0,0,1,0,0,0,0
"쇼핑검색",용접로봇회사,모바일,10,0,0,0,1,0,0,0,0
"쇼핑검색",용접보호구세트,PC,2,0,0,0,14.5,0,0,0,0
"쇼핑검색",용접보호구세트,모바일,4,0,0,0,8.5,0,0,0,0
"쇼핑검색",용접부착,PC,1,0,0,0,2,0,0,0,0
"쇼핑검색",용접샵,PC,1,0,0,0,1,0,0,0,0
"쇼핑검색",용접샵,모바일,2,0,0,0,1,0,0,0,0
"쇼핑검색",용접수상로봇,PC,2,0,0,0,1.5,0,0,0,0
"쇼핑검색",용접시편세트,PC,1,0,0,0,2,0,0,0,0
"쇼핑검색",용접용품,PC,16,0,0,0,7.5,0,0,0,0
"쇼핑검색",용접용품,모바일,50,1,"1,485","1,485",8.7,0.5,0,0,0
"쇼핑검색",용접용품세트,모바일,3,0,0,0,6.7,0,0,0,0
"쇼핑검색",용접자동화,PC,183,1,121,121,1.4,0.5,0,0,0
"쇼핑검색",용접자동화,모바일,54,2,413,825,1.5,0.5,0,0,0
"쇼핑검색",용접자동화로봇,PC,1,0,0,0,1,0,0,0,0
"쇼핑검색",용접자동화로봇,모바일,3,0,0,0,1,0,0,0,0
"쇼핑검색",용접자동화로봇설비,모바일,2,0,0,0,1.5,0,0,0,0
"쇼핑검색",용접자동화비율,모바일,2,0,0,0,1,0,0,0,0
"쇼핑검색",용접자동화의장점,모바일,4,0,0,0,1.5,0,0,0,0
"쇼핑검색",용접작업협동로봇,PC,2,0,0,0,1,0,0,0,0
"쇼핑검색",용접장비세트,모바일,1,0,0,0,2,0,0,0,0
"쇼핑검색",용접재자동캐리지,모바일,1,0,0,0,10,0,0,0,0
"쇼핑검색",용접종류CO2,PC,1,0,0,0,1,0,0,0,0
"쇼핑검색",용접종류CO2,모바일,2,0,0,0,1,0,0,0,0
"쇼핑검색",용접캐리지,모바일,1,0,0,0,1,0,0,0,0
"쇼핑검색",용접커넥트세트,모바일,2,0,0,0,4,0,0,0,0
"쇼핑검색",용접터닝기중고,모바일,2,0,0,0,1,0,0,0,0
"쇼핑검색",용접턴롤러,모바일,1,0,0,0,12,0,0,0,0
"쇼핑검색",용접턴테이블,모바일,1,0,0,0,3,0,0,0,0
"쇼핑검색",용접토캡셋트,모바일,6,0,0,0,4.5,0,0,0,0
"쇼핑검색",용접특수용접로봇용접,모바일,1,0,0,0,1,0,0,0,0
"쇼핑검색",용접특화협동로봇,모바일,4,1,495,495,1.8,0,0,0,0
"쇼핑검색",용접팁수평연마기,모바일,1,0,0,0,7,0,0,0,0
"쇼핑검색",용접피더기SET,모바일,1,0,0,0,2,0,0,0,0
"쇼핑검색",용접협동,모바일,1,0,0,0,1,0,0,0,0
"쇼핑검색",용접협동로봇,PC,9,0,0,0,1,0,0,0,0
"쇼핑검색",용접협동로봇,모바일,4,0,0,0,2.5,0,0,0,0
"쇼핑검색",용접협동로봇뉴로메카,모바일,1,0,0,0,1,0,0,0,0
"쇼핑검색",용접협동로봇뉴로메카옵티,모바일,1,0,0,0,1,0,0,0,0
"쇼핑검색",용접협동로봇로보티코,PC,2,0,0,0,1.5,0,0,0,0
"쇼핑검색",울산로보트용접,모바일,1,0,0,0,1,0,0,0,0
"쇼핑검색",울산로봇자동화,PC,2,0,0,0,1.5,0,0,0,0
"쇼핑검색",울산용접로봇,PC,1,0,0,0,1,0,0,0,0
"쇼핑검색",울산용접자동화,모바일,2,0,0,0,1.5,0,0,0,0
"쇼핑검색",울산조선소CO2용접단가,모바일,1,0,0,0,1,0,0,0,0
"쇼핑검색",원전용접로봇,모바일,3,0,0,0,1,0,0,0,0
"쇼핑검색",월드웰CO2350,모바일,2,0,0,0,2,0,0,0,0
"쇼핑검색",월드웰CO2500A,모바일,1,0,0,0,1,0,0,0,0
"쇼핑검색",월드웰로보CO2로봇용접,모바일,2,0,0,0,1,0,0,0,0
"쇼핑검색",월드웰로봇용접,PC,2,0,0,0,1,0,0,0,0
"쇼핑검색",웰드웰용접기350,모바일,1,0,0,0,3,0,0,0,0
"쇼핑검색",위더스논가스와이어용접기플라즈마절단기,모바일,1,0,0,0,1,0,0,0,0
"쇼핑검색",위더스플라즈마절단기논가스와이어용접기,모바일,1,0,0,0,1,0,0,0,0
"쇼핑검색",위빙로보트용접,PC,1,0,0,0,1,0,0,0,0
"쇼핑검색",육성용접로봇,모바일,1,0,0,0,1,0,0,0,0
"쇼핑검색",인버터용접기(메인),PC,2,0,0,0,1,0,0,0,0
"쇼핑검색",인버터용접기세트,모바일,2,0,0,0,3,0,0,0,0
"쇼핑검색",인포트랙자동용접면,모바일,1,0,0,0,11,0,0,0,0
"쇼핑검색",일반적으로사용되는로봇용접기의관절수,PC,1,0,0,0,1,0,0,0,0
"쇼핑검색",일본로봇용접기,PC,1,0,0,0,1,0,0,0,0
"쇼핑검색",일본로봇용접기,모바일,2,0,0,0,1,0,0,0,0
"쇼핑검색",일본산로봇용접기,모바일,1,0,0,0,1,0,0,0,0
"쇼핑검색",일본산용접로봇,PC,1,0,0,0,1,0,0,0,0
"쇼핑검색",자동로봇용접,PC,2,0,0,0,1,0,0,0,0
"쇼핑검색",자동로봇용접,모바일,2,0,0,0,1,0,0,0,0
"쇼핑검색",자동로봇용접기중고,모바일,1,0,0,0,1,0,0,0,0
"쇼핑검색",자동용접로봇,PC,3,1,451,451,1,0.5,0,0,0
"쇼핑검색",자동용접로봇,모바일,9,1,451,451,1.6,0.5,0,0,0
"쇼핑검색",자동용접로봇용접,모바일,1,0,0,0,1,0,0,0,0
"쇼핑검색",자동화AGENT툴,PC,2,0,0,0,1.5,0,0,0,0
"쇼핑검색",자동화AI툴,PC,4,0,0,0,1.5,0,0,0,0
"쇼핑검색",자동화다수용접기,모바일,1,0,0,0,1,0,0,0,0
"쇼핑검색",자동화레이저스트리머,모바일,1,0,0,0,1,0,0,0,0
"쇼핑검색",자동화로봇,PC,194,1,"1,518","1,518",1.5,0.5,0,0,0
"쇼핑검색",자동화로봇,모바일,137,0,0,0,1.6,0,0,0,0
"쇼핑검색",자동화로봇1위,PC,2,0,0,0,1.5,0,0,0,0
"쇼핑검색",자동화로봇AMR,PC,2,0,0,0,1.5,0,0,0,0
"쇼핑검색",자동화로봇KY,PC,2,0,0,0,1.5,0,0,0,0
"쇼핑검색",자동화로봇TNFLRLTK,PC,4,0,0,0,1.5,0,0,0,0
"쇼핑검색",자동화로봇가격,PC,2,0,0,0,1.5,0,0,0,0
"쇼핑검색",자동화로봇가격,모바일,4,0,0,0,3.3,0,0,0,0
"쇼핑검색",자동화로봇검사,PC,2,0,0,0,1.5,0,0,0,0
"쇼핑검색",자동화로봇과,PC,4,0,0,0,1.5,0,0,0,0
"쇼핑검색",자동화로봇대기업,모바일,2,0,0,0,1.5,0,0,0,0
"쇼핑검색",자동화로봇대학,모바일,4,0,0,0,1.5,0,0,0,0
"쇼핑검색",자동화로봇무계,모바일,2,0,0,0,1.5,0,0,0,0
"쇼핑검색",자동화로봇부회장,모바일,2,0,0,0,1.5,0,0,0,0
"쇼핑검색",자동화로봇솔루션,PC,2,0,0,0,1.5,0,0,0,0
"쇼핑검색",자동화로봇수술기,PC,2,0,0,0,1.5,0,0,0,0
"쇼핑검색",자동화로봇업계1위,PC,2,0,0,0,1.5,0,0,0,0
"쇼핑검색",자동화로봇연동,모바일,2,0,0,0,1.5,0,0,0,0
"쇼핑검색",자동화로봇예시,모바일,2,0,0,0,1.5,0,0,0,0
"쇼핑검색",자동화로봇용접,PC,1,0,0,0,1,0,0,0,0
"쇼핑검색",자동화로봇용접기,PC,1,0,0,0,1,0,0,0,0
"쇼핑검색",자동화로봇제이디텍,PC,2,0,0,0,1.5,0,0,0,0
"쇼핑검색",자동화로봇조작,PC,2,0,0,0,1.5,0,0,0,0
"쇼핑검색",자동화로봇종류,모바일,2,0,0,0,1.5,0,0,0,0
"쇼핑검색",자동화로봇지원,모바일,2,0,0,0,1.5,0,0,0,0
"쇼핑검색",자동화로봇타이,PC,2,0,0,0,1.5,0,0,0,0
"쇼핑검색",자동화로봇테크타,PC,2,0,0,0,1.5,0,0,0,0
"쇼핑검색",자동화로봇포스코,모바일,2,0,0,0,1.5,0,0,0,0
"쇼핑검색",자동화로봇회사,PC,4,0,0,0,1.5,0,0,0,0
"쇼핑검색",자동화로봇회사,모바일,6,0,0,0,1.5,0,0,0,0
"쇼핑검색",자동화매저링,PC,2,0,0,0,1.5,0,0,0,0
"쇼핑검색",자동화산업전로봇,PC,2,0,0,0,1.5,0,0,0,0
"쇼핑검색",자동화산업전로봇,모바일,2,0,0,0,1.5,0,0,0,0
"쇼핑검색",자동화서고로봇,PC,2,0,0,0,1.5,0,0,0,0
"쇼핑검색",자동화설비로봇,PC,2,0,0,0,1.5,0,0,0,0
"쇼핑검색",자동화설비로봇,모바일,2,0,0,0,1.5,0,0,0,0
"쇼핑검색",자동화업로드툴구매,PC,1,0,0,0,2,0,0,0,0
"쇼핑검색",자동화용접,PC,1,0,0,0,1,0,0,0,0
"쇼핑검색",자동화용접,모바일,11,0,0,0,1.5,0,0,0,0
"쇼핑검색",자동화용접기,PC,18,0,0,0,1.3,0,0,0,0
"쇼핑검색",자동화용접기,모바일,17,0,0,0,1.4,0,0,0,0
"쇼핑검색",자동화용접기태광산업,PC,2,0,0,0,1.5,0,0,0,0
"쇼핑검색",자동화의종류로봇자동화,PC,2,0,0,0,1.5,0,0,0,0
"쇼핑검색",자동화인케이싱,PC,2,0,0,0,1.5,0,0,0,0
"쇼핑검색",자동화툴AI,PC,2,0,0,0,1.5,0,0,0,0
"쇼핑검색",자동화툴MABL,PC,2,0,0,0,1.5,0,0,0,0
"쇼핑검색",자동화툴ZAPIER,PC,2,0,0,0,1.5,0,0,0,0
"쇼핑검색",자동화툴네이튼,PC,2,0,0,0,1.5,0,0,0,0
"쇼핑검색",자동화툴재피어,모바일,4,0,0,0,1.5,0,0,0,0
"쇼핑검색",자동화툴활용하기,PC,1,0,0,0,1,0,0,0,0
"쇼핑검색",자식미그용접기,모바일,1,0,0,0,7,0,0,0,0
"쇼핑검색",자체용접로봇자동화,모바일,2,0,0,0,1.5,0,0,0,0
"쇼핑검색",재즈팀티코티코,모바일,2,0,0,0,1.5,0,0,0,0
"쇼핑검색",저주파오비탈파이프용접기,모바일,1,0,0,0,1,0,0,0,0
"쇼핑검색",전문가용미그용접기,모바일,1,0,0,0,7,0,0,0,0
"쇼핑검색",제이식미그용접기,모바일,1,0,0,0,1,0,0,0,0
"쇼핑검색",제이엠티용접로봇,PC,1,0,0,0,1,0,0,0,0
"쇼핑검색",조선소로봇용접,PC,1,0,0,0,1,0,0,0,0
"쇼핑검색",조선소로봇용접,모바일,1,0,0,0,1,0,0,0,0
"쇼핑검색",조선소용접로봇,PC,11,0,0,0,1,0,0,0,0
"쇼핑검색",조선소용접로봇,모바일,4,0,0,0,1,0,0,0,0
"쇼핑검색",조선소용접로봇',PC,1,0,0,0,1,0,0,0,0
"쇼핑검색",조선소용접자동화,PC,2,0,0,0,1.5,0,0,0,0
"쇼핑검색",조선소자동화용접기,모바일,1,0,0,0,1,0,0,0,0
"쇼핑검색",조선업용접로봇,PC,1,0,0,0,1,0,0,0,0
"쇼핑검색",조선업용접로봇,모바일,2,0,0,0,1,0,0,0,0
"쇼핑검색",조선용접로봇,PC,3,0,0,0,1,0,0,0,0
"쇼핑검색",조선용접로봇,모바일,4,0,0,0,1,0,0,0,0
"쇼핑검색",조영용접기350A,PC,1,0,0,0,1,0,0,0,0
"쇼핑검색",조영용접기350A,모바일,1,0,0,0,2,0,0,0,0
"쇼핑검색",조영용접기500A,PC,1,0,0,0,1,0,0,0,0
"쇼핑검색",조영용접기500A,모바일,1,0,0,0,1,0,0,0,0
"쇼핑검색",조웰용접기500,PC,1,0,0,0,5,0,0,0,0
"쇼핑검색",종합폴350A규격,PC,2,0,0,0,1.5,0,0,0,0
"쇼핑검색",중고배터리스팟용접기,모바일,1,0,0,0,1,0,0,0,0
"쇼핑검색",중고스폿용접기신화전기,PC,1,0,0,0,1,0,0,0,0
"쇼핑검색",중고용접기,모바일,2,0,0,0,8,0,0,0,0
"쇼핑검색",중공업용접로봇,PC,2,0,0,0,1,0,0,0,0
"쇼핑검색",중공업용접로봇,모바일,2,0,0,0,1,0,0,0,0
"쇼핑검색",중국.로보트용접기,모바일,1,0,0,0,1,0,0,0,0
"쇼핑검색",중국로봇용접기,PC,1,0,0,0,1,0,0,0,0
"쇼핑검색",중국산미그용접기,모바일,2,0,0,0,5.5,0,0,0,0
"쇼핑검색",중국산용접기350A,PC,2,0,0,0,2,0,0,0,0
"쇼핑검색",중국용접로봇,PC,1,0,0,0,1,0,0,0,0
"쇼핑검색",중국용접로봇,모바일,5,0,0,0,1.8,0,0,0,0
"쇼핑검색",중국용접자동화,모바일,2,0,0,0,1.5,0,0,0,0
"쇼핑검색",중국자동화용접기,PC,4,0,0,0,1.5,0,0,0,0
"쇼핑검색",직교로봇용접,모바일,1,0,0,0,1,0,0,0,0
"쇼핑검색",진해로봇용접,PC,1,0,0,0,1,0,0,0,0
"쇼핑검색",진해용접자동화,PC,2,0,0,0,1,0,0,0,0
"쇼핑검색",차체로봇용접,모바일,2,0,0,0,1,0,0,0,0
"쇼핑검색",차체용접로봇,모바일,1,0,0,0,1,0,0,0,0
"쇼핑검색",창원용접로봇중고,PC,1,0,0,0,1,0,0,0,0
"쇼핑검색",창의적인협동로봇,모바일,2,0,0,0,1.5,0,0,0,0
"쇼핑검색",철절단플라즈마,모바일,1,0,0,0,9,0,0,0,0
"쇼핑검색",철판25T에어플라즈마추천,모바일,1,0,0,0,10,0,0,0,0
"쇼핑검색",청주로봇용접,PC,2,0,0,0,1,0,0,0,0
"쇼핑검색",청주용접자동화,PC,1,0,0,0,1,0,0,0,0
"쇼핑검색",카멜레온4,모바일,1,0,0,0,8,0,0,0,0
"쇼핑검색",카멜레온용접마스크,모바일,1,0,0,0,10,0,0,0,0
"쇼핑검색",카멜레온용접면,모바일,1,0,0,0,8,0,0,0,0
"쇼핑검색",컨테이너용접로봇,모바일,2,0,0,0,1.5,0,0,0,0
"쇼핑검색",코드젠자동화툴,PC,2,0,0,0,1.5,0,0,0,0
"쇼핑검색",크롤링자동화툴,PC,2,0,0,0,1.5,0,0,0,0
"쇼핑검색",크롬동용접자동화,모바일,1,0,0,0,1,0,0,0,0
"쇼핑검색",키콕,PC,22,0,0,0,1.5,0,0,0,0
"쇼핑검색",키콕,모바일,40,0,0,0,1.5,0,0,0,0
"쇼핑검색",타이거500A용접기,PC,1,0,0,0,1,0,0,0,0
"쇼핑검색",탑재용접로봇,PC,1,0,0,0,1,0,0,0,0
"쇼핑검색",태신용접기500A,PC,1,0,0,0,1,0,0,0,0
"쇼핑검색",태원용접기500A,PC,1,0,0,0,1,0,0,0,0
"쇼핑검색",태원용접기500A,모바일,1,0,0,0,1,0,0,0,0
"쇼핑검색",터닝로라,모바일,5,0,0,0,12.8,0,0,0,0
"쇼핑검색",터닝롤,모바일,1,0,0,0,1,0,0,0,0
"쇼핑검색",터닝롤러,모바일,1,0,0,0,13,0,0,0,0
"쇼핑검색",특성화고로봇용접기,모바일,1,0,0,0,1,0,0,0,0
"쇼핑검색",특수로봇용접,모바일,2,0,0,0,1,0,0,0,0
"쇼핑검색",특수용접CO2,모바일,1,0,0,0,1,0,0,0,0
"쇼핑검색",티그미그용접기,모바일,1,0,0,0,10,0,0,0,0
"쇼핑검색",티그와이어선반,모바일,1,0,0,0,11,0,0,0,0
"쇼핑검색",티그용접기350,모바일,4,0,0,0,7,0,0,0,0
"쇼핑검색",티그용접기350A,모바일,3,0,0,0,4.3,0,0,0,0
"쇼핑검색",티그용접기500,모바일,1,0,0,0,7,0,0,0,0
"쇼핑검색",티그용접기500A,모바일,1,0,0,0,3,0,0,0,0
"쇼핑검색",티그용접로봇,모바일,2,0,0,0,1,0,0,0,0
"쇼핑검색",티그필러,모바일,2,0,0,0,5.5,0,0,0,0
"쇼핑검색",티코니샵,모바일,4,0,0,0,1.5,0,0,0,0
"쇼핑검색",티코시오레이져,모바일,1,0,0,0,1,0,0,0,0
"쇼핑검색",티코용접,모바일,6,0,0,0,1.5,0,0,0,0
"쇼핑검색",티코티코탁,모바일,4,0,0,0,1.5,0,0,0,0
"쇼핑검색",티크용접기500A,PC,1,0,0,0,1,0,0,0,0
"쇼핑검색",티크용접자동화,PC,2,0,0,0,1.5,0,0,0,0
"쇼핑검색",파낙로봇용접기,PC,1,0,0,0,1,0,0,0,0
"쇼핑검색",파이프로봇용접,모바일,2,0,0,0,1,0,0,0,0
"쇼핑검색",팜아크200,모바일,4,0,0,0,1,0,0,0,0
"쇼핑검색",퍼팩트알곤,모바일,1,0,0,0,1,0,0,0,0
"쇼핑검색",퍼펙트대대300A,모바일,1,0,0,0,1,0,0,0,0
"쇼핑검색",페이브텍로봇용접기,PC,1,0,0,0,1,0,0,0,0
"쇼핑검색",평택로봇용접기,PC,2,0,0,0,1,0,0,0,0
"쇼핑검색",포스코자동화로봇,모바일,6,0,0,0,1.5,0,0,0,0
"쇼핑검색",포스테크용접기500,모바일,2,0,0,0,6,0,0,0,0
"쇼핑검색",프레스용접자동화,모바일,1,0,0,0,1,0,0,0,0
"쇼핑검색",피복로봇용접,모바일,1,0,0,0,1,0,0,0,0
"쇼핑검색",필렛용접CO2,모바일,2,0,0,0,1,0,0,0,0
"쇼핑검색",학교용접세트,모바일,1,0,0,0,3,0,0,0,0
"쇼핑검색",한화용접로봇,PC,10,0,0,0,1.5,0,0,0,0
"쇼핑검색",한화용접로봇,모바일,2,0,0,0,1.5,0,0,0,0
"쇼핑검색",한화용접협동로봇,PC,1,0,0,0,1,0,0,0,0
"쇼핑검색",한화협동로봇용접,PC,1,0,0,0,1,0,0,0,0
"쇼핑검색",항저우구건로봇용접기,PC,1,0,0,0,1,0,0,0,0
"쇼핑검색",해상자동화로봇,모바일,4,0,0,0,1.5,0,0,0,0
"쇼핑검색",현대600S용접기,모바일,1,0,0,0,11,0,0,0,0
"쇼핑검색",협동디지탈,PC,2,0,0,0,1.5,0,0,0,0
"쇼핑검색",협동로봇공구교환,PC,2,0,0,0,1.5,0,0,0,0
"쇼핑검색",협동로봇랩고영일,PC,2,0,0,0,1.5,0,0,0,0
"쇼핑검색",협동로봇용용접기,PC,1,0,0,0,1,0,0,0,0
"쇼핑검색",협동로봇용접,PC,8,0,0,0,1,0,0,0,0
"쇼핑검색",협동로봇용접,모바일,11,0,0,0,1,0,0,0,0
"쇼핑검색",협동로봇용접과제,PC,2,0,0,0,1,0,0,0,0
"쇼핑검색",협동로봇용접국가과제,PC,1,0,0,0,1,0,0,0,0
"쇼핑검색",협동로봇용접기,PC,7,0,0,0,1,0,0,0,0
"쇼핑검색",협동로봇용접뉴로메카,모바일,1,0,0,0,1,0,0,0,0
"쇼핑검색",협동로봇용접단점,PC,1,0,0,0,1,0,0,0,0
"쇼핑검색",협동로봇용접삼호,모바일,1,0,0,0,1,0,0,0,0
"쇼핑검색",협동로봇용접설치업체,모바일,1,0,0,0,1,0,0,0,0
"쇼핑검색",협동로봇용접순위,PC,1,0,0,0,1,0,0,0,0
"쇼핑검색",협동로봇용접슬래그제거,PC,1,0,0,0,1,0,0,0,0
"쇼핑검색",협동로봇웨어러블,모바일,2,0,0,0,1.5,0,0,0,0
"쇼핑검색",협동로봇툴교체,PC,2,0,0,0,1.5,0,0,0,0
"쇼핑검색",협동로봇툴체인저,PC,2,0,0,0,1.5,0,0,0,0
"쇼핑검색",협동온리,모바일,3,0,0,0,1,0,0,0,0
"쇼핑검색",협동용접로봇,PC,2,0,0,0,1,0,0,0,0
"쇼핑검색",협동용접로봇,모바일,1,0,0,0,1,0,0,0,0
"쇼핑검색",협동용접로봇가격,PC,1,0,0,0,1,0,0,0,0
"쇼핑검색",협동용접로붓,모바일,2,0,0,0,1.5,0,0,0,0
"쇼핑검색",협동조리로봇,PC,2,0,0,0,1.5,0,0,0,0
"쇼핑검색",협력로봇용접,모바일,1,1,506,506,1,0,0,0,0
"쇼핑검색",화낙로보드릴툴세정,모바일,4,0,0,0,1.5,0,0,0,0
"쇼핑검색",효성가우징절단기1000,모바일,1,0,0,0,1,0,0,0,0
"쇼핑검색",휴코자동화로봇,PC,2,0,0,0,1.5,0,0,0,0
