﻿"쇼핑검색보고서(2025.06.01.~2025.06.30.),vvsun:naver"
"캠페인유형",검색어,PC/모바일 매체,노출수,클릭수,"평균클릭비용(VAT포함,원)","총비용(VAT포함,원)",평균노출순위,방문당 평균페이지뷰,방문당 평균체류시간(초),전환수,전환매출액(원)
"파워링크",(주)BYT,PC,1,0,0,0,1,0,0,0,0
"파워링크",(주)범용테크놀러지,모바일,2,0,0,0,1,0,0,0,0
"파워링크",(주)센서테크,PC,5,0,0,0,2,0,0,0,0
"파워링크",(주)온도기술,PC,1,0,0,0,1,0,0,0,0
"파워링크",130온도센서,PC,1,0,0,0,3,0,0,0,0
"파워링크",304센서,PC,1,0,0,0,3,0,0,0,0
"파워링크",50A히터봉,PC,1,0,0,0,1,0,0,0,0
"파워링크",AI온도센서,모바일,1,0,0,0,1,0,0,0,0
"파워링크",BCHA,PC,2,0,0,0,2,0,0,0,0
"파워링크",BCHA,모바일,4,0,0,0,2.8,0,0,0,0
"파워링크",BCHC,PC,1,0,0,0,1,0,0,0,0
"파워링크",BCHC,모바일,3,0,0,0,1,0,0,0,0
"파워링크",BCHE,PC,2,0,0,0,2,0,0,0,0
"파워링크",BCHF,모바일,1,0,0,0,1,0,0,0,0
"파워링크",BCHS,모바일,5,0,0,0,1.6,0,0,0,0
"파워링크",BKCF,모바일,3,0,0,0,3,0,0,0,0
"파워링크",BKCH,모바일,1,0,0,0,1,0,0,0,0
"파워링크",BKSH,PC,1,0,0,0,2,0,0,0,0
"파워링크",BPAS,모바일,3,0,0,0,1,0,0,0,0
"파워링크",BPCM,PC,3,0,0,0,1,0,0,0,0
"파워링크",BPCM,모바일,2,0,0,0,1,0,0,0,0
"파워링크",BPTS,PC,3,0,0,0,2,0,0,0,0
"파워링크",BYT,PC,13,0,0,0,2.1,0,0,0,0
"파워링크",BYT,모바일,14,0,0,0,2.7,0,0,0,0
"파워링크",CASENSOR,PC,1,0,0,0,5,0,0,0,0
"파워링크",CATEMPERATURESENSOR,PC,1,0,0,0,3,0,0,0,0
"파워링크",CA센서,PC,5,0,0,0,3.2,0,0,0,0
"파워링크",CA센서,모바일,3,1,176,176,2.7,0,0,0,0
"파워링크",CA타입열전대,모바일,2,0,0,0,1,0,0,0,0
"파워링크",CA타입온도센서,모바일,1,0,0,0,3,0,0,0,0
"파워링크",CERAMICHEATER,PC,4,0,0,0,5.5,0,0,0,0
"파워링크",IRHEATER,PC,7,2,143,286,2.7,0,0,0,0
"파워링크",IRHEATER,모바일,3,0,0,0,1,0,0,0,0
"파워링크",IR가열,PC,1,0,0,0,1,0,0,0,0
"파워링크",IR도금,PC,1,0,0,0,1,0,0,0,0
"파워링크",IR도금,모바일,3,0,0,0,1,0,0,0,0
"파워링크",IR센서기업,모바일,1,0,0,0,1,0,0,0,0
"파워링크",IR팬히터,모바일,3,0,0,0,1,0,0,0,0
"파워링크",IR히터,PC,10,1,198,198,1.5,0,0,0,0
"파워링크",IR히터,모바일,17,0,0,0,1.4,0,0,0,0
"파워링크",K-TYPE,PC,1,0,0,0,3,0,0,0,0
"파워링크",K-TYPETC온도센서종류,PC,1,0,0,0,2,0,0,0,0
"파워링크",K-TYPE열전대,PC,4,0,0,0,3.3,0,0,0,0
"파워링크",K-TYPE열전대,모바일,1,0,0,0,3,0,0,0,0
"파워링크",K-TYPE열전대란,PC,1,0,0,0,1,0,0,0,0
"파워링크",K-TYPE온도센서,모바일,1,0,0,0,4,0,0,0,0
"파워링크",KTYPEPT100,모바일,1,0,0,0,2,0,0,0,0
"파워링크",KTYPE열전대,PC,7,0,0,0,3.6,0,0,0,0
"파워링크",KTYPE열전대,모바일,2,0,0,0,2,0,0,0,0
"파워링크",KTYPE온도센서,PC,3,1,374,374,6,0,0,0,0
"파워링크",K센서,PC,1,0,0,0,3,0,0,0,0
"파워링크",K열전대,PC,15,0,0,0,3.1,0,0,0,0
"파워링크",K열전대,모바일,1,0,0,0,3,0,0,0,0
"파워링크",K열전대CA선,PC,1,0,0,0,1,0,0,0,0
"파워링크",K타입,모바일,1,0,0,0,3,0,0,0,0
"파워링크",K타입볼트온도센서,PC,1,0,0,0,3,0,0,0,0
"파워링크",K타입써모커플,PC,2,0,0,0,7.5,0,0,0,0
"파워링크",K타입열센서,PC,1,0,0,0,1,0,0,0,0
"파워링크",K타입열전대,PC,16,0,0,0,3.9,0,0,0,0
"파워링크",K타입열전대,모바일,7,0,0,0,3,0,0,0,0
"파워링크",K타입열전대온도센서와MAX,모바일,1,0,0,0,3,0,0,0,0
"파워링크",K타입온도센서,PC,6,0,0,0,5,0,0,0,0
"파워링크",K타입온도센서,모바일,2,0,0,0,3,0,0,0,0
"파워링크",K타입온도센서범위,모바일,2,0,0,0,2,0,0,0,0
"파워링크",K형열전대,모바일,1,0,0,0,4,0,0,0,0
"파워링크",M10PT100온도센서,PC,1,0,0,0,2,0,0,0,0
"파워링크",M10센서,모바일,1,0,0,0,1,0,0,0,0
"파워링크",M10온도센서,PC,1,0,0,0,2,0,0,0,0
"파워링크",NTC서미스터온도센서의특성,모바일,1,0,0,0,2,0,0,0,0
"파워링크",PT-100옴센서결선,모바일,1,0,0,0,2,0,0,0,0
"파워링크",PT100,PC,4,0,0,0,11.5,0,0,0,0
"파워링크",PT1002선,PC,1,0,0,0,1,0,0,0,0
"파워링크",PT100OHM,PC,1,0,0,0,3,0,0,0,0
"파워링크",PT100SUS304,모바일,1,0,0,0,2,0,0,0,0
"파워링크",PT100범위,PC,1,0,0,0,2,0,0,0,0
"파워링크",PT100센서,PC,6,0,0,0,8.5,0,0,0,0
"파워링크",PT100센서,모바일,2,0,0,0,3.5,0,0,0,0
"파워링크",PT100온도,PC,5,0,0,0,7.8,0,0,0,0
"파워링크",PT100온도범위,모바일,1,0,0,0,4,0,0,0,0
"파워링크",PT100온도센서,PC,15,1,"1,023","1,023",6.3,0,0,0,0
"파워링크",PT100온도센서,모바일,12,0,0,0,5.2,0,0,0,0
"파워링크",PT100온도센서접지,PC,1,0,0,0,3,0,0,0,0
"파워링크",PT100옴,PC,29,0,0,0,7.9,0,0,0,0
"파워링크",PT100옴,모바일,1,0,0,0,4,0,0,0,0
"파워링크",PT100옴K타입,PC,1,1,352,352,1,0,0,0,0
"파워링크",PT100옴센서,PC,5,0,0,0,5.8,0,0,0,0
"파워링크",PT100옴센서,모바일,1,0,0,0,4,0,0,0,0
"파워링크",PT100옴온도4-20,모바일,1,0,0,0,2,0,0,0,0
"파워링크",PT100옴온도센서,PC,5,0,0,0,5.8,0,0,0,0
"파워링크",PT100옴온도컨트롤러,PC,1,0,0,0,2,0,0,0,0
"파워링크",PT100옴테프론온도센서,모바일,1,0,0,0,3,0,0,0,0
"파워링크",PT100컨트롤러,모바일,1,0,0,0,2,0,0,0,0
"파워링크",PT100테프론온도센서,PC,1,0,0,0,2,0,0,0,0
"파워링크",PT100헤드센서,PC,1,0,0,0,3,0,0,0,0
"파워링크",PT100헤드형,모바일,1,0,0,0,1,0,0,0,0
"파워링크",PTSENSOR,PC,1,0,0,0,3,0,0,0,0
"파워링크",PTSENSOR,모바일,4,0,0,0,2.3,0,0,0,0
"파워링크",PT센서,PC,8,0,0,0,7.5,0,0,0,0
"파워링크",PT센서,모바일,4,0,0,0,3.5,0,0,0,0
"파워링크",PT열전대,모바일,2,0,0,0,1,0,0,0,0
"파워링크",PT온도센서,PC,5,0,0,0,2.4,0,0,0,0
"파워링크",RTD4선식온도센서,PC,1,0,0,0,2,0,0,0,0
"파워링크",RTDPT100,PC,3,1,451,451,4.7,0,0,0,0
"파워링크",RTDPT100,모바일,1,0,0,0,4,0,0,0,0
"파워링크",RTDPT100OHM,PC,1,0,0,0,2,0,0,0,0
"파워링크",RTDPT100옴,모바일,2,0,0,0,3,0,0,0,0
"파워링크",RTDSENSOR,PC,6,0,0,0,7.2,0,0,0,0
"파워링크",RTD센서,PC,14,0,0,0,7.8,0,0,0,0
"파워링크",RTD센서,모바일,2,0,0,0,3.5,0,0,0,0
"파워링크",RTD센서3선,모바일,1,0,0,0,2,0,0,0,0
"파워링크",RTD센서헤드형,PC,1,0,0,0,3,0,0,0,0
"파워링크",RTD온도센서,PC,1,0,0,0,21,0,0,0,0
"파워링크",SENSOR-PT100OHM,PC,1,0,0,0,1,0,0,0,0
"파워링크",SENSORR.T.D,PC,1,0,0,0,3,0,0,0,0
"파워링크",SUS304온도,PC,1,0,0,0,1,0,0,0,0
"파워링크",SUS도금,모바일,2,0,0,0,2.5,0,0,0,0
"파워링크",SUS온도,모바일,3,0,0,0,1.3,0,0,0,0
"파워링크",SUS플러그,PC,3,0,0,0,3,0,0,0,0
"파워링크",SUS플러그,모바일,2,0,0,0,1,0,0,0,0
"파워링크",SUS히터봉,모바일,2,0,0,0,1,0,0,0,0
"파워링크",TEMPERATURESENSOR,PC,8,0,0,0,1,0,0,0,0
"파워링크",TEMPERATURESENSOR,모바일,4,0,0,0,1.8,0,0,0,0
"파워링크",UL히터,PC,5,2,66,132,5.8,0,0,0,0
"파워링크",UL히터,모바일,1,0,0,0,3,0,0,0,0
"파워링크",가열카트리지히터\,PC,1,0,0,0,2,0,0,0,0
"파워링크",가열히터,모바일,2,0,0,0,2.5,0,0,0,0
"파워링크",건조기용히터,모바일,1,0,0,0,3,0,0,0,0
"파워링크",고온SUS,모바일,1,0,0,0,2,0,0,0,0
"파워링크",고온실리콘온도,PC,2,0,0,0,1,0,0,0,0
"파워링크",고온실리콘온도,모바일,1,0,0,0,1,0,0,0,0
"파워링크",고온열전대,PC,1,0,0,0,5,0,0,0,0
"파워링크",고온온도,모바일,1,0,0,0,2,0,0,0,0
"파워링크",공기물온도,모바일,1,0,0,0,1,0,0,0,0
"파워링크",공기센서,PC,1,0,0,0,5,0,0,0,0
"파워링크",공기온도,모바일,3,0,0,0,1,0,0,0,0
"파워링크",공업용난로,PC,4,0,0,0,7,0,0,0,0
"파워링크",공업용난로,모바일,1,0,0,0,3,0,0,0,0
"파워링크",공업용적외선히터,모바일,1,0,0,0,3,0,0,0,0
"파워링크",공업용전기난로,PC,1,0,0,0,7,0,0,0,0
"파워링크",공업용전기난로,모바일,1,0,0,0,3,0,0,0,0
"파워링크",공업용전기히터,PC,3,0,0,0,6,0,0,0,0
"파워링크",공업용히터,PC,15,0,0,0,4.3,0,0,0,0
"파워링크",공업용히터,모바일,3,0,0,0,3,0,0,0,0
"파워링크",금형히터,모바일,2,0,0,0,2,0,0,0,0
"파워링크",기술센서등,PC,1,0,0,0,3,0,0,0,0
"파워링크",기업범용,모바일,1,0,0,0,1,0,0,0,0
"파워링크",기업용범용공인인증서,PC,3,0,0,0,3,0,0,0,0
"파워링크",기업용범용공인인증서,모바일,1,0,0,0,3,0,0,0,0
"파워링크",대기온도센서,PC,1,0,0,0,9,0,0,0,0
"파워링크",대기온도센서,모바일,1,1,308,308,2,0,0,0,0
"파워링크",도금용히터,PC,1,0,0,0,2,0,0,0,0
"파워링크",드럼히터,PC,8,1,660,660,3,0,0,0,0
"파워링크",드럼히터,모바일,2,0,0,0,3,0,0,0,0
"파워링크",디지털온도센서,PC,9,0,0,0,3.7,0,0,0,0
"파워링크",디지털온도컨트롤,모바일,1,0,0,0,1,0,0,0,0
"파워링크",물센서비접촉,모바일,1,0,0,0,1,0,0,0,0
"파워링크",물온도센서,PC,3,0,0,0,4,0,0,0,0
"파워링크",물저항온도,PC,1,0,0,0,2,0,0,0,0
"파워링크",반도체히터,PC,6,0,0,0,5.2,0,0,0,0
"파워링크",반도체히터,모바일,4,0,0,0,4,0,0,0,0
"파워링크",방수온도센서,PC,2,0,0,0,3,0,0,0,0
"파워링크",방수온도센서,모바일,2,0,0,0,1,0,0,0,0
"파워링크",방수형온도센서,모바일,3,0,0,0,3,0,0,0,0
"파워링크",배관온도,PC,1,0,0,0,3,0,0,0,0
"파워링크",배관온도센서,PC,13,1,253,253,2,0,0,0,0
"파워링크",배관온도센서,모바일,5,1,319,319,1,0,0,0,0
"파워링크",배관온도센서PT100,PC,1,0,0,0,1,0,0,0,0
"파워링크",배관온도컨트롤러,PC,1,0,0,0,1,0,0,0,0
"파워링크",배관용온도센서,PC,3,0,0,0,3.7,0,0,0,0
"파워링크",범용(기업),PC,1,0,0,0,2,0,0,0,0
"파워링크",범용건조기,모바일,1,0,0,0,2,0,0,0,0
"파워링크",범용러버밴드,모바일,1,0,0,0,1,0,0,0,0
"파워링크",범용브라켓,모바일,1,0,0,0,3,0,0,0,0
"파워링크",범용센서,모바일,2,0,0,0,2,0,0,0,0
"파워링크",범용전열,PC,2,0,0,0,1,0,0,0,0
"파워링크",범용전열,모바일,2,0,0,0,1,0,0,0,0
"파워링크",범용제품,PC,8,0,0,0,1.5,0,0,0,0
"파워링크",범용제품,모바일,14,0,0,0,1.6,0,0,0,0
"파워링크",범용테크,모바일,1,0,0,0,1,0,0,0,0
"파워링크",범용테크놀러지,PC,19,0,0,0,1.1,0,0,0,0
"파워링크",범용테크놀러지,모바일,7,2,77,154,1.3,0,0,0,0
"파워링크",범용테크놀러지센서PT100,PC,1,0,0,0,1,0,0,0,0
"파워링크",범용테크놀러지센서PT100BPSNFL,PC,1,0,0,0,1,0,0,0,0
"파워링크",범용테크놀로지,PC,17,0,0,0,1.8,0,0,0,0
"파워링크",범용테크놀로지,모바일,2,0,0,0,1.5,0,0,0,0
"파워링크",볼트형히터센서,PC,1,0,0,0,1,0,0,0,0
"파워링크",산업용IRHEATER,PC,2,2,77,154,1,0,0,0,0
"파워링크",산업용고온컨트롤러,모바일,1,0,0,0,1,0,0,0,0
"파워링크",산업용온도센서,PC,6,2,963,"1,925",6.3,0,0,0,0
"파워링크",산업용적외선히터,모바일,2,0,0,0,3,0,0,0,0
"파워링크",산업용전기난로,PC,1,0,0,0,3,0,0,0,0
"파워링크",산업용전기난로,모바일,2,0,0,0,2.5,0,0,0,0
"파워링크",산업용전기히터,PC,13,2,"2,277","4,554",3.8,0,0,0,0
"파워링크",산업용전기히터,모바일,4,0,0,0,3.3,0,0,0,0
"파워링크",산업용프렌지히터,PC,1,0,0,0,1,0,0,0,0
"파워링크",산업용히타,PC,5,0,0,0,8.2,0,0,0,0
"파워링크",산업용히터,PC,16,2,"2,547","5,093",6.6,0,0,0,0
"파워링크",산업용히터,모바일,8,0,0,0,4.1,0,0,0,0
"파워링크",서머커플,PC,5,0,0,0,4.2,0,0,0,0
"파워링크",서머커플,모바일,9,0,0,0,2.3,0,0,0,0
"파워링크",서미스터온도센서,PC,21,0,0,0,3.2,0,0,0,0
"파워링크",서미스터온도센서,모바일,9,1,"1,166","1,166",2.9,0,0,0,0
"파워링크",세라믹카트리지히터,PC,1,0,0,0,10,0,0,0,0
"파워링크",세라믹카트리지히터봉,PC,1,0,0,0,1,0,0,0,0
"파워링크",세라믹히타,PC,4,0,0,0,3.3,0,0,0,0
"파워링크",센서K타입,모바일,1,0,0,0,2,0,0,0,0
"파워링크",센서새기,모바일,1,0,0,0,1,0,0,0,0
"파워링크",센서열전대K타입,PC,1,0,0,0,1,0,0,0,0
"파워링크",센서장착,PC,2,0,0,0,3,0,0,0,0
"파워링크",센싱기술,모바일,1,0,0,0,2,0,0,0,0
"파워링크",수중센서,PC,2,0,0,0,2.5,0,0,0,0
"파워링크",수중온도센서,PC,1,0,0,0,3,0,0,0,0
"파워링크",수중온도센서기,모바일,1,0,0,0,2,0,0,0,0
"파워링크",시즈히타,모바일,1,0,0,0,4,0,0,0,0
"파워링크",시즈히터,PC,25,2,"1,557","3,113",8.7,0,0,0,0
"파워링크",실내기배관센서,모바일,1,0,0,0,1,0,0,0,0
"파워링크",실내기배관온도센서,모바일,1,0,0,0,1,0,0,0,0
"파워링크",실내기온도센서,PC,4,0,0,0,2.5,0,0,0,0
"파워링크",실내기온도센서,모바일,2,0,0,0,2.5,0,0,0,0
"파워링크",실내배관센서,모바일,1,0,0,0,1,0,0,0,0
"파워링크",실내배관온도센서,모바일,1,0,0,0,1,0,0,0,0
"파워링크",실내온도감지,모바일,1,0,0,0,3,0,0,0,0
"파워링크",실내온도센서,PC,16,0,0,0,1.8,0,0,0,0
"파워링크",실내온도센서,모바일,33,0,0,0,1.7,0,0,0,0
"파워링크",실리콘드럼히터,모바일,1,0,0,0,3,0,0,0,0
"파워링크",실리콘라바히터,PC,5,0,0,0,7.6,0,0,0,0
"파워링크",실리콘러버히터,PC,3,0,0,0,6.3,0,0,0,0
"파워링크",실리콘히터,PC,22,1,792,792,2.2,0,0,0,0
"파워링크",실리콘히터,모바일,4,1,726,726,1,0,0,0,0
"파워링크",써머커플,PC,31,0,0,0,7.2,0,0,0,0
"파워링크",써머커플,모바일,7,0,0,0,2.6,0,0,0,0
"파워링크",써머커플K,PC,1,0,0,0,1,0,0,0,0
"파워링크",써머커플K타입,PC,2,0,0,0,2,0,0,0,0
"파워링크",써모커플,PC,13,0,0,0,2.6,0,0,0,0
"파워링크",써모커플,모바일,7,0,0,0,2.6,0,0,0,0
"파워링크",써모커플K타입,PC,8,0,0,0,8.9,0,0,0,0
"파워링크",액체가열용히터,모바일,1,0,0,0,1,0,0,0,0
"파워링크",액체온도,모바일,1,0,0,0,3,0,0,0,0
"파워링크",열전대,PC,60,1,"2,387","2,387",5.1,0,0,0,0
"파워링크",열전대,모바일,14,0,0,0,4,0,0,0,0
"파워링크",열전대BKLQ\,PC,1,0,0,0,1,0,0,0,0
"파워링크",열전대B타입,모바일,1,0,0,0,2,0,0,0,0
"파워링크",열전대K,PC,6,0,0,0,1.2,0,0,0,0
"파워링크",열전대K,모바일,1,0,0,0,2,0,0,0,0
"파워링크",열전대K(CA),PC,1,1,209,209,1,0,0,0,0
"파워링크",열전대KTYPE,PC,1,0,0,0,4,0,0,0,0
"파워링크",열전대K타입,PC,1,0,0,0,7,0,0,0,0
"파워링크",열전대TYPE,PC,1,0,0,0,2,0,0,0,0
"파워링크",열전대센서,PC,2,0,0,0,5.5,0,0,0,0
"파워링크",열전대센서BKCF,PC,1,0,0,0,2,0,0,0,0
"파워링크",열전대온도센서,PC,14,0,0,0,2.4,0,0,0,0
"파워링크",열전대온도센서,모바일,7,0,0,0,3.4,0,0,0,0
"파워링크",열전대온도센서범위,모바일,1,0,0,0,2,0,0,0,0
"파워링크",열전대온도측정,PC,1,0,0,0,10,0,0,0,0
"파워링크",열전대타입,PC,21,2,396,792,5.5,0,0,0,0
"파워링크",열전대타입,모바일,1,0,0,0,2,0,0,0,0
"파워링크",열전대타입+선,모바일,1,0,0,0,2,0,0,0,0
"파워링크",열풍기온도센서,모바일,1,1,440,440,2,0,0,0,0
"파워링크",열풍기용핀히터,PC,1,0,0,0,1,0,0,0,0
"파워링크",열풍히터봉,모바일,2,0,0,0,3,0,0,0,0
"파워링크",오일가열,모바일,2,0,0,0,1,0,0,0,0
"파워링크",오일온도센서모듈,PC,1,0,0,0,2,0,0,0,0
"파워링크",온도감지기,PC,12,1,"1,683","1,683",5.1,0,0,0,0
"파워링크",온도감지기,모바일,7,0,0,0,2.7,0,0,0,0
"파워링크",온도감지기센서,PC,2,0,0,0,2,0,0,0,0
"파워링크",온도감지단자,PC,1,0,0,0,1,0,0,0,0
"파워링크",온도기술,PC,3,0,0,0,1,0,0,0,0
"파워링크",온도센서,PC,1,1,220,220,52,0,0,0,0
"파워링크",온도센서130,PC,1,0,0,0,3,0,0,0,0
"파워링크",온도센서130도,PC,1,0,0,0,2,0,0,0,0
"파워링크",온도센서KTYPE,PC,1,0,0,0,8,0,0,0,0
"파워링크",온도센서K타입,PC,6,0,0,0,7.3,0,0,0,0
"파워링크",온도센서K타입적외선,PC,1,0,0,0,1,0,0,0,0
"파워링크",온도센서PT100,PC,10,1,"1,034","1,034",6.2,0,0,0,0
"파워링크",온도센서PT100헤드형,모바일,1,0,0,0,2,0,0,0,0
"파워링크",온도센서RTD,PC,1,0,0,0,5,0,0,0,0
"파워링크",온도센서RTD,모바일,2,0,0,0,4,0,0,0,0
"파워링크",온도센서SUS304,PC,1,0,0,0,1,0,0,0,0
"파워링크",온도센서TC,PC,2,0,0,0,4.5,0,0,0,0
"파워링크",온도센서감지기,모바일,1,0,0,0,3,0,0,0,0
"파워링크",온도센서등,모바일,1,0,0,0,3,0,0,0,0
"파워링크",온도센서모듈,PC,3,0,0,0,3.3,0,0,0,0
"파워링크",온도센서방수,PC,1,0,0,0,3,0,0,0,0
"파워링크",온도센서보호관,PC,1,0,0,0,2,0,0,0,0
"파워링크",온도센서사용법,모바일,1,0,0,0,3,0,0,0,0
"파워링크",온도센서열전대,PC,1,0,0,0,6,0,0,0,0
"파워링크",온도센서저항,모바일,3,0,0,0,2.3,0,0,0,0
"파워링크",온도센서제작,PC,4,0,0,0,4,0,0,0,0
"파워링크",온도센서제조업체,PC,1,0,0,0,2,0,0,0,0
"파워링크",온도센서종류,PC,34,1,"1,254","1,254",4.5,0,0,0,0
"파워링크",온도센서종류,모바일,17,2,"1,309","2,618",2.8,0,0,0,0
"파워링크",온도센서컨트롤러,PC,1,0,0,0,3,0,0,0,0
"파워링크",온도센서히터,PC,1,0,0,0,1,0,0,0,0
"파워링크",온도센서히터,모바일,1,0,0,0,1,0,0,0,0
"파워링크",온도쎈서,모바일,3,0,0,0,1.3,0,0,0,0
"파워링크",온도컨트롤러PT100,PC,1,0,0,0,3,0,0,0,0
"파워링크",온도컨트롤러사용법,모바일,2,0,0,0,1,0,0,0,0
"파워링크",온도컨트롤센서,모바일,1,0,0,0,1,0,0,0,0
"파워링크",원적외선IR,PC,1,0,0,0,1,0,0,0,0
"파워링크",원적외선IR세라믹HEATER,PC,1,0,0,0,1,0,0,0,0
"파워링크",원적외선도금,모바일,1,0,0,0,1,0,0,0,0
"파워링크",원적외선세라믹히터,PC,2,0,0,0,7,0,0,0,0
"파워링크",원적외선센서,PC,1,0,0,0,1,0,0,0,0
"파워링크",원적외선히터봉,PC,2,0,0,0,1,0,0,0,0
"파워링크",유압식히터,모바일,1,0,0,0,1,0,0,0,0
"파워링크",유압히터,모바일,1,0,0,0,1,0,0,0,0
"파워링크",자동온도센서,모바일,4,0,0,0,1.3,0,0,0,0
"파워링크",저온전압센서,PC,1,0,0,0,2,0,0,0,0
"파워링크",적외선세라믹히터,PC,1,0,0,0,4,0,0,0,0
"파워링크",적외선히터온도,모바일,1,0,0,0,1,0,0,0,0
"파워링크",전기히터공업용,모바일,1,0,0,0,4,0,0,0,0
"파워링크",접지타입온도센서,모바일,1,0,0,0,1,0,0,0,0
"파워링크",접촉식온도센서,PC,3,1,"2,079","2,079",7.7,0,0,0,0
"파워링크",접촉온도센서,PC,1,0,0,0,6,0,0,0,0
"파워링크",제동저항온도센서역할,PC,1,0,0,0,1,0,0,0,0
"파워링크",제동저항온도센서역활,PC,1,0,0,0,2,0,0,0,0
"파워링크",카트리지히터,PC,65,1,"1,529","1,529",6.4,0,0,0,0
"파워링크",카트리지히터,모바일,16,1,"1,639","1,639",3.1,0,0,0,0
"파워링크",카트리지히터가열,PC,1,0,0,0,2,0,0,0,0
"파워링크",카트리지히터봉,PC,11,0,0,0,2.1,0,0,0,0
"파워링크",카트리지히터봉,모바일,3,0,0,0,1,0,0,0,0
"파워링크",카트리지히터온라인,PC,1,0,0,0,2,0,0,0,0
"파워링크",카트리지히터컨트롤러,PC,1,0,0,0,1,0,0,0,0
"파워링크",케이타입열전대,모바일,1,0,0,0,1,0,0,0,0
"파워링크",테프론관온도,PC,1,0,0,0,1,0,0,0,0
"파워링크",테프론사용온도,모바일,1,0,0,0,1,0,0,0,0
"파워링크",테프론히터,PC,6,1,561,561,9,0,0,0,0
"파워링크",테프론히터,모바일,3,0,0,0,4,0,0,0,0
"파워링크",투입히터봉,모바일,1,0,0,0,2,0,0,0,0
"파워링크",티타늄시즈히터,PC,1,0,0,0,2,0,0,0,0
"파워링크",티타늄온도,PC,1,0,0,0,1,0,0,0,0
"파워링크",티타늄히터,PC,9,1,957,957,5.8,0,0,0,0
"파워링크",티타늄히터,모바일,2,0,0,0,4,0,0,0,0
"파워링크",파이프히터,PC,6,2,"1,232","2,464",5,0,0,0,0
"파워링크",파이프히터,모바일,7,0,0,0,2.7,0,0,0,0
"파워링크",팬히타,PC,1,0,0,0,2,0,0,0,0
"파워링크",팬히타,모바일,4,0,0,0,1,0,0,0,0
"파워링크",팬히터,PC,397,0,0,0,3.1,0,0,0,0
"파워링크",팬히터,모바일,495,0,0,0,2.9,0,0,0,0
"파워링크",표면온도,모바일,1,0,0,0,2,0,0,0,0
"파워링크",표준카트리지히터,PC,1,0,0,0,3,0,0,0,0
"파워링크",플랜지히터,PC,2,0,0,0,2,0,0,0,0
"파워링크",플랜지히터,모바일,1,0,0,0,1,0,0,0,0
"파워링크",피티100옴센서,모바일,1,0,0,0,3,0,0,0,0
"파워링크",핀히터,PC,4,0,0,0,7.3,0,0,0,0
"파워링크",헤드K타입온도센서,PC,1,0,0,0,3,0,0,0,0
"파워링크",헤드센서,모바일,2,0,0,0,3.5,0,0,0,0
"파워링크",헤드온도센서,모바일,1,1,66,66,3,0,0,0,0
"파워링크",헤드형온도센서,모바일,1,0,0,0,4,0,0,0,0
"파워링크",후렌지히터,PC,5,0,0,0,4.8,0,0,0,0
"파워링크",후렌지히터,모바일,8,0,0,0,2.9,0,0,0,0
"파워링크",후렌지히터투입히터,모바일,1,0,0,0,2,0,0,0,0
"파워링크",휀히터,PC,2,0,0,0,4,0,0,0,0
"파워링크",휀히터,모바일,9,1,220,220,3.1,0,0,0,0
"파워링크",휴대용온도센서,PC,1,0,0,0,2,0,0,0,0
"파워링크",히터가열,PC,1,0,0,0,1,0,0,0,0
"파워링크",히터공기건조,모바일,1,0,0,0,1,0,0,0,0
"파워링크",히터밴드,PC,1,0,0,0,3,0,0,0,0
"파워링크",히터밴드,모바일,2,0,0,0,3,0,0,0,0
"파워링크",히터봉카트리지히터,PC,2,0,0,0,1,0,0,0,0
"파워링크",히터센서,PC,3,0,0,0,5.3,0,0,0,0
"파워링크",히터센서,모바일,3,0,0,0,2,0,0,0,0
"파워링크",히터온도센서,PC,1,0,0,0,1,0,0,0,0
"파워링크",히터온도센서,모바일,7,1,319,319,1.6,0,0,0,0
"파워링크",히터온도센서KTYPE,PC,1,0,0,0,3,0,0,0,0
"파워링크",히터와센서,PC,1,0,0,0,2,0,0,0,0
"파워링크",히터와센서,모바일,2,0,0,0,1,0,0,0,0
"파워링크",히터용온도감지기,PC,1,0,0,0,1,0,0,0,0
"파워링크",히터저항물,모바일,1,0,0,0,1,0,0,0,0
"파워링크",히터카트리지,PC,1,0,0,0,3,0,0,0,0
"파워링크",히터파이프온도,모바일,1,0,0,0,1,0,0,0,0
"파워링크",히터플레이트,PC,4,0,0,0,2.3,0,0,0,0
"파워링크",히터플레이트,모바일,2,0,0,0,1.5,0,0,0,0
"파워링크",히터플레이트컨트롤러,PC,1,0,0,0,1,0,0,0,0
"쇼핑검색",-,PC,714,6,713,"4,279",2.5,1,0,0,0
"쇼핑검색",-,모바일,"2,504",12,595,"7,139",1.9,1.18,5.65,0,0
"쇼핑검색",100MIC온도,모바일,1,0,0,0,1,0,0,0,0
"쇼핑검색",1톤타코미터온도센서,모바일,1,0,0,0,6,0,0,0,0
"쇼핑검색",300도를K온도로,모바일,1,0,0,0,2,0,0,0,0
"쇼핑검색",320온도센서,모바일,2,0,0,0,2,0,0,0,0
"쇼핑검색",6PI온도측정센서,PC,1,0,0,0,6,0,0,0,0
"쇼핑검색",BLUPIA온도센서,모바일,1,0,0,0,2,0,0,0,0
"쇼핑검색",CA타입열전대,모바일,2,0,0,0,1.5,0,0,0,0
"쇼핑검색",CS061WS온도센서,모바일,1,0,0,0,2,0,0,0,0
"쇼핑검색",C타입온도센서,PC,2,0,0,0,1,0,0,0,0
"쇼핑검색",DAT-PT온도센서,모바일,2,0,0,0,8,0,0,0,0
"쇼핑검색",DISPLAY온도센서,PC,1,0,0,0,4,0,0,0,0
"쇼핑검색",DS18B20온도센서,모바일,2,0,0,0,3,0,0,0,0
"쇼핑검색",DX55온도센서,모바일,1,0,0,0,2,0,0,0,0
"쇼핑검색",ERG온도센서,모바일,1,0,0,0,1,0,0,0,0
"쇼핑검색",GHP온도센서,모바일,1,0,0,0,2,0,0,0,0
"쇼핑검색",GPT-100온도계,모바일,1,0,0,0,1,0,0,0,0
"쇼핑검색",HD2200온도센서,PC,1,0,0,0,1,0,0,0,0
"쇼핑검색",HOTRUNNERJTYPEKTYPE,모바일,1,0,0,0,1,0,0,0,0
"쇼핑검색",HOTSTART온도센서,PC,1,0,0,0,3,0,0,0,0
"쇼핑검색",I8SENSOR온도,모바일,1,0,0,0,3,0,0,0,0
"쇼핑검색",J@K,모바일,1,0,0,0,1,0,0,0,0
"쇼핑검색",JKT형,PC,1,0,0,0,2,0,0,0,0
"쇼핑검색",JTYPETC,PC,1,0,0,0,1,0,0,0,0
"쇼핑검색",JTYPE온도센서그라운드쇼트,모바일,1,0,0,0,1,0,0,0,0
"쇼핑검색",JTYPE온도센서사용법,모바일,2,0,0,0,1,0,0,0,0
"쇼핑검색",J엔K,모바일,2,0,0,0,1,0,0,0,0
"쇼핑검색",J열전대,PC,1,0,0,0,1,0,0,0,0
"쇼핑검색",J타입,PC,3,0,0,0,1,0,0,0,0
"쇼핑검색",J타입,모바일,4,0,0,0,1.3,0,0,0,0
"쇼핑검색",J타입K타입,PC,2,0,0,0,1,0,0,0,0
"쇼핑검색",J타입열전대사용국가,모바일,2,0,0,0,1,0,0,0,0
"쇼핑검색",J타입온도계,모바일,2,0,0,0,4,0,0,0,0
"쇼핑검색",J타입온도디스플레이,모바일,1,0,0,0,1,0,0,0,0
"쇼핑검색",J타입온도센서불량확인방법,모바일,1,0,0,0,1,0,0,0,0
"쇼핑검색",K+J,PC,1,0,0,0,1,0,0,0,0
"쇼핑검색",K-J타입,모바일,2,0,0,0,1,0,0,0,0
"쇼핑검색",K-TYPE열전대인코넬,PC,1,1,715,715,2,1,0,0,0
"쇼핑검색",K-TYPE탐침형온도센서,PC,2,0,0,0,2,0,0,0,0
"쇼핑검색",K-타입온도계,PC,1,0,0,0,1,0,0,0,0
"쇼핑검색",KJ',모바일,1,0,0,0,1,0,0,0,0
"쇼핑검색",KMC온도센서,PC,1,0,0,0,1,0,0,0,0
"쇼핑검색",KTYPEJTYPE온도,PC,1,0,0,0,1,0,0,0,0
"쇼핑검색",KTYPEJTYPE온도비교,PC,2,0,0,0,1,0,0,0,0
"쇼핑검색",KTYPEPT100,모바일,2,0,0,0,1,0,0,0,0
"쇼핑검색",KTYPE비금속열전대,PC,1,0,0,0,2,0,0,0,0
"쇼핑검색",KTYPE센서,PC,2,0,0,0,2,0,0,0,0
"쇼핑검색",KTYPE열전대1.6MM,PC,1,0,0,0,2,0,0,0,0
"쇼핑검색",KTYPE열전대사용시간,PC,1,0,0,0,1,0,0,0,0
"쇼핑검색",KTYPE열전대수명,PC,1,0,0,0,1,0,0,0,0
"쇼핑검색",KTYPE열전대시즈타입,PC,1,0,0,0,2,0,0,0,0
"쇼핑검색",KTYPE열전대얇은,PC,1,0,0,0,2,0,0,0,0
"쇼핑검색",KTYPE열전대온도,PC,4,0,0,0,1,0,0,0,0
"쇼핑검색",KTYPE열전대온도조견표,모바일,1,0,0,0,2,0,0,0,0
"쇼핑검색",KTYPE열전대원리,PC,1,0,0,0,1,0,0,0,0
"쇼핑검색",KTYPE열전대원형단자,PC,1,1,704,704,2,1,0,0,0
"쇼핑검색",KTYPE온도센서,PC,2,0,0,0,2.5,0,0,0,0
"쇼핑검색",KTYPE온도센서,모바일,3,1,539,539,1.3,1,0,0,0
"쇼핑검색",KTYPE온도측정,PC,2,0,0,0,1,0,0,0,0
"쇼핑검색",KTYPE즐루투스온도센서,모바일,2,0,0,0,2,0,0,0,0
"쇼핑검색",K를J,모바일,1,0,0,0,1,0,0,0,0
"쇼핑검색",K열전대,PC,14,2,787,"1,573",1.7,2,12.5,0,0
"쇼핑검색",K열전대,모바일,4,0,0,0,2,0,0,0,0
"쇼핑검색",K열전대CA선,PC,2,0,0,0,2,0,0,0,0
"쇼핑검색",K온도계,PC,1,0,0,0,2,0,0,0,0
"쇼핑검색",K온도계,모바일,2,0,0,0,1,0,0,0,0
"쇼핑검색",K온도란,모바일,1,0,0,0,2,0,0,0,0
"쇼핑검색",K온도섭씨,모바일,1,0,0,0,2,0,0,0,0
"쇼핑검색",K타입J타입열전대,모바일,2,0,0,0,1,0,0,0,0
"쇼핑검색",K타입TC온도보상선,PC,1,0,0,0,1,0,0,0,0
"쇼핑검색",K타입대기형열전대,PC,2,0,0,0,1,0,0,0,0
"쇼핑검색",K타입센서,PC,6,0,0,0,1.7,0,0,0,0
"쇼핑검색",K타입센서,모바일,4,0,0,0,2,0,0,0,0
"쇼핑검색",K타입열전대결선,PC,1,0,0,0,2,0,0,0,0
"쇼핑검색",K타입열전대대기형,PC,1,0,0,0,1,0,0,0,0
"쇼핑검색",K타입열전대사용기간,모바일,1,0,0,0,1,0,0,0,0
"쇼핑검색",K타입열전대색깔,PC,1,0,0,0,1,0,0,0,0
"쇼핑검색",K타입열전대온도계,PC,5,0,0,0,1,0,0,0,0
"쇼핑검색",K타입열전대온도계,모바일,2,0,0,0,2,0,0,0,0
"쇼핑검색",K타입열전대온도센서,PC,2,0,0,0,2,0,0,0,0
"쇼핑검색",K타입열전대온도센서,모바일,2,0,0,0,1,0,0,0,0
"쇼핑검색",K타입열전대와J타입열전대혼합,PC,1,0,0,0,1,0,0,0,0
"쇼핑검색",K타입열전대와이어,모바일,1,0,0,0,1,0,0,0,0
"쇼핑검색",K타입열전대와이어헤드,PC,1,0,0,0,1,0,0,0,0
"쇼핑검색",K타입열전대용접,PC,3,0,0,0,1.3,0,0,0,0
"쇼핑검색",K타입열전대재질,PC,1,0,0,0,2,0,0,0,0
"쇼핑검색",K타입열전대접착,모바일,1,0,0,0,2,0,0,0,0
"쇼핑검색",K타입열전대출력전류,PC,1,0,0,0,1,0,0,0,0
"쇼핑검색",K타입온도,PC,2,0,0,0,1,0,0,0,0
"쇼핑검색",K타입온도,모바일,2,0,0,0,1,0,0,0,0
"쇼핑검색",K타입온도계,PC,15,0,0,0,1.4,0,0,0,0
"쇼핑검색",K타입온도계PT300,PC,1,0,0,0,1,0,0,0,0
"쇼핑검색",K타입온도계PT500,PC,1,0,0,0,1,0,0,0,0
"쇼핑검색",K타입온도범위,모바일,3,0,0,0,1.7,0,0,0,0
"쇼핑검색",K타입온도보상선,PC,1,0,0,0,1,0,0,0,0
"쇼핑검색",K타입온도보상선,모바일,1,1,693,693,2,1,0,0,0
"쇼핑검색",K타입온도센서,PC,14,0,0,0,2,0,0,0,0
"쇼핑검색",K타입온도센서,모바일,29,2,622,"1,243",2.2,1,0,0,0
"쇼핑검색",K타입온도센서610도,PC,1,0,0,0,2,0,0,0,0
"쇼핑검색",K타입온도센서결선,모바일,1,0,0,0,2,0,0,0,0
"쇼핑검색",K타입온도센서범위,모바일,3,0,0,0,2,0,0,0,0
"쇼핑검색",K타입온도센서사이즈,모바일,3,0,0,0,2,0,0,0,0
"쇼핑검색",K타입온도센서출력20MA,모바일,1,0,0,0,1,0,0,0,0
"쇼핑검색",K타입온도센서출력전류,모바일,2,0,0,0,1,0,0,0,0
"쇼핑검색",K타입온도전류,모바일,1,0,0,0,1,0,0,0,0
"쇼핑검색",K타입온도출력전류,모바일,1,0,0,0,2,0,0,0,0
"쇼핑검색",K타입용접온도계,모바일,2,0,0,0,3,0,0,0,0
"쇼핑검색",K타입탐침온도계,PC,8,0,0,0,1.8,0,0,0,0
"쇼핑검색",K타입탐침온도계검교정,PC,1,0,0,0,5,0,0,0,0
"쇼핑검색",LANDIS&GYR온도센서,PC,1,0,0,0,1,0,0,0,0
"쇼핑검색",M10온도센서,PC,1,0,0,0,5,0,0,0,0
"쇼핑검색",NTM온도센서,모바일,4,0,0,0,3,0,0,0,0
"쇼핑검색",OPTIC온도센서,PC,1,0,0,0,1,0,0,0,0
"쇼핑검색",P1S온도센서,PC,1,0,0,0,1,0,0,0,0
"쇼핑검색",PT-100,PC,7,0,0,0,1.3,0,0,0,0
"쇼핑검색",PT-100,모바일,5,0,0,0,1.4,0,0,0,0
"쇼핑검색",PT-100K타입,PC,2,2,484,968,1,1,0,0,0
"쇼핑검색",PT100,PC,102,5,717,"3,586",1.3,1,0,0,0
"쇼핑검색",PT100,모바일,74,0,0,0,1.4,0,0,0,0
"쇼핑검색",PT100200MM온도센서,PC,1,0,0,0,1,0,0,0,0
"쇼핑검색",PT1002선식온도센서,모바일,1,0,0,0,1,0,0,0,0
"쇼핑검색",PT1003.2온도센서,PC,1,0,0,0,2,0,0,0,0
"쇼핑검색",PT100세팅,모바일,1,0,0,0,1,0,0,0,0
"쇼핑검색",PT100센서2M,모바일,1,0,0,0,2,0,0,0,0
"쇼핑검색",PT100센서2개연결,모바일,1,0,0,0,1,0,0,0,0
"쇼핑검색",PT100센서고장원인,PC,1,0,0,0,1,0,0,0,0
"쇼핑검색",PT100센서직렬연결,모바일,1,0,0,0,1,0,0,0,0
"쇼핑검색",PT100센서회로,PC,1,0,0,0,2,0,0,0,0
"쇼핑검색",PT100열전대,PC,2,1,880,880,2,1,0,0,0
"쇼핑검색",PT100열전대왕이어,PC,1,0,0,0,1,0,0,0,0
"쇼핑검색",PT100온도,PC,3,0,0,0,1.3,0,0,0,0
"쇼핑검색",PT100온도,모바일,10,0,0,0,1.4,0,0,0,0
"쇼핑검색",PT100온도계,PC,3,0,0,0,1.3,0,0,0,0
"쇼핑검색",PT100온도계,모바일,1,0,0,0,3,0,0,0,0
"쇼핑검색",PT100온도교정기,모바일,1,0,0,0,3,0,0,0,0
"쇼핑검색",PT100온도센서,PC,133,6,825,"4,950",2.2,1.17,1.17,0,0
"쇼핑검색",PT100온도센서,모바일,147,10,745,"7,447",2.4,1.33,22.33,0,0
"쇼핑검색",PT100온도센서1200,모바일,1,0,0,0,3,0,0,0,0
"쇼핑검색",PT100온도센서200MM,PC,1,0,0,0,3,0,0,0,0
"쇼핑검색",PT100온도센서3/8,모바일,2,0,0,0,3,0,0,0,0
"쇼핑검색",PT100온도센서800도,PC,1,0,0,0,2,0,0,0,0
"쇼핑검색",PT100온도센서J타입,모바일,2,0,0,0,1,0,0,0,0
"쇼핑검색",PT100온도센서Y타입,모바일,1,0,0,0,2,0,0,0,0
"쇼핑검색",PT100온도센서교체,모바일,2,0,0,0,2,0,0,0,0
"쇼핑검색",PT100온도센서레인지,모바일,1,0,0,0,1,0,0,0,0
"쇼핑검색",PT100온도센서백엽상,PC,1,0,0,0,2,0,0,0,0
"쇼핑검색",PT100온도센서봉타입,PC,1,1,737,737,3,1,0,0,0
"쇼핑검색",PT100온도센서열전대,PC,2,0,0,0,1,0,0,0,0
"쇼핑검색",PT100온도센서온도범위,모바일,1,0,0,0,1,0,0,0,0
"쇼핑검색",PT100온도센서저항표,모바일,1,0,0,0,1,0,0,0,0
"쇼핑검색",PT100온도센서점검,PC,1,0,0,0,2,0,0,0,0
"쇼핑검색",PT100온도센서접지,PC,1,0,0,0,1,0,0,0,0
"쇼핑검색",PT100온도센서종류,PC,1,0,0,0,1,0,0,0,0
"쇼핑검색",PT100온도센서표,PC,1,0,0,0,1,0,0,0,0
"쇼핑검색",PT100온도센서환산계수,PC,1,0,0,0,2,0,0,0,0
"쇼핑검색",PT100온도저항,모바일,1,0,0,0,2,0,0,0,0
"쇼핑검색",PT100온도측정범위,PC,1,0,0,0,1,0,0,0,0
"쇼핑검색",PT100옴사우나센서,모바일,1,0,0,0,1,0,0,0,0
"쇼핑검색",PT100옴센서,PC,1,0,0,0,1,0,0,0,0
"쇼핑검색",PT100옴프라스틱온도센서,PC,1,0,0,0,3,0,0,0,0
"쇼핑검색",PT100옵배관용온도센서,PC,1,0,0,0,1,0,0,0,0
"쇼핑검색",PT100원리구조,모바일,1,0,0,0,1,0,0,0,0
"쇼핑검색",PT100측정방법,PC,1,0,0,0,1,0,0,0,0
"쇼핑검색",PT100측정범위,PC,1,0,0,0,1,0,0,0,0
"쇼핑검색",PT100테프론온도센서,PC,1,0,0,0,3,0,0,0,0
"쇼핑검색",PT비행타입,모바일,1,0,0,0,2,0,0,0,0
"쇼핑검색",PT센서PT100,PC,1,0,0,0,1,0,0,0,0
"쇼핑검색",PT열전대,모바일,5,0,0,0,1,0,0,0,0
"쇼핑검색",PT온도계저항치로온도환산,모바일,1,0,0,0,2,0,0,0,0
"쇼핑검색",PT온도센서,PC,5,0,0,0,2,0,0,0,0
"쇼핑검색",PT온도센서,모바일,6,0,0,0,1.5,0,0,0,0
"쇼핑검색",PT온도센서구멍,PC,1,0,0,0,2,0,0,0,0
"쇼핑검색",PT타입저항온도계,PC,1,0,0,0,2,0,0,0,0
"쇼핑검색",PT통신온도센서,PC,1,0,0,0,2,0,0,0,0
"쇼핑검색",RQ33J온도센서,모바일,1,0,0,0,8,0,0,0,0
"쇼핑검색",RTD온도센서PT,PC,1,0,0,0,1,0,0,0,0
"쇼핑검색",SKG아날로그온도계,PC,1,0,0,0,2,0,0,0,0
"쇼핑검색",SKUTTKTYPE열전대,PC,2,0,0,0,2,0,0,0,0
"쇼핑검색",SMK160727온도센서,모바일,1,0,0,0,1,0,0,0,0
"쇼핑검색",TEMPSENSOR온도센서,PC,1,0,0,0,1,0,0,0,0
"쇼핑검색",THEMOS온도센서,PC,1,0,0,0,1,0,0,0,0
"쇼핑검색",THERMOCOUPLEJ,PC,1,0,0,0,1,0,0,0,0
"쇼핑검색",THERMOCOUPLEKSENSOR,PC,1,0,0,0,2,0,0,0,0
"쇼핑검색",THERMOCOUPLEKTYPE,PC,1,0,0,0,2,0,0,0,0
"쇼핑검색",THERMOCOUPLE온도계JK,PC,1,0,0,0,1,0,0,0,0
"쇼핑검색",TIA온도센서,모바일,1,0,0,0,2,0,0,0,0
"쇼핑검색",TYPEJ,모바일,2,0,0,0,1,0,0,0,0
"쇼핑검색",TYPEKTHERMOMETER,PC,2,0,0,0,2,0,0,0,0
"쇼핑검색",ZIPS온도센서선,모바일,1,0,0,0,2,0,0,0,0
"쇼핑검색",가마열전대온도계,모바일,1,0,0,0,1,0,0,0,0
"쇼핑검색",계츠키용아날로그온도계,모바일,1,0,0,0,3,0,0,0,0
"쇼핑검색",고무선온도센서,PC,1,0,0,0,1,0,0,0,0
"쇼핑검색",고온용온도센서,PC,1,0,0,0,1,0,0,0,0
"쇼핑검색",고온프로브용온도센서,PC,1,1,847,847,5,1,0,0,0
"쇼핑검색",공업용습도계,모바일,2,0,0,0,4,0,0,0,0
"쇼핑검색",공조기온도센서,PC,3,0,0,0,2.7,0,0,0,0
"쇼핑검색",공조기온도센서,모바일,1,0,0,0,2,0,0,0,0
"쇼핑검색",과냉각IN온도센서,모바일,1,0,0,0,2,0,0,0,0
"쇼핑검색",광학습도계,모바일,3,0,0,0,2,0,0,0,0
"쇼핑검색",구로열전대센서K,모바일,1,0,0,0,2,0,0,0,0
"쇼핑검색",구부릴수있는열전대,PC,1,0,0,0,1,0,0,0,0
"쇼핑검색",구부릴수있는온도센서,PC,1,0,0,0,1,0,0,0,0
"쇼핑검색",구주센서PT100,PC,1,0,0,0,2,0,0,0,0
"쇼핑검색",금니PTTYPE,모바일,1,0,0,0,2,0,0,0,0
"쇼핑검색",내화학성온도센서,PC,1,0,0,0,6,0,0,0,0
"쇼핑검색",냉각수온도100,모바일,1,0,0,0,2,0,0,0,0
"쇼핑검색",냉각탑온도센서,PC,1,0,0,0,1,0,0,0,0
"쇼핑검색",냉동차온도센서,모바일,4,0,0,0,3.8,0,0,0,0
"쇼핑검색",닛블타입PT100센서,PC,2,0,0,0,2,0,0,0,0
"쇼핑검색",대기온도센서,PC,1,0,0,0,1,0,0,0,0
"쇼핑검색",대기온도센서,모바일,1,0,0,0,2,0,0,0,0
"쇼핑검색",대진온도센서,PC,1,0,0,0,1,0,0,0,0
"쇼핑검색",대진온도센서,모바일,1,0,0,0,4,0,0,0,0
"쇼핑검색",데우스온도센서,PC,1,0,0,0,1,0,0,0,0
"쇼핑검색",독산역온도센서,모바일,1,0,0,0,1,0,0,0,0
"쇼핑검색",마스터K열전대타입,PC,1,0,0,0,2,0,0,0,0
"쇼핑검색",막대형온도센서,PC,1,0,0,0,1,0,0,0,0
"쇼핑검색",명품습도계,모바일,2,0,0,0,1,0,0,0,0
"쇼핑검색",바이메탈온도계100/DTYPE,PC,1,0,0,0,2,0,0,0,0
"쇼핑검색",배관온도PT100,모바일,1,0,0,0,1,0,0,0,0
"쇼핑검색",배관온도센서PT100,PC,1,0,0,0,1,0,0,0,0
"쇼핑검색",백옴PT온도계저항치로온도환산,모바일,2,0,0,0,2,0,0,0,0
"쇼핑검색",범용아날로그,모바일,2,0,0,0,1,0,0,0,0
"쇼핑검색",범용테크놀러지센서PT100,PC,1,0,0,0,1,0,0,0,0
"쇼핑검색",부착형PT100옴센서,모바일,2,0,0,0,1,0,0,0,0
"쇼핑검색",부착형온도센서,PC,2,0,0,0,2,0,0,0,0
"쇼핑검색",비금속열전대J타입,PC,1,0,0,0,1,0,0,0,0
"쇼핑검색",빈티지습도계,모바일,1,0,0,0,2,0,0,0,0
"쇼핑검색",빈티지온도습도계,PC,4,0,0,0,1,0,0,0,0
"쇼핑검색",사우나실온도센서,PC,1,1,847,847,1,1,0,0,0
"쇼핑검색",사우나용아날로그온도계,모바일,1,0,0,0,3,0,0,0,0
"쇼핑검색",사출기열전대센서,PC,1,0,0,0,1,0,0,0,0
"쇼핑검색",삼파츠온도센서,모바일,1,0,0,0,2,0,0,0,0
"쇼핑검색",서미스터온도센서조리기용,PC,1,0,0,0,3,0,0,0,0
"쇼핑검색",센서PT100,PC,1,1,880,880,2,1,0,0,0
"쇼핑검색",센서PT100,모바일,1,0,0,0,2,0,0,0,0
"쇼핑검색",센서열전대,PC,1,0,0,0,2,0,0,0,0
"쇼핑검색",센서열전대K타입,PC,2,0,0,0,1,0,0,0,0
"쇼핑검색",센서온도계,PC,1,0,0,0,9,0,0,0,0
"쇼핑검색",수동습도계,모바일,1,0,0,0,1,0,0,0,0
"쇼핑검색",수동온도계,모바일,2,0,0,0,2,0,0,0,0
"쇼핑검색",숟가락온도센서,PC,1,0,0,0,2,0,0,0,0
"쇼핑검색",숭온아날로그온도계,PC,1,0,0,0,2,0,0,0,0
"쇼핑검색",스시온도센서,모바일,1,0,0,0,2,0,0,0,0
"쇼핑검색",슬러시아온도센서,모바일,1,0,0,0,11,0,0,0,0
"쇼핑검색",습도계,PC,36,0,0,0,10.1,0,0,0,0
"쇼핑검색",습도계,모바일,76,0,0,0,9.6,0,0,0,0
"쇼핑검색",습도계센서,PC,1,0,0,0,6,0,0,0,0
"쇼핑검색",습도계아날로그,PC,2,0,0,0,3,0,0,0,0
"쇼핑검색",습도계아날로그,모바일,8,0,0,0,1.8,0,0,0,0
"쇼핑검색",습도계온도센서,모바일,3,0,0,0,1.7,0,0,0,0
"쇼핑검색",습도계인테리어,PC,2,0,0,0,2,0,0,0,0
"쇼핑검색",습도계추천,PC,1,0,0,0,10,0,0,0,0
"쇼핑검색",습도계추천,모바일,2,0,0,0,13,0,0,0,0
"쇼핑검색",실내기온도센서,PC,4,0,0,0,1,0,0,0,0
"쇼핑검색",실내기온도센서,모바일,1,0,0,0,2,0,0,0,0
"쇼핑검색",써머커플온도센서,모바일,1,1,858,858,2,1,0,0,0
"쇼핑검색",써모커플TC-K,모바일,1,0,0,0,1,0,0,0,0
"쇼핑검색",아기방온도센서,모바일,1,0,0,0,2,0,0,0,0
"쇼핑검색",아날로그.습도계보정,모바일,3,0,0,0,2,0,0,0,0
"쇼핑검색",아날로그K,PC,1,0,0,0,1,0,0,0,0
"쇼핑검색",아날로그ㅓ피온도계,PC,1,0,0,0,2,0,0,0,0
"쇼핑검색",아날로그디바이시스센서,PC,1,0,0,0,2,0,0,0,0
"쇼핑검색",아날로그배관온도계,PC,1,0,0,0,1,0,0,0,0
"쇼핑검색",아날로그배관온도계,모바일,1,0,0,0,2,0,0,0,0
"쇼핑검색",아날로그범용,모바일,2,0,0,0,1,0,0,0,0
"쇼핑검색",아날로그범용인가,PC,2,0,0,0,1,0,0,0,0
"쇼핑검색",아날로그벽결이온도계,PC,1,0,0,0,2,0,0,0,0
"쇼핑검색",아날로그습도계,PC,32,0,0,0,1.9,0,0,0,0
"쇼핑검색",아날로그습도계,모바일,114,0,0,0,1.4,0,0,0,0
"쇼핑검색",아날로그습도계고장,모바일,1,0,0,0,2,0,0,0,0
"쇼핑검색",아날로그습도계추천,모바일,6,0,0,0,1,0,0,0,0
"쇼핑검색",아날로그온도,모바일,1,0,0,0,1,0,0,0,0
"쇼핑검색",아날로그온도계,PC,199,0,0,0,2.1,0,0,0,0
"쇼핑검색",아날로그온도계,모바일,442,2,798,"1,595",1.7,1,0,0,0
"쇼핑검색",아날로그온도계20,PC,1,0,0,0,2,0,0,0,0
"쇼핑검색",아날로그온도계600도,PC,1,0,0,0,3,0,0,0,0
"쇼핑검색",아날로그온도계70도,모바일,3,1,792,792,2,1,0,0,0
"쇼핑검색",아날로그온도계80도씨,모바일,1,0,0,0,2,0,0,0,0
"쇼핑검색",아날로그온도계가격,모바일,6,0,0,0,1,0,0,0,0
"쇼핑검색",아날로그온도계구조,모바일,1,0,0,0,2,0,0,0,0
"쇼핑검색",아날로그온도계긴것,PC,1,0,0,0,2,0,0,0,0
"쇼핑검색",아날로그온도계깨졌을때,모바일,2,0,0,0,1,0,0,0,0
"쇼핑검색",아날로그온도계배관,PC,1,0,0,0,3,0,0,0,0
"쇼핑검색",아날로그온도계습도계,PC,2,0,0,0,3,0,0,0,0
"쇼핑검색",아날로그온도계습도계,모바일,4,0,0,0,2,0,0,0,0
"쇼핑검색",아날로그온도계습도계국산,모바일,1,0,0,0,2,0,0,0,0
"쇼핑검색",아날로그온도계습도계일산,모바일,1,0,0,0,2,0,0,0,0
"쇼핑검색",아날로그온도계원리,모바일,2,0,0,0,1.5,0,0,0,0
"쇼핑검색",아날로그온도계일러스트,모바일,1,0,0,0,2,0,0,0,0
"쇼핑검색",아날로그온도계철물점,모바일,1,0,0,0,2,0,0,0,0
"쇼핑검색",아날로그온도계튀김용,PC,1,0,0,0,2,0,0,0,0
"쇼핑검색",아날로그온도계파는곳,모바일,1,0,0,0,3,0,0,0,0
"쇼핑검색",아날로그온도계판매장,모바일,1,0,0,0,2,0,0,0,0
"쇼핑검색",아날로그온도센서,PC,5,0,0,0,1.4,0,0,0,0
"쇼핑검색",아날로그온도센서,모바일,7,1,781,781,1,1,0,0,0
"쇼핑검색",아날로그온도센서500도,모바일,1,0,0,0,3,0,0,0,0
"쇼핑검색",아날로그온도습도계,PC,10,0,0,0,1.9,0,0,0,0
"쇼핑검색",아날로그온도습도계,모바일,4,0,0,0,1,0,0,0,0
"쇼핑검색",아날로그온도측정,PC,2,0,0,0,1,0,0,0,0
"쇼핑검색",아날로그원형온도측정,PC,1,0,0,0,1,0,0,0,0
"쇼핑검색",아날로그타입발생,모바일,1,0,0,0,1,0,0,0,0
"쇼핑검색",아트라스온도센서,모바일,1,0,0,0,9,0,0,0,0
"쇼핑검색",약대공구상가온도센서,모바일,1,0,0,0,1,0,0,0,0
"쇼핑검색",양조장온도센서,모바일,1,0,0,0,4,0,0,0,0
"쇼핑검색",에에콘온도센서,모바일,2,0,0,0,2,0,0,0,0
"쇼핑검색",열량계온도센서,모바일,1,0,0,0,6,0,0,0,0
"쇼핑검색",열전대,PC,321,2,765,"1,529",2.2,1,0,0,0
"쇼핑검색",열전대,모바일,203,4,699,"2,794",2,1.83,261.33,0,0
"쇼핑검색",열전대(K-TYPE),PC,2,0,0,0,2,0,0,0,0
"쇼핑검색",열전대ETYPE,PC,1,0,0,0,2,0,0,0,0
"쇼핑검색",열전대J타입,모바일,2,0,0,0,1,0,0,0,0
"쇼핑검색",열전대K,PC,10,2,754,"1,507",1.8,1.5,4,0,0
"쇼핑검색",열전대K,모바일,2,0,0,0,1,0,0,0,0
"쇼핑검색",열전대K(CA),PC,1,0,0,0,1,0,0,0,0
"쇼핑검색",열전대KTYPE측정범위,PC,1,1,880,880,2,1,0,0,0
"쇼핑검색",열전대K타입,PC,6,0,0,0,1.7,0,0,0,0
"쇼핑검색",열전대K타입MV측정표,모바일,2,0,0,0,1,0,0,0,0
"쇼핑검색",열전대K타입가격,PC,1,0,0,0,2,0,0,0,0
"쇼핑검색",열전대K타입대기형,PC,1,1,715,715,1,1,0,0,0
"쇼핑검색",열전대K타입두께,PC,1,0,0,0,1,0,0,0,0
"쇼핑검색",열전대K타입재질,모바일,1,0,0,0,2,0,0,0,0
"쇼핑검색",열전대TYPE,PC,2,0,0,0,1,0,0,0,0
"쇼핑검색",열전대TYPEABCD,PC,1,0,0,0,1,0,0,0,0
"쇼핑검색",열전대란,모바일,2,0,0,0,1,0,0,0,0
"쇼핑검색",열전대방수온도계,PC,1,0,0,0,6,0,0,0,0
"쇼핑검색",열전대센서,PC,9,0,0,0,3,0,0,0,0
"쇼핑검색",열전대센서,모바일,7,0,0,0,2.1,1,0,0,0
"쇼핑검색",열전대센서K,모바일,1,0,0,0,3,0,0,0,0
"쇼핑검색",열전대센서설정법,PC,1,0,0,0,1,0,0,0,0
"쇼핑검색",열전대시험성적서,PC,4,1,803,803,1,1,0,0,0
"쇼핑검색",열전대실온보상,PC,1,0,0,0,1,0,0,0,0
"쇼핑검색",열전대양음,모바일,1,0,0,0,1,0,0,0,0
"쇼핑검색",열전대오차범위,PC,1,0,0,0,1,0,0,0,0
"쇼핑검색",열전대온도,PC,2,0,0,0,1,0,0,0,0
"쇼핑검색",열전대온도계,PC,35,2,715,"1,430",1.9,1,0,0,0
"쇼핑검색",열전대온도계,모바일,27,1,770,770,2.1,1,0,0,0
"쇼핑검색",열전대온도계K타입,PC,1,0,0,0,2,0,0,0,0
"쇼핑검색",열전대온도계원리,모바일,1,0,0,0,1,0,0,0,0
"쇼핑검색",열전대온도보상선,PC,1,0,0,0,7,0,0,0,0
"쇼핑검색",열전대온도센서,PC,15,0,0,0,2.1,0,0,0,0
"쇼핑검색",열전대온도센서,모바일,22,0,0,0,2.5,0,0,0,0
"쇼핑검색",열전대온도센서제작,모바일,1,0,0,0,1,0,0,0,0
"쇼핑검색",열전대제어벡효과,PC,1,0,0,0,1,0,0,0,0
"쇼핑검색",열전대타입,PC,1,0,0,0,2,0,0,0,0
"쇼핑검색",열전대타입ABCD,PC,1,0,0,0,1,0,0,0,0
"쇼핑검색",열전대타입C,PC,1,0,0,0,1,0,0,0,0
"쇼핑검색",열전대타입온도범위,모바일,1,0,0,0,2,0,0,0,0
"쇼핑검색",열전대타입온도보상도선,PC,1,0,0,0,3,0,0,0,0
"쇼핑검색",열전대타입저온,모바일,1,0,0,0,2,0,0,0,0
"쇼핑검색",열전대형온도계,PC,2,0,0,0,1,0,0,0,0
"쇼핑검색",열전봉,모바일,1,0,0,0,3,0,0,0,0
"쇼핑검색",열충격온도센서,PC,1,1,858,858,4,3,21,0,0
"쇼핑검색",영하온도측정센서,PC,1,0,0,0,1,0,0,0,0
"쇼핑검색",예쁜습도계,모바일,1,0,0,0,13,0,0,0,0
"쇼핑검색",예쁜온도계,모바일,1,0,0,0,19,0,0,0,0
"쇼핑검색",오마이엔지니어온도센서,PC,1,0,0,0,4,0,0,0,0
"쇼핑검색",오비디투온도센서,모바일,2,0,0,0,2,0,0,0,0
"쇼핑검색",온도100,모바일,1,0,0,0,1,0,0,0,0
"쇼핑검색",온도K,모바일,4,0,0,0,1.5,0,0,0,0
"쇼핑검색",온도감시센서,모바일,1,0,0,0,2,0,0,0,0
"쇼핑검색",온도계,PC,"3,558",1,836,836,7.2,1,0,0,0
"쇼핑검색",온도계,모바일,"12,416",0,0,0,7.9,0,0,0,0
"쇼핑검색",온도계100,PC,4,0,0,0,3.3,0,0,0,0
"쇼핑검색",온도계100ㅇ,PC,1,0,0,0,1,0,0,0,0
"쇼핑검색",온도계KJ,PC,1,0,0,0,1,0,0,0,0
"쇼핑검색",온도계K타입,PC,2,0,0,0,1,0,0,0,0
"쇼핑검색",온도계블루,모바일,1,0,0,0,1,0,0,0,0
"쇼핑검색",온도계센서,모바일,7,0,0,0,9.3,0,0,0,0
"쇼핑검색",온도계습도계아날로그,PC,2,0,0,0,4,0,0,0,0
"쇼핑검색",온도계아날로그,PC,7,0,0,0,2,0,0,0,0
"쇼핑검색",온도계열전대,PC,1,0,0,0,4,0,0,0,0
"쇼핑검색",온도계인테리어,PC,2,0,0,0,1,0,0,0,0
"쇼핑검색",온도기록계KTJ타입,PC,1,0,0,0,2,0,0,0,0
"쇼핑검색",온도기록계센서,모바일,2,0,0,0,8,0,0,0,0
"쇼핑검색",온도및습도계,PC,1,0,0,0,2,0,0,0,0
"쇼핑검색",온도센서,PC,382,10,856,"8,558",1.4,1.08,0.83,0,0
"쇼핑검색",온도센서,모바일,379,8,848,"6,787",2,1.18,2.82,0,0
"쇼핑검색",온도센서(소손형),모바일,1,0,0,0,2,0,0,0,0
"쇼핑검색",온도센서201S,모바일,1,0,0,0,5,0,0,0,0
"쇼핑검색",온도센서3144318,PC,1,0,0,0,1,0,0,0,0
"쇼핑검색",온도센서A형,모바일,1,0,0,0,2,0,0,0,0
"쇼핑검색",온도센서CA,PC,1,0,0,0,1,0,0,0,0
"쇼핑검색",온도센서CALIBRATOR,PC,1,0,0,0,1,0,0,0,0
"쇼핑검색",온도센서GPT1000,모바일,1,0,0,0,9,0,0,0,0
"쇼핑검색",온도센서JK,모바일,2,0,0,0,1,0,0,0,0
"쇼핑검색",온도센서KTYPE,PC,3,1,539,539,1.3,3,202,0,0
"쇼핑검색",온도센서KTYPE의원리,PC,1,0,0,0,2,0,0,0,0
"쇼핑검색",온도센서K타입,PC,6,0,0,0,1.8,0,0,0,0
"쇼핑검색",온도센서K타입,모바일,11,0,0,0,1.5,0,0,0,0
"쇼핑검색",온도센서K타입0.32MM,PC,2,0,0,0,1,0,0,0,0
"쇼핑검색",온도센서K타입3.2MM,PC,1,0,0,0,4,0,0,0,0
"쇼핑검색",온도센서K타입3.2MM기본형열전대,PC,1,0,0,0,2,0,0,0,0
"쇼핑검색",온도센서K타입ATC타입,PC,1,0,0,0,2,0,0,0,0
"쇼핑검색",온도센서K타입과J타입온도환산,모바일,1,0,0,0,2,0,0,0,0
"쇼핑검색",온도센서K타입이란?,PC,1,0,0,0,2,0,0,0,0
"쇼핑검색",온도센서P0436,모바일,1,0,0,0,2,0,0,0,0
"쇼핑검색",온도센서PT100,PC,30,1,704,704,1.7,15,424,0,0
"쇼핑검색",온도센서PT100,모바일,45,0,0,0,1.4,0,0,0,0
"쇼핑검색",온도센서PT1001/4,PC,1,0,0,0,1,0,0,0,0
"쇼핑검색",온도센서PT1002선식,PC,1,0,0,0,3,0,0,0,0
"쇼핑검색",온도센서PT1002선식테프론,PC,1,0,0,0,3,0,0,0,0
"쇼핑검색",온도센서PT100결선,PC,1,0,0,0,1,0,0,0,0
"쇼핑검색",온도센서PT100사용법,모바일,1,0,0,0,2,0,0,0,0
"쇼핑검색",온도센서PT100헤드형,모바일,1,0,0,0,1,0,0,0,0
"쇼핑검색",온도센서PTCA,모바일,1,0,0,0,1,0,0,0,0
"쇼핑검색",온도센서R-TYPE온도TIC,PC,2,0,0,0,1,0,0,0,0
"쇼핑검색",온도센서SE1403-3572,모바일,1,0,0,0,2,0,0,0,0
"쇼핑검색",온도센서SHORT테스트,PC,1,0,0,0,1,0,0,0,0
"쇼핑검색",온도센서고온고장,모바일,1,0,0,0,2,0,0,0,0
"쇼핑검색",온도센서기홍,PC,1,0,0,0,1,0,0,0,0
"쇼핑검색",온도센서두개잡는,모바일,1,0,0,0,2,0,0,0,0
"쇼핑검색",온도센서로거,PC,1,0,0,0,3,0,0,0,0
"쇼핑검색",온도센서마이그레이션,PC,1,0,0,0,1,0,0,0,0
"쇼핑검색",온도센서모바일,PC,1,0,0,0,1,0,0,0,0
"쇼핑검색",온도센서백엽상,PC,1,0,0,0,8,0,0,0,0
"쇼핑검색",온도센서부착식열전대,PC,1,0,0,0,3,0,0,0,0
"쇼핑검색",온도센서생산직후기,PC,1,0,0,0,1,0,0,0,0
"쇼핑검색",온도센서알림,모바일,2,0,0,0,2,0,0,0,0
"쇼핑검색",온도센서에러,모바일,1,0,0,0,2,0,0,0,0
"쇼핑검색",온도센서열전대,PC,1,0,0,0,3,0,0,0,0
"쇼핑검색",온도센서열전대,모바일,6,0,0,0,1,0,0,0,0
"쇼핑검색",온도센서열전대300도,모바일,1,0,0,0,1,0,0,0,0
"쇼핑검색",온도센서오차범위,모바일,1,0,0,0,2,0,0,0,0
"쇼핑검색",온도센서온도표시계,PC,1,0,0,0,1,0,0,0,0
"쇼핑검색",온도센서유압,모바일,1,0,0,0,6,0,0,0,0
"쇼핑검색",온도센서접촉식,모바일,1,0,0,0,4,0,0,0,0
"쇼핑검색",온도센서측정,모바일,1,0,0,0,5,0,0,0,0
"쇼핑검색",온도센서측정법,모바일,1,0,0,0,2,0,0,0,0
"쇼핑검색",온도센서케이스형PT100오옴,PC,1,0,0,0,1,0,0,0,0
"쇼핑검색",온도센서타입K,PC,1,0,0,0,2,0,0,0,0
"쇼핑검색",온도센서탭,PC,1,0,0,0,1,0,0,0,0
"쇼핑검색",온도센서표시,PC,1,0,0,0,3,0,0,0,0
"쇼핑검색",온도소화센서,모바일,1,0,0,0,5,0,0,0,0
"쇼핑검색",온도습도계,PC,14,0,0,0,3.8,0,0,0,0
"쇼핑검색",온도습도계,모바일,152,0,0,0,5.8,0,0,0,0
"쇼핑검색",온도습도계CLTR-100,PC,3,0,0,0,3,0,0,0,0
"쇼핑검색",온도습도계아날로그,PC,12,0,0,0,1.8,0,0,0,0
"쇼핑검색",온도습도계아날로그,모바일,2,0,0,0,1,0,0,0,0
"쇼핑검색",온도습도계추천,모바일,1,0,0,0,8,0,0,0,0
"쇼핑검색",온도열전대,모바일,4,1,770,770,1,1,0,0,0
"쇼핑검색",온도열전대JK타입,모바일,2,0,0,0,1,0,0,0,0
"쇼핑검색",온도초음파센서,모바일,1,0,0,0,2,0,0,0,0
"쇼핑검색",온도측정센서,모바일,4,0,0,0,1.5,0,0,0,0
"쇼핑검색",온도측정센서금속,PC,1,0,0,0,1,0,0,0,0
"쇼핑검색",온도측정센서패치형,PC,1,0,0,0,3,0,0,0,0
"쇼핑검색",온도케이,모바일,2,0,0,0,2,0,0,0,0
"쇼핑검색",온도케이온도계,PC,2,0,0,0,1.5,0,0,0,0
"쇼핑검색",온도표시센서,PC,1,0,0,0,3,0,0,0,0
"쇼핑검색",온습도센서아날로그,PC,1,0,0,0,1,0,0,0,0
"쇼핑검색",외기온도센서PT100,PC,2,0,0,0,2,0,0,0,0
"쇼핑검색",외부부착식온도센서,모바일,2,0,0,0,4,0,0,0,0
"쇼핑검색",요리용온도열전대,모바일,1,0,0,0,3,0,0,0,0
"쇼핑검색",요와아날로그습도계,모바일,1,0,0,0,2,0,0,0,0
"쇼핑검색",용단온도100,PC,1,0,0,0,1,0,0,0,0
"쇼핑검색",우진PT100,PC,1,0,0,0,1,0,0,0,0
"쇼핑검색",웨더스테이션아날로그온도계,모바일,1,0,0,0,1,0,0,0,0
"쇼핑검색",유리관온도센서,PC,1,0,0,0,3,0,0,0,0
"쇼핑검색",유압유온도센서,모바일,2,0,0,0,5,0,0,0,0
"쇼핑검색",일본아날로그온도계,PC,1,0,0,0,2,0,0,0,0
"쇼핑검색",저온저장고온도센서,모바일,4,0,0,0,4,0,0,0,0
"쇼핑검색",저온탐침온도계K타입,모바일,3,0,0,0,1.3,0,0,0,0
"쇼핑검색",저장고온도센서,모바일,8,0,0,0,3.6,0,0,0,0
"쇼핑검색",정동빌딩온도센서,PC,1,0,0,0,1,0,0,0,0
"쇼핑검색",조리온도계100,모바일,1,0,0,0,7,0,0,0,0
"쇼핑검색",차등온도센서,모바일,1,0,0,0,3,0,0,0,0
"쇼핑검색",청주PT100옴온도센서,모바일,1,0,0,0,2,0,0,0,0
"쇼핑검색",축열조온도센서,PC,2,0,0,0,1,0,0,0,0
"쇼핑검색",코나텍온도센서,PC,1,0,0,0,1,0,0,0,0
"쇼핑검색",코노텍온도계2001,PC,1,0,0,0,1,0,0,0,0
"쇼핑검색",코닉스온도계,PC,3,0,0,0,2,0,0,0,0
"쇼핑검색",코닉스온도계,모바일,1,0,0,0,2,0,0,0,0
"쇼핑검색",코리아테크온도센서,모바일,1,0,0,0,2,0,0,0,0
"쇼핑검색",코텍온도센서,모바일,3,0,0,0,5,0,0,0,0
"쇼핑검색",크라이오온도센서,PC,2,0,0,0,1.5,0,0,0,0
"쇼핑검색",타르코프아날로그온도계,모바일,2,0,0,0,1,0,0,0,0
"쇼핑검색",타입J,PC,2,0,0,0,1,0,0,0,0
"쇼핑검색",타입J,모바일,2,0,0,0,1,0,0,0,0
"쇼핑검색",타코미터온도센서,모바일,4,0,0,0,5,0,0,0,0
"쇼핑검색",탐침온도계K타입,PC,1,0,0,0,1,0,0,0,0
"쇼핑검색",탐침형K타입,PC,1,0,0,0,1,0,0,0,0
"쇼핑검색",탑차냉방기온도센서,모바일,2,0,0,0,4,0,0,0,0
"쇼핑검색",토출온도센서,모바일,1,0,0,0,2,0,0,0,0
"쇼핑검색",티에스텍온도센서,PC,1,0,0,0,1,0,0,0,0
"쇼핑검색",표면온도열전대,모바일,1,0,0,0,5,0,0,0,0
"쇼핑검색",표준온도계온도센서,PC,1,0,0,0,3,0,0,0,0
"쇼핑검색",하우젠온도센서,모바일,1,0,0,0,2,0,0,0,0
"쇼핑검색",함체온도센서,PC,1,0,0,0,3,0,0,0,0
