﻿"파워링크보고서(2025.06.01.~2025.06.30.),happybeen_82:naver"
"캠페인유형",캠페인,광고그룹,키워드,PC/모바일 매체,노출수,클릭수,"평균클릭비용(VAT포함,원)","총비용(VAT포함,원)",평균노출순위,방문당 평균페이지뷰,방문당 평균체류시간(초),전환수,전환매출액(원)
"파워링크",캐롤프리스트,A4. 캐롤프리스트,-,PC,2,0,0,0,1,0,0,0,0
"파워링크",캐롤프리스트,A4. 캐롤프리스트,-,모바일,8,2,182,363,1.3,9.5,366,0,0
"파워링크",캐롤프리스트,A4. 캐롤프리스트,캐롤프리스트,PC,34,0,0,0,1.1,0,0,0,0
"파워링크",캐롤프리스트,A4. 캐롤프리스트,캐롤프리스트,모바일,178,4,391,"1,562",1,5.33,349.67,18,"341,900"
"파워링크",캐롤프리스트,A4. 캐롤프리스트,캐롤프리스트나이트크림,모바일,1,0,0,0,1,0,0,0,0
"파워링크",캐롤프리스트,A4. 캐롤프리스트,캐롤프리스트로션,모바일,4,0,0,0,1,0,0,0,0
"파워링크",캐롤프리스트,A4. 캐롤프리스트,캐롤프리스트샴푸,모바일,2,0,0,0,2,0,0,0,0
"파워링크",캐롤프리스트,A4. 캐롤프리스트,캐롤프리스트세럼,모바일,1,0,0,0,3,0,0,0,0
"파워링크",캐롤프리스트,A4. 캐롤프리스트,캐롤프리스트수분크림,모바일,1,0,0,0,3,0,0,0,0
"파워링크",캐롤프리스트,A4. 캐롤프리스트,캐롤프리스트아이크림,모바일,1,0,0,0,2,0,0,0,0
"파워링크",캐롤프리스트,A4. 캐롤프리스트,캐롤프리스트호호바오일,모바일,6,0,0,0,2.8,0,0,0,0
"파워링크",캐롤프리스트,A4. 캐롤프리스트,케롤프리스트,모바일,1,0,0,0,1,0,0,0,0
"파워링크",캐롤프리스트,A1. 뉴질랜드,뉴질랜드로션,모바일,3,0,0,0,2,0,0,0,0
"파워링크",캐롤프리스트,A1. 뉴질랜드,뉴질랜드마스크,PC,1,0,0,0,1,0,0,0,0
"파워링크",캐롤프리스트,A1. 뉴질랜드,뉴질랜드마스크,모바일,1,0,0,0,1,0,0,0,0
"파워링크",캐롤프리스트,A1. 뉴질랜드,뉴질랜드바디로션,PC,1,0,0,0,1,0,0,0,0
"파워링크",캐롤프리스트,A1. 뉴질랜드,뉴질랜드바디로션,모바일,3,0,0,0,2,0,0,0,0
"파워링크",캐롤프리스트,A1. 뉴질랜드,뉴질랜드바디워시,모바일,2,0,0,0,2,0,0,0,0
"파워링크",캐롤프리스트,A1. 뉴질랜드,뉴질랜드샴푸,모바일,5,0,0,0,1.2,0,0,0,0
"파워링크",캐롤프리스트,A1. 뉴질랜드,뉴질랜드세럼,모바일,3,0,0,0,1.7,0,0,0,0
"파워링크",캐롤프리스트,A1. 뉴질랜드,뉴질랜드스크럽,모바일,1,0,0,0,1,0,0,0,0
"파워링크",캐롤프리스트,A1. 뉴질랜드,뉴질랜드아이크림,PC,1,0,0,0,1,0,0,0,0
"파워링크",캐롤프리스트,A1. 뉴질랜드,뉴질랜드크림,PC,2,0,0,0,1,0,0,0,0
"파워링크",캐롤프리스트,A1. 뉴질랜드,뉴질랜드크림,모바일,23,0,0,0,1.8,0,0,0,0
"파워링크",캐롤프리스트,A1. 뉴질랜드,뉴질랜드화장품,PC,3,1,77,77,2.3,6,117,0,0
"파워링크",캐롤프리스트,A3. 오가닉,-,모바일,2,0,0,0,2.5,0,0,0,0
"파워링크",캐롤프리스트,A3. 오가닉,오가닉로션,PC,5,0,0,0,1.6,0,0,0,0
"파워링크",캐롤프리스트,A3. 오가닉,오가닉로션,모바일,10,0,0,0,1.9,0,0,0,0
"파워링크",캐롤프리스트,A3. 오가닉,오가닉마스크,PC,1,0,0,0,9,0,0,0,0
"파워링크",캐롤프리스트,A3. 오가닉,오가닉바디로션,PC,1,0,0,0,9,0,0,0,0
"파워링크",캐롤프리스트,A3. 오가닉,오가닉바디워시,PC,4,0,0,0,6.8,0,0,0,0
"파워링크",캐롤프리스트,A3. 오가닉,오가닉샴푸,PC,8,0,0,0,7,0,0,0,0
"파워링크",캐롤프리스트,A3. 오가닉,오가닉샴푸,모바일,2,0,0,0,11,0,0,0,0
"파워링크",캐롤프리스트,A3. 오가닉,오가닉수분크림,PC,1,0,0,0,7,0,0,0,0
"파워링크",캐롤프리스트,A3. 오가닉,오가닉아이크림,PC,1,1,77,77,1,2,25,0,0
"파워링크",캐롤프리스트,A3. 오가닉,오가닉컨디셔너,모바일,3,0,0,0,2,0,0,0,0
"파워링크",캐롤프리스트,A3. 오가닉,오가닉크림,모바일,1,0,0,0,4,0,0,0,0
"파워링크",캐롤프리스트,A6. 유기농화장품,국내유기농화장품,PC,1,0,0,0,6,0,0,0,0
"파워링크",캐롤프리스트,A6. 유기농화장품,유기농기초화장품,모바일,3,0,0,0,2.7,0,0,0,0
"파워링크",캐롤프리스트,A6. 유기농화장품,유기농피부관리,모바일,9,0,0,0,2.6,0,0,0,0
"파워링크",캐롤프리스트,A6. 유기농화장품,유기농화장품브랜드,PC,6,0,0,0,4.7,0,0,0,0
"파워링크",캐롤프리스트,A6. 유기농화장품,유기농화장품브랜드,모바일,9,1,209,209,7.2,1,0,0,0
"파워링크",캐롤프리스트,A6. 유기농화장품,유기농화장품사이트,PC,1,1,77,77,1,1,0,0,0
"파워링크",캐롤프리스트,A6. 유기농화장품,유기농화장품추천,PC,2,0,0,0,3,0,0,0,0
"파워링크",캐롤프리스트,A6. 유기농화장품,유기농화장품추천,모바일,1,0,0,0,6,0,0,0,0
"파워링크",캐롤프리스트,B6. 아이크림,-,PC,18,0,0,0,1.9,0,0,0,0
"파워링크",캐롤프리스트,B6. 아이크림,-,모바일,81,2,831,"1,661",1.7,0.5,0,0,0
"파워링크",캐롤프리스트,B6. 아이크림,20대아이크림,PC,1,0,0,0,8,0,0,0,0
"파워링크",캐롤프리스트,B6. 아이크림,20대아이크림,모바일,3,0,0,0,2,0,0,0,0
"파워링크",캐롤프리스트,B6. 아이크림,40대여자아이크림,모바일,1,0,0,0,2,0,0,0,0
"파워링크",캐롤프리스트,B6. 아이크림,기능성아이크림,PC,1,0,0,0,4,0,0,0,0
"파워링크",캐롤프리스트,B6. 아이크림,기능성아이크림,모바일,1,0,0,0,4,0,0,0,0
"파워링크",캐롤프리스트,B6. 아이크림,다크서클아이크림추천,PC,1,0,0,0,10,0,0,0,0
"파워링크",캐롤프리스트,B6. 아이크림,다크서클아이크림추천,모바일,1,0,0,0,4,0,0,0,0
"파워링크",캐롤프리스트,B6. 아이크림,수분아이크림,PC,1,0,0,0,10,0,0,0,0
"파워링크",캐롤프리스트,B6. 아이크림,수입아이크림,모바일,1,0,0,0,4,0,0,0,0
"파워링크",캐롤프리스트,B6. 아이크림,순한아이크림,PC,2,0,0,0,6,0,0,0,0
"파워링크",캐롤프리스트,B6. 아이크림,순한아이크림,모바일,4,0,0,0,3,0,0,0,0
"파워링크",캐롤프리스트,B6. 아이크림,아이크림,PC,"3,135",166,"2,955","490,578",3.2,0.63,0.07,0,0
"파워링크",캐롤프리스트,B6. 아이크림,아이크림,모바일,"9,831",47,"2,982","140,173",1.8,0.73,1.39,0,0
"파워링크",캐롤프리스트,B6. 아이크림,여자아이크림추천,모바일,2,0,0,0,3,0,0,0,0
"파워링크",캐롤프리스트,B6. 아이크림,오일프리아이크림,모바일,3,1,66,66,1,0.5,0,0,0
"파워링크",캐롤프리스트,B6. 아이크림,유기농아이크림,모바일,1,0,0,0,3,0,0,0,0
"파워링크",캐롤프리스트,B6. 아이크림,유분없는아이크림,모바일,2,0,0,0,2,0,0,0,0
"파워링크",캐롤프리스트,B6. 아이크림,이브닝프림로즈,모바일,8,0,0,0,2.8,0,0,0,0
"파워링크",캐롤프리스트,B6. 아이크림,좋은아이크림,모바일,4,0,0,0,1.5,0,0,0,0
"파워링크",캐롤프리스트,B6. 아이크림,좋은아이크림추천,모바일,2,0,0,0,4,0,0,0,0
"파워링크",캐롤프리스트,B6. 아이크림,천연아이크림,모바일,4,1,484,484,4,1.43,39.14,0,0
"파워링크",캐롤프리스트,B6. 아이크림,촉촉한아이크림,모바일,1,0,0,0,2,0,0,0,0
"파워링크",캐롤프리스트,B6. 아이크림,프리미엄아이크림,PC,1,0,0,0,9,0,0,0,0
"파워링크",캐롤프리스트,C4. 컨디셔너,건조한모발샴푸,PC,2,0,0,0,6,0,0,0,0
"파워링크",캐롤프리스트,C4. 컨디셔너,건조한모발샴푸추천,모바일,1,0,0,0,4,0,0,0,0
"파워링크",캐롤프리스트,C4. 컨디셔너,계면활성제샴푸,PC,2,0,0,0,3,0,0,0,0
"파워링크",캐롤프리스트,C4. 컨디셔너,계면활성제샴푸,모바일,4,0,0,0,2,0,0,0,0
"파워링크",캐롤프리스트,C4. 컨디셔너,두피에좋은샴푸추천,PC,1,0,0,0,6,0,0,0,0
"파워링크",캐롤프리스트,C4. 컨디셔너,두피케어샴푸,PC,2,0,0,0,84,0,0,0,0
"파워링크",캐롤프리스트,C4. 컨디셔너,로즈마리리프샴푸,모바일,1,0,0,0,2,0,0,0,0
"파워링크",캐롤프리스트,C4. 컨디셔너,로즈마리샴푸,PC,18,0,0,0,5.7,0,0,0,0
"파워링크",캐롤프리스트,C4. 컨디셔너,로즈마리샴푸,모바일,3,0,0,0,3.7,0,0,0,0
"파워링크",캐롤프리스트,C4. 컨디셔너,모발샴푸추천,PC,1,0,0,0,3,0,0,0,0
"파워링크",캐롤프리스트,C4. 컨디셔너,문제성두피샴푸,PC,1,0,0,0,7,0,0,0,0
"파워링크",캐롤프리스트,C4. 컨디셔너,샴푸,PC,4,1,187,187,83.5,1,0,0,0
"파워링크",캐롤프리스트,C4. 컨디셔너,샴푸,모바일,5,0,0,0,86.2,0,0,0,0
"파워링크",캐롤프리스트,C4. 컨디셔너,샴푸추천,모바일,1,0,0,0,126,0,0,0,0
"파워링크",캐롤프리스트,C4. 컨디셔너,손상된모발샴푸,모바일,2,0,0,0,2,0,0,0,0
"파워링크",캐롤프리스트,C4. 컨디셔너,손상모발샴푸추천,모바일,2,0,0,0,27.5,0,0,0,0
"파워링크",캐롤프리스트,C4. 컨디셔너,순한두피샴푸,모바일,1,0,0,0,1,0,0,0,0
"파워링크",캐롤프리스트,C4. 컨디셔너,연예인샴푸추천,모바일,2,0,0,0,1,0,0,0,0
"파워링크",캐롤프리스트,C4. 컨디셔너,영양샴푸,모바일,1,0,0,0,32,0,0,0,0
"파워링크",캐롤프리스트,C4. 컨디셔너,영양샴푸추천,PC,2,0,0,0,9,0,0,0,0
"파워링크",캐롤프리스트,C4. 컨디셔너,오가닉샴푸,모바일,2,0,0,0,3,0,0,0,0
"파워링크",캐롤프리스트,C4. 컨디셔너,지성샴푸추천,PC,1,0,0,0,59,0,0,0,0
"파워링크",캐롤프리스트,C4. 컨디셔너,천연샴푸,모바일,1,0,0,0,82,0,0,0,0
"파워링크",캐롤프리스트,C4. 컨디셔너,천연샴푸사이트,PC,1,0,0,0,1,0,0,0,0
"파워링크",캐롤프리스트,C4. 컨디셔너,캐모마일샴푸,PC,1,0,0,0,3,0,0,0,0
"파워링크",캐롤프리스트,C4. 컨디셔너,캐모마일샴푸,모바일,9,0,0,0,3.8,0,0,0,0
"파워링크",캐롤프리스트,C4. 컨디셔너,탈모샴푸,PC,3,0,0,0,118,2,5,0,0
"파워링크",캐롤프리스트,C4. 컨디셔너,프리미엄샴푸브랜드,PC,1,0,0,0,2,0,0,0,0
"파워링크",캐롤프리스트,C4. 컨디셔너,프리미엄샴푸브랜드,모바일,2,0,0,0,1.5,0,0,0,0
"파워링크",캐롤프리스트,C3. 샴푸,식물성샴푸,PC,3,0,0,0,7,0,0,0,0
"파워링크",캐롤프리스트,C3. 샴푸,식물성샴푸,모바일,1,0,0,0,2,0,0,0,0
"파워링크",캐롤프리스트,F2. 모공피지,모공관리화장품추천,PC,2,0,0,0,5,0,0,0,0
"파워링크",캐롤프리스트,F2. 모공피지,모공관리화장품추천,모바일,1,0,0,0,4,0,0,0,0
"파워링크",캐롤프리스트,F2. 모공피지,모공피지화장품,모바일,8,0,0,0,2,0,0,0,0
"파워링크",캐롤프리스트,F2. 모공피지,피지관리화장품,PC,1,0,0,0,7,0,0,0,0
"파워링크",캐롤프리스트,F2. 모공피지,피지관리화장품,모바일,2,0,0,0,2,0,0,0,0
"파워링크",캐롤프리스트,F2. 모공피지,피지조절화장품추천,PC,1,0,0,0,1,0,0,0,0
"파워링크",캐롤프리스트,F1. 홍조,붉은피부관리,모바일,9,0,0,0,1.9,0,0,0,0
"파워링크",캐롤프리스트,F1. 홍조,붉은피부화장품,PC,2,0,0,0,3,0,0,0,0
"파워링크",캐롤프리스트,F1. 홍조,안면홍조화장품,PC,4,0,0,0,7.3,0,0,0,0
"파워링크",캐롤프리스트,F1. 홍조,안면홍조화장품추천,PC,1,0,0,0,2,0,0,0,0
"파워링크",캐롤프리스트,F1. 홍조,안면홍조화장품추천,모바일,11,0,0,0,1.7,0,0,0,0
"파워링크",캐롤프리스트,F1. 홍조,홍조피부,PC,9,0,0,0,5.3,0,0,0,0
"파워링크",캐롤프리스트,F1. 홍조,홍조피부,모바일,2,0,0,0,2,0,0,0,0
"파워링크",캐롤프리스트,F1. 홍조,홍조피부관리,PC,2,0,0,0,6,0,0,0,0
"파워링크",캐롤프리스트,F1. 홍조,홍조피부화장품,PC,1,0,0,0,8,0,0,0,0
"파워링크",캐롤프리스트,F1. 홍조,홍조피부화장품추천,모바일,1,0,0,0,1,0,0,0,0
"파워링크",캐롤프리스트,F1. 홍조,홍조화장품,PC,10,0,0,0,6.5,0,0,0,0
"파워링크",캐롤프리스트,F1. 홍조,홍조화장품,모바일,1,0,0,0,2,0,0,0,0
"파워링크",캐롤프리스트,F1. 홍조,홍조화장품추천,PC,6,0,0,0,4.7,0,0,0,0
"파워링크",캐롤프리스트,F1. 홍조,홍조화장품추천,모바일,19,0,0,0,3.2,0,0,0,0
"파워링크",캐롤프리스트,E1.베이스오일,-,PC,158,1,561,561,2,1,7,0,0
"파워링크",캐롤프리스트,E1.베이스오일,-,모바일,615,10,667,"6,666",1.6,0.59,8.77,1,0
"파워링크",캐롤프리스트,E1.베이스오일,ALMONDOIL,PC,1,0,0,0,1,0,0,0,0
"파워링크",캐롤프리스트,E1.베이스오일,ALMONDOIL,모바일,6,0,0,0,1,0,0,0,0
"파워링크",캐롤프리스트,E1.베이스오일,JOJOBAOIL,PC,15,0,0,0,1.9,0,0,0,0
"파워링크",캐롤프리스트,E1.베이스오일,JOJOBAOIL,모바일,118,6,"1,300","7,799",1,3,80.86,1,"62,000"
"파워링크",캐롤프리스트,E1.베이스오일,ROSEHIPOIL,PC,52,2,"1,986","3,971",1,1.5,25.25,0,0
"파워링크",캐롤프리스트,E1.베이스오일,ROSEHIPOIL,모바일,351,17,"1,495","25,421",1,1.11,18.37,2,0
"파워링크",캐롤프리스트,E1.베이스오일,골든호호바오일,PC,11,1,"1,815","1,815",1.3,0.5,0,0,0
"파워링크",캐롤프리스트,E1.베이스오일,골든호호바오일,모바일,47,0,0,0,1.3,0,0,0,0
"파워링크",캐롤프리스트,E1.베이스오일,스위트아몬드오일,PC,26,1,484,484,1,0.5,0,0,0
"파워링크",캐롤프리스트,E1.베이스오일,스위트아몬드오일,모바일,125,5,849,"4,246",1,0.67,0,0,0
"파워링크",캐롤프리스트,E1.베이스오일,유기농스윗아몬드오일,모바일,2,0,0,0,1,0,0,0,0
"파워링크",캐롤프리스트,E1.베이스오일,유기농아몬드오일,PC,1,0,0,0,1,0,0,0,0
"파워링크",캐롤프리스트,E1.베이스오일,유기농아몬드오일,모바일,1,0,0,0,1,0,0,0,0
"파워링크",캐롤프리스트,E1.베이스오일,유기농호호바오일,PC,58,1,"2,189","2,189",1,0.5,0,0,0
"파워링크",캐롤프리스트,E1.베이스오일,유기농호호바오일,모바일,180,6,"2,305","13,827",1,1.92,11.38,0,0
"파워링크",캐롤프리스트,E1.베이스오일,유기농호호바오일추천,PC,1,0,0,0,1,0,0,0,0
"파워링크",캐롤프리스트,E1.베이스오일,유기농호호바오일추천,모바일,1,0,0,0,1,0,0,0,0
"파워링크",캐롤프리스트,E1.베이스오일,이브닝프림로즈오일,PC,22,0,0,0,1,0,0,0,0
"파워링크",캐롤프리스트,E1.베이스오일,이브닝프림로즈오일,모바일,85,1,"1,078","1,078",1,0.67,0,0,0
"파워링크",캐롤프리스트,E1.베이스오일,천연로즈힙오일,모바일,1,0,0,0,1,0,0,0,0
"파워링크",캐롤프리스트,E1.베이스오일,프리미엄호호바오일,모바일,2,0,0,0,1,0,0,0,0
"파워링크",캐롤프리스트,E1.베이스오일,프림로즈오일,PC,5,0,0,0,1,0,0,0,0
"파워링크",캐롤프리스트,E1.베이스오일,프림로즈오일,모바일,49,0,0,0,1,0,0,0,0
"파워링크",캐롤프리스트,E1.베이스오일,호호바오일,PC,"5,146",13,"2,806","36,476",1.3,0.81,16.05,0,0
"파워링크",캐롤프리스트,E1.베이스오일,호호바오일,모바일,"6,188",139,"2,148","298,573",1,1.6,22.28,19,"184,200"
"파워링크",캐롤프리스트,B7. 모이스처,-,PC,2,0,0,0,1,0,0,0,0
"파워링크",캐롤프리스트,B7. 모이스처,-,모바일,10,0,0,0,1.9,0,0,0,0
"파워링크",캐롤프리스트,B7. 모이스처,20대수분크림,PC,1,0,0,0,6,0,0,0,0
"파워링크",캐롤프리스트,B7. 모이스처,20대수분크림,모바일,1,0,0,0,4,0,0,0,0
"파워링크",캐롤프리스트,B7. 모이스처,20대수분크림추천,모바일,1,0,0,0,3,0,0,0,0
"파워링크",캐롤프리스트,B7. 모이스처,건성용수분크림,모바일,1,0,0,0,3,0,0,0,0
"파워링크",캐롤프리스트,B7. 모이스처,건성피부수분크림추천,PC,1,0,0,0,2,0,0,0,0
"파워링크",캐롤프리스트,B7. 모이스처,건성피부수분크림추천,모바일,2,0,0,0,1,0,0,0,0
"파워링크",캐롤프리스트,B7. 모이스처,건조한피부수분크림,PC,1,0,0,0,8,0,0,0,0
"파워링크",캐롤프리스트,B7. 모이스처,겨울수분크림,PC,1,0,0,0,3,0,0,0,0
"파워링크",캐롤프리스트,B7. 모이스처,겨울용보습크림,모바일,1,0,0,0,3,0,0,0,0
"파워링크",캐롤프리스트,B7. 모이스처,고급수분크림,PC,2,0,0,0,8.5,0,0,0,0
"파워링크",캐롤프리스트,B7. 모이스처,고급수분크림,모바일,1,0,0,0,2,0,0,0,0
"파워링크",캐롤프리스트,B7. 모이스처,기능성수분크림,모바일,2,0,0,0,3,0,0,0,0
"파워링크",캐롤프리스트,B7. 모이스처,남자보습크림,모바일,1,0,0,0,2,0,0,0,0
"파워링크",캐롤프리스트,B7. 모이스처,모이스쳐크림,모바일,1,0,0,0,2,0,0,0,0
"파워링크",캐롤프리스트,B7. 모이스처,문제성피부수분크림,모바일,1,0,0,0,4,0,0,0,0
"파워링크",캐롤프리스트,B7. 모이스처,민감성수분크림추천,PC,2,0,0,0,6,0,0,0,0
"파워링크",캐롤프리스트,B7. 모이스처,민감성수분크림추천,모바일,1,0,0,0,2,0,0,0,0
"파워링크",캐롤프리스트,B7. 모이스처,보습력,PC,2,0,0,0,2,0,0,0,0
"파워링크",캐롤프리스트,B7. 모이스처,보습력,모바일,1,0,0,0,2,0,0,0,0
"파워링크",캐롤프리스트,B7. 모이스처,보습크림추천,모바일,1,0,0,0,54,0,0,0,0
"파워링크",캐롤프리스트,B7. 모이스처,복합성보습크림,모바일,2,0,0,0,2,0,0,0,0
"파워링크",캐롤프리스트,B7. 모이스처,복합성피부보습크림,모바일,1,0,0,0,2,0,0,0,0
"파워링크",캐롤프리스트,B7. 모이스처,비타민C수분크림,PC,6,0,0,0,10,0,0,0,0
"파워링크",캐롤프리스트,B7. 모이스처,비타민C수분크림,모바일,10,0,0,0,2,0,0,0,0
"파워링크",캐롤프리스트,B7. 모이스처,비타민보습크림,PC,1,0,0,0,1,0,0,0,0
"파워링크",캐롤프리스트,B7. 모이스처,수분관리,PC,20,0,0,0,4.4,0,0,0,0
"파워링크",캐롤프리스트,B7. 모이스처,수분관리,모바일,34,0,0,0,2.1,0,0,0,0
"파워링크",캐롤프리스트,B7. 모이스처,수분보습제,모바일,1,0,0,0,2,0,0,0,0
"파워링크",캐롤프리스트,B7. 모이스처,수분영양크림추천,PC,3,0,0,0,2,0,0,0,0
"파워링크",캐롤프리스트,B7. 모이스처,수분영양크림추천,모바일,6,0,0,0,1.2,0,0,0,0
"파워링크",캐롤프리스트,B7. 모이스처,수분크림선물,PC,1,0,0,0,10,0,0,0,0
"파워링크",캐롤프리스트,B7. 모이스처,수분크림선물,모바일,1,0,0,0,3,0,0,0,0
"파워링크",캐롤프리스트,B7. 모이스처,수분화장품추천,PC,1,0,0,0,2,0,0,0,0
"파워링크",캐롤프리스트,B7. 모이스처,수분화장품추천,모바일,1,0,0,0,3,0,0,0,0
"파워링크",캐롤프리스트,B7. 모이스처,순한수분크림추천,PC,1,0,0,0,4,0,0,0,0
"파워링크",캐롤프리스트,B7. 모이스처,스킨로션수분크림,PC,1,0,0,0,3,0,0,0,0
"파워링크",캐롤프리스트,B7. 모이스처,스킨로션수분크림,모바일,14,0,0,0,3.5,0,0,0,0
"파워링크",캐롤프리스트,B7. 모이스처,아보카도수분크림,모바일,6,0,0,0,2,0,0,0,0
"파워링크",캐롤프리스트,B7. 모이스처,악건성수분크림추천,PC,6,0,0,0,5.7,0,0,0,0
"파워링크",캐롤프리스트,B7. 모이스처,여드름보습크림추천,모바일,3,0,0,0,3.3,0,0,0,0
"파워링크",캐롤프리스트,B7. 모이스처,여드름수분크림추천,PC,4,0,0,0,2.8,0,0,0,0
"파워링크",캐롤프리스트,B7. 모이스처,여드름수분크림추천,모바일,16,0,0,0,2.1,2,26,0,0
"파워링크",캐롤프리스트,B7. 모이스처,여성보습크림,모바일,2,0,0,0,2,0,0,0,0
"파워링크",캐롤프리스트,B7. 모이스처,여성수분크림추천,PC,1,0,0,0,9,0,0,0,0
"파워링크",캐롤프리스트,B7. 모이스처,여성수분크림추천,모바일,1,0,0,0,1,0,0,0,0
"파워링크",캐롤프리스트,B7. 모이스처,여자보습크림,모바일,1,0,0,0,1,0,0,0,0
"파워링크",캐롤프리스트,B7. 모이스처,여자수분크림추천,모바일,3,0,0,0,3.3,0,0,0,0
"파워링크",캐롤프리스트,B7. 모이스처,예민한피부수분크림,모바일,4,0,0,0,2,0,0,0,0
"파워링크",캐롤프리스트,B7. 모이스처,오렌지수분크림,모바일,2,0,0,0,4,0,0,0,0
"파워링크",캐롤프리스트,B7. 모이스처,워터드롭크림,PC,4,0,0,0,5.3,0,0,0,0
"파워링크",캐롤프리스트,B7. 모이스처,워터드롭크림,모바일,9,1,165,165,3.6,1,0,0,0
"파워링크",캐롤프리스트,B7. 모이스처,유수분밸런스수분크림,PC,3,0,0,0,5,0,0,0,0
"파워링크",캐롤프리스트,B7. 모이스처,좋은수분크림,PC,1,0,0,0,9,0,0,0,0
"파워링크",캐롤프리스트,B7. 모이스처,좋은수분크림,모바일,1,0,0,0,3,0,0,0,0
"파워링크",캐롤프리스트,B7. 모이스처,중성피부수분크림추천,PC,1,0,0,0,2,0,0,0,0
"파워링크",캐롤프리스트,B7. 모이스처,지루성수분크림,PC,2,0,0,0,4,0,0,0,0
"파워링크",캐롤프리스트,B7. 모이스처,지루성피부크림,PC,1,0,0,0,6,0,0,0,0
"파워링크",캐롤프리스트,B7. 모이스처,지성보습크림추천,모바일,1,0,0,0,4,0,0,0,0
"파워링크",캐롤프리스트,B7. 모이스처,지성수분크림,PC,3,0,0,0,23,0,0,0,0
"파워링크",캐롤프리스트,B7. 모이스처,지성용수분크림,PC,1,0,0,0,3,0,0,0,0
"파워링크",캐롤프리스트,B7. 모이스처,지성피부수분크림,PC,1,0,0,0,24,0,0,0,0
"파워링크",캐롤프리스트,B7. 모이스처,지성피부수분크림추천,PC,5,0,0,0,2.8,0,0,0,0
"파워링크",캐롤프리스트,B7. 모이스처,지성피부수분크림추천,모바일,7,0,0,0,2,0,0,0,0
"파워링크",캐롤프리스트,B7. 모이스처,트러블피부수분크림,PC,3,0,0,0,2.3,0,0,0,0
"파워링크",캐롤프리스트,B7. 모이스처,트러블피부수분크림,모바일,4,0,0,0,1.5,0,0,0,0
"파워링크",캐롤프리스트,B7. 모이스처,피부보습화장품,PC,1,0,0,0,4,0,0,0,0
"파워링크",캐롤프리스트,B7. 모이스처,피부보습화장품,모바일,1,0,0,0,2,0,0,0,0
"파워링크",캐롤프리스트,B7. 모이스처,피지조절크림,PC,1,0,0,0,3,0,0,0,0
"파워링크",캐롤프리스트,BB2. 인텐스수분로션,-,PC,6,0,0,0,3.5,0,0,0,0
"파워링크",캐롤프리스트,BB2. 인텐스수분로션,-,모바일,23,0,0,0,2.4,0,0,0,0
"파워링크",캐롤프리스트,BB2. 인텐스수분로션,20대로션,PC,2,0,0,0,6,0,0,0,0
"파워링크",캐롤프리스트,BB2. 인텐스수분로션,건성로션추천,PC,2,0,0,0,3,0,0,0,0
"파워링크",캐롤프리스트,BB2. 인텐스수분로션,겨울로션추천,PC,1,0,0,0,10,0,0,0,0
"파워링크",캐롤프리스트,BB2. 인텐스수분로션,기능성로션,PC,2,0,0,0,5.5,0,0,0,0
"파워링크",캐롤프리스트,BB2. 인텐스수분로션,기능성로션,모바일,2,0,0,0,8,0,0,0,0
"파워링크",캐롤프리스트,BB2. 인텐스수분로션,로션,PC,116,0,0,0,3.5,0,0,0,0
"파워링크",캐롤프리스트,BB2. 인텐스수분로션,로션,모바일,2,0,0,0,20,0,0,0,0
"파워링크",캐롤프리스트,BB2. 인텐스수분로션,로션추천,PC,4,0,0,0,3,0,0,0,0
"파워링크",캐롤프리스트,BB2. 인텐스수분로션,로션화장품,모바일,1,0,0,0,2,0,0,0,0
"파워링크",캐롤프리스트,BB2. 인텐스수분로션,모공커버로션,모바일,2,0,0,0,4,0,0,0,0
"파워링크",캐롤프리스트,BB2. 인텐스수분로션,모이스처라이저,PC,1,0,0,0,3,0,0,0,0
"파워링크",캐롤프리스트,BB2. 인텐스수분로션,모이스처라이저,모바일,4,0,0,0,13.3,0,0,0,0
"파워링크",캐롤프리스트,BB2. 인텐스수분로션,무방부제로션,모바일,3,0,0,0,1.7,1.67,4.33,0,0
"파워링크",캐롤프리스트,BB2. 인텐스수분로션,무파라벤로션,모바일,1,0,0,0,3,0,0,0,0
"파워링크",캐롤프리스트,BB2. 인텐스수분로션,문제성피부로션,PC,1,0,0,0,8,0,0,0,0
"파워링크",캐롤프리스트,BB2. 인텐스수분로션,민감성로션,PC,1,0,0,0,8,0,0,0,0
"파워링크",캐롤프리스트,BB2. 인텐스수분로션,민감성피부로션추천,PC,1,0,0,0,3,0,0,0,0
"파워링크",캐롤프리스트,BB2. 인텐스수분로션,보습로션추천,PC,4,0,0,0,8,0,0,0,0
"파워링크",캐롤프리스트,BB2. 인텐스수분로션,보습제로션,PC,1,0,0,0,10,0,0,0,0
"파워링크",캐롤프리스트,BB2. 인텐스수분로션,복합성로션,모바일,2,0,0,0,4,0,0,0,0
"파워링크",캐롤프리스트,BB2. 인텐스수분로션,복합성로션추천,PC,1,0,0,0,5,0,0,0,0
"파워링크",캐롤프리스트,BB2. 인텐스수분로션,복합성피부로션,PC,1,0,0,0,6,0,0,0,0
"파워링크",캐롤프리스트,BB2. 인텐스수분로션,복합성피부로션추천,PC,3,0,0,0,2,0,0,0,0
"파워링크",캐롤프리스트,BB2. 인텐스수분로션,복합성피부로션추천,모바일,7,0,0,0,3.1,0,0,0,0
"파워링크",캐롤프리스트,BB2. 인텐스수분로션,수분로션,PC,3,0,0,0,5,0,0,0,0
"파워링크",캐롤프리스트,BB2. 인텐스수분로션,수분로션,모바일,28,0,0,0,1.9,0,0,0,0
"파워링크",캐롤프리스트,BB2. 인텐스수분로션,수분로션추천,PC,3,0,0,0,5.3,0,0,0,0
"파워링크",캐롤프리스트,BB2. 인텐스수분로션,수분로션추천,모바일,3,0,0,0,2.7,0,0,0,0
"파워링크",캐롤프리스트,BB2. 인텐스수분로션,순한로션,PC,2,0,0,0,10,0,0,0,0
"파워링크",캐롤프리스트,BB2. 인텐스수분로션,순한로션브랜드,모바일,1,0,0,0,2,0,0,0,0
"파워링크",캐롤프리스트,BB2. 인텐스수분로션,아로마로션,PC,2,0,0,0,5.5,0,0,0,0
"파워링크",캐롤프리스트,BB2. 인텐스수분로션,아토피에좋은로션,PC,1,0,0,0,8,0,0,0,0
"파워링크",캐롤프리스트,BB2. 인텐스수분로션,아토피에좋은로션,모바일,1,0,0,0,12,0,0,0,0
"파워링크",캐롤프리스트,BB2. 인텐스수분로션,악건성로션,PC,1,0,0,0,10,0,0,0,0
"파워링크",캐롤프리스트,BB2. 인텐스수분로션,악건성로션추천,모바일,1,0,0,0,2,0,0,0,0
"파워링크",캐롤프리스트,BB2. 인텐스수분로션,여드름로션,모바일,1,0,0,0,24,0,0,0,0
"파워링크",캐롤프리스트,BB2. 인텐스수분로션,여드름로션추천,PC,8,0,0,0,5.8,0,0,0,0
"파워링크",캐롤프리스트,BB2. 인텐스수분로션,여드름로션추천,모바일,1,0,0,0,5,0,0,0,0
"파워링크",캐롤프리스트,BB2. 인텐스수분로션,여드름수분로션,모바일,4,0,0,0,2,0,0,0,0
"파워링크",캐롤프리스트,BB2. 인텐스수분로션,여드름에좋은로션,PC,6,0,0,0,5.8,0,0,0,0
"파워링크",캐롤프리스트,BB2. 인텐스수분로션,여드름에좋은로션,모바일,1,0,0,0,4,0,0,0,0
"파워링크",캐롤프리스트,BB2. 인텐스수분로션,여드름피부로션추천,PC,1,0,0,0,3,0,0,0,0
"파워링크",캐롤프리스트,BB2. 인텐스수분로션,여드름피부수분로션,모바일,1,0,0,0,1,0,0,0,0
"파워링크",캐롤프리스트,BB2. 인텐스수분로션,여성건성로션,모바일,1,0,0,0,4,0,0,0,0
"파워링크",캐롤프리스트,BB2. 인텐스수분로션,여성건성로션추천,모바일,1,0,0,0,1,0,0,0,0
"파워링크",캐롤프리스트,BB2. 인텐스수분로션,여성로션,PC,5,0,0,0,6,0,0,0,0
"파워링크",캐롤프리스트,BB2. 인텐스수분로션,여성로션,모바일,5,0,0,0,7.4,0,0,0,0
"파워링크",캐롤프리스트,BB2. 인텐스수분로션,여성로션브랜드,모바일,1,0,0,0,2,0,0,0,0
"파워링크",캐롤프리스트,BB2. 인텐스수분로션,여성복합성로션추천,모바일,1,0,0,0,1,0,0,0,0
"파워링크",캐롤프리스트,BB2. 인텐스수분로션,여성지성로션,모바일,1,0,0,0,4,0,0,0,0
"파워링크",캐롤프리스트,BB2. 인텐스수분로션,여자건성로션,모바일,2,0,0,0,2.5,0,0,0,0
"파워링크",캐롤프리스트,BB2. 인텐스수분로션,여자로션,PC,2,0,0,0,3,0,0,0,0
"파워링크",캐롤프리스트,BB2. 인텐스수분로션,여자로션,모바일,1,0,0,0,6,0,0,0,0
"파워링크",캐롤프리스트,BB2. 인텐스수분로션,여자로션브랜드,모바일,5,0,0,0,1.8,0,0,0,0
"파워링크",캐롤프리스트,BB2. 인텐스수분로션,여자로션추천,모바일,1,0,0,0,2,0,0,0,0
"파워링크",캐롤프리스트,BB2. 인텐스수분로션,연예인로션,PC,1,0,0,0,5,0,0,0,0
"파워링크",캐롤프리스트,BB2. 인텐스수분로션,연예인로션,모바일,2,0,0,0,4,0,0,0,0
"파워링크",캐롤프리스트,BB2. 인텐스수분로션,연예인로션추천,모바일,1,0,0,0,3,0,0,0,0
"파워링크",캐롤프리스트,BB2. 인텐스수분로션,유수분로션,모바일,1,0,0,0,4,0,0,0,0
"파워링크",캐롤프리스트,BB2. 인텐스수분로션,자스민로션,PC,1,0,0,0,2,0,0,0,0
"파워링크",캐롤프리스트,BB2. 인텐스수분로션,자스민로션,모바일,3,0,0,0,2,0,0,0,0
"파워링크",캐롤프리스트,BB2. 인텐스수분로션,좋은로션,모바일,1,0,0,0,4,0,0,0,0
"파워링크",캐롤프리스트,BB2. 인텐스수분로션,중성로션,모바일,2,0,0,0,3.5,0,0,0,0
"파워링크",캐롤프리스트,BB2. 인텐스수분로션,지성로션,모바일,3,0,0,0,5.3,0,0,0,0
"파워링크",캐롤프리스트,BB2. 인텐스수분로션,지성로션추천,PC,6,0,0,0,2.2,0,0,0,0
"파워링크",캐롤프리스트,BB2. 인텐스수분로션,지성로션추천,모바일,17,0,0,0,1.6,0,0,0,0
"파워링크",캐롤프리스트,BB2. 인텐스수분로션,지성용로션,PC,2,0,0,0,2.5,0,0,0,0
"파워링크",캐롤프리스트,BB2. 인텐스수분로션,지성피부로션추천,PC,4,0,0,0,2.3,0,0,0,0
"파워링크",캐롤프리스트,BB2. 인텐스수분로션,지성피부로션추천,모바일,10,0,0,0,1.4,0,0,0,0
"파워링크",캐롤프리스트,BB2. 인텐스수분로션,천연로션,PC,1,0,0,0,9,0,0,0,0
"파워링크",캐롤프리스트,BB2. 인텐스수분로션,천연로션추천,모바일,1,0,0,0,2,0,0,0,0
"파워링크",캐롤프리스트,BB2. 인텐스수분로션,트러블에좋은로션,모바일,1,0,0,0,4,0,0,0,0
"파워링크",캐롤프리스트,BB2. 인텐스수분로션,펌프형로션,PC,1,0,0,0,1,0,0,0,0
"파워링크",캐롤프리스트,BB2. 인텐스수분로션,펌프형로션,모바일,2,0,0,0,3,0,0,0,0
"파워링크",캐롤프리스트,BB2. 인텐스수분로션,펌핑형로션,PC,1,0,0,0,1,0,0,0,0
"파워링크",캐롤프리스트,BB2. 인텐스수분로션,피부관리로션,모바일,1,0,0,0,2,0,0,0,0
"파워링크",캐롤프리스트,BB2. 인텐스수분로션,피지조절로션,PC,12,0,0,0,3.7,1,0,0,0
"파워링크",캐롤프리스트,BB2. 인텐스수분로션,피지조절로션,모바일,5,0,0,0,2.4,0,0,0,0
"파워링크",캐롤프리스트,BB2. 인텐스수분로션,호호바로션,PC,6,0,0,0,2.3,0,0,0,0
"파워링크",캐롤프리스트,BB2. 인텐스수분로션,호호바로션,모바일,10,0,0,0,2.4,0,0,0,0
"파워링크",캐롤프리스트,BB1.영양크림,-,모바일,2,0,0,0,2,0,0,0,0
"파워링크",캐롤프리스트,BB1.영양크림,10대영양크림,모바일,1,0,0,0,2,1,0,0,0
"파워링크",캐롤프리스트,BB1.영양크림,20대영양크림,모바일,2,0,0,0,3.5,0,0,0,0
"파워링크",캐롤프리스트,BB1.영양크림,50대여자영양크림,모바일,1,0,0,0,1,0,0,0,0
"파워링크",캐롤프리스트,BB1.영양크림,50대영양크림,PC,1,0,0,0,2,0,0,0,0
"파워링크",캐롤프리스트,BB1.영양크림,50대영양크림추천,PC,9,0,0,0,5.6,0,0,0,0
"파워링크",캐롤프리스트,BB1.영양크림,50대영양크림추천,모바일,2,0,0,0,6,0,0,0,0
"파워링크",캐롤프리스트,BB1.영양크림,건성영양크림,모바일,1,0,0,0,1,0,0,0,0
"파워링크",캐롤프리스트,BB1.영양크림,건성용영양크림,PC,3,0,0,0,5.3,0,0,0,0
"파워링크",캐롤프리스트,BB1.영양크림,건성용영양크림,모바일,1,0,0,0,2,0,0,0,0
"파워링크",캐롤프리스트,BB1.영양크림,건성피부영양크림,PC,1,0,0,0,6,0,0,0,0
"파워링크",캐롤프리스트,BB1.영양크림,건성피부영양크림,모바일,1,0,0,0,2,0,0,0,0
"파워링크",캐롤프리스트,BB1.영양크림,고수분영양크림,모바일,1,0,0,0,3,0,0,0,0
"파워링크",캐롤프리스트,BB1.영양크림,남성영양크림,PC,16,0,0,0,6.3,0,0,0,0
"파워링크",캐롤프리스트,BB1.영양크림,남성영양크림,모바일,2,0,0,0,5.5,0,0,0,0
"파워링크",캐롤프리스트,BB1.영양크림,보습영양크림,모바일,1,0,0,0,2,0,0,0,0
"파워링크",캐롤프리스트,BB1.영양크림,수입영양크림,PC,1,0,0,0,2,0,0,0,0
"파워링크",캐롤프리스트,BB1.영양크림,수입영양크림,모바일,4,0,0,0,3,0,0,0,0
"파워링크",캐롤프리스트,BB1.영양크림,여드름에좋은영양크림,모바일,1,0,0,0,1,0,0,0,0
"파워링크",캐롤프리스트,BB1.영양크림,여성보습화장품,모바일,1,0,0,0,2,0,0,0,0
"파워링크",캐롤프리스트,BB1.영양크림,영양화장품,PC,3,0,0,0,6.7,0,0,0,0
"파워링크",캐롤프리스트,BB1.영양크림,피부영양화장품,PC,1,0,0,0,2,0,0,0,0
"파워링크",캐롤프리스트,A5. 천연,-,PC,2,0,0,0,1.5,0,0,0,0
"파워링크",캐롤프리스트,A5. 천연,-,모바일,3,0,0,0,1.3,0,0,0,0
"파워링크",캐롤프리스트,A5. 천연,천연아이크림,모바일,6,0,0,0,3.5,0,0,0,0
"파워링크",캐롤프리스트,A5. 천연,천연영양크림,모바일,2,0,0,0,2,0,0,0,0
"파워링크",캐롤프리스트,A5. 천연,천연컨디셔너,PC,1,0,0,0,7,0,0,0,0
"파워링크",캐롤프리스트,A5. 천연,천연화장품,PC,57,0,0,0,6.9,0,0,0,0
"파워링크",캐롤프리스트,A5. 천연,천연화장품,모바일,6,0,0,0,8.2,0,0,0,0
"파워링크",캐롤프리스트,A2. 유기농,-,PC,33,2,418,836,1.2,8.5,119.5,11,"313,200"
"파워링크",캐롤프리스트,A2. 유기농,-,모바일,99,3,319,957,1.1,2.33,39,0,0
"파워링크",캐롤프리스트,A2. 유기농,유기농로션,PC,19,0,0,0,3.1,0,0,0,0
"파워링크",캐롤프리스트,A2. 유기농,유기농로션,모바일,43,2,913,"1,826",2.8,1.4,9.8,0,0
"파워링크",캐롤프리스트,A2. 유기농,유기농마스크,PC,5,0,0,0,5.2,0,0,0,0
"파워링크",캐롤프리스트,A2. 유기농,유기농마스크,모바일,20,0,0,0,3.8,0,0,0,0
"파워링크",캐롤프리스트,A2. 유기농,유기농바디로션,PC,1,0,0,0,8,0,0,0,0
"파워링크",캐롤프리스트,A2. 유기농,유기농바디워시,PC,3,0,0,0,7.3,0,0,0,0
"파워링크",캐롤프리스트,A2. 유기농,유기농바디워시,모바일,2,0,0,0,8.5,0,0,0,0
"파워링크",캐롤프리스트,A2. 유기농,유기농샴푸,PC,36,2,"1,524","3,047",2,2,8,0,0
"파워링크",캐롤프리스트,A2. 유기농,유기농샴푸,모바일,13,0,0,0,5,0,0,0,0
"파워링크",캐롤프리스트,A2. 유기농,유기농세럼,PC,4,1,627,627,1,1,0,0,0
"파워링크",캐롤프리스트,A2. 유기농,유기농세럼,모바일,8,0,0,0,1.5,0,0,0,0
"파워링크",캐롤프리스트,A2. 유기농,유기농수분크림,모바일,5,1,836,836,1,1.5,9,0,0
"파워링크",캐롤프리스트,A2. 유기농,유기농오일,PC,5,0,0,0,5.4,0,0,0,0
"파워링크",캐롤프리스트,A2. 유기농,유기농컨디셔너,모바일,2,0,0,0,1.5,0,0,0,0
"파워링크",캐롤프리스트,A2. 유기농,유기농크림,PC,27,0,0,0,1.7,0,0,0,0
"파워링크",캐롤프리스트,A2. 유기농,유기농크림,모바일,153,3,"1,118","3,355",1.3,1.5,4,1,0
"파워링크",캐롤프리스트,A2. 유기농,유기농클렌저,모바일,2,0,0,0,2,0,0,0,0
"파워링크",캐롤프리스트,A2. 유기농,유기농토너,PC,1,0,0,0,2,0,0,0,0
"파워링크",캐롤프리스트,A2. 유기농,유기농화장품,PC,127,2,"1,166","2,332",2.1,3.67,80.33,6,"85,000"
"파워링크",캐롤프리스트,A2. 유기농,유기농화장품,모바일,195,3,"1,280","3,839",2.1,2.14,27,0,0
"파워링크",캐롤프리스트,B9. 나이트크림,-,PC,110,1,209,209,2.1,2,25.5,0,0
"파워링크",캐롤프리스트,B9. 나이트크림,-,모바일,477,14,478,"6,688",1.6,0.55,2.28,0,0
"파워링크",캐롤프리스트,B9. 나이트크림,겨울나이트크림,모바일,1,0,0,0,2,0,0,0,0
"파워링크",캐롤프리스트,B9. 나이트크림,나이트밤,PC,8,0,0,0,1,0,0,0,0
"파워링크",캐롤프리스트,B9. 나이트크림,나이트밤,모바일,49,0,0,0,1,0,0,0,0
"파워링크",캐롤프리스트,B9. 나이트크림,나이트케어,PC,26,0,0,0,1.4,0,0,0,0
"파워링크",캐롤프리스트,B9. 나이트크림,나이트케어,모바일,128,0,0,0,1.1,0,0,0,0
"파워링크",캐롤프리스트,B9. 나이트크림,나이트크림,PC,88,0,0,0,2.3,0,0,0,0
"파워링크",캐롤프리스트,B9. 나이트크림,나이트크림,모바일,358,6,"2,552","15,312",1.3,0.86,1.86,0,0
"파워링크",캐롤프리스트,B9. 나이트크림,나이트크림추천,PC,25,0,0,0,1.8,0,0,0,0
"파워링크",캐롤프리스트,B9. 나이트크림,나이트크림추천,모바일,60,4,"3,020","12,078",1.1,0.9,40.5,1,0
"파워링크",캐롤프리스트,B9. 나이트크림,밤에바르는크림,PC,7,0,0,0,1,0,0,0,0
"파워링크",캐롤프리스트,B9. 나이트크림,밤에바르는크림,모바일,18,1,"2,365","2,365",1,0.5,0,0,0
"파워링크",캐롤프리스트,B9. 나이트크림,밤크림,PC,17,0,0,0,1.1,0,0,0,0
"파워링크",캐롤프리스트,B9. 나이트크림,밤크림,모바일,65,2,759,"1,518",1,1,0,0,0
"파워링크",캐롤프리스트,B9. 나이트크림,복합성나이트크림,모바일,1,0,0,0,1,0,0,0,0
"파워링크",캐롤프리스트,B9. 나이트크림,비타민나이트크림,모바일,2,0,0,0,1,0,0,0,0
"파워링크",캐롤프리스트,B9. 나이트크림,수딩나이트크림,모바일,1,0,0,0,2,0,0,0,0
"파워링크",캐롤프리스트,B9. 나이트크림,수면크림,PC,38,0,0,0,1.3,0,0,0,0
"파워링크",캐롤프리스트,B9. 나이트크림,수면크림,모바일,144,3,"1,859","5,577",1,0.8,0,0,0
"파워링크",캐롤프리스트,B9. 나이트크림,순한나이트크림,PC,1,0,0,0,1,0,0,0,0
"파워링크",캐롤프리스트,B9. 나이트크림,여드름나이트크림,PC,1,0,0,0,1,0,0,0,0
"파워링크",캐롤프리스트,B9. 나이트크림,여성나이트크림,모바일,1,0,0,0,1,0,0,0,0
"파워링크",캐롤프리스트,B9. 나이트크림,여자나이트크림추천,모바일,1,0,0,0,1,0,0,0,0
"파워링크",캐롤프리스트,B9. 나이트크림,연예인나이트크림,모바일,1,0,0,0,1,0,0,0,0
"파워링크",캐롤프리스트,B9. 나이트크림,자기전에바르는크림,PC,1,0,0,0,1,0,0,0,0
"파워링크",캐롤프리스트,B9. 나이트크림,자기전에바르는크림,모바일,5,0,0,0,1,0,0,0,0
"파워링크",캐롤프리스트,B9. 나이트크림,저녁에바르는크림,모바일,1,0,0,0,1,0,0,0,0
"파워링크",캐롤프리스트,B9. 나이트크림,저녁크림,모바일,4,0,0,0,1,0,0,0,0
"파워링크",캐롤프리스트,B9. 나이트크림,지성나이트크림,모바일,2,0,0,0,1,0,0,0,0
"파워링크",캐롤프리스트,B9. 나이트크림,지성피부나이트크림,모바일,1,0,0,0,1,0,0,0,0
"파워링크",캐롤프리스트,B9. 나이트크림,천연나이트크림,모바일,1,0,0,0,1,0,0,0,0
"파워링크",캐롤프리스트,B2. 플라워토너,-,PC,2,0,0,0,1,0,0,0,0
"파워링크",캐롤프리스트,B2. 플라워토너,-,모바일,5,0,0,0,1.6,0,0,0,0
"파워링크",캐롤프리스트,B2. 플라워토너,건성용토너,PC,2,0,0,0,5.5,0,0,0,0
"파워링크",캐롤프리스트,B2. 플라워토너,건성용토너,모바일,1,0,0,0,3,0,0,0,0
"파워링크",캐롤프리스트,B2. 플라워토너,건성피부스킨추천,PC,1,0,0,0,10,0,0,0,0
"파워링크",캐롤프리스트,B2. 플라워토너,건성피부스킨추천,모바일,1,0,0,0,1,0,0,0,0
"파워링크",캐롤프리스트,B2. 플라워토너,건성피부토너추천,모바일,3,0,0,0,1.7,0,0,0,0
"파워링크",캐롤프리스트,B2. 플라워토너,건조피부스킨,모바일,5,0,0,0,1.4,0,0,0,0
"파워링크",캐롤프리스트,B2. 플라워토너,건조한피부스킨,모바일,2,0,0,0,3,0,0,0,0
"파워링크",캐롤프리스트,B2. 플라워토너,건조한피부에좋은스킨,모바일,2,0,0,0,2,0,0,0,0
"파워링크",캐롤프리스트,B2. 플라워토너,고급스킨,PC,2,0,0,0,1,0,0,0,0
"파워링크",캐롤프리스트,B2. 플라워토너,고급스킨,모바일,2,0,0,0,1.5,0,0,0,0
"파워링크",캐롤프리스트,B2. 플라워토너,고수분스킨,모바일,1,0,0,0,2,0,0,0,0
"파워링크",캐롤프리스트,B2. 플라워토너,기능성스킨,PC,1,0,0,0,8,0,0,0,0
"파워링크",캐롤프리스트,B2. 플라워토너,대용량스킨추천,PC,6,0,0,0,4.2,0,0,0,0
"파워링크",캐롤프리스트,B2. 플라워토너,라벤더스킨,PC,6,0,0,0,1.2,0,0,0,0
"파워링크",캐롤프리스트,B2. 플라워토너,라벤더스킨,모바일,3,0,0,0,2,0,0,0,0
"파워링크",캐롤프리스트,B2. 플라워토너,라벤더토너,모바일,1,0,0,0,2,0,0,0,0
"파워링크",캐롤프리스트,B2. 플라워토너,로즈스킨,PC,3,0,0,0,7.3,0,0,0,0
"파워링크",캐롤프리스트,B2. 플라워토너,로즈토너,PC,6,0,0,0,6.2,0,0,0,0
"파워링크",캐롤프리스트,B2. 플라워토너,로즈토너,모바일,42,0,0,0,2.5,0,0,0,0
"파워링크",캐롤프리스트,B2. 플라워토너,모공관리토너,PC,2,0,0,0,4,0,0,0,0
"파워링크",캐롤프리스트,B2. 플라워토너,모공스킨추천,PC,5,0,0,0,2,0,0,0,0
"파워링크",캐롤프리스트,B2. 플라워토너,모공스킨추천,모바일,1,0,0,0,2,0,0,0,0
"파워링크",캐롤프리스트,B2. 플라워토너,모공토너추천,PC,4,0,0,0,2.8,0,0,0,0
"파워링크",캐롤프리스트,B2. 플라워토너,무방부제토너,PC,2,0,0,0,1,0,0,0,0
"파워링크",캐롤프리스트,B2. 플라워토너,문제성피부스킨,모바일,1,0,0,0,2,0,0,0,0
"파워링크",캐롤프리스트,B2. 플라워토너,문제성피부토너,모바일,1,0,0,0,1,0,0,0,0
"파워링크",캐롤프리스트,B2. 플라워토너,민감성수분토너,모바일,1,0,0,0,1,0,0,0,0
"파워링크",캐롤프리스트,B2. 플라워토너,민감피부스킨,모바일,2,0,0,0,6,0,0,0,0
"파워링크",캐롤프리스트,B2. 플라워토너,민감한피부스킨,모바일,1,0,0,0,2,0,0,0,0
"파워링크",캐롤프리스트,B2. 플라워토너,보습스킨,PC,2,1,550,550,23.5,2,3,0,0
"파워링크",캐롤프리스트,B2. 플라워토너,보습스프레이,PC,1,0,0,0,1,0,0,0,0
"파워링크",캐롤프리스트,B2. 플라워토너,보습스프레이,모바일,1,0,0,0,2,0,0,0,0
"파워링크",캐롤프리스트,B2. 플라워토너,보습토너추천,PC,1,0,0,0,10,0,0,0,0
"파워링크",캐롤프리스트,B2. 플라워토너,복합성스킨,PC,1,0,0,0,9,0,0,0,0
"파워링크",캐롤프리스트,B2. 플라워토너,복합성스킨,모바일,1,0,0,0,4,0,0,0,0
"파워링크",캐롤프리스트,B2. 플라워토너,복합성피부스킨,모바일,1,0,0,0,1,0,0,0,0
"파워링크",캐롤프리스트,B2. 플라워토너,분사형스킨,PC,1,0,0,0,3,0,0,0,0
"파워링크",캐롤프리스트,B2. 플라워토너,분사형스킨,모바일,2,0,0,0,4,0,0,0,0
"파워링크",캐롤프리스트,B2. 플라워토너,분사형토너,모바일,2,0,0,0,3,0,0,0,0
"파워링크",캐롤프리스트,B2. 플라워토너,뾰루지스킨,모바일,4,0,0,0,1.5,0,0,0,0
"파워링크",캐롤프리스트,B2. 플라워토너,뿌리는스킨,PC,2,0,0,0,3,0,0,0,0
"파워링크",캐롤프리스트,B2. 플라워토너,뿌리는스킨,모바일,3,0,0,0,3.7,0,0,0,0
"파워링크",캐롤프리스트,B2. 플라워토너,산뜻한토너추천,모바일,2,0,0,0,2.5,0,0,0,0
"파워링크",캐롤프리스트,B2. 플라워토너,수딩토너,PC,6,0,0,0,7,0,0,0,0
"파워링크",캐롤프리스트,B2. 플라워토너,순한스킨,PC,1,0,0,0,5,0,0,0,0
"파워링크",캐롤프리스트,B2. 플라워토너,스킨,PC,40,0,0,0,3.8,0,0,0,0
"파워링크",캐롤프리스트,B2. 플라워토너,스킨,모바일,"2,118",1,495,495,2,1,0,0,0
"파워링크",캐롤프리스트,B2. 플라워토너,스킨브랜드,PC,1,0,0,0,9,0,0,0,0
"파워링크",캐롤프리스트,B2. 플라워토너,스킨사이트,PC,1,0,0,0,3,0,0,0,0
"파워링크",캐롤프리스트,B2. 플라워토너,스킨사이트,모바일,3,0,0,0,1.3,0,0,0,0
"파워링크",캐롤프리스트,B2. 플라워토너,스킨선물,PC,10,0,0,0,1.6,0,0,0,0
"파워링크",캐롤프리스트,B2. 플라워토너,스킨선물,모바일,14,0,0,0,1.5,0,0,0,0
"파워링크",캐롤프리스트,B2. 플라워토너,스킨추천,PC,1,0,0,0,10,0,0,0,0
"파워링크",캐롤프리스트,B2. 플라워토너,스킨추천,모바일,2,0,0,0,1.5,0,0,0,0
"파워링크",캐롤프리스트,B2. 플라워토너,스프레이스킨,PC,7,0,0,0,6.4,0,0,0,0
"파워링크",캐롤프리스트,B2. 플라워토너,스프레이스킨,모바일,1,0,0,0,4,0,0,0,0
"파워링크",캐롤프리스트,B2. 플라워토너,스프레이토너,PC,4,0,0,0,2.8,0,0,0,0
"파워링크",캐롤프리스트,B2. 플라워토너,스프레이토너,모바일,18,0,0,0,2.9,0,0,0,0
"파워링크",캐롤프리스트,B2. 플라워토너,악건성스킨추천,모바일,1,0,0,0,4,0,0,0,0
"파워링크",캐롤프리스트,B2. 플라워토너,얼굴스킨,PC,2,0,0,0,3,0,0,0,0
"파워링크",캐롤프리스트,B2. 플라워토너,얼굴스킨,모바일,6,0,0,0,3.3,0,0,0,0
"파워링크",캐롤프리스트,B2. 플라워토너,에센셜워터,PC,1,0,0,0,2,0,0,0,0
"파워링크",캐롤프리스트,B2. 플라워토너,여드름스킨추천,PC,2,0,0,0,5.5,0,0,0,0
"파워링크",캐롤프리스트,B2. 플라워토너,여드름에좋은스킨,PC,2,0,0,0,4.5,0,0,0,0
"파워링크",캐롤프리스트,B2. 플라워토너,여드름에좋은스킨,모바일,6,0,0,0,3.3,0,0,0,0
"파워링크",캐롤프리스트,B2. 플라워토너,여드름에좋은스킨추천,모바일,4,0,0,0,1,0,0,0,0
"파워링크",캐롤프리스트,B2. 플라워토너,여드름에좋은토너,PC,2,0,0,0,3.5,0,0,0,0
"파워링크",캐롤프리스트,B2. 플라워토너,여드름에좋은토너,모바일,1,0,0,0,4,0,0,0,0
"파워링크",캐롤프리스트,B2. 플라워토너,여드름전용토너,PC,2,0,0,0,6,0,0,0,0
"파워링크",캐롤프리스트,B2. 플라워토너,여름스킨,모바일,1,0,0,0,5,0,0,0,0
"파워링크",캐롤프리스트,B2. 플라워토너,여성건성스킨,모바일,1,0,0,0,2,0,0,0,0
"파워링크",캐롤프리스트,B2. 플라워토너,여성스킨,PC,1,0,0,0,3,0,0,0,0
"파워링크",캐롤프리스트,B2. 플라워토너,여성스킨,모바일,2,0,0,0,3,0,0,0,0
"파워링크",캐롤프리스트,B2. 플라워토너,여성스킨브랜드,모바일,1,0,0,0,4,0,0,0,0
"파워링크",캐롤프리스트,B2. 플라워토너,여자스킨브랜드,PC,1,0,0,0,3,0,0,0,0
"파워링크",캐롤프리스트,B2. 플라워토너,연예인스킨추천,PC,1,0,0,0,2,0,0,0,0
"파워링크",캐롤프리스트,B2. 플라워토너,연예인스킨추천,모바일,1,0,0,0,2,0,0,0,0
"파워링크",캐롤프리스트,B2. 플라워토너,오가닉스킨,PC,12,0,0,0,1.9,0,0,0,0
"파워링크",캐롤프리스트,B2. 플라워토너,오가닉스킨,모바일,2,0,0,0,2,0,0,0,0
"파워링크",캐롤프리스트,B2. 플라워토너,오렌지토너,모바일,1,1,77,77,2,2.33,20.67,0,0
"파워링크",캐롤프리스트,B2. 플라워토너,오일프리토너,PC,3,0,0,0,10,0,0,0,0
"파워링크",캐롤프리스트,B2. 플라워토너,유기농스킨,모바일,3,0,0,0,2,0,0,0,0
"파워링크",캐롤프리스트,B2. 플라워토너,장미스킨,PC,2,0,0,0,7,0,0,0,0
"파워링크",캐롤프리스트,B2. 플라워토너,장미스킨,모바일,2,0,0,0,5.5,0,0,0,0
"파워링크",캐롤프리스트,B2. 플라워토너,재생로션,모바일,1,0,0,0,5,0,0,0,0
"파워링크",캐롤프리스트,B2. 플라워토너,중성스킨,모바일,1,0,0,0,1,0,0,0,0
"파워링크",캐롤프리스트,B2. 플라워토너,지성수분토너,모바일,1,0,0,0,2,0,0,0,0
"파워링크",캐롤프리스트,B2. 플라워토너,지성스킨,PC,4,0,0,0,5,0,0,0,0
"파워링크",캐롤프리스트,B2. 플라워토너,지성용스킨,PC,7,0,0,0,4,0,0,0,0
"파워링크",캐롤프리스트,B2. 플라워토너,지성용스킨,모바일,3,0,0,0,2,0,0,0,0
"파워링크",캐롤프리스트,B2. 플라워토너,지성피부스킨,PC,1,0,0,0,9,0,0,0,0
"파워링크",캐롤프리스트,B2. 플라워토너,지성피부토너추천,PC,1,0,0,0,2,0,0,0,0
"파워링크",캐롤프리스트,B2. 플라워토너,천연스킨,PC,18,0,0,0,1.4,0,0,0,0
"파워링크",캐롤프리스트,B2. 플라워토너,천연스킨,모바일,19,0,0,0,1.6,0,0,0,0
"파워링크",캐롤프리스트,B2. 플라워토너,천연토너,PC,1,0,0,0,1,0,0,0,0
"파워링크",캐롤프리스트,B2. 플라워토너,천연플로랄워터,PC,1,0,0,0,1,0,0,0,0
"파워링크",캐롤프리스트,B2. 플라워토너,천연플로랄워터,모바일,1,0,0,0,1,0,0,0,0
"파워링크",캐롤프리스트,B2. 플라워토너,트러블스킨,PC,1,0,0,0,7,0,0,0,0
"파워링크",캐롤프리스트,B2. 플라워토너,트러블에좋은토너,PC,1,0,0,0,2,0,0,0,0
"파워링크",캐롤프리스트,B2. 플라워토너,트러블에좋은토너,모바일,3,0,0,0,2,0,0,0,0
"파워링크",캐롤프리스트,B2. 플라워토너,파라벤없는토너,모바일,2,0,0,0,1,0,0,0,0
"파워링크",캐롤프리스트,B2. 플라워토너,페이스스킨,PC,4,0,0,0,2.3,0,0,0,0
"파워링크",캐롤프리스트,B2. 플라워토너,페이스스킨,모바일,5,0,0,0,2.2,0,0,0,0
"파워링크",캐롤프리스트,B2. 플라워토너,프리미엄스킨,PC,1,0,0,0,2,0,0,0,0
"파워링크",캐롤프리스트,B2. 플라워토너,프리미엄스킨,모바일,9,0,0,0,1,0,0,0,0
"파워링크",캐롤프리스트,B2. 플라워토너,플라워토너,모바일,1,0,0,0,1,0,0,0,0
"파워링크",캐롤프리스트,B2. 플라워토너,피부관리토너,모바일,1,0,0,0,2,0,0,0,0
"파워링크",캐롤프리스트,B2. 플라워토너,피부에좋은토너,PC,1,0,0,0,3,0,0,0,0
"파워링크",캐롤프리스트,ZZZ. 20대화장품,계면활성제,PC,1,0,0,0,19,0,0,0,0
"파워링크",캐롤프리스트,ZZZ. 20대화장품,계면활성제없는화장품,모바일,2,1,66,66,3,1,0,0,0
"파워링크",캐롤프리스트,ZZZ. 20대화장품,고급화장품브랜드,PC,3,0,0,0,7.3,0,0,0,0
"파워링크",캐롤프리스트,ZZZ. 20대화장품,기능성화장품,PC,1,0,0,0,106,0,0,0,0
"파워링크",캐롤프리스트,ZZZ. 20대화장품,기능성화장품브랜드,PC,2,0,0,0,7,0,0,0,0
"파워링크",캐롤프리스트,ZZZ. 20대화장품,기능성화장품사이트,PC,2,0,0,0,3,0,0,0,0
"파워링크",캐롤프리스트,ZZZ. 20대화장품,내추럴화장품,PC,1,0,0,0,7,0,0,0,0
"파워링크",캐롤프리스트,ZZZ. 20대화장품,내추럴화장품,모바일,2,0,0,0,4,0,0,0,0
"파워링크",캐롤프리스트,ZZZ. 20대화장품,방부제,PC,26,0,0,0,7.4,0,0,0,0
"파워링크",캐롤프리스트,ZZZ. 20대화장품,방부제,모바일,12,1,99,99,9.6,1,0,0,0
"파워링크",캐롤프리스트,ZZZ. 20대화장품,방부제없는화장품,PC,1,0,0,0,6,0,0,0,0
"파워링크",캐롤프리스트,ZZZ. 20대화장품,순한화장품사이트,모바일,1,0,0,0,1,0,0,0,0
"파워링크",캐롤프리스트,ZZZ. 20대화장품,여드름에좋은천연화장품,모바일,1,0,0,0,1,0,0,0,0
"파워링크",캐롤프리스트,ZZZ. 20대화장품,여성화장품브랜드,PC,3,0,0,0,8.3,0,0,0,0
"파워링크",캐롤프리스트,ZZZ. 20대화장품,여자화장품파는곳,PC,1,0,0,0,3,0,0,0,0
"파워링크",캐롤프리스트,ZZZ. 20대화장품,여자화장품파는곳,모바일,1,0,0,0,2,0,0,0,0
"파워링크",캐롤프리스트,ZZZ. 20대화장품,연예인화장품브랜드,PC,2,0,0,0,2,0,0,0,0
"파워링크",캐롤프리스트,ZZZ. 20대화장품,연예인화장품추천,모바일,2,0,0,0,4,0,0,0,0
"파워링크",캐롤프리스트,ZZZ. 20대화장품,인공색소,PC,1,0,0,0,4,0,0,0,0
"파워링크",캐롤프리스트,ZZZ. 20대화장품,인공색소,모바일,3,0,0,0,4,0,0,0,0
"파워링크",캐롤프리스트,ZZZ. 20대화장품,인공향,PC,5,0,0,0,1.6,0,0,0,0
"파워링크",캐롤프리스트,ZZZ. 20대화장품,인공향,모바일,6,0,0,0,1.3,0,0,0,0
"파워링크",캐롤프리스트,ZZZ. 20대화장품,임산부화장품브랜드,PC,1,0,0,0,7,0,0,0,0
"파워링크",캐롤프리스트,ZZZ. 20대화장품,임산부화장품브랜드,모바일,1,0,0,0,4,0,0,0,0
"파워링크",캐롤프리스트,ZZZ. 20대화장품,임산부화장품추천,모바일,1,0,0,0,16,0,0,0,0
"파워링크",캐롤프리스트,ZZZ. 20대화장품,자극없는화장품,모바일,1,0,0,0,2,0,0,0,0
"파워링크",캐롤프리스트,ZZZ. 20대화장품,자연주의화장품,PC,32,1,550,550,3.9,1,0,0,0
"파워링크",캐롤프리스트,ZZZ. 20대화장품,자연주의화장품,모바일,1,0,0,0,8,0,0,0,0
"파워링크",캐롤프리스트,ZZZ. 20대화장품,자연주의화장품브랜드,PC,1,0,0,0,7,0,0,0,0
"파워링크",캐롤프리스트,ZZZ. 20대화장품,자연화장품,PC,6,0,0,0,2.7,0,0,0,0
"파워링크",캐롤프리스트,ZZZ. 20대화장품,저자극화장품,PC,6,0,0,0,5.2,0,0,0,0
"파워링크",캐롤프리스트,ZZZ. 20대화장품,저자극화장품추천,모바일,3,0,0,0,2,0,0,0,0
"파워링크",캐롤프리스트,ZZZ. 20대화장품,좋은화장품브랜드,PC,1,0,0,0,3,0,0,0,0
"파워링크",캐롤프리스트,ZZZ. 20대화장품,좋은화장품추천,모바일,1,0,0,0,1,0,0,0,0
"파워링크",캐롤프리스트,ZZZ. 20대화장품,천연화장품브랜드,PC,10,0,0,0,2.8,0,0,0,0
"파워링크",캐롤프리스트,ZZZ. 20대화장품,천연화장품브랜드,모바일,19,0,0,0,2.7,0,0,0,0
"파워링크",캐롤프리스트,ZZZ. 20대화장품,천연화장품사이트,PC,1,0,0,0,7,0,0,0,0
"파워링크",캐롤프리스트,ZZZ. 20대화장품,천연화장품추천,모바일,3,0,0,0,2,0,0,0,0
"파워링크",캐롤프리스트,ZZZ. 20대화장품,첨가물,모바일,2,0,0,0,4.5,0,0,0,0
"파워링크",캐롤프리스트,ZZZ. 20대화장품,파라벤,PC,6,0,0,0,4,0,0,0,0
"파워링크",캐롤프리스트,ZZZ. 20대화장품,파라벤,모바일,21,0,0,0,2.5,0,0,0,0
"파워링크",캐롤프리스트,ZZZ. 20대화장품,홍조피부에좋은화장품,PC,1,0,0,0,4,0,0,0,0
"파워링크",캐롤프리스트,ZZZ. 20대화장품,홍조피부에좋은화장품,모바일,3,0,0,0,4,0,0,0,0
"파워링크",캐롤프리스트,ZZZ. 20대화장품,화장품브랜드,PC,1,1,77,77,76,1,0,0,0
"파워링크",캐롤프리스트,ZZZ. 20대화장품,화장품파는곳,PC,1,0,0,0,10,0,0,0,0
"파워링크",캐롤프리스트,ZZZ. 20대화장품,화학성분,PC,12,0,0,0,6.1,0,0,0,0
"파워링크",캐롤프리스트,ZZZ. 20대화장품,화학성분,모바일,6,0,0,0,3.7,0,0,0,0
"파워링크",캐롤프리스트,B1. 클렌징,-,PC,3,0,0,0,1.7,0,0,0,0
"파워링크",캐롤프리스트,B1. 클렌징,-,모바일,14,0,0,0,3.3,0,0,0,0
"파워링크",캐롤프리스트,B1. 클렌징,건성용크렌징,모바일,1,0,0,0,1,0,0,0,0
"파워링크",캐롤프리스트,B1. 클렌징,건성클렌징크림,모바일,1,0,0,0,2,0,0,0,0
"파워링크",캐롤프리스트,B1. 클렌징,건성피부클렌징크림,모바일,1,0,0,0,1,0,0,0,0
"파워링크",캐롤프리스트,B1. 클렌징,대용량클렌징크림,PC,1,0,0,0,1,0,0,0,0
"파워링크",캐롤프리스트,B1. 클렌징,대용량클렌징크림,모바일,11,0,0,0,3.5,0,0,0,0
"파워링크",캐롤프리스트,B1. 클렌징,딥클렌징크림,PC,5,0,0,0,1,0,0,0,0
"파워링크",캐롤프리스트,B1. 클렌징,딥클렌징크림,모바일,8,0,0,0,2.3,0,0,0,0
"파워링크",캐롤프리스트,B1. 클렌징,무파라벤클렌징,모바일,1,0,0,0,1,0,0,0,0
"파워링크",캐롤프리스트,B1. 클렌징,복합성클렌징크림,모바일,1,0,0,0,3,0,0,0,0
"파워링크",캐롤프리스트,B1. 클렌징,여드름용클렌징,PC,2,0,0,0,8,0,0,0,0
"파워링크",캐롤프리스트,B1. 클렌징,여드름용클렌징,모바일,1,0,0,0,1,0,0,0,0
"파워링크",캐롤프리스트,B1. 클렌징,여드름전용클렌징,PC,2,0,0,0,5.5,0,0,0,0
"파워링크",캐롤프리스트,B1. 클렌징,여드름클렌징,모바일,1,0,0,0,27,0,0,0,0
"파워링크",캐롤프리스트,B1. 클렌징,여드름클렌징크림,PC,4,0,0,0,2.5,0,0,0,0
"파워링크",캐롤프리스트,B1. 클렌징,여드름클렌징크림,모바일,8,0,0,0,2.1,0,0,0,0
"파워링크",캐롤프리스트,B1. 클렌징,연예인클렌징크림,모바일,1,0,0,0,2,0,0,0,0
"파워링크",캐롤프리스트,B1. 클렌징,유기농클렌징밀크,PC,1,0,0,0,1,0,0,0,0
"파워링크",캐롤프리스트,B1. 클렌징,저자극클렌징크림,PC,3,0,0,0,2.3,0,0,0,0
"파워링크",캐롤프리스트,B1. 클렌징,저자극클렌징크림,모바일,2,0,0,0,2,0,0,0,0
"파워링크",캐롤프리스트,B1. 클렌징,지성피부클렌징크림,모바일,5,0,0,0,1.4,0,0,0,0
"파워링크",캐롤프리스트,B1. 클렌징,천연클렌징크림,PC,1,0,0,0,6,0,0,0,0
"파워링크",캐롤프리스트,B1. 클렌징,천연폼클렌징,PC,1,0,0,0,8,0,0,0,0
"파워링크",캐롤프리스트,B1. 클렌징,크렌징,PC,4,0,0,0,1.8,0,0,0,0
"파워링크",캐롤프리스트,B1. 클렌징,크렌징,모바일,15,0,0,0,2.4,0,0,0,0
"파워링크",캐롤프리스트,B1. 클렌징,크렌징크림,모바일,2,0,0,0,2,0,0,0,0
"파워링크",캐롤프리스트,B1. 클렌징,크렌징크림추천,모바일,2,0,0,0,1,0,0,0,0
"파워링크",캐롤프리스트,B1. 클렌징,클렌징오일크림,PC,1,0,0,0,2,0,0,0,0
"파워링크",캐롤프리스트,B1. 클렌징,클렌징오일크림,모바일,1,0,0,0,3,0,0,0,0
"파워링크",캐롤프리스트,B1. 클렌징,클렌징크림,PC,53,0,0,0,7.2,0,0,0,0
"파워링크",캐롤프리스트,B1. 클렌징,클렌징크림,모바일,2,0,0,0,14,0,0,0,0
"파워링크",캐롤프리스트,B1. 클렌징,클렌징크림추천,PC,21,2,462,924,4,1,0,0,0
"파워링크",캐롤프리스트,B1. 클렌징,클렌징크림추천,모바일,12,0,0,0,3.8,0,0,0,0
"파워링크",캐롤프리스트,B1. 클렌징,파라벤없는클렌징,모바일,1,0,0,0,1,0,0,0,0
"파워링크",캐롤프리스트,B1. 클렌징,파라벤없는클렌징크림,모바일,1,0,0,0,1,0,0,0,0
"파워링크",캐롤프리스트,A9. 스킨케어,-,PC,4,0,0,0,5,0,0,0,0
"파워링크",캐롤프리스트,A9. 스킨케어,-,모바일,14,1,715,715,2.1,1.5,15.5,0,0
"파워링크",캐롤프리스트,A9. 스킨케어,20대기초화장품,PC,1,0,0,0,8,0,0,0,0
"파워링크",캐롤프리스트,A9. 스킨케어,20대기초화장품,모바일,1,0,0,0,2,0,0,0,0
"파워링크",캐롤프리스트,A9. 스킨케어,20대스킨로션,PC,1,0,0,0,5,0,0,0,0
"파워링크",캐롤프리스트,A9. 스킨케어,20대스킨로션추천,PC,3,0,0,0,6.7,0,0,0,0
"파워링크",캐롤프리스트,A9. 스킨케어,20대스킨로션추천,모바일,2,0,0,0,2,0,0,0,0
"파워링크",캐롤프리스트,A9. 스킨케어,건성기초화장품,PC,4,0,0,0,3.3,0,0,0,0
"파워링크",캐롤프리스트,A9. 스킨케어,건성기초화장품,모바일,6,0,0,0,2.7,0,0,0,0
"파워링크",캐롤프리스트,A9. 스킨케어,건성기초화장품추천,PC,2,0,0,0,1,0,0,0,0
"파워링크",캐롤프리스트,A9. 스킨케어,건성기초화장품추천,모바일,2,0,0,0,2,0,0,0,0
"파워링크",캐롤프리스트,A9. 스킨케어,건성스킨로션,PC,3,0,0,0,7.3,0,0,0,0
"파워링크",캐롤프리스트,A9. 스킨케어,건성스킨로션추천,PC,1,0,0,0,7,0,0,0,0
"파워링크",캐롤프리스트,A9. 스킨케어,건성피부기초화장품,PC,3,0,0,0,2.3,0,0,0,0
"파워링크",캐롤프리스트,A9. 스킨케어,건성피부기초화장품추천,PC,1,0,0,0,1,0,0,0,0
"파워링크",캐롤프리스트,A9. 스킨케어,기능성기초화장품,모바일,4,0,0,0,1.8,1.5,7.5,0,0
"파워링크",캐롤프리스트,A9. 스킨케어,기초화장품브랜드,PC,9,0,0,0,7,0,0,0,0
"파워링크",캐롤프리스트,A9. 스킨케어,기초화장품브랜드,모바일,2,0,0,0,1.5,0,0,0,0
"파워링크",캐롤프리스트,A9. 스킨케어,기초화장품선물,PC,5,0,0,0,4.8,0,0,0,0
"파워링크",캐롤프리스트,A9. 스킨케어,기초화장품선물,모바일,4,0,0,0,3,0,0,0,0
"파워링크",캐롤프리스트,A9. 스킨케어,기초화장품추천,PC,9,0,0,0,4.3,0,0,0,0
"파워링크",캐롤프리스트,A9. 스킨케어,기초화장품추천,모바일,2,0,0,0,2,0,0,0,0
"파워링크",캐롤프리스트,A9. 스킨케어,미네랄파우더,PC,14,0,0,0,1.1,0,0,0,0
"파워링크",캐롤프리스트,A9. 스킨케어,미네랄파우더,모바일,75,2,787,"1,573",1.2,2,8.33,0,0
"파워링크",캐롤프리스트,A9. 스킨케어,미백기능성화장품추천,모바일,1,0,0,0,3,0,0,0,0
"파워링크",캐롤프리스트,A9. 스킨케어,미백기능화장품,모바일,1,0,0,0,2,0,0,0,0
"파워링크",캐롤프리스트,A9. 스킨케어,미백기초,PC,2,0,0,0,4.5,0,0,0,0
"파워링크",캐롤프리스트,A9. 스킨케어,미백기초,모바일,2,0,0,0,2.5,0,0,0,0
"파워링크",캐롤프리스트,A9. 스킨케어,미백스킨로션,PC,3,0,0,0,5,0,0,0,0
"파워링크",캐롤프리스트,A9. 스킨케어,민감성기초화장품,PC,1,0,0,0,2,0,0,0,0
"파워링크",캐롤프리스트,A9. 스킨케어,민감성기초화장품추천,모바일,2,0,0,0,2,0,0,0,0
"파워링크",캐롤프리스트,A9. 스킨케어,민감성스킨로션브랜드,모바일,2,0,0,0,2,0,0,0,0
"파워링크",캐롤프리스트,A9. 스킨케어,민감성피부스킨로션,PC,4,0,0,0,6.5,0,0,0,0
"파워링크",캐롤프리스트,A9. 스킨케어,민감한피부스킨로션,모바일,1,0,0,0,1,0,0,0,0
"파워링크",캐롤프리스트,A9. 스킨케어,복합성스킨로션,PC,4,0,0,0,2.3,0,0,0,0
"파워링크",캐롤프리스트,A9. 스킨케어,복합성스킨로션,모바일,1,0,0,0,1,0,0,0,0
"파워링크",캐롤프리스트,A9. 스킨케어,복합성피부기초화장품,모바일,3,1,132,132,2,2,14,0,0
"파워링크",캐롤프리스트,A9. 스킨케어,복합성피부스킨로션,PC,2,0,0,0,6.5,0,0,0,0
"파워링크",캐롤프리스트,A9. 스킨케어,브라이트닝크림,PC,1,0,0,0,12,0,0,0,0
"파워링크",캐롤프리스트,A9. 스킨케어,순한기초화장품,PC,9,0,0,0,4.7,0,0,0,0
"파워링크",캐롤프리스트,A9. 스킨케어,순한기초화장품,모바일,1,0,0,0,4,0,0,0,0
"파워링크",캐롤프리스트,A9. 스킨케어,순한스킨로션,PC,6,0,0,0,5.2,0,0,0,0
"파워링크",캐롤프리스트,A9. 스킨케어,순한스킨로션,모바일,2,0,0,0,7.5,0,0,0,0
"파워링크",캐롤프리스트,A9. 스킨케어,순한스킨로션추천,모바일,1,0,0,0,4,0,0,0,0
"파워링크",캐롤프리스트,A9. 스킨케어,스킨로션,PC,1,0,0,0,21,0,0,0,0
"파워링크",캐롤프리스트,A9. 스킨케어,스킨로션,모바일,7,0,0,0,3,0,0,0,0
"파워링크",캐롤프리스트,A9. 스킨케어,스킨로션브랜드,PC,1,0,0,0,5,0,0,0,0
"파워링크",캐롤프리스트,A9. 스킨케어,스킨로션브랜드,모바일,2,0,0,0,3.5,0,0,0,0
"파워링크",캐롤프리스트,A9. 스킨케어,스킨로션선물,모바일,1,0,0,0,4,0,0,0,0
"파워링크",캐롤프리스트,A9. 스킨케어,스킨로션추천,PC,4,0,0,0,7,0,0,0,0
"파워링크",캐롤프리스트,A9. 스킨케어,스킨로션추천,모바일,5,0,0,0,6.8,0,0,0,0
"파워링크",캐롤프리스트,A9. 스킨케어,스킨로션파는곳,모바일,1,0,0,0,3,0,0,0,0
"파워링크",캐롤프리스트,A9. 스킨케어,식물성기초화장품,모바일,1,0,0,0,1,0,0,0,0
"파워링크",캐롤프리스트,A9. 스킨케어,여드름기초화장품,모바일,2,0,0,0,19,0,0,0,0
"파워링크",캐롤프리스트,A9. 스킨케어,여드름스킨로션,모바일,1,0,0,0,21,0,0,0,0
"파워링크",캐롤프리스트,A9. 스킨케어,여드름용스킨로션,PC,1,0,0,0,5,0,0,0,0
"파워링크",캐롤프리스트,A9. 스킨케어,여드름용스킨로션,모바일,1,0,0,0,4,0,0,0,0
"파워링크",캐롤프리스트,A9. 스킨케어,여드름전용비비,모바일,1,0,0,0,1,0,0,0,0
"파워링크",캐롤프리스트,A9. 스킨케어,여드름피부기초화장품,PC,1,0,0,0,8,0,0,0,0
"파워링크",캐롤프리스트,A9. 스킨케어,여드름피부스킨로션,PC,5,0,0,0,5,0,0,0,0
"파워링크",캐롤프리스트,A9. 스킨케어,여드름피부스킨로션,모바일,4,0,0,0,2,0,0,0,0
"파워링크",캐롤프리스트,A9. 스킨케어,여성기초화장품,PC,3,0,0,0,8.7,0,0,0,0
"파워링크",캐롤프리스트,A9. 스킨케어,여성기초화장품,모바일,30,0,0,0,1.6,0,0,0,0
"파워링크",캐롤프리스트,A9. 스킨케어,여성기초화장품브랜드,모바일,1,0,0,0,1,0,0,0,0
"파워링크",캐롤프리스트,A9. 스킨케어,여성기초화장품추천,PC,2,0,0,0,10,0,0,0,0
"파워링크",캐롤프리스트,A9. 스킨케어,여성스킨로션,PC,1,0,0,0,10,0,0,0,0
"파워링크",캐롤프리스트,A9. 스킨케어,여성스킨로션,모바일,1,0,0,0,10,0,0,0,0
"파워링크",캐롤프리스트,A9. 스킨케어,여성스킨로션브랜드,모바일,1,0,0,0,4,0,0,0,0
"파워링크",캐롤프리스트,A9. 스킨케어,여성스킨로션추천,PC,3,0,0,0,7,0,0,0,0
"파워링크",캐롤프리스트,A9. 스킨케어,여성스킨로션추천,모바일,1,0,0,0,10,0,0,0,0
"파워링크",캐롤프리스트,A9. 스킨케어,여자기초화장품,PC,1,0,0,0,3,0,0,0,0
"파워링크",캐롤프리스트,A9. 스킨케어,여자기초화장품,모바일,2,0,0,0,1.5,0,0,0,0
"파워링크",캐롤프리스트,A9. 스킨케어,여자스킨로션,모바일,1,0,0,0,2,0,0,0,0
"파워링크",캐롤프리스트,A9. 스킨케어,여자스킨로션브랜드,모바일,3,0,0,0,2.3,0,0,0,0
"파워링크",캐롤프리스트,A9. 스킨케어,연예인기초화장품,PC,1,0,0,0,1,0,0,0,0
"파워링크",캐롤프리스트,A9. 스킨케어,연예인기초화장품,모바일,1,0,0,0,1,0,0,0,0
"파워링크",캐롤프리스트,A9. 스킨케어,연예인스킨로션,PC,1,0,0,0,7,0,0,0,0
"파워링크",캐롤프리스트,A9. 스킨케어,연예인스킨로션,모바일,2,0,0,0,3.5,0,0,0,0
"파워링크",캐롤프리스트,A9. 스킨케어,예민한피부스킨로션,모바일,1,0,0,0,1,0,0,0,0
"파워링크",캐롤프리스트,A9. 스킨케어,유기농비비크림,PC,1,0,0,0,8,1,0,0,0
"파워링크",캐롤프리스트,A9. 스킨케어,유해성분없는기초화장품,모바일,3,0,0,0,1.7,0,0,0,0
"파워링크",캐롤프리스트,A9. 스킨케어,잡티화이트닝,모바일,1,0,0,0,2,0,0,0,0
"파워링크",캐롤프리스트,A9. 스킨케어,저자극기초화장품,PC,1,0,0,0,1,0,0,0,0
"파워링크",캐롤프리스트,A9. 스킨케어,저자극기초화장품,모바일,1,0,0,0,2,0,0,0,0
"파워링크",캐롤프리스트,A9. 스킨케어,저자극스킨로션,PC,2,0,0,0,6,0,0,0,0
"파워링크",캐롤프리스트,A9. 스킨케어,저자극스킨로션,모바일,2,0,0,0,3.5,0,0,0,0
"파워링크",캐롤프리스트,A9. 스킨케어,중성피부스킨로션,모바일,1,0,0,0,4,0,0,0,0
"파워링크",캐롤프리스트,A9. 스킨케어,지성기초화장품,PC,3,0,0,0,4.7,0,0,0,0
"파워링크",캐롤프리스트,A9. 스킨케어,지성기초화장품,모바일,1,0,0,0,4,0,0,0,0
"파워링크",캐롤프리스트,A9. 스킨케어,지성스킨로션추천,모바일,5,0,0,0,3.2,0,0,0,0
"파워링크",캐롤프리스트,A9. 스킨케어,지성용기초화장품,모바일,1,0,0,0,3,0,0,0,0
"파워링크",캐롤프리스트,A9. 스킨케어,지성용스킨로션,PC,2,0,0,0,5,0,0,0,0
"파워링크",캐롤프리스트,A9. 스킨케어,지성피부기초화장품,PC,2,0,0,0,2.5,0,0,0,0
"파워링크",캐롤프리스트,A9. 스킨케어,지성피부기초화장품,모바일,20,0,0,0,1.9,0,0,0,0
"파워링크",캐롤프리스트,A9. 스킨케어,지성피부기초화장품추천,PC,2,0,0,0,5,0,0,0,0
"파워링크",캐롤프리스트,A9. 스킨케어,지성피부기초화장품추천,모바일,1,0,0,0,2,0,0,0,0
"파워링크",캐롤프리스트,A9. 스킨케어,지성피부스킨로션,PC,15,0,0,0,7.1,0,0,0,0
"파워링크",캐롤프리스트,A9. 스킨케어,지성피부스킨로션,모바일,1,0,0,0,14,0,0,0,0
"파워링크",캐롤프리스트,A9. 스킨케어,지성피부스킨로션추천,PC,8,0,0,0,3.9,0,0,0,0
"파워링크",캐롤프리스트,A9. 스킨케어,지성피부스킨로션추천,모바일,2,0,0,0,3,0,0,0,0
"파워링크",캐롤프리스트,A9. 스킨케어,천연미네랄파우더,모바일,2,0,0,0,3,0,0,0,0
"파워링크",캐롤프리스트,A9. 스킨케어,천연미백화장품,모바일,1,0,0,0,2,0,0,0,0
"파워링크",캐롤프리스트,A9. 스킨케어,천연색조화장품,PC,3,0,0,0,1,0,0,0,0
"파워링크",캐롤프리스트,A9. 스킨케어,천연색조화장품,모바일,13,1,715,715,1.2,1.5,3,0,0
"파워링크",캐롤프리스트,A9. 스킨케어,트러블스킨로션,PC,3,0,0,0,6,0,0,0,0
"파워링크",캐롤프리스트,A9. 스킨케어,트러블스킨로션,모바일,6,0,0,0,3,0,0,0,0
"파워링크",캐롤프리스트,A9. 스킨케어,트러블자국,PC,3,0,0,0,2.7,0,0,0,0
"파워링크",캐롤프리스트,A9. 스킨케어,트러블자국,모바일,9,1,451,451,2.3,1,0,0,0
"파워링크",캐롤프리스트,A9. 스킨케어,트러블피부기초화장품,PC,1,0,0,0,7,0,0,0,0
"파워링크",캐롤프리스트,A9. 스킨케어,트러블피부기초화장품,모바일,2,0,0,0,2,0,0,0,0
"파워링크",캐롤프리스트,A9. 스킨케어,핸드팩,PC,2,0,0,0,8,0,0,0,0
"파워링크",캐롤프리스트,A9. 스킨케어,핸드팩,모바일,1,0,0,0,6,0,0,0,0
"파워링크",캐롤프리스트,A9. 스킨케어,효과좋은미백화장품,PC,1,0,0,0,1,0,0,0,0
"파워링크",캐롤프리스트,A9. 스킨케어,효과좋은미백화장품,모바일,1,0,0,0,4,0,0,0,0
"파워링크",캐롤프리스트,C2. 바디로션,-,PC,1,0,0,0,2,0,0,0,0
"파워링크",캐롤프리스트,C2. 바디로션,-,모바일,2,0,0,0,3,0,0,0,0
"파워링크",캐롤프리스트,C2. 바디로션,무파라벤바디로션,모바일,3,0,0,0,1,0,0,0,0
"파워링크",캐롤프리스트,C2. 바디로션,방부제없는바디로션,모바일,5,0,0,0,2,0,0,0,0
"파워링크",캐롤프리스트,C2. 바디로션,인공색소없는바디로션,모바일,1,0,0,0,3,0,0,0,0
"파워링크",캐롤프리스트,C2. 바디로션,파라벤없는바디로션,모바일,2,0,0,0,2,0,0,0,0
"파워링크",캐롤프리스트,C2. 바디로션,화학성분없는바디로션,PC,2,0,0,0,3,0,0,0,0
"파워링크",캐롤프리스트,C2. 바디로션,화학성분없는바디로션,모바일,1,0,0,0,4,0,0,0,0
"파워링크",캐롤프리스트,B3. 스크럽,-,PC,4,0,0,0,1.8,0,0,0,0
"파워링크",캐롤프리스트,B3. 스크럽,-,모바일,33,0,0,0,1.3,0,0,0,0
"파워링크",캐롤프리스트,B3. 스크럽,각질스크럽추천,PC,1,0,0,0,6,0,0,0,0
"파워링크",캐롤프리스트,B3. 스크럽,각질없애기,PC,2,0,0,0,2,0,0,0,0
"파워링크",캐롤프리스트,B3. 스크럽,각질없애기,모바일,4,0,0,0,2.3,0,0,0,0
"파워링크",캐롤프리스트,B3. 스크럽,각질없애는법,모바일,6,0,0,0,1.3,0,0,0,0
"파워링크",캐롤프리스트,B3. 스크럽,각질제거,PC,3,0,0,0,52.3,0,0,0,0
"파워링크",캐롤프리스트,B3. 스크럽,각질제거화장품,PC,2,0,0,0,5,0,0,0,0
"파워링크",캐롤프리스트,B3. 스크럽,각질팩추천,PC,1,0,0,0,7,0,0,0,0
"파워링크",캐롤프리스트,B3. 스크럽,건성스크럽,PC,1,0,0,0,2,0,0,0,0
"파워링크",캐롤프리스트,B3. 스크럽,건성팩,모바일,1,0,0,0,2,0,0,0,0
"파워링크",캐롤프리스트,B3. 스크럽,건성피부팩,모바일,5,0,0,0,2.6,0,0,0,0
"파워링크",캐롤프리스트,B3. 스크럽,건성피부팩추천,모바일,2,0,0,0,2,0,0,0,0
"파워링크",캐롤프리스트,B3. 스크럽,건조한피부팩,모바일,3,0,0,0,3,0,0,0,0
"파워링크",캐롤프리스트,B3. 스크럽,고급팩,PC,1,0,0,0,8,0,0,0,0
"파워링크",캐롤프리스트,B3. 스크럽,대용량스크럽,PC,3,0,0,0,5.3,0,0,0,0
"파워링크",캐롤프리스트,B3. 스크럽,마스크팩,PC,6,0,0,0,53.2,0,0,0,0
"파워링크",캐롤프리스트,B3. 스크럽,마스크팩,모바일,1,0,0,0,39,0,0,0,0
"파워링크",캐롤프리스트,B3. 스크럽,모공관리팩,PC,2,0,0,0,3,0,0,0,0
"파워링크",캐롤프리스트,B3. 스크럽,모공스크럽,PC,2,0,0,0,8,0,0,0,0
"파워링크",캐롤프리스트,B3. 스크럽,모공스크럽,모바일,1,0,0,0,6,0,0,0,0
"파워링크",캐롤프리스트,B3. 스크럽,모공축소천연팩,PC,1,0,0,0,5,0,0,0,0
"파워링크",캐롤프리스트,B3. 스크럽,모공축소천연팩,모바일,1,0,0,0,6,0,0,0,0
"파워링크",캐롤프리스트,B3. 스크럽,민감성피부팩,PC,7,0,0,0,4.4,0,0,0,0
"파워링크",캐롤프리스트,B3. 스크럽,민감성피부팩,모바일,3,0,0,0,4.3,0,0,0,0
"파워링크",캐롤프리스트,B3. 스크럽,복합성피부팩,모바일,1,0,0,0,1,0,0,0,0
"파워링크",캐롤프리스트,B3. 스크럽,블랙헤드없애기,PC,3,0,0,0,4,0,0,0,0
"파워링크",캐롤프리스트,B3. 스크럽,블랙헤드없애기,모바일,3,0,0,0,1.7,0,0,0,0
"파워링크",캐롤프리스트,B3. 스크럽,블랙헤드없애는방법,PC,1,0,0,0,6,0,0,0,0
"파워링크",캐롤프리스트,B3. 스크럽,블랙헤드없애는방법,모바일,8,0,0,0,4.6,0,0,0,0
"파워링크",캐롤프리스트,B3. 스크럽,블랙헤드없애는법,모바일,19,0,0,0,3.2,0,0,0,0
"파워링크",캐롤프리스트,B3. 스크럽,블랙헤드제거화장품,모바일,6,0,0,0,4,0,0,0,0
"파워링크",캐롤프리스트,B3. 스크럽,스크럽추천,PC,7,0,0,0,2.1,0,0,0,0
"파워링크",캐롤프리스트,B3. 스크럽,스크럽추천,모바일,20,1,330,330,1.9,1,0,0,0
"파워링크",캐롤프리스트,B3. 스크럽,스크럽파는곳,PC,1,0,0,0,1,0,0,0,0
"파워링크",캐롤프리스트,B3. 스크럽,스크럽화장품,PC,1,0,0,0,1,0,0,0,0
"파워링크",캐롤프리스트,B3. 스크럽,악건성팩,모바일,3,0,0,0,2.7,0,0,0,0
"파워링크",캐롤프리스트,B3. 스크럽,얼굴각질,PC,1,0,0,0,9,0,0,0,0
"파워링크",캐롤프리스트,B3. 스크럽,얼굴각질관리,PC,9,0,0,0,2.1,0,0,0,0
"파워링크",캐롤프리스트,B3. 스크럽,얼굴각질관리,모바일,7,0,0,0,2,0,0,0,0
"파워링크",캐롤프리스트,B3. 스크럽,얼굴각질없애기,모바일,3,0,0,0,3,0,0,0,0
"파워링크",캐롤프리스트,B3. 스크럽,얼굴각질없애는방법,모바일,2,0,0,0,2,0,0,0,0
"파워링크",캐롤프리스트,B3. 스크럽,얼굴각질없애는법,PC,1,0,0,0,1,0,0,0,0
"파워링크",캐롤프리스트,B3. 스크럽,얼굴각질없애는법,모바일,5,0,0,0,1,0,0,0,0
"파워링크",캐롤프리스트,B3. 스크럽,얼굴각질제거화장품,모바일,3,0,0,0,1,0,0,0,0
"파워링크",캐롤프리스트,B3. 스크럽,얼굴블랙헤드없애는법,PC,7,0,0,0,4.6,0,0,0,0
"파워링크",캐롤프리스트,B3. 스크럽,얼굴블랙헤드없애는법,모바일,3,0,0,0,2.7,0,0,0,0
"파워링크",캐롤프리스트,B3. 스크럽,얼굴크림팩,모바일,1,0,0,0,3,0,0,0,0
"파워링크",캐롤프리스트,B3. 스크럽,얼굴팩,PC,12,0,0,0,6,0,0,0,0
"파워링크",캐롤프리스트,B3. 스크럽,얼굴팩,모바일,4,0,0,0,6.8,0,0,0,0
"파워링크",캐롤프리스트,B3. 스크럽,얼굴필링,PC,3,0,0,0,4,0,0,0,0
"파워링크",캐롤프리스트,B3. 스크럽,얼굴필링,모바일,2,0,0,0,6,0,0,0,0
"파워링크",캐롤프리스트,B3. 스크럽,여드름스크럽,모바일,3,0,0,0,1.7,0,0,0,0
"파워링크",캐롤프리스트,B3. 스크럽,여드름팩,모바일,2,0,0,0,2,0,0,0,0
"파워링크",캐롤프리스트,B3. 스크럽,여드름팩추천,PC,2,0,0,0,6,0,0,0,0
"파워링크",캐롤프리스트,B3. 스크럽,여드름팩추천,모바일,5,0,0,0,2.6,0,0,0,0
"파워링크",캐롤프리스트,B3. 스크럽,연예인스크럽,모바일,1,0,0,0,3,0,0,0,0
"파워링크",캐롤프리스트,B3. 스크럽,영양천연팩,모바일,1,0,0,0,1,0,0,0,0
"파워링크",캐롤프리스트,B3. 스크럽,유기농마스크팩,모바일,1,0,0,0,3,0,0,0,0
"파워링크",캐롤프리스트,B3. 스크럽,지성스크럽,모바일,1,0,0,0,3,0,0,0,0
"파워링크",캐롤프리스트,B3. 스크럽,지성스크럽추천,모바일,1,0,0,0,1,0,0,0,0
"파워링크",캐롤프리스트,B3. 스크럽,지성용팩,PC,1,0,0,0,3,0,0,0,0
"파워링크",캐롤프리스트,B3. 스크럽,지성팩,PC,2,1,517,517,1.5,1,0,0,0
"파워링크",캐롤프리스트,B3. 스크럽,지성팩,모바일,4,0,0,0,2,0,0,0,0
"파워링크",캐롤프리스트,B3. 스크럽,지성피부스크럽,PC,2,0,0,0,3,0,0,0,0
"파워링크",캐롤프리스트,B3. 스크럽,지성피부팩,PC,9,0,0,0,2.2,0,0,0,0
"파워링크",캐롤프리스트,B3. 스크럽,지성피부팩,모바일,9,0,0,0,2.4,0,0,0,0
"파워링크",캐롤프리스트,B3. 스크럽,지성피부팩추천,모바일,1,0,0,0,1,0,0,0,0
"파워링크",캐롤프리스트,B3. 스크럽,천연마스크,PC,1,0,0,0,9,0,0,0,0
"파워링크",캐롤프리스트,B3. 스크럽,천연마스크팩,PC,4,0,0,0,1.8,0,0,0,0
"파워링크",캐롤프리스트,B3. 스크럽,천연마스크팩,모바일,20,0,0,0,1.4,0,0,0,0
"파워링크",캐롤프리스트,B3. 스크럽,천연보습팩,모바일,5,0,0,0,2.2,0,0,0,0
"파워링크",캐롤프리스트,B3. 스크럽,천연스크럽,PC,9,0,0,0,3.7,0,0,0,0
"파워링크",캐롤프리스트,B3. 스크럽,천연스크럽,모바일,2,0,0,0,2,0,0,0,0
"파워링크",캐롤프리스트,B3. 스크럽,천연팩,PC,19,0,0,0,4.2,0,0,0,0
"파워링크",캐롤프리스트,B3. 스크럽,천연팩추천,PC,7,0,0,0,2.9,0,0,0,0
"파워링크",캐롤프리스트,B3. 스크럽,천연팩추천,모바일,28,0,0,0,1.8,0,0,0,0
"파워링크",캐롤프리스트,B3. 스크럽,코각질,모바일,2,0,0,0,5,0,0,0,0
"파워링크",캐롤프리스트,B3. 스크럽,코각질관리,PC,1,0,0,0,3,0,0,0,0
"파워링크",캐롤프리스트,B3. 스크럽,코각질관리,모바일,9,0,0,0,1.9,0,0,0,0
"파워링크",캐롤프리스트,B3. 스크럽,코각질없애는법,모바일,3,0,0,0,1,0,0,0,0
"파워링크",캐롤프리스트,B3. 스크럽,코각질제거,PC,12,0,0,0,7.8,0,0,0,0
"파워링크",캐롤프리스트,B3. 스크럽,코각질제거,모바일,2,0,0,0,5.5,0,0,0,0
"파워링크",캐롤프리스트,B3. 스크럽,코블랙헤드없애기,PC,1,0,0,0,2,0,0,0,0
"파워링크",캐롤프리스트,B3. 스크럽,코블랙헤드없애기,모바일,4,0,0,0,2,0,0,0,0
"파워링크",캐롤프리스트,B3. 스크럽,코블랙헤드없애는방법,모바일,2,0,0,0,2,0,0,0,0
"파워링크",캐롤프리스트,B3. 스크럽,코블랙헤드없애는법,PC,2,0,0,0,2,0,0,0,0
"파워링크",캐롤프리스트,B3. 스크럽,코블랙헤드없애는법,모바일,24,0,0,0,2,0,0,0,0
"파워링크",캐롤프리스트,B3. 스크럽,코스크럽,PC,1,0,0,0,4,0,0,0,0
"파워링크",캐롤프리스트,B3. 스크럽,코스크럽,모바일,2,0,0,0,2,0,0,0,0
"파워링크",캐롤프리스트,B3. 스크럽,코필링,PC,1,0,0,0,3,0,0,0,0
"파워링크",캐롤프리스트,B3. 스크럽,코필링,모바일,6,0,0,0,4,0,0,0,0
"파워링크",캐롤프리스트,B3. 스크럽,크림팩추천,PC,1,0,0,0,2,0,0,0,0
"파워링크",캐롤프리스트,B3. 스크럽,클레이마스크,PC,70,0,0,0,3.2,0,0,0,0
"파워링크",캐롤프리스트,B3. 스크럽,트러블스크럽,모바일,1,0,0,0,1,0,0,0,0
"파워링크",캐롤프리스트,B3. 스크럽,트러블진정팩,모바일,1,0,0,0,12,0,0,0,0
"파워링크",캐롤프리스트,B3. 스크럽,트러블팩,모바일,10,0,0,0,2,0,0,0,0
"파워링크",캐롤프리스트,B3. 스크럽,트러블팩추천,모바일,1,0,0,0,2,0,0,0,0
"파워링크",캐롤프리스트,B3. 스크럽,트러블피부팩,PC,1,0,0,0,3,0,0,0,0
"파워링크",캐롤프리스트,B3. 스크럽,트러블피부팩,모바일,2,0,0,0,1,0,0,0,0
"파워링크",캐롤프리스트,B3. 스크럽,트러블피부팩추천,모바일,1,0,0,0,3,0,0,0,0
"파워링크",캐롤프리스트,B3. 스크럽,팩추천,PC,47,0,0,0,2.8,0,0,0,0
"파워링크",캐롤프리스트,B3. 스크럽,팩파는곳,PC,1,0,0,0,4,0,0,0,0
"파워링크",캐롤프리스트,B3. 스크럽,페이셜스크럽,모바일,3,0,0,0,14.7,0,0,0,0
"파워링크",캐롤프리스트,B3. 스크럽,프리미엄팩,PC,1,0,0,0,3,0,0,0,0
"파워링크",캐롤프리스트,B3. 스크럽,피부관리팩,PC,2,0,0,0,3,0,0,0,0
"파워링크",캐롤프리스트,B3. 스크럽,피부블랙헤드관리,모바일,2,0,0,0,2,0,0,0,0
"파워링크",캐롤프리스트,B3. 스크럽,피부스크럽,모바일,5,0,0,0,1.4,0,0,0,0
"파워링크",캐롤프리스트,B3. 스크럽,피부필링,PC,1,0,0,0,3,0,0,0,0
"파워링크",캐롤프리스트,B3. 스크럽,피부필링,모바일,7,0,0,0,2,0,0,0,0
"파워링크",캐롤프리스트,B3. 스크럽,피지조절화장품,PC,2,0,0,0,8,0,0,0,0
"파워링크",캐롤프리스트,B3. 스크럽,필링제,PC,8,0,0,0,3,0,0,0,0
"파워링크",캐롤프리스트,B3. 스크럽,필링제,모바일,1,0,0,0,2,0,0,0,0
"파워링크",캐롤프리스트,B3. 스크럽,필링제추천,PC,4,0,0,0,1.5,0,0,0,0
"파워링크",캐롤프리스트,B3. 스크럽,필링제추천,모바일,10,1,418,418,1.3,1,0,0,0
"파워링크",캐롤프리스트,B3. 스크럽,필링화장품,PC,3,0,0,0,4,0,0,0,0
"파워링크",캐롤프리스트,B3. 스크럽,필링화장품,모바일,8,0,0,0,1.1,0,0,0,0
"파워링크",캐롤프리스트,B3. 스크럽,허브팩,PC,22,0,0,0,6.2,0,0,0,0
"파워링크",캐롤프리스트,B3. 스크럽,허브팩,모바일,198,0,0,0,2.4,0,0,0,0
"파워링크",캐롤프리스트,B3. 스크럽,화이트헤드팩,PC,1,0,0,0,10,0,0,0,0
"파워링크",캐롤프리스트,B5. 에센스세럼,-,모바일,1,0,0,0,1,0,0,0,0
"파워링크",캐롤프리스트,B5. 에센스세럼,20대에센스,PC,1,0,0,0,6,0,0,0,0
"파워링크",캐롤프리스트,B5. 에센스세럼,건성세럼추천,PC,1,0,0,0,9,0,0,0,0
"파워링크",캐롤프리스트,B5. 에센스세럼,건성수분세럼추천,PC,1,0,0,0,2,0,0,0,0
"파워링크",캐롤프리스트,B5. 에센스세럼,건성에센스추천,PC,1,0,0,0,9,0,0,0,0
"파워링크",캐롤프리스트,B5. 에센스세럼,건조한피부에센스,모바일,2,0,0,0,2.5,0,0,0,0
"파워링크",캐롤프리스트,B5. 에센스세럼,건조한피부에센스추천,PC,1,0,0,0,2,0,0,0,0
"파워링크",캐롤프리스트,B5. 에센스세럼,건조한피부에센스추천,모바일,1,0,0,0,2,0,0,0,0
"파워링크",캐롤프리스트,B5. 에센스세럼,로즈오일세럼,PC,3,0,0,0,7.7,0,0,0,0
"파워링크",캐롤프리스트,B5. 에센스세럼,민감성세럼,PC,1,0,0,0,1,0,0,0,0
"파워링크",캐롤프리스트,B5. 에센스세럼,민감성에센스,PC,1,0,0,0,2,0,0,0,0
"파워링크",캐롤프리스트,B5. 에센스세럼,민감성에센스,모바일,1,0,0,0,6,0,0,0,0
"파워링크",캐롤프리스트,B5. 에센스세럼,민감성피부에좋은세럼,PC,1,0,0,0,1,0,0,0,0
"파워링크",캐롤프리스트,B5. 에센스세럼,보습에센스추천,PC,1,0,0,0,6,0,0,0,0
"파워링크",캐롤프리스트,B5. 에센스세럼,복합성세럼,PC,1,0,0,0,4,0,0,0,0
"파워링크",캐롤프리스트,B5. 에센스세럼,복합성세럼,모바일,5,0,0,0,3.8,0,0,0,0
"파워링크",캐롤프리스트,B5. 에센스세럼,복합성피부세럼,PC,1,0,0,0,3,0,0,0,0
"파워링크",캐롤프리스트,B5. 에센스세럼,복합성피부세럼,모바일,1,0,0,0,2,0,0,0,0
"파워링크",캐롤프리스트,B5. 에센스세럼,비타민세럼,모바일,1,0,0,0,40,0,0,0,0
"파워링크",캐롤프리스트,B5. 에센스세럼,비타민세럼추천,PC,3,0,0,0,8.7,0,0,0,0
"파워링크",캐롤프리스트,B5. 에센스세럼,비타민에센스,PC,1,0,0,0,10,0,0,0,0
"파워링크",캐롤프리스트,B5. 에센스세럼,세럼,PC,3,0,0,0,47.7,2,2,0,0
"파워링크",캐롤프리스트,B5. 에센스세럼,수분에센스추천,PC,1,0,0,0,16,0,0,0,0
"파워링크",캐롤프리스트,B5. 에센스세럼,악건성세럼,PC,1,0,0,0,2,0,0,0,0
"파워링크",캐롤프리스트,B5. 에센스세럼,악건성세럼,모바일,1,0,0,0,1,0,0,0,0
"파워링크",캐롤프리스트,B5. 에센스세럼,악건성세럼추천,PC,1,0,0,0,7,0,0,0,0
"파워링크",캐롤프리스트,B5. 에센스세럼,에센스사이트,PC,1,0,0,0,3,0,0,0,0
"파워링크",캐롤프리스트,B5. 에센스세럼,에센스사이트,모바일,10,0,0,0,1.8,0,0,0,0
"파워링크",캐롤프리스트,B5. 에센스세럼,에센스화장품,PC,1,0,0,0,7,0,0,0,0
"파워링크",캐롤프리스트,B5. 에센스세럼,에센스화장품,모바일,1,0,0,0,6,0,0,0,0
"파워링크",캐롤프리스트,B5. 에센스세럼,여드름수분에센스,모바일,3,0,0,0,3.7,0,0,0,0
"파워링크",캐롤프리스트,B5. 에센스세럼,여드름에좋은세럼,모바일,3,0,0,0,2,0,0,0,0
"파워링크",캐롤프리스트,B5. 에센스세럼,여드름에좋은앰플,모바일,1,0,0,0,2,0,0,0,0
"파워링크",캐롤프리스트,B5. 에센스세럼,여드름에좋은에센스,모바일,3,0,0,0,1.3,0,0,0,0
"파워링크",캐롤프리스트,B5. 에센스세럼,여드름엠플,모바일,2,0,0,0,2,0,0,0,0
"파워링크",캐롤프리스트,B5. 에센스세럼,여드름용에센스,모바일,1,0,0,0,2,0,0,0,0
"파워링크",캐롤프리스트,B5. 에센스세럼,여드름피부에센스,모바일,1,0,0,0,2,0,0,0,0
"파워링크",캐롤프리스트,B5. 에센스세럼,여성보습에센스,모바일,1,0,0,0,1,0,0,0,0
"파워링크",캐롤프리스트,B5. 에센스세럼,여성에센스화장품,모바일,1,0,0,0,2,0,0,0,0
"파워링크",캐롤프리스트,B5. 에센스세럼,여자세럼,모바일,1,0,0,0,2,0,0,0,0
"파워링크",캐롤프리스트,B5. 에센스세럼,여자세럼추천,PC,1,0,0,0,2,0,0,0,0
"파워링크",캐롤프리스트,B5. 에센스세럼,여자에센스,PC,1,0,0,0,5,0,0,0,0
"파워링크",캐롤프리스트,B5. 에센스세럼,여자에센스브랜드,모바일,1,0,0,0,2,0,0,0,0
"파워링크",캐롤프리스트,B5. 에센스세럼,유기농에센스,PC,2,0,0,0,3.5,0,0,0,0
"파워링크",캐롤프리스트,B5. 에센스세럼,유기농에센스,모바일,4,0,0,0,3,0,0,0,0
"파워링크",캐롤프리스트,B5. 에센스세럼,유수분밸런스세럼,PC,1,0,0,0,2,0,0,0,0
"파워링크",캐롤프리스트,B5. 에센스세럼,인텐스세럼,모바일,1,0,0,0,1,0,0,0,0
"파워링크",캐롤프리스트,B5. 에센스세럼,지성세럼,PC,1,0,0,0,6,0,0,0,0
"파워링크",캐롤프리스트,B5. 에센스세럼,지성수분세럼,PC,1,0,0,0,5,0,0,0,0
"파워링크",캐롤프리스트,B5. 에센스세럼,지성수분세럼,모바일,3,0,0,0,4,0,0,0,0
"파워링크",캐롤프리스트,B5. 에센스세럼,지성에센스,PC,2,0,0,0,8,0,0,0,0
"파워링크",캐롤프리스트,B5. 에센스세럼,지성에센스,모바일,1,0,0,0,2,0,0,0,0
"파워링크",캐롤프리스트,B5. 에센스세럼,지성에센스세럼,모바일,2,0,0,0,2.5,0,0,0,0
"파워링크",캐롤프리스트,B5. 에센스세럼,지성용세럼,PC,1,0,0,0,8,0,0,0,0
"파워링크",캐롤프리스트,B5. 에센스세럼,지성용에센스,모바일,3,0,0,0,3,0,0,0,0
"파워링크",캐롤프리스트,B5. 에센스세럼,지성용에센스추천,모바일,1,0,0,0,2,0,0,0,0
"파워링크",캐롤프리스트,B5. 에센스세럼,지성피부에좋은세럼,모바일,2,0,0,0,1,0,0,0,0
"파워링크",캐롤프리스트,B5. 에센스세럼,천연세럼,모바일,2,1,"1,056","1,056",3,1.5,11,0,0
"파워링크",캐롤프리스트,B5. 에센스세럼,천연에센스,PC,1,0,0,0,2,0,0,0,0
"파워링크",캐롤프리스트,B5. 에센스세럼,천연에센스,모바일,5,0,0,0,2,0,0,0,0
"파워링크",캐롤프리스트,B5. 에센스세럼,천연오일세럼,모바일,1,0,0,0,2,0,0,0,0
"파워링크",캐롤프리스트,B5. 에센스세럼,촉촉한에센스,PC,1,0,0,0,2,0,0,0,0
"파워링크",캐롤프리스트,B5. 에센스세럼,탄력에센스추천,PC,1,0,0,0,4,0,0,0,0
"파워링크",캐롤프리스트,B5. 에센스세럼,탄력에센스추천,모바일,1,0,0,0,7,0,0,0,0
"파워링크",캐롤프리스트,B5. 에센스세럼,트러블피부에센스,PC,1,0,0,0,2,0,0,0,0
"파워링크",캐롤프리스트,B5. 에센스세럼,트러블피부에센스,모바일,1,0,0,0,1,0,0,0,0
"파워링크",캐롤프리스트,B5. 에센스세럼,페이셜세럼,모바일,1,0,0,0,2,0,0,0,0
"파워링크",캐롤프리스트,B5. 에센스세럼,피부관리세럼,모바일,2,0,0,0,2,0,0,0,0
"파워링크",캐롤프리스트,B5. 에센스세럼,피부탄력에센스,모바일,1,0,0,0,2,0,0,0,0
"쇼핑검색",캐롤프리스트 쇼검,고단가 상품,-,PC,"7,475",9,326,"2,937",3,1.27,6.18,0,0
"쇼핑검색",캐롤프리스트 쇼검,고단가 상품,-,모바일,"25,685",49,416,"20,405",8.5,2.63,48.37,2,"99,230"
