﻿"파워링크보고서(2025.06.01.~2025.06.30.),fsms_shk:naver"
"캠페인유형",캠페인,광고그룹,키워드,PC/모바일 매체,노출수,클릭수,"평균클릭비용(VAT포함,원)","총비용(VAT포함,원)",평균노출순위,방문당 평균페이지뷰,방문당 평균체류시간(초),전환수,전환매출액(원)
"파워링크",FSMS 파워링크 MO,HACCP,-,모바일,108,0,0,0,1.9,0,0,0,0
"파워링크",FSMS 파워링크 MO,HACCP,HACCP,모바일,14,0,0,0,10.9,0,0,0,0
"파워링크",FSMS 파워링크 MO,HACCP,HACCP갱신심사,모바일,1,0,0,0,1,0,0,0,0
"파워링크",FSMS 파워링크 MO,HACCP,HACCP고시,모바일,6,0,0,0,1,0,0,0,0
"파워링크",FSMS 파워링크 MO,HACCP,HACCP공장,모바일,19,0,0,0,7.8,0,0,0,0
"파워링크",FSMS 파워링크 MO,HACCP,HACCP교육,모바일,242,1,"2,849","2,849",2.1,1,0,0,0
"파워링크",FSMS 파워링크 MO,HACCP,HACCP사후관리,모바일,3,0,0,0,1,0,0,0,0
"파워링크",FSMS 파워링크 MO,HACCP,HACCP설계,모바일,26,0,0,0,5.7,0,0,0,0
"파워링크",FSMS 파워링크 MO,HACCP,HACCP시공,모바일,16,0,0,0,11.9,0,0,0,0
"파워링크",FSMS 파워링크 MO,HACCP,HACCP시설,모바일,42,2,"3,872","7,744",2,1,0,0,0
"파워링크",FSMS 파워링크 MO,HACCP,HACCP인증,모바일,435,1,"12,232","12,232",3.9,1,0,0,0
"파워링크",FSMS 파워링크 MO,HACCP,HACCP인증업체,모바일,9,0,0,0,1.6,0,0,0,0
"파워링크",FSMS 파워링크 MO,HACCP,HACCP자체평가,모바일,20,0,0,0,1.7,0,0,0,0
"파워링크",FSMS 파워링크 MO,HACCP,HACCP정기심사,모바일,1,0,0,0,1,0,0,0,0
"파워링크",FSMS 파워링크 MO,HACCP,HACCP컨설팅,모바일,33,0,0,0,1.8,1,0,0,0
"파워링크",FSMS 파워링크 MO,HACCP,간이HACCP,모바일,1,0,0,0,1,0,0,0,0
"파워링크",FSMS 파워링크 MO,HACCP,간이해썹,모바일,2,0,0,0,2,0,0,0,0
"파워링크",FSMS 파워링크 MO,HACCP,소규모HACCP,모바일,5,0,0,0,3.2,0,0,0,0
"파워링크",FSMS 파워링크 MO,HACCP,소규모해썹,모바일,6,1,"7,359","7,359",6.2,1,0,0,0
"파워링크",FSMS 파워링크 MO,HACCP,스마트HACCP,모바일,2,0,0,0,6,0,0,0,0
"파워링크",FSMS 파워링크 MO,HACCP,식품HACCP,모바일,16,1,363,363,1.3,1,0,0,0
"파워링크",FSMS 파워링크 MO,HACCP,식품위생교육,모바일,"4,036",29,"1,021","29,623",2.1,1,0,0,0
"파워링크",FSMS 파워링크 MO,HACCP,식품해썹,모바일,4,0,0,0,3.3,0,0,0,0
"파워링크",FSMS 파워링크 MO,HACCP,위생등급제,모바일,760,2,"2,646","5,291",1.7,1,0,0,0
"파워링크",FSMS 파워링크 MO,HACCP,일반해썹,모바일,5,0,0,0,1,0,0,0,0
"파워링크",FSMS 파워링크 MO,HACCP,축산물HACCP,모바일,34,0,0,0,2.1,0,0,0,0
"파워링크",FSMS 파워링크 MO,HACCP,해썹,모바일,368,0,0,0,2.1,0,0,0,0
"파워링크",FSMS 파워링크 MO,HACCP,해썹관리,모바일,19,0,0,0,1.3,0,0,0,0
"파워링크",FSMS 파워링크 MO,HACCP,해썹교육,모바일,158,2,"2,910","5,819",1.9,1,0,0,0
"파워링크",FSMS 파워링크 MO,HACCP,해썹사후관리,모바일,7,0,0,0,2.7,0,0,0,0
"파워링크",FSMS 파워링크 MO,HACCP,해썹설비,모바일,2,0,0,0,2.5,0,0,0,0
"파워링크",FSMS 파워링크 MO,HACCP,해썹시설,모바일,10,0,0,0,2.3,0,0,0,0
"파워링크",FSMS 파워링크 MO,HACCP,해썹인증,모바일,699,8,"12,845","102,762",3.7,1,0,0,0
"파워링크",FSMS 파워링크 MO,HACCP,해썹인증대행,모바일,2,0,0,0,2.5,0,0,0,0
"파워링크",FSMS 파워링크 MO,HACCP,해썹인증업체,모바일,6,0,0,0,1.2,0,0,0,0
"파워링크",FSMS 파워링크 MO,HACCP,해썹인증컨설팅,모바일,2,0,0,0,4,0,0,0,0
"파워링크",FSMS 파워링크 MO,HACCP,해썹자체평가,모바일,32,0,0,0,1.8,0,0,0,0
"파워링크",FSMS 파워링크 MO,HACCP,해썹컨설팅,모바일,53,2,"14,592","29,183",2.6,1.5,32,0,0
"파워링크",FSMS 파워링크 MO,HACCP,해썹컨설팅비용,모바일,1,0,0,0,2,0,0,0,0
"파워링크",FSMS 파워링크 MO,HACCP,해썹컨설팅업체,모바일,4,0,0,0,1,0,0,0,0
"파워링크",FSMS 파워링크 MO,HACCP,햅썹,모바일,656,8,"3,121","24,970",2.3,1,0,0,0
"파워링크",FSMS 파워링크 MO,HACCP,햇썹,모바일,58,0,0,0,1.7,0,0,0,0
"파워링크",FSMS 파워링크 MO,식품안전경영,-,모바일,"5,718",37,285,"10,560",1.8,1.05,1.54,1,0
"파워링크",FSMS 파워링크 MO,식품안전경영,2자심사,모바일,15,1,99,99,1.9,2,5,0,0
"파워링크",FSMS 파워링크 MO,식품안전경영,AUDIT대응,모바일,5,0,0,0,1,0,0,0,0
"파워링크",FSMS 파워링크 MO,식품안전경영,FSMS,모바일,26,6,77,462,2,2.5,21.25,1,0
"파워링크",FSMS 파워링크 MO,식품안전경영,FSSC22000,모바일,381,4,"5,434","21,736",2.5,1,0,0,0
"파워링크",FSMS 파워링크 MO,식품안전경영,ISO22000,모바일,39,1,"2,332","2,332",4.1,1,0,0,0
"파워링크",FSMS 파워링크 MO,식품안전경영,PCQI,모바일,28,2,209,418,1.3,1,0,0,0
"파워링크",FSMS 파워링크 MO,식품안전경영,건강기능식품광고,모바일,1,0,0,0,4,0,0,0,0
"파워링크",FSMS 파워링크 MO,식품안전경영,건기식품질관리,모바일,1,0,0,0,1,0,0,0,0
"파워링크",FSMS 파워링크 MO,식품안전경영,공정개선,모바일,86,0,0,0,1,0,0,0,0
"파워링크",FSMS 파워링크 MO,식품안전경영,농산물원산지,모바일,19,0,0,0,1.4,0,0,0,0
"파워링크",FSMS 파워링크 MO,식품안전경영,디저트공장,모바일,2,0,0,0,6.5,0,0,0,0
"파워링크",FSMS 파워링크 MO,식품안전경영,베이커리공장,모바일,24,0,0,0,5,0,0,0,0
"파워링크",FSMS 파워링크 MO,식품안전경영,수산물가공,모바일,2,0,0,0,5,0,0,0,0
"파워링크",FSMS 파워링크 MO,식품안전경영,식약처인증,모바일,456,5,"1,756","8,778",2.4,1,0,0,0
"파워링크",FSMS 파워링크 MO,식품안전경영,식육가공업,모바일,45,0,0,0,1.5,0,0,0,0
"파워링크",FSMS 파워링크 MO,식품안전경영,식육포장처리업,모바일,186,0,0,0,2.4,0,0,0,0
"파워링크",FSMS 파워링크 MO,식품안전경영,식품가공업체,모바일,18,0,0,0,1.5,0,0,0,0
"파워링크",FSMS 파워링크 MO,식품안전경영,식품검사장비,모바일,3,0,0,0,2,0,0,0,0
"파워링크",FSMS 파워링크 MO,식품안전경영,식품공장,모바일,110,0,0,0,3.2,0,0,0,0
"파워링크",FSMS 파워링크 MO,식품안전경영,식품공장설계,모바일,58,0,0,0,4.1,0,0,0,0
"파워링크",FSMS 파워링크 MO,식품안전경영,식품공전,모바일,"3,106",19,"1,661","31,559",1,1.08,1.08,0,0
"파워링크",FSMS 파워링크 MO,식품안전경영,식품기술사,모바일,8,0,0,0,6.4,0,0,0,0
"파워링크",FSMS 파워링크 MO,식품안전경영,식품등의기준및규격,모바일,5,0,0,0,1.2,0,0,0,0
"파워링크",FSMS 파워링크 MO,식품안전경영,식품등의표시광고,모바일,82,0,0,0,1,0,0,0,0
"파워링크",FSMS 파워링크 MO,식품안전경영,식품등의표시기준,모바일,193,0,0,0,1,0,0,0,0
"파워링크",FSMS 파워링크 MO,식품안전경영,식품라벨,모바일,81,1,"4,070","4,070",1.6,1,0,0,0
"파워링크",FSMS 파워링크 MO,식품안전경영,식품라벨디자인,모바일,3,0,0,0,1,0,0,0,0
"파워링크",FSMS 파워링크 MO,식품안전경영,식품분석,모바일,9,0,0,0,11.1,0,0,0,0
"파워링크",FSMS 파워링크 MO,식품안전경영,식품소분업,모바일,50,0,0,0,4.1,0,0,0,0
"파워링크",FSMS 파워링크 MO,식품안전경영,식품스타트업,모바일,18,0,0,0,1.2,0,0,0,0
"파워링크",FSMS 파워링크 MO,식품안전경영,식품안전,모바일,749,6,"2,666","15,994",1.1,1,0,0,0
"파워링크",FSMS 파워링크 MO,식품안전경영,식품안전교육,모바일,136,5,"1,113","5,566",1.5,1.2,6,0,0
"파워링크",FSMS 파워링크 MO,식품안전경영,식품업체,모바일,60,1,737,737,1.7,1,0,0,0
"파워링크",FSMS 파워링크 MO,식품안전경영,식품영양성분,모바일,47,0,0,0,3.6,0,0,0,0
"파워링크",FSMS 파워링크 MO,식품안전경영,식품원료,모바일,2,0,0,0,25,0,0,0,0
"파워링크",FSMS 파워링크 MO,식품안전경영,식품위생,모바일,448,2,"3,377","6,754",1.9,1,0,0,0
"파워링크",FSMS 파워링크 MO,식품안전경영,식품위생관리,모바일,110,0,0,0,1.1,0,0,0,0
"파워링크",FSMS 파워링크 MO,식품안전경영,식품위생교육,모바일,"2,170",9,292,"2,629",3.4,1,0,0,0
"파워링크",FSMS 파워링크 MO,식품안전경영,식품위생점검,모바일,92,0,0,0,1.1,0,0,0,0
"파워링크",FSMS 파워링크 MO,식품안전경영,식품이물,모바일,7,0,0,0,3.4,0,0,0,0
"파워링크",FSMS 파워링크 MO,식품안전경영,식품인증,모바일,64,1,"4,939","4,939",1,1,0,0,0
"파워링크",FSMS 파워링크 MO,식품안전경영,식품제조,모바일,8,0,0,0,13.1,0,0,0,0
"파워링크",FSMS 파워링크 MO,식품안전경영,식품제조가공업,모바일,322,2,"3,223","6,446",3.6,2,16,0,0
"파워링크",FSMS 파워링크 MO,식품안전경영,식품제조가공업허가,모바일,176,1,"1,463","1,463",3.3,1,0,0,0
"파워링크",FSMS 파워링크 MO,식품안전경영,식품제조공장,모바일,69,0,0,0,3.5,0,0,0,0
"파워링크",FSMS 파워링크 MO,식품안전경영,식품제조업,모바일,155,0,0,0,3.3,0,0,0,0
"파워링크",FSMS 파워링크 MO,식품안전경영,식품제조업허가,모바일,239,2,"2,145","4,290",2.3,1,0,0,0
"파워링크",FSMS 파워링크 MO,식품안전경영,식품첨가물,모바일,2,0,0,0,25.5,0,0,0,0
"파워링크",FSMS 파워링크 MO,식품안전경영,식품컨설팅,모바일,22,0,0,0,1.5,0,0,0,0
"파워링크",FSMS 파워링크 MO,식품안전경영,식품패키지,모바일,47,0,0,0,2.6,0,0,0,0
"파워링크",FSMS 파워링크 MO,식품안전경영,식품패키지디자인,모바일,48,0,0,0,2.6,0,0,0,0
"파워링크",FSMS 파워링크 MO,식품안전경영,식품표시사항,모바일,141,0,0,0,1.1,0,0,0,0
"파워링크",FSMS 파워링크 MO,식품안전경영,식품품질관리,모바일,125,3,466,"1,397",1.6,1,0,0,0
"파워링크",FSMS 파워링크 MO,식품안전경영,에프에스엠에스,모바일,2,1,77,77,2,1,0,0,0
"파워링크",FSMS 파워링크 MO,식품안전경영,원산지표시,모바일,434,2,"3,207","6,413",2,1,0,0,0
"파워링크",FSMS 파워링크 MO,식품안전경영,위생관리,모바일,170,1,"1,859","1,859",2.5,1,0,0,0
"파워링크",FSMS 파워링크 MO,식품안전경영,위생교육,모바일,"15,280",38,261,"9,900",2.9,1.15,2.56,0,0
"파워링크",FSMS 파워링크 MO,식품안전경영,위생점검,모바일,"3,357",7,"2,087","14,608",1.5,1,0,0,0
"파워링크",FSMS 파워링크 MO,식품안전경영,위생점검업체,모바일,8,1,814,814,1,1,0,0,0
"파워링크",FSMS 파워링크 MO,식품안전경영,유통전문판매업,모바일,225,0,0,0,3.4,0,0,0,0
"파워링크",FSMS 파워링크 MO,식품안전경영,이물관리,모바일,22,0,0,0,1.1,0,0,0,0
"파워링크",FSMS 파워링크 MO,식품안전경영,일반음식점위생점검,모바일,14,0,0,0,1.5,0,0,0,0
"파워링크",FSMS 파워링크 MO,식품안전경영,자가품질검사,모바일,64,2,484,968,5.5,1.67,2,1,0
"파워링크",FSMS 파워링크 MO,식품안전경영,즉석판매,모바일,15,0,0,0,1,0,0,0,0
"파워링크",FSMS 파워링크 MO,식품안전경영,즉석판매제조가공업,모바일,390,0,0,0,3.5,0,0,0,0
"파워링크",FSMS 파워링크 MO,식품안전경영,축산물가공업,모바일,100,1,77,77,2.9,0,0,0,0
"파워링크",FSMS 파워링크 MO,식품안전경영,표시사항,모바일,14,0,0,0,1,0,0,0,0
"파워링크",FSMS 파워링크 MO,식품안전경영,품목제조보고,모바일,103,0,0,0,1.7,0,0,0,0
"파워링크",FSMS 파워링크 MO,식품안전경영,품질관리교육,모바일,9,0,0,0,4.1,0,0,0,0
"파워링크",FSMS 파워링크 MO,식품안전경영,품질관리대행,모바일,3,0,0,0,1,0,0,0,0
"파워링크",FSMS 파워링크 MO,식품안전경영,한글표시사항,모바일,178,0,0,0,1.4,0,0,0,0
"파워링크",FSMS 파워링크 MO,식품안전경영,협력업체위생점검,모바일,4,0,0,0,3,0,0,0,0
"파워링크",FSMS 파워링크 MO,해썹 추가 키워드,-,모바일,341,4,245,979,1.7,1,0,0,0
"파워링크",FSMS 파워링크 MO,해썹 추가 키워드,HACCP대행,모바일,1,0,0,0,2,0,0,0,0
"파워링크",FSMS 파워링크 MO,해썹 추가 키워드,HACCP비용,모바일,1,0,0,0,2,0,0,0,0
"파워링크",FSMS 파워링크 MO,해썹 추가 키워드,HACCP인증공사,모바일,1,0,0,0,3,0,0,0,0
"파워링크",FSMS 파워링크 MO,해썹 추가 키워드,HACCP인증비용,모바일,1,0,0,0,4,0,0,0,0
"파워링크",FSMS 파워링크 MO,해썹 추가 키워드,HACCP인증원,모바일,91,0,0,0,3,0,0,0,0
"파워링크",FSMS 파워링크 MO,해썹 추가 키워드,농산물해썹,모바일,3,0,0,0,1,0,0,0,0
"파워링크",FSMS 파워링크 MO,해썹 추가 키워드,소규모해썹비용,모바일,2,0,0,0,3.5,0,0,0,0
"파워링크",FSMS 파워링크 MO,해썹 추가 키워드,소분업해썹,모바일,1,0,0,0,4,0,0,0,0
"파워링크",FSMS 파워링크 MO,해썹 추가 키워드,수산물해썹,모바일,2,0,0,0,3,0,0,0,0
"파워링크",FSMS 파워링크 MO,해썹 추가 키워드,식약처해썹,모바일,5,0,0,0,2.6,0,0,0,0
"파워링크",FSMS 파워링크 MO,해썹 추가 키워드,식약청해썹,모바일,3,1,99,99,2,1,0,0,0
"파워링크",FSMS 파워링크 MO,해썹 추가 키워드,축산물해썹교육,모바일,8,0,0,0,3.4,0,0,0,0
"파워링크",FSMS 파워링크 MO,해썹 추가 키워드,축산해썹,모바일,1,0,0,0,2,0,0,0,0
"파워링크",FSMS 파워링크 MO,해썹 추가 키워드,해삽,모바일,2,0,0,0,1,0,0,0,0
"파워링크",FSMS 파워링크 MO,해썹 추가 키워드,해섭교육,모바일,1,0,0,0,2,0,0,0,0
"파워링크",FSMS 파워링크 MO,해썹 추가 키워드,해섭인증,모바일,1,0,0,0,3,0,0,0,0
"파워링크",FSMS 파워링크 MO,해썹 추가 키워드,해썹7원칙,모바일,37,0,0,0,2.2,0,0,0,0
"파워링크",FSMS 파워링크 MO,해썹 추가 키워드,해썹7원칙12절차,모바일,13,0,0,0,1,0,0,0,0
"파워링크",FSMS 파워링크 MO,해썹 추가 키워드,해썹공사,모바일,15,0,0,0,13.2,0,0,0,0
"파워링크",FSMS 파워링크 MO,해썹 추가 키워드,해썹공장매매,모바일,3,0,0,0,3.3,0,0,0,0
"파워링크",FSMS 파워링크 MO,해썹 추가 키워드,해썹공장임대,모바일,1,0,0,0,2,0,0,0,0
"파워링크",FSMS 파워링크 MO,해썹 추가 키워드,해썹기준서,모바일,8,0,0,0,2.8,0,0,0,0
"파워링크",FSMS 파워링크 MO,해썹 추가 키워드,해썹기준원,모바일,3,0,0,0,1,0,0,0,0
"파워링크",FSMS 파워링크 MO,해썹 추가 키워드,해썹김치,모바일,2,0,0,0,8.5,0,0,0,0
"파워링크",FSMS 파워링크 MO,해썹 추가 키워드,해썹나라,모바일,16,0,0,0,2.6,0,0,0,0
"파워링크",FSMS 파워링크 MO,해썹 추가 키워드,해썹대행,모바일,1,0,0,0,2,0,0,0,0
"파워링크",FSMS 파워링크 MO,해썹 추가 키워드,해썹도면,모바일,2,0,0,0,3,0,0,0,0
"파워링크",FSMS 파워링크 MO,해썹 추가 키워드,해썹로고,모바일,16,0,0,0,1.5,0,0,0,0
"파워링크",FSMS 파워링크 MO,해썹 추가 키워드,해썹비용,모바일,19,0,0,0,2.4,0,0,0,0
"파워링크",FSMS 파워링크 MO,해썹 추가 키워드,해썹서류,모바일,2,0,0,0,3,0,0,0,0
"파워링크",FSMS 파워링크 MO,해썹 추가 키워드,해썹선행요건,모바일,12,2,99,198,1.8,1,0,0,0
"파워링크",FSMS 파워링크 MO,해썹 추가 키워드,해썹시스템,모바일,3,0,0,0,1,0,0,0,0
"파워링크",FSMS 파워링크 MO,해썹 추가 키워드,해썹식품,모바일,5,0,0,0,2,0,0,0,0
"파워링크",FSMS 파워링크 MO,해썹 추가 키워드,해썹신청,모바일,2,0,0,0,2.5,0,0,0,0
"파워링크",FSMS 파워링크 MO,해썹 추가 키워드,해썹심사,모바일,8,0,0,0,3,0,0,0,0
"파워링크",FSMS 파워링크 MO,해썹 추가 키워드,해썹업체,모바일,4,0,0,0,2.3,0,0,0,0
"파워링크",FSMS 파워링크 MO,해썹 추가 키워드,해썹위생,모바일,2,0,0,0,1,0,0,0,0
"파워링크",FSMS 파워링크 MO,해썹 추가 키워드,해썹의무품목,모바일,7,1,77,77,1,1,0,0,0
"파워링크",FSMS 파워링크 MO,해썹 추가 키워드,해썹이란,모바일,210,0,0,0,3.2,0,0,0,0
"파워링크",FSMS 파워링크 MO,해썹 추가 키워드,해썹인증가격,모바일,2,0,0,0,1,0,0,0,0
"파워링크",FSMS 파워링크 MO,해썹 추가 키워드,해썹인증교육,모바일,4,0,0,0,3.3,0,0,0,0
"파워링크",FSMS 파워링크 MO,해썹 추가 키워드,해썹인증기준,모바일,1,0,0,0,2,0,0,0,0
"파워링크",FSMS 파워링크 MO,해썹 추가 키워드,해썹인증마크,모바일,4,0,0,0,4.8,0,0,0,0
"파워링크",FSMS 파워링크 MO,해썹 추가 키워드,해썹인증방법,모바일,5,0,0,0,3,0,0,0,0
"파워링크",FSMS 파워링크 MO,해썹 추가 키워드,해썹인증비용,모바일,8,0,0,0,3.6,0,0,0,0
"파워링크",FSMS 파워링크 MO,해썹 추가 키워드,해썹인증신청,모바일,6,0,0,0,2.5,0,0,0,0
"파워링크",FSMS 파워링크 MO,해썹 추가 키워드,해썹인증원,모바일,175,7,976,"6,831",3.1,1,0,0,0
"파워링크",FSMS 파워링크 MO,해썹 추가 키워드,해썹인증절차,모바일,20,0,0,0,2.6,0,0,0,0
"파워링크",FSMS 파워링크 MO,해썹 추가 키워드,해썹지원,모바일,4,0,0,0,3.3,0,0,0,0
"파워링크",FSMS 파워링크 MO,해썹 추가 키워드,해썹지원금,모바일,10,0,0,0,2,0,0,0,0
"파워링크",FSMS 파워링크 MO,해썹 추가 키워드,해썹지원사업,모바일,2,0,0,0,3,0,0,0,0
"파워링크",FSMS 파워링크 MO,해썹 추가 키워드,햅섭인증,모바일,4,0,0,0,2,0,0,0,0
"파워링크",FSMS 파워링크 MO,해썹 추가 키워드,햅썹교육,모바일,4,0,0,0,1.5,0,0,0,0
"파워링크",FSMS 파워링크 MO,해썹 추가 키워드,햇섭교육,모바일,7,0,0,0,2.6,0,0,0,0
"파워링크",FSMS 파워링크 MO,해썹 추가 키워드,햇섭시설,모바일,9,0,0,0,3,0,0,0,0
"파워링크",FSMS 파워링크 MO,해썹 추가 키워드,햇썹교육,모바일,29,0,0,0,1.4,0,0,0,0
"파워링크",FSMS 파워링크 MO,해썹 추가 키워드,햇썹인증원,모바일,14,0,0,0,2.1,0,0,0,0
"파워링크",FSMS 파워링크 MO,해썹 조합 키워드,-,모바일,306,2,121,242,1.9,1,0,0,0
"파워링크",FSMS 파워링크 MO,해썹 조합 키워드,HACCP7원칙,모바일,247,1,77,77,2.1,1,0,0,0
"파워링크",FSMS 파워링크 MO,해썹 조합 키워드,HACCP7원칙12절차,모바일,43,0,0,0,1.7,0,0,0,0
"파워링크",FSMS 파워링크 MO,해썹 조합 키워드,HACCP공장설계,모바일,1,0,0,0,4,0,0,0,0
"파워링크",FSMS 파워링크 MO,해썹 조합 키워드,HACCP교육기관,모바일,8,0,0,0,2.8,0,0,0,0
"파워링크",FSMS 파워링크 MO,해썹 조합 키워드,HACCP교육자료,모바일,1,0,0,0,1,0,0,0,0
"파워링크",FSMS 파워링크 MO,해썹 조합 키워드,HACCP기준,모바일,3,0,0,0,4,0,0,0,0
"파워링크",FSMS 파워링크 MO,해썹 조합 키워드,HACCP김치,모바일,5,0,0,0,9,0,0,0,0
"파워링크",FSMS 파워링크 MO,해썹 조합 키워드,HACCP로고,모바일,3,0,0,0,2,0,0,0,0
"파워링크",FSMS 파워링크 MO,해썹 조합 키워드,HACCP마크,모바일,2,0,0,0,5,0,0,0,0
"파워링크",FSMS 파워링크 MO,해썹 조합 키워드,HACCP매뉴얼,모바일,1,0,0,0,1,0,0,0,0
"파워링크",FSMS 파워링크 MO,해썹 조합 키워드,HACCP선행요건,모바일,4,0,0,0,1.8,0,0,0,0
"파워링크",FSMS 파워링크 MO,해썹 조합 키워드,HACCP시스템,모바일,6,0,0,0,3,0,0,0,0
"파워링크",FSMS 파워링크 MO,해썹 조합 키워드,HACCP심사,모바일,15,0,0,0,2.1,0,0,0,0
"파워링크",FSMS 파워링크 MO,해썹 조합 키워드,HACCP심사원,모바일,1,0,0,0,2,0,0,0,0
"파워링크",FSMS 파워링크 MO,해썹 조합 키워드,HACCP의무,모바일,33,0,0,0,2.1,0,0,0,0
"파워링크",FSMS 파워링크 MO,해썹 조합 키워드,HACCP의무품목,모바일,9,0,0,0,2.2,0,0,0,0
"파워링크",FSMS 파워링크 MO,해썹 조합 키워드,HACCP의미,모바일,16,0,0,0,1.7,0,0,0,0
"파워링크",FSMS 파워링크 MO,해썹 조합 키워드,HACCP의정의,모바일,4,0,0,0,1,0,0,0,0
"파워링크",FSMS 파워링크 MO,해썹 조합 키워드,HACCP이란,모바일,137,3,180,539,3.8,1,0,0,0
"파워링크",FSMS 파워링크 MO,해썹 조합 키워드,HACCP인증서,모바일,1,1,99,99,1,1,0,0,0
"파워링크",FSMS 파워링크 MO,해썹 조합 키워드,HACCP인증서류,모바일,2,0,0,0,2,0,0,0,0
"파워링크",FSMS 파워링크 MO,해썹 조합 키워드,HACCP인증심사,모바일,5,0,0,0,2,0,0,0,0
"파워링크",FSMS 파워링크 MO,해썹 조합 키워드,HACCP인증절차,모바일,3,0,0,0,2,0,0,0,0
"파워링크",FSMS 파워링크 MO,해썹 조합 키워드,HACCP인증제품,모바일,7,0,0,0,3,0,0,0,0
"파워링크",FSMS 파워링크 MO,해썹 조합 키워드,HACCP자격증,모바일,74,0,0,0,2.7,0,0,0,0
"파워링크",FSMS 파워링크 MO,해썹 조합 키워드,HACCP자료,모바일,1,0,0,0,1,0,0,0,0
"파워링크",FSMS 파워링크 MO,해썹 조합 키워드,HACCP정의,모바일,11,0,0,0,1.9,0,0,0,0
"파워링크",FSMS 파워링크 MO,해썹 조합 키워드,HACCP제도,모바일,1,0,0,0,4,0,0,0,0
"파워링크",FSMS 파워링크 MO,해썹 조합 키워드,HACCP조건,모바일,4,0,0,0,1.5,0,0,0,0
"파워링크",FSMS 파워링크 MO,해썹 조합 키워드,HACCP지원,모바일,1,0,0,0,1,0,0,0,0
"파워링크",FSMS 파워링크 MO,해썹 조합 키워드,HACCP지원금,모바일,4,0,0,0,1.5,0,0,0,0
"파워링크",FSMS 파워링크 MO,해썹 조합 키워드,HACCP축산,모바일,1,0,0,0,4,0,0,0,0
"파워링크",FSMS 파워링크 MO,해썹 조합 키워드,HACCP팀장,모바일,40,0,0,0,1.9,0,0,0,0
"파워링크",FSMS 파워링크 MO,해썹 조합 키워드,HACCP팀장교육,모바일,77,0,0,0,3.9,0,0,0,0
"파워링크",FSMS 파워링크 MO,해썹 조합 키워드,HACCP평가,모바일,1,0,0,0,3,0,0,0,0
"파워링크",FSMS 파워링크 MO,해썹 조합 키워드,HACCP현판,모바일,1,0,0,0,2,0,0,0,0
"파워링크",FSMS 파워링크 MO,해썹 조합 키워드,HACCP홈페이지,모바일,1,0,0,0,3,0,0,0,0
"파워링크",FSMS 파워링크 MO,해썹 조합 키워드,계란HACCP,모바일,2,0,0,0,1.5,0,0,0,0
"파워링크",FSMS 파워링크 MO,해썹 조합 키워드,고추가루HACCP,모바일,2,0,0,0,2,0,0,0,0
"파워링크",FSMS 파워링크 MO,해썹 조합 키워드,급식HACCP,모바일,1,0,0,0,3,0,0,0,0
"파워링크",FSMS 파워링크 MO,해썹 조합 키워드,꿀해썹,모바일,1,0,0,0,2,0,0,0,0
"파워링크",FSMS 파워링크 MO,해썹 조합 키워드,농산물HACCP,모바일,4,0,0,0,2.3,0,0,0,0
"파워링크",FSMS 파워링크 MO,해썹 조합 키워드,단체급식HACCP,모바일,1,0,0,0,1,0,0,0,0
"파워링크",FSMS 파워링크 MO,해썹 조합 키워드,도시락HACCP,모바일,1,0,0,0,3,0,0,0,0
"파워링크",FSMS 파워링크 MO,해썹 조합 키워드,도시락해썹,모바일,1,0,0,0,3,0,0,0,0
"파워링크",FSMS 파워링크 MO,해썹 조합 키워드,디저트소규모해썹,모바일,1,0,0,0,2,0,0,0,0
"파워링크",FSMS 파워링크 MO,해썹 조합 키워드,떡해썹,모바일,3,0,0,0,3,0,0,0,0
"파워링크",FSMS 파워링크 MO,해썹 조합 키워드,라면HACCP,모바일,1,0,0,0,3,0,0,0,0
"파워링크",FSMS 파워링크 MO,해썹 조합 키워드,라면해썹,모바일,1,0,0,0,3,0,0,0,0
"파워링크",FSMS 파워링크 MO,해썹 조합 키워드,라면해썹인증,모바일,1,0,0,0,2,0,0,0,0
"파워링크",FSMS 파워링크 MO,해썹 조합 키워드,만두HACCP,모바일,1,0,0,0,3,0,0,0,0
"파워링크",FSMS 파워링크 MO,해썹 조합 키워드,만두해썹,모바일,1,0,0,0,4,0,0,0,0
"파워링크",FSMS 파워링크 MO,해썹 조합 키워드,면류HACCP,모바일,1,0,0,0,4,0,0,0,0
"파워링크",FSMS 파워링크 MO,해썹 조합 키워드,면류해썹,모바일,4,0,0,0,3.5,0,0,0,0
"파워링크",FSMS 파워링크 MO,해썹 조합 키워드,미국HACCP,모바일,4,0,0,0,1,0,0,0,0
"파워링크",FSMS 파워링크 MO,해썹 조합 키워드,밀키트해썹,모바일,6,0,0,0,2.8,0,0,0,0
"파워링크",FSMS 파워링크 MO,해썹 조합 키워드,밀키트해썹인증,모바일,1,0,0,0,2,0,0,0,0
"파워링크",FSMS 파워링크 MO,해썹 조합 키워드,빵HACCP,모바일,4,0,0,0,2.5,0,0,0,0
"파워링크",FSMS 파워링크 MO,해썹 조합 키워드,빵류소규모해썹,모바일,1,0,0,0,3,0,0,0,0
"파워링크",FSMS 파워링크 MO,해썹 조합 키워드,빵류해썹인증,모바일,1,0,0,0,3,0,0,0,0
"파워링크",FSMS 파워링크 MO,해썹 조합 키워드,사료HACCP,모바일,2,0,0,0,2.5,0,0,0,0
"파워링크",FSMS 파워링크 MO,해썹 조합 키워드,생선HACCP,모바일,1,0,0,0,1,0,0,0,0
"파워링크",FSMS 파워링크 MO,해썹 조합 키워드,소분업HACCP,모바일,1,0,0,0,3,0,0,0,0
"파워링크",FSMS 파워링크 MO,해썹 조합 키워드,소스해썹,모바일,1,0,0,0,3,0,0,0,0
"파워링크",FSMS 파워링크 MO,해썹 조합 키워드,수산물HACCP,모바일,2,0,0,0,4,0,0,0,0
"파워링크",FSMS 파워링크 MO,해썹 조합 키워드,스마트해썹,모바일,1,0,0,0,15,0,0,0,0
"파워링크",FSMS 파워링크 MO,해썹 조합 키워드,식약처HACCP,모바일,1,0,0,0,3,0,0,0,0
"파워링크",FSMS 파워링크 MO,해썹 조합 키워드,식약청HACCP,모바일,6,0,0,0,1.7,0,0,0,0
"파워링크",FSMS 파워링크 MO,해썹 조합 키워드,식육가공업HACCP,모바일,2,0,0,0,1,0,0,0,0
"파워링크",FSMS 파워링크 MO,해썹 조합 키워드,식육가공업해썹,모바일,1,0,0,0,4,0,0,0,0
"파워링크",FSMS 파워링크 MO,해썹 조합 키워드,식육포장처리업HACCP,모바일,1,0,0,0,4,0,0,0,0
"파워링크",FSMS 파워링크 MO,해썹 조합 키워드,식육포장처리업해썹,모바일,3,1,77,77,3,2,4,2,0
"파워링크",FSMS 파워링크 MO,해썹 조합 키워드,식육포장처리업해썹인증,모바일,2,0,0,0,3.5,0,0,0,0
"파워링크",FSMS 파워링크 MO,해썹 조합 키워드,식품해썹인증,모바일,1,0,0,0,3,0,0,0,0
"파워링크",FSMS 파워링크 MO,해썹 조합 키워드,양념육HACCP,모바일,3,0,0,0,2.7,0,0,0,0
"파워링크",FSMS 파워링크 MO,해썹 조합 키워드,어묵HACCP,모바일,1,0,0,0,3,0,0,0,0
"파워링크",FSMS 파워링크 MO,해썹 조합 키워드,우유HACCP,모바일,2,0,0,0,2.5,0,0,0,0
"파워링크",FSMS 파워링크 MO,해썹 조합 키워드,육가공해썹인증,모바일,1,0,0,0,1,0,0,0,0
"파워링크",FSMS 파워링크 MO,해썹 조합 키워드,음식점해썹인증,모바일,2,0,0,0,1.5,0,0,0,0
"파워링크",FSMS 파워링크 MO,해썹 조합 키워드,즉석식품제조가공업,모바일,43,0,0,0,3,0,0,0,0
"파워링크",FSMS 파워링크 MO,해썹 조합 키워드,즉석식품해썹,모바일,1,0,0,0,3,0,0,0,0
"파워링크",FSMS 파워링크 MO,해썹 조합 키워드,축산물소규모해썹,모바일,1,0,0,0,3,0,0,0,0
"파워링크",FSMS 파워링크 MO,해썹 조합 키워드,축산물해썹,모바일,2,0,0,0,4,0,0,0,0
"파워링크",FSMS 파워링크 MO,해썹 조합 키워드,축산물해썹공장,모바일,1,0,0,0,3,0,0,0,0
"파워링크",FSMS 파워링크 MO,해썹 조합 키워드,커피해썹,모바일,1,0,0,0,4,0,0,0,0
"파워링크",FSMS 파워링크 MO,해썹 조합 키워드,쿠키해썹,모바일,1,0,0,0,2,0,0,0,0
"파워링크",FSMS 파워링크 MO,해썹 조합 키워드,피자해썹,모바일,2,0,0,0,3,0,0,0,0
"파워링크",FSMS 파워링크 MO,해썹 조합 키워드,학교HACCP,모바일,2,0,0,0,2,0,0,0,0
"파워링크",FSMS 파워링크 MO,해썹 조합 키워드,해외HACCP,모바일,1,0,0,0,2,0,0,0,0
"파워링크",FSMS 파워링크 MO,지역 조합 키워드 1,-,모바일,12,0,0,0,1.8,0,0,0,0
"파워링크",FSMS 파워링크 MO,지역 조합 키워드 1,가평해썹전문,모바일,2,0,0,0,1,0,0,0,0
"파워링크",FSMS 파워링크 MO,지역 조합 키워드 1,강동HACCP컨설팅,모바일,1,0,0,0,2,0,0,0,0
"파워링크",FSMS 파워링크 MO,지역 조합 키워드 1,강릉HACCP,모바일,1,0,0,0,1,0,0,0,0
"파워링크",FSMS 파워링크 MO,지역 조합 키워드 1,경기해썹,모바일,2,0,0,0,1,0,0,0,0
"파워링크",FSMS 파워링크 MO,지역 조합 키워드 1,경기해썹공장,모바일,1,0,0,0,1,0,0,0,0
"파워링크",FSMS 파워링크 MO,지역 조합 키워드 1,경기해썹컨설팅,모바일,1,0,0,0,1,0,0,0,0
"파워링크",FSMS 파워링크 MO,지역 조합 키워드 1,경남해썹공장임대,모바일,1,0,0,0,1,0,0,0,0
"파워링크",FSMS 파워링크 MO,지역 조합 키워드 1,경산해썹공장임대,모바일,1,0,0,0,1,0,0,0,0
"파워링크",FSMS 파워링크 MO,지역 조합 키워드 1,경주HACCP인증,모바일,1,0,0,0,1,0,0,0,0
"파워링크",FSMS 파워링크 MO,지역 조합 키워드 1,고창HACCP,모바일,1,0,0,0,1,0,0,0,0
"파워링크",FSMS 파워링크 MO,지역 조합 키워드 1,광명햇썹인증원,모바일,2,0,0,0,2.5,0,0,0,0
"파워링크",FSMS 파워링크 MO,지역 조합 키워드 1,광주HACCP,모바일,1,0,0,0,2,0,0,0,0
"파워링크",FSMS 파워링크 MO,지역 조합 키워드 1,광주HACCP인증,모바일,1,0,0,0,1,0,0,0,0
"파워링크",FSMS 파워링크 MO,지역 조합 키워드 1,광주소규모해썹,모바일,2,0,0,0,1,0,0,0,0
"파워링크",FSMS 파워링크 MO,지역 조합 키워드 1,광주해썹,모바일,4,0,0,0,1,0,0,0,0
"파워링크",FSMS 파워링크 MO,지역 조합 키워드 1,광주해썹공장임대,모바일,1,0,0,0,1,0,0,0,0
"파워링크",FSMS 파워링크 MO,지역 조합 키워드 1,광주해썹인증원,모바일,5,1,77,77,1,1,0,0,0
"파워링크",FSMS 파워링크 MO,지역 조합 키워드 1,광주해썹컨설팅,모바일,2,0,0,0,1,0,0,0,0
"파워링크",FSMS 파워링크 MO,지역 조합 키워드 1,괴산HACCP,모바일,2,0,0,0,2.5,0,0,0,0
"파워링크",FSMS 파워링크 MO,지역 조합 키워드 1,괴산해썹전문,모바일,3,0,0,0,1,0,0,0,0
"파워링크",FSMS 파워링크 MO,지역 조합 키워드 2,-,모바일,13,0,0,0,2.6,0,0,0,0
"파워링크",FSMS 파워링크 MO,지역 조합 키워드 2,구리식품인증,모바일,2,0,0,0,2.5,0,0,0,0
"파워링크",FSMS 파워링크 MO,지역 조합 키워드 2,구미HACCP컨설팅,모바일,1,0,0,0,2,0,0,0,0
"파워링크",FSMS 파워링크 MO,지역 조합 키워드 2,구미해썹,모바일,2,0,0,0,1,0,0,0,0
"파워링크",FSMS 파워링크 MO,지역 조합 키워드 2,김포HACCP,모바일,1,0,0,0,1,0,0,0,0
"파워링크",FSMS 파워링크 MO,지역 조합 키워드 2,김포해썹공장,모바일,2,0,0,0,1,0,0,0,0
"파워링크",FSMS 파워링크 MO,지역 조합 키워드 2,김포해썹공장임대,모바일,1,0,0,0,1,0,0,0,0
"파워링크",FSMS 파워링크 MO,지역 조합 키워드 2,김포해썹행정사,모바일,1,0,0,0,1,0,0,0,0
"파워링크",FSMS 파워링크 MO,지역 조합 키워드 2,김해해썹공장,모바일,4,0,0,0,1,0,0,0,0
"파워링크",FSMS 파워링크 MO,지역 조합 키워드 2,김해해썹공장매매,모바일,1,0,0,0,1,0,0,0,0
"파워링크",FSMS 파워링크 MO,지역 조합 키워드 2,남동해썹시설공사,모바일,3,0,0,0,2.7,0,0,0,0
"파워링크",FSMS 파워링크 MO,지역 조합 키워드 2,남양주해썹공장,모바일,1,0,0,0,1,0,0,0,0
"파워링크",FSMS 파워링크 MO,지역 조합 키워드 2,원두HACCP,모바일,1,0,0,0,1,0,0,0,0
"파워링크",FSMS 파워링크 MO,지역 조합 키워드 4,-,모바일,25,0,0,0,1.8,0,0,0,0
"파워링크",FSMS 파워링크 MO,지역 조합 키워드 4,서북해썹전문,모바일,1,0,0,0,2,0,0,0,0
"파워링크",FSMS 파워링크 MO,지역 조합 키워드 4,서울HACCP,모바일,1,0,0,0,1,0,0,0,0
"파워링크",FSMS 파워링크 MO,지역 조합 키워드 4,서울해썹인증원,모바일,2,0,0,0,1,0,0,0,0
"파워링크",FSMS 파워링크 MO,지역 조합 키워드 4,세종HACCP,모바일,3,0,0,0,1.3,0,0,0,0
"파워링크",FSMS 파워링크 MO,지역 조합 키워드 4,소규모해썹인증,모바일,4,0,0,0,3.8,0,0,0,0
"파워링크",FSMS 파워링크 MO,지역 조합 키워드 4,소규모해썹컨설팅,모바일,2,0,0,0,1.5,0,0,0,0
"파워링크",FSMS 파워링크 MO,지역 조합 키워드 4,소규모햇썹,모바일,1,0,0,0,1,0,0,0,0
"파워링크",FSMS 파워링크 MO,지역 조합 키워드 4,속초HACCP,모바일,1,0,0,0,1,0,0,0,0
"파워링크",FSMS 파워링크 MO,지역 조합 키워드 4,안성해썹,모바일,1,0,0,0,1,0,0,0,0
"파워링크",FSMS 파워링크 MO,지역 조합 키워드 4,안성햇썹인증,모바일,3,0,0,0,1,0,0,0,0
"파워링크",FSMS 파워링크 MO,지역 조합 키워드 4,요거트HACCP,모바일,1,0,0,0,1,0,0,0,0
"파워링크",FSMS 파워링크 MO,지역 조합 키워드 4,원두해썹전문,모바일,1,0,0,0,3,0,0,0,0
"파워링크",FSMS 파워링크 MO,지역 조합 키워드 4,음료해썹,모바일,1,0,0,0,1,0,0,0,0
"파워링크",FSMS 파워링크 MO,지역 조합 키워드 4,초콜릿HACCP,모바일,2,0,0,0,1,0,0,0,0
"파워링크",FSMS 파워링크 MO,지역 조합 키워드 4,초콜릿해썹,모바일,1,0,0,0,1,0,0,0,0
"파워링크",FSMS 파워링크 MO,지역 조합 키워드 4,초콜릿해썹인증,모바일,1,0,0,0,1,0,0,0,0
"파워링크",FSMS 파워링크 MO,지역 조합 키워드 3,-,모바일,13,0,0,0,2.5,0,0,0,0
"파워링크",FSMS 파워링크 MO,지역 조합 키워드 3,대전HACCP,모바일,3,1,"2,706","2,706",4,1,0,0,0
"파워링크",FSMS 파워링크 MO,지역 조합 키워드 3,대전HACCP컨설팅,모바일,3,0,0,0,1,0,0,0,0
"파워링크",FSMS 파워링크 MO,지역 조합 키워드 3,대전해썹,모바일,3,0,0,0,1,0,0,0,0
"파워링크",FSMS 파워링크 MO,지역 조합 키워드 3,대전해썹공장임대,모바일,2,0,0,0,1,0,0,0,0
"파워링크",FSMS 파워링크 MO,지역 조합 키워드 3,대전해썹인증원,모바일,4,0,0,0,1,0,0,0,0
"파워링크",FSMS 파워링크 MO,지역 조합 키워드 3,동작해썹인증컨설팅,모바일,1,0,0,0,2,0,0,0,0
"파워링크",FSMS 파워링크 MO,지역 조합 키워드 3,동탄HACCP,모바일,1,0,0,0,1,0,0,0,0
"파워링크",FSMS 파워링크 MO,지역 조합 키워드 3,동탄해썹,모바일,1,0,0,0,1,0,0,0,0
"파워링크",FSMS 파워링크 MO,지역 조합 키워드 3,만안해썹공장,모바일,1,0,0,0,1,0,0,0,0
"파워링크",FSMS 파워링크 MO,지역 조합 키워드 3,미니해썹,모바일,4,0,0,0,1,0,0,0,0
"파워링크",FSMS 파워링크 MO,지역 조합 키워드 3,밀양해썹,모바일,1,0,0,0,1,0,0,0,0
"파워링크",FSMS 파워링크 MO,지역 조합 키워드 3,부산해썹,모바일,5,0,0,0,3.8,0,0,0,0
"파워링크",FSMS 파워링크 MO,지역 조합 키워드 3,부산해썹공장매매,모바일,1,0,0,0,1,0,0,0,0
"파워링크",FSMS 파워링크 MO,지역 조합 키워드 3,부산해썹인증원,모바일,7,0,0,0,1,0,0,0,0
"파워링크",FSMS 파워링크 MO,지역 조합 키워드 3,부산해썹컨설팅,모바일,2,0,0,0,1,0,0,0,0
"파워링크",FSMS 파워링크 MO,지역 조합 키워드 3,부안HACCP,모바일,1,0,0,0,1,0,0,0,0
"파워링크",FSMS 파워링크 MO,지역 조합 키워드 3,사상해썹인증원,모바일,1,0,0,0,1,0,0,0,0
"파워링크",FSMS 파워링크 MO,지역 조합 키워드 5,-,모바일,18,0,0,0,1.6,0,0,0,0
"파워링크",FSMS 파워링크 MO,지역 조합 키워드 5,국수해썹비용,모바일,1,0,0,0,1,0,0,0,0
"파워링크",FSMS 파워링크 MO,지역 조합 키워드 5,여주해썹,모바일,1,0,0,0,1,0,0,0,0
"파워링크",FSMS 파워링크 MO,지역 조합 키워드 5,여주해썹공장,모바일,1,0,0,0,1,0,0,0,0
"파워링크",FSMS 파워링크 MO,지역 조합 키워드 5,예산HACCP,모바일,1,0,0,0,1,0,0,0,0
"파워링크",FSMS 파워링크 MO,지역 조합 키워드 5,예산해썹,모바일,1,0,0,0,1,0,0,0,0
"파워링크",FSMS 파워링크 MO,지역 조합 키워드 5,울산해썹,모바일,2,0,0,0,1,0,0,0,0
"파워링크",FSMS 파워링크 MO,지역 조합 키워드 5,위드키친,모바일,58,0,0,0,1,0,0,0,0
"파워링크",FSMS 파워링크 MO,지역 조합 키워드 5,위생등급컨설팅,모바일,4,0,0,0,1.3,0,0,0,0
"파워링크",FSMS 파워링크 MO,지역 조합 키워드 5,초콜릿해썹,모바일,1,0,0,0,1,0,0,0,0
"파워링크",FSMS 파워링크 MO,지역 조합 키워드 7,-,모바일,12,0,0,0,1.5,0,0,0,0
"파워링크",FSMS 파워링크 MO,지역 조합 키워드 7,당진해썹,모바일,3,0,0,0,1,0,0,0,0
"파워링크",FSMS 파워링크 MO,지역 조합 키워드 7,대구HACCP인증원,모바일,2,0,0,0,1,0,0,0,0
"파워링크",FSMS 파워링크 MO,지역 조합 키워드 7,대구소규모해썹,모바일,1,0,0,0,1,0,0,0,0
"파워링크",FSMS 파워링크 MO,지역 조합 키워드 7,대구해썹,모바일,1,0,0,0,10,0,0,0,0
"파워링크",FSMS 파워링크 MO,지역 조합 키워드 7,대구해썹인증,모바일,2,0,0,0,1,0,0,0,0
"파워링크",FSMS 파워링크 MO,지역 조합 키워드 7,대구해썹인증원,모바일,9,0,0,0,1,0,0,0,0
"파워링크",FSMS 파워링크 MO,지역 조합 키워드 7,안양해썹인증,모바일,1,0,0,0,1,0,0,0,0
"파워링크",FSMS 파워링크 MO,지역 조합 키워드 7,양산HACCP,모바일,1,0,0,0,1,0,0,0,0
"파워링크",FSMS 파워링크 MO,지역 조합 키워드 7,양산해썹,모바일,6,0,0,0,1,0,0,0,0
"파워링크",FSMS 파워링크 MO,지역 조합 키워드 7,양산해썹공장매매,모바일,2,0,0,0,1,0,0,0,0
"파워링크",FSMS 파워링크 MO,지역 조합 키워드 7,양산해썹공장임대,모바일,12,0,0,0,1,0,0,0,0
"파워링크",FSMS 파워링크 MO,지역 조합 키워드 7,양양해썹,모바일,1,0,0,0,1,0,0,0,0
"파워링크",FSMS 파워링크 MO,지역 조합 키워드 7,양주HACCP,모바일,1,0,0,0,1,0,0,0,0
"파워링크",FSMS 파워링크 MO,지역 조합 키워드 7,파주해썹공장,모바일,4,0,0,0,1,0,0,0,0
"파워링크",FSMS 파워링크 MO,지역 조합 키워드 7,포항소규모해썹,모바일,1,0,0,0,1,0,0,0,0
"파워링크",FSMS 파워링크 MO,지역 조합 키워드 7,포항해썹,모바일,3,0,0,0,1,0,0,0,0
"파워링크",FSMS 파워링크 MO,지역 조합 키워드 7,포항해썹공장,모바일,2,0,0,0,1,0,0,0,0
"파워링크",FSMS 파워링크 MO,지역 조합 키워드 7,함평HACCP인증업체,모바일,3,0,0,0,2.3,0,0,0,0
"파워링크",FSMS 파워링크 MO,지역 조합 키워드 7,합천HACCP,모바일,1,0,0,0,1,0,0,0,0
"파워링크",FSMS 파워링크 MO,지역 조합 키워드 7,해남해썹컨설팅,모바일,1,0,0,0,1,0,0,0,0
"파워링크",FSMS 파워링크 MO,지역 조합 키워드 6,-,모바일,71,1,66,66,2,1,0,0,0
"파워링크",FSMS 파워링크 MO,지역 조합 키워드 6,인허가컨설팅,모바일,1,0,0,0,1,0,0,0,0
"파워링크",FSMS 파워링크 MO,지역 조합 키워드 6,일산해썹,모바일,1,0,0,0,1,0,0,0,0
"파워링크",FSMS 파워링크 MO,지역 조합 키워드 6,전남해썹,모바일,1,0,0,0,1,0,0,0,0
"파워링크",FSMS 파워링크 MO,지역 조합 키워드 6,전남해썹비용,모바일,1,0,0,0,1,0,0,0,0
"파워링크",FSMS 파워링크 MO,지역 조합 키워드 6,전남해썹인증,모바일,1,0,0,0,1,0,0,0,0
"파워링크",FSMS 파워링크 MO,지역 조합 키워드 6,전북HACCP,모바일,1,0,0,0,1,0,0,0,0
"파워링크",FSMS 파워링크 MO,지역 조합 키워드 6,전북해썹공장,모바일,1,0,0,0,1,0,0,0,0
"파워링크",FSMS 파워링크 MO,지역 조합 키워드 6,전북해썹인증원,모바일,1,0,0,0,1,0,0,0,0
"파워링크",FSMS 파워링크 MO,지역 조합 키워드 6,전주해썹공사,모바일,1,0,0,0,1,0,0,0,0
"파워링크",FSMS 파워링크 MO,지역 조합 키워드 6,제주HACCP컨설팅,모바일,1,0,0,0,1,0,0,0,0
"파워링크",FSMS 파워링크 MO,지역 조합 키워드 6,제주해썹,모바일,3,0,0,0,1,0,0,0,0
"파워링크",FSMS 파워링크 MO,지역 조합 키워드 6,제주해썹공장임대,모바일,1,0,0,0,1,0,0,0,0
"파워링크",FSMS 파워링크 MO,지역 조합 키워드 6,제주해썹인증업체,모바일,1,0,0,0,1,0,0,0,0
"파워링크",FSMS 파워링크 MO,지역 조합 키워드 6,창원해썹공장임대,모바일,1,0,0,0,1,0,0,0,0
"파워링크",FSMS 파워링크 MO,지역 조합 키워드 6,천안해썹컨설팅,모바일,1,1,77,77,1,1,0,0,0
"파워링크",FSMS 파워링크 MO,지역 조합 키워드 6,철원해썹인증,모바일,1,1,616,616,1,3,28,1,0
"파워링크",FSMS 파워링크 MO,지역 조합 키워드 6,초콜릿HACCP,모바일,1,0,0,0,1,0,0,0,0
"파워링크",FSMS 파워링크 MO,지역 조합 키워드 8,-,모바일,4,0,0,0,2.3,0,0,0,0
"파워링크",FSMS 파워링크 MO,지역 조합 키워드 8,양주해썹,모바일,1,0,0,0,1,0,0,0,0
"파워링크",FSMS 파워링크 MO,지역 조합 키워드 8,의령HACCP컨설팅,모바일,1,0,0,0,3,0,0,0,0
"파워링크",FSMS 파워링크 MO,지역 조합 키워드 8,인제HACCP인증,모바일,1,0,0,0,1,0,0,0,0
"파워링크",FSMS 파워링크 MO,지역 조합 키워드 8,인천해썹,모바일,1,0,0,0,1,0,0,0,0
"파워링크",FSMS 파워링크 MO,지역 조합 키워드 8,인천해썹공사,모바일,1,0,0,0,1,0,0,0,0
"파워링크",FSMS 파워링크 MO,지역 조합 키워드 8,인천해썹공장,모바일,1,0,0,0,1,0,0,0,0
"파워링크",FSMS 파워링크 MO,지역 조합 키워드 8,청원소규모해썹인증,모바일,1,0,0,0,1,0,0,0,0
"파워링크",FSMS 파워링크 MO,지역 조합 키워드 8,청원해썹,모바일,2,1,77,77,1,1,0,0,0
"파워링크",FSMS 파워링크 MO,지역 조합 키워드 8,청주HACCP,모바일,1,0,0,0,1,0,0,0,0
"파워링크",FSMS 파워링크 MO,지역 조합 키워드 8,청주HACCP컨설팅,모바일,1,0,0,0,1,0,0,0,0
"파워링크",FSMS 파워링크 MO,지역 조합 키워드 8,청주해썹공장매매,모바일,1,0,0,0,1,0,0,0,0
"파워링크",FSMS 파워링크 MO,지역 조합 키워드 8,충남해썹공사,모바일,1,0,0,0,1,0,0,0,0
"파워링크",FSMS 파워링크 MO,지역 조합 키워드 8,충남해썹인증원,모바일,1,0,0,0,1,0,0,0,0
"파워링크",FSMS 파워링크 MO,지역 조합 키워드 8,충북햇섭인증,모바일,2,0,0,0,3.5,0,0,0,0
"파워링크",FSMS 파워링크 MO,지역 조합 키워드 8,충주햅썹인증,모바일,6,0,0,0,1,0,0,0,0
"파워링크",FSMS 회사기본,식품기업의 든든한 파트너,-,PC,50,0,0,0,1.8,0,0,0,0
"파워링크",FSMS 회사기본,식품기업의 든든한 파트너,-,모바일,30,1,110,110,1.4,1,0,0,0
"파워링크",FSMS 회사기본,식품기업의 든든한 파트너,FOOD,PC,50,0,0,0,6.3,0,0,0,0
"파워링크",FSMS 회사기본,식품기업의 든든한 파트너,FOOD,모바일,68,0,0,0,4.3,0,0,0,0
"파워링크",FSMS 회사기본,식품기업의 든든한 파트너,FSMS,PC,53,4,215,858,1,2.33,11.83,0,0
"파워링크",FSMS 회사기본,식품기업의 든든한 파트너,FSMS,모바일,48,5,418,"2,090",1.2,2.43,25.71,0,0
"파워링크",FSMS 파워링크 PC,HACCP,-,PC,309,3,242,726,2,2,9.67,0,0
"파워링크",FSMS 파워링크 PC,HACCP,HACCP,PC,19,0,0,0,18.3,0,0,0,0
"파워링크",FSMS 파워링크 PC,HACCP,HACCP개정,PC,2,0,0,0,1.5,0,0,0,0
"파워링크",FSMS 파워링크 PC,HACCP,HACCP고시,PC,4,0,0,0,1.3,0,0,0,0
"파워링크",FSMS 파워링크 PC,HACCP,HACCP공장,PC,12,0,0,0,10.2,0,0,0,0
"파워링크",FSMS 파워링크 PC,HACCP,HACCP관리,PC,1,0,0,0,2,0,0,0,0
"파워링크",FSMS 파워링크 PC,HACCP,HACCP교육,PC,624,10,"2,527","25,267",1.6,1.91,6.73,1,0
"파워링크",FSMS 파워링크 PC,HACCP,HACCP사후관리,PC,6,0,0,0,1.5,0,0,0,0
"파워링크",FSMS 파워링크 PC,HACCP,HACCP설계,PC,7,0,0,0,5.3,0,0,0,0
"파워링크",FSMS 파워링크 PC,HACCP,HACCP시공,PC,52,0,0,0,14.3,0,0,0,0
"파워링크",FSMS 파워링크 PC,HACCP,HACCP시설,PC,13,0,0,0,6.4,0,0,0,0
"파워링크",FSMS 파워링크 PC,HACCP,HACCP인증,PC,573,0,0,0,7.6,0,0,0,0
"파워링크",FSMS 파워링크 PC,HACCP,HACCP인증업체,PC,57,1,"2,959","2,959",1.6,2,38.5,0,0
"파워링크",FSMS 파워링크 PC,HACCP,HACCP인증컨설팅,PC,4,0,0,0,4,0,0,0,0
"파워링크",FSMS 파워링크 PC,HACCP,HACCP자체평가,PC,182,0,0,0,1.4,0,0,0,0
"파워링크",FSMS 파워링크 PC,HACCP,HACCP정기심사,PC,1,0,0,0,1,0,0,0,0
"파워링크",FSMS 파워링크 PC,HACCP,HACCP컨설팅,PC,121,4,"11,875","47,498",3.8,4,40.5,2,0
"파워링크",FSMS 파워링크 PC,HACCP,HACCP컨설팅업체,PC,4,1,"3,564","3,564",1.5,2,4,0,0
"파워링크",FSMS 파워링크 PC,HACCP,간이HACCP,PC,5,1,330,330,1,3,9,0,0
"파워링크",FSMS 파워링크 PC,HACCP,간이해썹,PC,4,0,0,0,1,0,0,0,0
"파워링크",FSMS 파워링크 PC,HACCP,소규모HACCP,PC,18,0,0,0,5.4,0,0,0,0
"파워링크",FSMS 파워링크 PC,HACCP,소규모해썹,PC,42,0,0,0,8.7,0,0,0,0
"파워링크",FSMS 파워링크 PC,HACCP,스마트HACCP,PC,80,1,"1,496","1,496",9,3,6,0,0
"파워링크",FSMS 파워링크 PC,HACCP,식품HACCP,PC,15,0,0,0,1.2,0,0,0,0
"파워링크",FSMS 파워링크 PC,HACCP,식품위생교육,PC,"5,602",18,743,"13,376",2.3,1.43,3.24,0,0
"파워링크",FSMS 파워링크 PC,HACCP,식품해썹,PC,7,0,0,0,2.7,0,0,0,0
"파워링크",FSMS 파워링크 PC,HACCP,위생등급제,PC,598,0,0,0,2.6,0,0,0,0
"파워링크",FSMS 파워링크 PC,HACCP,일반HACCP,PC,5,0,0,0,2,0,0,0,0
"파워링크",FSMS 파워링크 PC,HACCP,일반해썹,PC,25,0,0,0,1,0,0,0,0
"파워링크",FSMS 파워링크 PC,HACCP,축산물HACCP,PC,52,0,0,0,4.1,0,0,0,0
"파워링크",FSMS 파워링크 PC,HACCP,축산물가공업HACCP,PC,1,0,0,0,3,0,0,0,0
"파워링크",FSMS 파워링크 PC,HACCP,해썹,PC,"1,108",1,"5,599","5,599",9.3,1,0,0,0
"파워링크",FSMS 파워링크 PC,HACCP,해썹공장,PC,14,0,0,0,8.4,0,0,0,0
"파워링크",FSMS 파워링크 PC,HACCP,해썹관리,PC,13,1,"1,991","1,991",1.2,6,100,1,0
"파워링크",FSMS 파워링크 PC,HACCP,해썹교육,PC,338,6,"2,941","17,644",2.9,2.17,5.67,1,0
"파워링크",FSMS 파워링크 PC,HACCP,해썹사후관리,PC,10,1,"1,694","1,694",2.6,5,47,0,0
"파워링크",FSMS 파워링크 PC,HACCP,해썹설비,PC,4,0,0,0,2.3,0,0,0,0
"파워링크",FSMS 파워링크 PC,HACCP,해썹시설,PC,7,0,0,0,6.3,0,0,0,0
"파워링크",FSMS 파워링크 PC,HACCP,해썹인증,PC,834,2,"14,366","28,732",5.3,1,0,0,0
"파워링크",FSMS 파워링크 PC,HACCP,해썹인증대행,PC,2,0,0,0,3.5,0,0,0,0
"파워링크",FSMS 파워링크 PC,HACCP,해썹인증업체,PC,33,0,0,0,1.1,0,0,0,0
"파워링크",FSMS 파워링크 PC,HACCP,해썹인증컨설팅,PC,3,0,0,0,5.7,0,0,0,0
"파워링크",FSMS 파워링크 PC,HACCP,해썹인테리어,PC,4,0,0,0,5.5,0,0,0,0
"파워링크",FSMS 파워링크 PC,HACCP,해썹자체평가,PC,216,0,0,0,1.5,0,0,0,0
"파워링크",FSMS 파워링크 PC,HACCP,해썹장비,PC,2,0,0,0,7.5,0,0,0,0
"파워링크",FSMS 파워링크 PC,HACCP,해썹정기심사,PC,2,0,0,0,2,0,0,0,0
"파워링크",FSMS 파워링크 PC,HACCP,해썹컨설팅,PC,92,4,"12,284","49,137",4.7,1.32,4.86,0,0
"파워링크",FSMS 파워링크 PC,HACCP,해썹컨설팅비용,PC,1,0,0,0,7,0,0,0,0
"파워링크",FSMS 파워링크 PC,HACCP,해썹컨설팅업체,PC,1,0,0,0,2,0,0,0,0
"파워링크",FSMS 파워링크 PC,HACCP,햅썹,PC,157,0,0,0,8.4,0,0,0,0
"파워링크",FSMS 파워링크 PC,HACCP,햇썹,PC,16,0,0,0,6.9,0,0,0,0
"파워링크",FSMS 파워링크 PC,지역 조합 키워드 1,-,PC,49,1,253,253,2.6,1,0,0,0
"파워링크",FSMS 파워링크 PC,지역 조합 키워드 1,강원해썹,PC,1,0,0,0,1,0,0,0,0
"파워링크",FSMS 파워링크 PC,지역 조합 키워드 1,경기해썹공장임대,PC,1,0,0,0,1,0,0,0,0
"파워링크",FSMS 파워링크 PC,지역 조합 키워드 1,경남HACCP,PC,1,0,0,0,1,0,0,0,0
"파워링크",FSMS 파워링크 PC,지역 조합 키워드 1,경북해썹,PC,4,0,0,0,1,0,0,0,0
"파워링크",FSMS 파워링크 PC,지역 조합 키워드 1,경북해썹공장임대,PC,2,0,0,0,1,0,0,0,0
"파워링크",FSMS 파워링크 PC,지역 조합 키워드 1,경북해썹인증원,PC,1,0,0,0,1,0,0,0,0
"파워링크",FSMS 파워링크 PC,지역 조합 키워드 1,경주해썹공장,PC,2,0,0,0,1,0,0,0,0
"파워링크",FSMS 파워링크 PC,지역 조합 키워드 1,고양HACCP,PC,1,0,0,0,1,0,0,0,0
"파워링크",FSMS 파워링크 PC,지역 조합 키워드 1,고흥HACCP,PC,1,0,0,0,1,0,0,0,0
"파워링크",FSMS 파워링크 PC,지역 조합 키워드 1,광주HACCP,PC,5,0,0,0,2.2,0,0,0,0
"파워링크",FSMS 파워링크 PC,지역 조합 키워드 1,광주해썹,PC,6,0,0,0,1,0,0,0,0
"파워링크",FSMS 파워링크 PC,지역 조합 키워드 1,광주해썹공사,PC,1,0,0,0,1,0,0,0,0
"파워링크",FSMS 파워링크 PC,지역 조합 키워드 1,광주해썹인증원,PC,1,0,0,0,1,0,0,0,0
"파워링크",FSMS 파워링크 PC,지역 조합 키워드 2,-,PC,57,0,0,0,2.2,0,0,0,0
"파워링크",FSMS 파워링크 PC,지역 조합 키워드 2,구미HACCP컨설팅,PC,1,0,0,0,1,0,0,0,0
"파워링크",FSMS 파워링크 PC,지역 조합 키워드 2,구미해썹,PC,2,1,374,374,1,1,0,0,0
"파워링크",FSMS 파워링크 PC,지역 조합 키워드 2,군산해썹공사,PC,1,0,0,0,1,0,0,0,0
"파워링크",FSMS 파워링크 PC,지역 조합 키워드 2,군산해썹행정사,PC,1,0,0,0,1,0,0,0,0
"파워링크",FSMS 파워링크 PC,지역 조합 키워드 2,김포해썹,PC,2,0,0,0,1,0,0,0,0
"파워링크",FSMS 파워링크 PC,지역 조합 키워드 2,김포해썹공장,PC,1,0,0,0,1,0,0,0,0
"파워링크",FSMS 파워링크 PC,지역 조합 키워드 2,김포해썹공장매매,PC,1,0,0,0,1,0,0,0,0
"파워링크",FSMS 파워링크 PC,지역 조합 키워드 2,김포해썹공장임대,PC,4,0,0,0,1,0,0,0,0
"파워링크",FSMS 파워링크 PC,지역 조합 키워드 2,김해해썹공장,PC,1,0,0,0,1,0,0,0,0
"파워링크",FSMS 파워링크 PC,지역 조합 키워드 2,남양주해썹,PC,1,0,0,0,1,0,0,0,0
"파워링크",FSMS 파워링크 PC,지역 조합 키워드 2,원두HACCP,PC,1,0,0,0,1,0,0,0,0
"파워링크",FSMS 파워링크 PC,지역 조합 키워드 3,-,PC,39,0,0,0,2.7,0,0,0,0
"파워링크",FSMS 파워링크 PC,지역 조합 키워드 3,대전HACCP,PC,4,0,0,0,2.8,0,0,0,0
"파워링크",FSMS 파워링크 PC,지역 조합 키워드 3,대전HACCP컨설팅,PC,2,0,0,0,1,0,0,0,0
"파워링크",FSMS 파워링크 PC,지역 조합 키워드 3,대전해썹,PC,4,0,0,0,1.8,0,0,0,0
"파워링크",FSMS 파워링크 PC,지역 조합 키워드 3,대전해썹공장,PC,1,0,0,0,1,0,0,0,0
"파워링크",FSMS 파워링크 PC,지역 조합 키워드 3,대전해썹공장매매,PC,1,0,0,0,1,0,0,0,0
"파워링크",FSMS 파워링크 PC,지역 조합 키워드 3,대전해썹공장임대,PC,1,0,0,0,1,0,0,0,0
"파워링크",FSMS 파워링크 PC,지역 조합 키워드 3,대전해썹인증원,PC,2,0,0,0,1,0,0,0,0
"파워링크",FSMS 파워링크 PC,지역 조합 키워드 3,대전해썹인증컨설팅,PC,1,0,0,0,1,0,0,0,0
"파워링크",FSMS 파워링크 PC,지역 조합 키워드 3,대전해썹컨설팅,PC,1,0,0,0,1,0,0,0,0
"파워링크",FSMS 파워링크 PC,지역 조합 키워드 3,목포HACCP,PC,1,0,0,0,1,0,0,0,0
"파워링크",FSMS 파워링크 PC,지역 조합 키워드 3,목포해썹공장,PC,1,0,0,0,1,0,0,0,0
"파워링크",FSMS 파워링크 PC,지역 조합 키워드 3,부산HACCP,PC,4,0,0,0,4.8,0,0,0,0
"파워링크",FSMS 파워링크 PC,지역 조합 키워드 3,부산소규모해썹,PC,1,0,0,0,1,0,0,0,0
"파워링크",FSMS 파워링크 PC,지역 조합 키워드 3,부산해썹,PC,11,1,"1,199","1,199",4.4,2,10,0,0
"파워링크",FSMS 파워링크 PC,지역 조합 키워드 3,부산해썹공사,PC,2,0,0,0,1,0,0,0,0
"파워링크",FSMS 파워링크 PC,지역 조합 키워드 3,부산해썹공장,PC,1,0,0,0,1,0,0,0,0
"파워링크",FSMS 파워링크 PC,지역 조합 키워드 3,부산해썹공장매매,PC,4,0,0,0,1,0,0,0,0
"파워링크",FSMS 파워링크 PC,지역 조합 키워드 3,부산해썹공장임대,PC,1,0,0,0,1,0,0,0,0
"파워링크",FSMS 파워링크 PC,지역 조합 키워드 3,부산해썹인증,PC,1,0,0,0,1,0,0,0,0
"파워링크",FSMS 파워링크 PC,지역 조합 키워드 3,부산해썹인증원,PC,5,0,0,0,1,0,0,0,0
"파워링크",FSMS 파워링크 PC,지역 조합 키워드 3,부산해썹컨설팅,PC,2,0,0,0,1,0,0,0,0
"파워링크",FSMS 파워링크 PC,지역 조합 키워드 3,상주해썹,PC,1,0,0,0,1,0,0,0,0
"파워링크",FSMS 파워링크 PC,해썹 추가 키워드,-,PC,798,12,330,"3,960",1.8,2.92,28.83,4,0
"파워링크",FSMS 파워링크 PC,해썹 추가 키워드,HACCP공사,PC,2,0,0,0,16,0,0,0,0
"파워링크",FSMS 파워링크 PC,해썹 추가 키워드,HACCP대행,PC,2,0,0,0,1.5,0,0,0,0
"파워링크",FSMS 파워링크 PC,해썹 추가 키워드,HACCP인증대행,PC,1,0,0,0,6,0,0,0,0
"파워링크",FSMS 파워링크 PC,해썹 추가 키워드,HACCP인증원,PC,896,1,682,682,3.5,1,0,0,0
"파워링크",FSMS 파워링크 PC,해썹 추가 키워드,HACCP컨설팅비용,PC,3,0,0,0,5,0,0,0,0
"파워링크",FSMS 파워링크 PC,해썹 추가 키워드,농산물해썹,PC,5,0,0,0,2.2,0,0,0,0
"파워링크",FSMS 파워링크 PC,해썹 추가 키워드,소규모해썹비용,PC,9,0,0,0,6.3,0,0,0,0
"파워링크",FSMS 파워링크 PC,해썹 추가 키워드,소분업해썹,PC,5,0,0,0,2,0,0,0,0
"파워링크",FSMS 파워링크 PC,해썹 추가 키워드,수산물해썹,PC,3,0,0,0,3,0,0,0,0
"파워링크",FSMS 파워링크 PC,해썹 추가 키워드,식약처해썹,PC,7,0,0,0,2.6,0,0,0,0
"파워링크",FSMS 파워링크 PC,해썹 추가 키워드,식약청해썹,PC,2,0,0,0,1.5,0,0,0,0
"파워링크",FSMS 파워링크 PC,해썹 추가 키워드,축산물해썹교육,PC,63,0,0,0,7.1,0,0,0,0
"파워링크",FSMS 파워링크 PC,해썹 추가 키워드,축산물해썹마크,PC,1,0,0,0,1,0,0,0,0
"파워링크",FSMS 파워링크 PC,해썹 추가 키워드,축산해썹,PC,8,0,0,0,2.9,0,0,0,0
"파워링크",FSMS 파워링크 PC,해썹 추가 키워드,해섭교육,PC,2,0,0,0,3,0,0,0,0
"파워링크",FSMS 파워링크 PC,해썹 추가 키워드,해섭나라,PC,1,0,0,0,1,0,0,0,0
"파워링크",FSMS 파워링크 PC,해썹 추가 키워드,해섭인증,PC,2,1,88,88,2.5,2,6,0,0
"파워링크",FSMS 파워링크 PC,해썹 추가 키워드,해쌉,PC,1,0,0,0,2,0,0,0,0
"파워링크",FSMS 파워링크 PC,해썹 추가 키워드,해썹7원칙,PC,7,0,0,0,2.7,0,0,0,0
"파워링크",FSMS 파워링크 PC,해썹 추가 키워드,해썹7원칙12절차,PC,14,0,0,0,1,0,0,0,0
"파워링크",FSMS 파워링크 PC,해썹 추가 키워드,해썹건축,PC,4,1,143,143,5.3,2,10,0,0
"파워링크",FSMS 파워링크 PC,해썹 추가 키워드,해썹공사,PC,1,0,0,0,10,0,0,0,0
"파워링크",FSMS 파워링크 PC,해썹 추가 키워드,해썹공유시설,PC,2,0,0,0,2,0,0,0,0
"파워링크",FSMS 파워링크 PC,해썹 추가 키워드,해썹공장매매,PC,2,0,0,0,3,0,0,0,0
"파워링크",FSMS 파워링크 PC,해썹 추가 키워드,해썹공장임대,PC,43,0,0,0,4.5,0,0,0,0
"파워링크",FSMS 파워링크 PC,해썹 추가 키워드,해썹기구,PC,1,0,0,0,6,0,0,0,0
"파워링크",FSMS 파워링크 PC,해썹 추가 키워드,해썹기준,PC,1,0,0,0,3,0,0,0,0
"파워링크",FSMS 파워링크 PC,해썹 추가 키워드,해썹기준서,PC,15,0,0,0,2.7,0,0,0,0
"파워링크",FSMS 파워링크 PC,해썹 추가 키워드,해썹김치,PC,2,0,0,0,6,0,0,0,0
"파워링크",FSMS 파워링크 PC,해썹 추가 키워드,해썹나라,PC,143,1,99,99,4.2,1,0,0,0
"파워링크",FSMS 파워링크 PC,해썹 추가 키워드,해썹대행,PC,1,0,0,0,2,0,0,0,0
"파워링크",FSMS 파워링크 PC,해썹 추가 키워드,해썹도면,PC,3,0,0,0,3.3,0,0,0,0
"파워링크",FSMS 파워링크 PC,해썹 추가 키워드,해썹로고,PC,80,0,0,0,2.4,0,0,0,0
"파워링크",FSMS 파워링크 PC,해썹 추가 키워드,해썹마크,PC,156,1,154,154,8.1,1,0,0,0
"파워링크",FSMS 파워링크 PC,해썹 추가 키워드,해썹바닥,PC,3,0,0,0,8.3,0,0,0,0
"파워링크",FSMS 파워링크 PC,해썹 추가 키워드,해썹바닥재,PC,2,0,0,0,8,0,0,0,0
"파워링크",FSMS 파워링크 PC,해썹 추가 키워드,해썹비용,PC,6,0,0,0,2.5,0,0,0,0
"파워링크",FSMS 파워링크 PC,해썹 추가 키워드,해썹서류,PC,21,0,0,0,6.5,0,0,0,0
"파워링크",FSMS 파워링크 PC,해썹 추가 키워드,해썹선행요건,PC,10,0,0,0,1.9,0,0,0,0
"파워링크",FSMS 파워링크 PC,해썹 추가 키워드,해썹설계,PC,1,0,0,0,6,0,0,0,0
"파워링크",FSMS 파워링크 PC,해썹 추가 키워드,해썹시스템,PC,1,0,0,0,1,0,0,0,0
"파워링크",FSMS 파워링크 PC,해썹 추가 키워드,해썹식품,PC,2,0,0,0,1,0,0,0,0
"파워링크",FSMS 파워링크 PC,해썹 추가 키워드,해썹심사,PC,1,0,0,0,3,0,0,0,0
"파워링크",FSMS 파워링크 PC,해썹 추가 키워드,해썹업체,PC,17,0,0,0,2.7,0,0,0,0
"파워링크",FSMS 파워링크 PC,해썹 추가 키워드,해썹용품,PC,2,0,0,0,21.5,0,0,0,0
"파워링크",FSMS 파워링크 PC,해썹 추가 키워드,해썹위생,PC,2,0,0,0,3,0,0,0,0
"파워링크",FSMS 파워링크 PC,해썹 추가 키워드,해썹위생설비,PC,3,0,0,0,4.3,0,0,0,0
"파워링크",FSMS 파워링크 PC,해썹 추가 키워드,해썹의무품목,PC,17,0,0,0,1.3,0,0,0,0
"파워링크",FSMS 파워링크 PC,해썹 추가 키워드,해썹이란,PC,126,0,0,0,3.3,0,0,0,0
"파워링크",FSMS 파워링크 PC,해썹 추가 키워드,해썹인증가격,PC,2,0,0,0,2,0,0,0,0
"파워링크",FSMS 파워링크 PC,해썹 추가 키워드,해썹인증공사,PC,4,0,0,0,1,0,0,0,0
"파워링크",FSMS 파워링크 PC,해썹 추가 키워드,해썹인증관리,PC,4,0,0,0,4,0,0,0,0
"파워링크",FSMS 파워링크 PC,해썹 추가 키워드,해썹인증교육,PC,8,0,0,0,1.8,0,0,0,0
"파워링크",FSMS 파워링크 PC,해썹 추가 키워드,해썹인증기관,PC,1,0,0,0,3,0,0,0,0
"파워링크",FSMS 파워링크 PC,해썹 추가 키워드,해썹인증기준,PC,1,0,0,0,3,0,0,0,0
"파워링크",FSMS 파워링크 PC,해썹 추가 키워드,해썹인증마크,PC,17,0,0,0,6.2,0,0,0,0
"파워링크",FSMS 파워링크 PC,해썹 추가 키워드,해썹인증방법,PC,1,0,0,0,3,0,0,0,0
"파워링크",FSMS 파워링크 PC,해썹 추가 키워드,해썹인증비용,PC,48,0,0,0,6.3,0,0,0,0
"파워링크",FSMS 파워링크 PC,해썹 추가 키워드,해썹인증서,PC,2,0,0,0,3,0,0,0,0
"파워링크",FSMS 파워링크 PC,해썹 추가 키워드,해썹인증신청,PC,7,0,0,0,2.7,0,0,0,0
"파워링크",FSMS 파워링크 PC,해썹 추가 키워드,해썹인증원,PC,"1,145",4,949,"3,795",3.5,1.75,6.5,1,0
"파워링크",FSMS 파워링크 PC,해썹 추가 키워드,해썹인증절차,PC,29,0,0,0,2.8,0,0,0,0
"파워링크",FSMS 파워링크 PC,해썹 추가 키워드,해썹절차,PC,1,0,0,0,3,0,0,0,0
"파워링크",FSMS 파워링크 PC,해썹 추가 키워드,해썹지원,PC,4,0,0,0,3.3,0,0,0,0
"파워링크",FSMS 파워링크 PC,해썹 추가 키워드,해썹지원금,PC,10,0,0,0,2.5,0,0,0,0
"파워링크",FSMS 파워링크 PC,해썹 추가 키워드,해썹지원사업,PC,1,0,0,0,3,0,0,0,0
"파워링크",FSMS 파워링크 PC,해썹 추가 키워드,해썹행정사,PC,23,0,0,0,7.7,0,0,0,0
"파워링크",FSMS 파워링크 PC,해썹 추가 키워드,햅섭,PC,1,0,0,0,5,0,0,0,0
"파워링크",FSMS 파워링크 PC,해썹 추가 키워드,햅섭인증,PC,5,0,0,0,2.4,0,0,0,0
"파워링크",FSMS 파워링크 PC,해썹 추가 키워드,햅썹교육,PC,1,1,77,77,1,2,11,0,0
"파워링크",FSMS 파워링크 PC,해썹 추가 키워드,햅썹시설,PC,1,0,0,0,2,0,0,0,0
"파워링크",FSMS 파워링크 PC,해썹 추가 키워드,햅썹인증,PC,9,0,0,0,11,0,0,0,0
"파워링크",FSMS 파워링크 PC,해썹 추가 키워드,햇섭,PC,51,0,0,0,9,0,0,0,0
"파워링크",FSMS 파워링크 PC,해썹 추가 키워드,햇섭교육,PC,3,1,77,77,3,3,85,0,0
"파워링크",FSMS 파워링크 PC,해썹 추가 키워드,햇섭기준,PC,1,0,0,0,1,0,0,0,0
"파워링크",FSMS 파워링크 PC,해썹 추가 키워드,햇섭시설,PC,2,1,88,88,5,8,117,1,0
"파워링크",FSMS 파워링크 PC,해썹 추가 키워드,햇섭인증,PC,5,0,0,0,8.8,0,0,0,0
"파워링크",FSMS 파워링크 PC,해썹 추가 키워드,햇쌉,PC,1,0,0,0,1,0,0,0,0
"파워링크",FSMS 파워링크 PC,해썹 추가 키워드,햇썹교육,PC,19,1,66,66,1.4,2,5,0,0
"파워링크",FSMS 파워링크 PC,해썹 추가 키워드,햇썹나라,PC,1,0,0,0,2,0,0,0,0
"파워링크",FSMS 파워링크 PC,해썹 추가 키워드,햇썹마크,PC,1,0,0,0,2,0,0,0,0
"파워링크",FSMS 파워링크 PC,해썹 추가 키워드,햇썹인증,PC,1,0,0,0,8,0,0,0,0
"파워링크",FSMS 파워링크 PC,해썹 추가 키워드,햇썹인증마크,PC,5,0,0,0,1.6,0,0,0,0
"파워링크",FSMS 파워링크 PC,해썹 추가 키워드,햇썹인증원,PC,2,0,0,0,3,0,0,0,0
"파워링크",FSMS 파워링크 PC,지역 조합 키워드 4,-,PC,35,0,0,0,2.6,0,0,0,0
"파워링크",FSMS 파워링크 PC,지역 조합 키워드 4,서울HACCP,PC,2,0,0,0,1,0,0,0,0
"파워링크",FSMS 파워링크 PC,지역 조합 키워드 4,서울해썹공장,PC,1,0,0,0,1,0,0,0,0
"파워링크",FSMS 파워링크 PC,지역 조합 키워드 4,서울해썹인증,PC,1,0,0,0,1,0,0,0,0
"파워링크",FSMS 파워링크 PC,지역 조합 키워드 4,서울해썹인증원,PC,1,0,0,0,1,0,0,0,0
"파워링크",FSMS 파워링크 PC,지역 조합 키워드 4,세종HACCP,PC,1,0,0,0,1,0,0,0,0
"파워링크",FSMS 파워링크 PC,지역 조합 키워드 4,소규모HACCP컨설팅,PC,1,0,0,0,3,0,0,0,0
"파워링크",FSMS 파워링크 PC,지역 조합 키워드 4,소규모해썹인증,PC,18,0,0,0,5.7,0,0,0,0
"파워링크",FSMS 파워링크 PC,지역 조합 키워드 4,소규모해썹컨설팅,PC,1,0,0,0,2,0,0,0,0
"파워링크",FSMS 파워링크 PC,지역 조합 키워드 4,수원해썹,PC,2,0,0,0,1,0,0,0,0
"파워링크",FSMS 파워링크 PC,지역 조합 키워드 4,안성HACCP,PC,2,0,0,0,1,0,0,0,0
"파워링크",FSMS 파워링크 PC,지역 조합 키워드 4,안성해썹,PC,1,0,0,0,1,0,0,0,0
"파워링크",FSMS 파워링크 PC,지역 조합 키워드 4,음료해썹,PC,1,0,0,0,1,0,0,0,0
"파워링크",FSMS 파워링크 PC,지역 조합 키워드 5,-,PC,100,1,77,77,2.5,1,0,0,0
"파워링크",FSMS 파워링크 PC,지역 조합 키워드 5,로스팅해썹공장임대,PC,1,0,0,0,1,0,0,0,0
"파워링크",FSMS 파워링크 PC,지역 조합 키워드 5,영동해썹,PC,1,0,0,0,1,0,0,0,0
"파워링크",FSMS 파워링크 PC,지역 조합 키워드 5,영등포해썹,PC,1,0,0,0,1,0,0,0,0
"파워링크",FSMS 파워링크 PC,지역 조합 키워드 5,옥천해썹공장,PC,1,0,0,0,1,0,0,0,0
"파워링크",FSMS 파워링크 PC,지역 조합 키워드 5,용인HACCP,PC,1,0,0,0,1,0,0,0,0
"파워링크",FSMS 파워링크 PC,지역 조합 키워드 5,용인해썹,PC,2,0,0,0,1,0,0,0,0
"파워링크",FSMS 파워링크 PC,지역 조합 키워드 5,용인해썹인증원,PC,1,0,0,0,1,0,0,0,0
"파워링크",FSMS 파워링크 PC,지역 조합 키워드 5,울산HACCP,PC,4,1,"2,288","2,288",1,2,5,0,0
"파워링크",FSMS 파워링크 PC,지역 조합 키워드 5,울산HACCP인증,PC,1,0,0,0,1,0,0,0,0
"파워링크",FSMS 파워링크 PC,지역 조합 키워드 5,울산HACCP컨설팅,PC,1,0,0,0,1,0,0,0,0
"파워링크",FSMS 파워링크 PC,지역 조합 키워드 5,울산해썹인증,PC,1,0,0,0,1,0,0,0,0
"파워링크",FSMS 파워링크 PC,지역 조합 키워드 5,원주HACCP,PC,3,0,0,0,1,0,0,0,0
"파워링크",FSMS 파워링크 PC,지역 조합 키워드 5,원주해썹인증,PC,2,0,0,0,1,0,0,0,0
"파워링크",FSMS 파워링크 PC,지역 조합 키워드 5,원주해썹컨설팅,PC,1,0,0,0,1,0,0,0,0
"파워링크",FSMS 파워링크 PC,지역 조합 키워드 5,위드키친,PC,90,0,0,0,1,0,0,0,0
"파워링크",FSMS 파워링크 PC,지역 조합 키워드 5,위생등급컨설팅,PC,8,1,"2,607","2,607",1.6,0,0,0,0
"파워링크",FSMS 파워링크 PC,지역 조합 키워드 5,초콜릿해썹,PC,1,0,0,0,1,0,0,0,0
"파워링크",FSMS 파워링크 PC,지역 조합 키워드 6,-,PC,79,0,0,0,1.8,0,0,0,0
"파워링크",FSMS 파워링크 PC,지역 조합 키워드 6,로스팅해썹공장임대,PC,1,0,0,0,1,0,0,0,0
"파워링크",FSMS 파워링크 PC,지역 조합 키워드 6,음료HACCP,PC,1,0,0,0,1,0,0,0,0
"파워링크",FSMS 파워링크 PC,지역 조합 키워드 6,음료해썹,PC,1,0,0,0,1,0,0,0,0
"파워링크",FSMS 파워링크 PC,지역 조합 키워드 6,인허가컨설팅,PC,8,0,0,0,1,0,0,0,0
"파워링크",FSMS 파워링크 PC,지역 조합 키워드 6,일산해썹,PC,3,0,0,0,1.7,0,0,0,0
"파워링크",FSMS 파워링크 PC,지역 조합 키워드 6,일산해썹공장매매,PC,2,0,0,0,1,0,0,0,0
"파워링크",FSMS 파워링크 PC,지역 조합 키워드 6,전북HACCP,PC,2,0,0,0,1,0,0,0,0
"파워링크",FSMS 파워링크 PC,지역 조합 키워드 6,전북HACCP컨설팅,PC,2,1,"1,342","1,342",1,1,0,0,0
"파워링크",FSMS 파워링크 PC,지역 조합 키워드 6,전북해썹,PC,3,0,0,0,1,0,0,0,0
"파워링크",FSMS 파워링크 PC,지역 조합 키워드 6,전주HACCP,PC,2,0,0,0,1,0,0,0,0
"파워링크",FSMS 파워링크 PC,지역 조합 키워드 6,전주해썹,PC,2,0,0,0,1,0,0,0,0
"파워링크",FSMS 파워링크 PC,지역 조합 키워드 6,전주해썹인증,PC,1,0,0,0,1,0,0,0,0
"파워링크",FSMS 파워링크 PC,지역 조합 키워드 6,제주HACCP,PC,3,0,0,0,2,0,0,0,0
"파워링크",FSMS 파워링크 PC,지역 조합 키워드 6,제주HACCP컨설팅,PC,2,0,0,0,1,0,0,0,0
"파워링크",FSMS 파워링크 PC,지역 조합 키워드 6,제주해썹,PC,7,1,"1,771","1,771",1,1,0,0,0
"파워링크",FSMS 파워링크 PC,지역 조합 키워드 6,제주해썹인증,PC,1,0,0,0,1,0,0,0,0
"파워링크",FSMS 파워링크 PC,지역 조합 키워드 6,조리실대여,PC,6,0,0,0,1,0,0,0,0
"파워링크",FSMS 파워링크 PC,지역 조합 키워드 6,증평HACCP,PC,2,0,0,0,1,0,0,0,0
"파워링크",FSMS 파워링크 PC,지역 조합 키워드 6,진주HACCP인증,PC,1,0,0,0,1,0,0,0,0
"파워링크",FSMS 파워링크 PC,지역 조합 키워드 6,진주해썹,PC,1,0,0,0,1,0,0,0,0
"파워링크",FSMS 파워링크 PC,지역 조합 키워드 6,창원해썹공장,PC,1,0,0,0,1,0,0,0,0
"파워링크",FSMS 파워링크 PC,지역 조합 키워드 6,천안HACCP,PC,2,0,0,0,2,0,0,0,0
"파워링크",FSMS 파워링크 PC,지역 조합 키워드 6,천안HACCP인증,PC,1,0,0,0,1,0,0,0,0
"파워링크",FSMS 파워링크 PC,지역 조합 키워드 6,천안소규모해썹,PC,1,0,0,0,1,0,0,0,0
"파워링크",FSMS 파워링크 PC,지역 조합 키워드 6,천안해썹,PC,1,0,0,0,1,0,0,0,0
"파워링크",FSMS 파워링크 PC,지역 조합 키워드 6,천안해썹공장,PC,1,0,0,0,1,0,0,0,0
"파워링크",FSMS 파워링크 PC,지역 조합 키워드 6,초콜릿해썹,PC,1,0,0,0,1,0,0,0,0
"파워링크",FSMS 파워링크 PC,지역 조합 키워드 7,-,PC,44,0,0,0,2.3,0,0,0,0
"파워링크",FSMS 파워링크 PC,지역 조합 키워드 7,당진해썹,PC,1,0,0,0,1,0,0,0,0
"파워링크",FSMS 파워링크 PC,지역 조합 키워드 7,대구HACCP,PC,6,0,0,0,6.3,0,0,0,0
"파워링크",FSMS 파워링크 PC,지역 조합 키워드 7,대구HACCP인증업체,PC,1,0,0,0,1,0,0,0,0
"파워링크",FSMS 파워링크 PC,지역 조합 키워드 7,대구HACCP인증원,PC,3,0,0,0,1,0,0,0,0
"파워링크",FSMS 파워링크 PC,지역 조합 키워드 7,대구HACCP인증컨설팅,PC,1,1,"1,760","1,760",1,4,58,1,0
"파워링크",FSMS 파워링크 PC,지역 조합 키워드 7,대구HACCP컨설팅,PC,1,0,0,0,1,0,0,0,0
"파워링크",FSMS 파워링크 PC,지역 조합 키워드 7,대구해썹,PC,12,0,0,0,5.6,0,0,0,0
"파워링크",FSMS 파워링크 PC,지역 조합 키워드 7,대구해썹공사,PC,2,0,0,0,1,0,0,0,0
"파워링크",FSMS 파워링크 PC,지역 조합 키워드 7,대구해썹공장,PC,1,0,0,0,1,0,0,0,0
"파워링크",FSMS 파워링크 PC,지역 조합 키워드 7,대구해썹인증,PC,26,0,0,0,1,0,0,0,0
"파워링크",FSMS 파워링크 PC,지역 조합 키워드 7,대구해썹인증원,PC,6,0,0,0,1,0,0,0,0
"파워링크",FSMS 파워링크 PC,지역 조합 키워드 7,대구해썹컨설팅,PC,4,0,0,0,1,0,0,0,0
"파워링크",FSMS 파워링크 PC,지역 조합 키워드 7,대구해썹행정사,PC,1,0,0,0,1,0,0,0,0
"파워링크",FSMS 파워링크 PC,지역 조합 키워드 7,안양해썹인증,PC,1,0,0,0,1,0,0,0,0
"파워링크",FSMS 파워링크 PC,지역 조합 키워드 7,양산해썹공장,PC,1,0,0,0,1,0,0,0,0
"파워링크",FSMS 파워링크 PC,지역 조합 키워드 7,양양해썹,PC,1,0,0,0,1,0,0,0,0
"파워링크",FSMS 파워링크 PC,지역 조합 키워드 7,양주HACCP,PC,2,0,0,0,1,0,0,0,0
"파워링크",FSMS 파워링크 PC,지역 조합 키워드 7,태백HACCP,PC,1,0,0,0,1,0,0,0,0
"파워링크",FSMS 파워링크 PC,지역 조합 키워드 7,태안HACCP,PC,1,0,0,0,1,0,0,0,0
"파워링크",FSMS 파워링크 PC,지역 조합 키워드 7,태안해썹,PC,1,0,0,0,1,0,0,0,0
"파워링크",FSMS 파워링크 PC,지역 조합 키워드 7,평택해썹,PC,3,0,0,0,1,0,0,0,0
"파워링크",FSMS 파워링크 PC,지역 조합 키워드 7,평택해썹공장,PC,1,0,0,0,1,0,0,0,0
"파워링크",FSMS 파워링크 PC,지역 조합 키워드 7,평택해썹공장임대,PC,1,0,0,0,1,0,0,0,0
"파워링크",FSMS 파워링크 PC,지역 조합 키워드 7,포천해썹,PC,2,0,0,0,1,0,0,0,0
"파워링크",FSMS 파워링크 PC,지역 조합 키워드 7,포천해썹공장임대,PC,1,0,0,0,1,0,0,0,0
"파워링크",FSMS 파워링크 PC,지역 조합 키워드 7,함양해썹,PC,1,0,0,0,1,0,0,0,0
"파워링크",FSMS 파워링크 PC,지역 조합 키워드 7,함양해썹인증,PC,1,0,0,0,1,0,0,0,0
"파워링크",FSMS 파워링크 PC,지역 조합 키워드 7,화성해썹,PC,1,0,0,0,1,0,0,0,0
"파워링크",FSMS 파워링크 PC,지역 조합 키워드 7,화성해썹공장매매,PC,1,0,0,0,1,0,0,0,0
"파워링크",FSMS 파워링크 PC,지역 조합 키워드 7,화성해썹공장임대,PC,1,0,0,0,1,0,0,0,0
"파워링크",FSMS 파워링크 PC,지역 조합 키워드 8,-,PC,11,0,0,0,2.4,0,0,0,0
"파워링크",FSMS 파워링크 PC,지역 조합 키워드 8,양주해썹,PC,1,0,0,0,1,0,0,0,0
"파워링크",FSMS 파워링크 PC,지역 조합 키워드 8,이천HACCP,PC,1,0,0,0,1,0,0,0,0
"파워링크",FSMS 파워링크 PC,지역 조합 키워드 8,이천해썹,PC,1,0,0,0,1,0,0,0,0
"파워링크",FSMS 파워링크 PC,지역 조합 키워드 8,익산HACCP,PC,1,0,0,0,1,0,0,0,0
"파워링크",FSMS 파워링크 PC,지역 조합 키워드 8,인천HACCP,PC,3,0,0,0,1.7,0,0,0,0
"파워링크",FSMS 파워링크 PC,지역 조합 키워드 8,인천HACCP컨설팅,PC,1,0,0,0,1,0,0,0,0
"파워링크",FSMS 파워링크 PC,지역 조합 키워드 8,인천해썹,PC,5,0,0,0,1,0,0,0,0
"파워링크",FSMS 파워링크 PC,지역 조합 키워드 8,인천해썹공사,PC,1,0,0,0,1,0,0,0,0
"파워링크",FSMS 파워링크 PC,지역 조합 키워드 8,인천해썹공장,PC,2,0,0,0,1,0,0,0,0
"파워링크",FSMS 파워링크 PC,지역 조합 키워드 8,인천해썹공장임대,PC,4,0,0,0,1,0,0,0,0
"파워링크",FSMS 파워링크 PC,지역 조합 키워드 8,청주HACCP,PC,6,0,0,0,1.2,0,0,0,0
"파워링크",FSMS 파워링크 PC,지역 조합 키워드 8,청주해썹,PC,4,0,0,0,1,0,0,0,0
"파워링크",FSMS 파워링크 PC,지역 조합 키워드 8,춘천HACCP,PC,1,0,0,0,1,0,0,0,0
"파워링크",FSMS 파워링크 PC,지역 조합 키워드 8,충남해썹인증컨설팅,PC,3,0,0,0,1,0,0,0,0
"파워링크",FSMS 파워링크 PC,지역 조합 키워드 8,충남해썹컨설팅,PC,2,0,0,0,1,0,0,0,0
"파워링크",FSMS 파워링크 PC,지역 조합 키워드 8,충북해썹,PC,1,0,0,0,1,0,0,0,0
"파워링크",FSMS 파워링크 PC,식품안전경영,-,PC,"5,042",43,288,"12,386",2.1,1.98,20.93,3,0
"파워링크",FSMS 파워링크 PC,식품안전경영,2자심사,PC,39,0,0,0,2.3,0,0,0,0
"파워링크",FSMS 파워링크 PC,식품안전경영,AUDIT대응,PC,17,0,0,0,1,0,0,0,0
"파워링크",FSMS 파워링크 PC,식품안전경영,FSMS,PC,3,0,0,0,2.3,0,0,0,0
"파워링크",FSMS 파워링크 PC,식품안전경영,FSSC22000,PC,"1,095",0,0,0,3.5,0,0,0,0
"파워링크",FSMS 파워링크 PC,식품안전경영,ISO22000,PC,99,0,0,0,7.3,0,0,0,0
"파워링크",FSMS 파워링크 PC,식품안전경영,PCQI,PC,39,0,0,0,1.3,0,0,0,0
"파워링크",FSMS 파워링크 PC,식품안전경영,건강기능식품광고,PC,1,0,0,0,22,0,0,0,0
"파워링크",FSMS 파워링크 PC,식품안전경영,건기식품질관리,PC,2,0,0,0,1,0,0,0,0
"파워링크",FSMS 파워링크 PC,식품안전경영,공정개선,PC,44,0,0,0,4.7,0,0,0,0
"파워링크",FSMS 파워링크 PC,식품안전경영,농산물원산지,PC,23,0,0,0,2.4,0,0,0,0
"파워링크",FSMS 파워링크 PC,식품안전경영,디저트공장,PC,6,0,0,0,8.2,0,0,0,0
"파워링크",FSMS 파워링크 PC,식품안전경영,베이커리공장,PC,30,0,0,0,7.9,0,0,0,0
"파워링크",FSMS 파워링크 PC,식품안전경영,수산물가공,PC,19,0,0,0,8.6,0,0,0,0
"파워링크",FSMS 파워링크 PC,식품안전경영,식약처인증,PC,343,0,0,0,3.9,0,0,0,0
"파워링크",FSMS 파워링크 PC,식품안전경영,식육가공업,PC,69,0,0,0,1.7,0,0,0,0
"파워링크",FSMS 파워링크 PC,식품안전경영,식육포장처리업,PC,209,0,0,0,2.6,0,0,0,0
"파워링크",FSMS 파워링크 PC,식품안전경영,식품가공업체,PC,17,0,0,0,3.2,0,0,0,0
"파워링크",FSMS 파워링크 PC,식품안전경영,식품검사장비,PC,1,0,0,0,3,0,0,0,0
"파워링크",FSMS 파워링크 PC,식품안전경영,식품공장,PC,67,0,0,0,7.4,0,0,0,0
"파워링크",FSMS 파워링크 PC,식품안전경영,식품공장설계,PC,6,0,0,0,5.2,0,0,0,0
"파워링크",FSMS 파워링크 PC,식품안전경영,식품공전,PC,"9,209",3,"1,071","3,212",2,2.75,50,0,0
"파워링크",FSMS 파워링크 PC,식품안전경영,식품기술사,PC,447,1,99,99,7.8,8,63,0,0
"파워링크",FSMS 파워링크 PC,식품안전경영,식품등의기준및규격,PC,35,0,0,0,1,0,0,0,0
"파워링크",FSMS 파워링크 PC,식품안전경영,식품등의표시광고,PC,159,0,0,0,1,0,0,0,0
"파워링크",FSMS 파워링크 PC,식품안전경영,식품등의표시기준,PC,"1,803",1,341,341,1,5,128,0,0
"파워링크",FSMS 파워링크 PC,식품안전경영,식품라벨,PC,47,0,0,0,4.8,0,0,0,0
"파워링크",FSMS 파워링크 PC,식품안전경영,식품라벨디자인,PC,9,1,"1,144","1,144",3,1,0,0,0
"파워링크",FSMS 파워링크 PC,식품안전경영,식품라벨표시사항,PC,1,0,0,0,2,0,0,0,0
"파워링크",FSMS 파워링크 PC,식품안전경영,식품분석,PC,5,0,0,0,9.6,0,0,0,0
"파워링크",FSMS 파워링크 PC,식품안전경영,식품소분업,PC,304,0,0,0,7.2,0,0,0,0
"파워링크",FSMS 파워링크 PC,식품안전경영,식품소분업체,PC,3,0,0,0,19.3,0,0,0,0
"파워링크",FSMS 파워링크 PC,식품안전경영,식품스타트업,PC,15,0,0,0,1.1,0,0,0,0
"파워링크",FSMS 파워링크 PC,식품안전경영,식품안전,PC,588,3,"4,283","12,848",1.9,2,8.33,0,0
"파워링크",FSMS 파워링크 PC,식품안전경영,식품안전경영,PC,2,0,0,0,4.5,0,0,0,0
"파워링크",FSMS 파워링크 PC,식품안전경영,식품안전교육,PC,460,4,817,"3,267",1.5,2,10,1,0
"파워링크",FSMS 파워링크 PC,식품안전경영,식품업체,PC,47,1,935,935,2.4,1,0,0,0
"파워링크",FSMS 파워링크 PC,식품안전경영,식품영양성분,PC,65,0,0,0,4.8,0,0,0,0
"파워링크",FSMS 파워링크 PC,식품안전경영,식품원료,PC,10,0,0,0,33.2,0,0,0,0
"파워링크",FSMS 파워링크 PC,식품안전경영,식품위생,PC,392,0,0,0,5,0,0,0,0
"파워링크",FSMS 파워링크 PC,식품안전경영,식품위생관리,PC,37,0,0,0,1.4,0,0,0,0
"파워링크",FSMS 파워링크 PC,식품안전경영,식품위생교육,PC,"1,833",6,413,"2,475",4,1.17,0.67,0,0
"파워링크",FSMS 파워링크 PC,식품안전경영,식품위생사,PC,160,0,0,0,7.5,0,0,0,0
"파워링크",FSMS 파워링크 PC,식품안전경영,식품위생점검,PC,46,0,0,0,1.4,0,0,0,0
"파워링크",FSMS 파워링크 PC,식품안전경영,식품이물,PC,9,0,0,0,5.4,0,0,0,0
"파워링크",FSMS 파워링크 PC,식품안전경영,식품인증,PC,80,0,0,0,3.6,0,0,0,0
"파워링크",FSMS 파워링크 PC,식품안전경영,식품제조,PC,31,0,0,0,10.5,0,0,0,0
"파워링크",FSMS 파워링크 PC,식품안전경영,식품제조가공업,PC,451,0,0,0,7.1,0,0,0,0
"파워링크",FSMS 파워링크 PC,식품안전경영,식품제조가공업허가,PC,209,0,0,0,4.2,0,0,0,0
"파워링크",FSMS 파워링크 PC,식품안전경영,식품제조공장,PC,81,1,"5,115","5,115",6.5,1,0,0,0
"파워링크",FSMS 파워링크 PC,식품안전경영,식품제조업,PC,218,0,0,0,6.8,0,0,0,0
"파워링크",FSMS 파워링크 PC,식품안전경영,식품제조업허가,PC,128,0,0,0,4.2,0,0,0,0
"파워링크",FSMS 파워링크 PC,식품안전경영,식품컨설팅,PC,9,0,0,0,2.2,0,0,0,0
"파워링크",FSMS 파워링크 PC,식품안전경영,식품패키지,PC,11,0,0,0,14.6,0,0,0,0
"파워링크",FSMS 파워링크 PC,식품안전경영,식품패키지디자인,PC,32,0,0,0,5,0,0,0,0
"파워링크",FSMS 파워링크 PC,식품안전경영,식품패키지표시사항,PC,1,0,0,0,1,0,0,0,0
"파워링크",FSMS 파워링크 PC,식품안전경영,식품표시사항,PC,362,2,990,"1,980",2.4,2.67,7.67,0,0
"파워링크",FSMS 파워링크 PC,식품안전경영,식품품질관리,PC,141,0,0,0,2.7,0,0,0,0
"파워링크",FSMS 파워링크 PC,식품안전경영,식품품질관리교육,PC,6,0,0,0,4.7,0,0,0,0
"파워링크",FSMS 파워링크 PC,식품안전경영,영양성분,PC,29,0,0,0,8.1,0,0,0,0
"파워링크",FSMS 파워링크 PC,식품안전경영,원산지표시,PC,481,0,0,0,2.4,0,0,0,0
"파워링크",FSMS 파워링크 PC,식품안전경영,위생관리,PC,210,0,0,0,3.1,0,0,0,0
"파워링크",FSMS 파워링크 PC,식품안전경영,위생교육,PC,"10,111",14,283,"3,960",5.2,1.25,1.13,0,0
"파워링크",FSMS 파워링크 PC,식품안전경영,위생점검,PC,209,0,0,0,2.9,0,0,0,0
"파워링크",FSMS 파워링크 PC,식품안전경영,위생점검업체,PC,8,2,600,"1,199",1,3.5,445,0,0
"파워링크",FSMS 파워링크 PC,식품안전경영,위생진단,PC,1,0,0,0,6,0,0,0,0
"파워링크",FSMS 파워링크 PC,식품안전경영,유통전문판매업,PC,702,0,0,0,4.5,0,0,0,0
"파워링크",FSMS 파워링크 PC,식품안전경영,이물관리,PC,23,0,0,0,1.1,0,0,0,0
"파워링크",FSMS 파워링크 PC,식품안전경영,이물관리교육,PC,8,0,0,0,2.1,0,0,0,0
"파워링크",FSMS 파워링크 PC,식품안전경영,이물조사,PC,3,0,0,0,1.3,0,0,0,0
"파워링크",FSMS 파워링크 PC,식품안전경영,일반음식점위생점검,PC,7,0,0,0,2,0,0,0,0
"파워링크",FSMS 파워링크 PC,식품안전경영,자가품질검사,PC,995,0,0,0,6.7,0,0,0,0
"파워링크",FSMS 파워링크 PC,식품안전경영,정보표시면,PC,1,0,0,0,1,0,0,0,0
"파워링크",FSMS 파워링크 PC,식품안전경영,주표시면,PC,2,0,0,0,1,0,0,0,0
"파워링크",FSMS 파워링크 PC,식품안전경영,즉석판매,PC,7,0,0,0,1.4,0,0,0,0
"파워링크",FSMS 파워링크 PC,식품안전경영,즉석판매제조가공업,PC,707,0,0,0,5.9,0,0,0,0
"파워링크",FSMS 파워링크 PC,식품안전경영,축산물가공업,PC,4,0,0,0,7.3,0,0,0,0
"파워링크",FSMS 파워링크 PC,식품안전경영,표시사항,PC,29,0,0,0,1,0,0,0,0
"파워링크",FSMS 파워링크 PC,식품안전경영,품목제조보고,PC,404,0,0,0,3.1,0,0,0,0
"파워링크",FSMS 파워링크 PC,식품안전경영,품질관리교육,PC,250,0,0,0,7.1,0,0,0,0
"파워링크",FSMS 파워링크 PC,식품안전경영,품질관리대행,PC,15,0,0,0,1.7,0,0,0,0
"파워링크",FSMS 파워링크 PC,식품안전경영,한글표시사항,PC,285,0,0,0,4,0,0,0,0
"파워링크",FSMS 파워링크 PC,해썹 조합 키워드,-,PC,685,9,95,858,2.3,1.56,4.89,0,0
"파워링크",FSMS 파워링크 PC,해썹 조합 키워드,HACCP12단계,PC,5,0,0,0,1,0,0,0,0
"파워링크",FSMS 파워링크 PC,해썹 조합 키워드,HACCP7원칙,PC,106,0,0,0,2.6,0,0,0,0
"파워링크",FSMS 파워링크 PC,해썹 조합 키워드,HACCP7원칙12절차,PC,85,0,0,0,1,0,0,0,0
"파워링크",FSMS 파워링크 PC,해썹 조합 키워드,HACCP공장설계,PC,2,0,0,0,6.5,0,0,0,0
"파워링크",FSMS 파워링크 PC,해썹 조합 키워드,HACCP관리기준,PC,1,0,0,0,3,0,0,0,0
"파워링크",FSMS 파워링크 PC,해썹 조합 키워드,HACCP교육기관,PC,53,1,165,165,4.4,4,18,1,0
"파워링크",FSMS 파워링크 PC,해썹 조합 키워드,HACCP교육자료,PC,79,1,77,77,1.8,1,0,0,0
"파워링크",FSMS 파워링크 PC,해썹 조합 키워드,HACCP기준,PC,9,0,0,0,8.6,0,0,0,0
"파워링크",FSMS 파워링크 PC,해썹 조합 키워드,HACCP기준원,PC,6,0,0,0,3,0,0,0,0
"파워링크",FSMS 파워링크 PC,해썹 조합 키워드,HACCP김치,PC,2,0,0,0,8,0,0,0,0
"파워링크",FSMS 파워링크 PC,해썹 조합 키워드,HACCP도면,PC,6,0,0,0,5.3,0,0,0,0
"파워링크",FSMS 파워링크 PC,해썹 조합 키워드,HACCP로고,PC,73,0,0,0,2,0,0,0,0
"파워링크",FSMS 파워링크 PC,해썹 조합 키워드,HACCP마크,PC,8,0,0,0,4.8,0,0,0,0
"파워링크",FSMS 파워링크 PC,해썹 조합 키워드,HACCP매뉴얼,PC,6,0,0,0,2.5,0,0,0,0
"파워링크",FSMS 파워링크 PC,해썹 조합 키워드,HACCP바닥,PC,11,0,0,0,10.7,0,0,0,0
"파워링크",FSMS 파워링크 PC,해썹 조합 키워드,HACCP바닥공사,PC,8,0,0,0,7.5,0,0,0,0
"파워링크",FSMS 파워링크 PC,해썹 조합 키워드,HACCP사례,PC,1,0,0,0,2,0,0,0,0
"파워링크",FSMS 파워링크 PC,해썹 조합 키워드,HACCP선행요건,PC,13,0,0,0,2.5,0,0,0,0
"파워링크",FSMS 파워링크 PC,해썹 조합 키워드,HACCP설비,PC,1,0,0,0,23,0,0,0,0
"파워링크",FSMS 파워링크 PC,해썹 조합 키워드,HACCP시공업체,PC,1,0,0,0,9,0,0,0,0
"파워링크",FSMS 파워링크 PC,해썹 조합 키워드,HACCP시스템,PC,6,0,0,0,2.5,0,0,0,0
"파워링크",FSMS 파워링크 PC,해썹 조합 키워드,HACCP신청,PC,3,0,0,0,3,0,0,0,0
"파워링크",FSMS 파워링크 PC,해썹 조합 키워드,HACCP실험실,PC,2,0,0,0,6,0,0,0,0
"파워링크",FSMS 파워링크 PC,해썹 조합 키워드,HACCP심사,PC,2,0,0,0,3,0,0,0,0
"파워링크",FSMS 파워링크 PC,해썹 조합 키워드,HACCP심사원,PC,4,0,0,0,1.5,0,0,0,0
"파워링크",FSMS 파워링크 PC,해썹 조합 키워드,HACCP의7원칙,PC,2,0,0,0,1.5,0,0,0,0
"파워링크",FSMS 파워링크 PC,해썹 조합 키워드,HACCP의무,PC,53,0,0,0,1.9,0,0,0,0
"파워링크",FSMS 파워링크 PC,해썹 조합 키워드,HACCP의무품목,PC,37,0,0,0,1.8,0,0,0,0
"파워링크",FSMS 파워링크 PC,해썹 조합 키워드,HACCP의미,PC,13,0,0,0,1.8,0,0,0,0
"파워링크",FSMS 파워링크 PC,해썹 조합 키워드,HACCP의정의,PC,4,0,0,0,1,0,0,0,0
"파워링크",FSMS 파워링크 PC,해썹 조합 키워드,HACCP이란,PC,326,1,154,154,4.2,1,0,0,0
"파워링크",FSMS 파워링크 PC,해썹 조합 키워드,HACCP인증교육,PC,9,0,0,0,5.3,0,0,0,0
"파워링크",FSMS 파워링크 PC,해썹 조합 키워드,HACCP인증기관,PC,1,0,0,0,4,0,0,0,0
"파워링크",FSMS 파워링크 PC,해썹 조합 키워드,HACCP인증서,PC,1,0,0,0,2,0,0,0,0
"파워링크",FSMS 파워링크 PC,해썹 조합 키워드,HACCP인증서류,PC,9,0,0,0,2.9,0,0,0,0
"파워링크",FSMS 파워링크 PC,해썹 조합 키워드,HACCP인증식품,PC,2,0,0,0,9,0,0,0,0
"파워링크",FSMS 파워링크 PC,해썹 조합 키워드,HACCP인증신청,PC,3,0,0,0,2.3,0,0,0,0
"파워링크",FSMS 파워링크 PC,해썹 조합 키워드,HACCP인증심사,PC,7,0,0,0,2.6,0,0,0,0
"파워링크",FSMS 파워링크 PC,해썹 조합 키워드,HACCP인증절차,PC,2,0,0,0,2,0,0,0,0
"파워링크",FSMS 파워링크 PC,해썹 조합 키워드,HACCP인증제도,PC,1,0,0,0,3,0,0,0,0
"파워링크",FSMS 파워링크 PC,해썹 조합 키워드,HACCP인증제품,PC,3,0,0,0,2.7,0,0,0,0
"파워링크",FSMS 파워링크 PC,해썹 조합 키워드,HACCP인증지원,PC,2,0,0,0,3,0,0,0,0
"파워링크",FSMS 파워링크 PC,해썹 조합 키워드,HACCP인테리어,PC,1,0,0,0,10,0,0,0,0
"파워링크",FSMS 파워링크 PC,해썹 조합 키워드,HACCP자격증,PC,79,0,0,0,4.1,0,0,0,0
"파워링크",FSMS 파워링크 PC,해썹 조합 키워드,HACCP자료,PC,13,0,0,0,1.8,0,0,0,0
"파워링크",FSMS 파워링크 PC,해썹 조합 키워드,HACCP장비,PC,1,0,0,0,18,0,0,0,0
"파워링크",FSMS 파워링크 PC,해썹 조합 키워드,HACCP적용,PC,1,0,0,0,3,0,0,0,0
"파워링크",FSMS 파워링크 PC,해썹 조합 키워드,HACCP적용사례,PC,5,0,0,0,2,0,0,0,0
"파워링크",FSMS 파워링크 PC,해썹 조합 키워드,HACCP정의,PC,10,0,0,0,1.6,0,0,0,0
"파워링크",FSMS 파워링크 PC,해썹 조합 키워드,HACCP제도,PC,1,0,0,0,3,0,0,0,0
"파워링크",FSMS 파워링크 PC,해썹 조합 키워드,HACCP제품,PC,5,0,0,0,7.2,0,0,0,0
"파워링크",FSMS 파워링크 PC,해썹 조합 키워드,HACCP조건,PC,5,0,0,0,1.2,0,0,0,0
"파워링크",FSMS 파워링크 PC,해썹 조합 키워드,HACCP지원금,PC,1,0,0,0,3,0,0,0,0
"파워링크",FSMS 파워링크 PC,해썹 조합 키워드,HACCP지원사업,PC,15,1,77,77,5.1,4,246,0,0
"파워링크",FSMS 파워링크 PC,해썹 조합 키워드,HACCP지정,PC,1,0,0,0,2,0,0,0,0
"파워링크",FSMS 파워링크 PC,해썹 조합 키워드,HACCP청소,PC,1,0,0,0,17,0,0,0,0
"파워링크",FSMS 파워링크 PC,해썹 조합 키워드,HACCP축산물,PC,1,0,0,0,2,0,0,0,0
"파워링크",FSMS 파워링크 PC,해썹 조합 키워드,HACCP팀장,PC,39,0,0,0,1.7,0,0,0,0
"파워링크",FSMS 파워링크 PC,해썹 조합 키워드,HACCP팀장교육,PC,537,13,172,"2,233",4,2.38,29.92,1,0
"파워링크",FSMS 파워링크 PC,해썹 조합 키워드,HACCP평가,PC,1,0,0,0,3,0,0,0,0
"파워링크",FSMS 파워링크 PC,해썹 조합 키워드,HACCP필요성,PC,3,0,0,0,1,0,0,0,0
"파워링크",FSMS 파워링크 PC,해썹 조합 키워드,HACCP행정사,PC,8,0,0,0,3.4,0,0,0,0
"파워링크",FSMS 파워링크 PC,해썹 조합 키워드,HACCP현판,PC,4,0,0,0,2.5,0,0,0,0
"파워링크",FSMS 파워링크 PC,해썹 조합 키워드,HACCP홈페이지,PC,4,0,0,0,2.8,0,0,0,0
"파워링크",FSMS 파워링크 PC,해썹 조합 키워드,계란HACCP,PC,1,0,0,0,1,0,0,0,0
"파워링크",FSMS 파워링크 PC,해썹 조합 키워드,고추가루HACCP,PC,1,0,0,0,1,0,0,0,0
"파워링크",FSMS 파워링크 PC,해썹 조합 키워드,급식HACCP,PC,4,0,0,0,2.8,0,0,0,0
"파워링크",FSMS 파워링크 PC,해썹 조합 키워드,김치HACCP,PC,1,0,0,0,4,0,0,0,0
"파워링크",FSMS 파워링크 PC,해썹 조합 키워드,김치해썹,PC,2,0,0,0,8.5,0,0,0,0
"파워링크",FSMS 파워링크 PC,해썹 조합 키워드,꿀HACCP,PC,1,0,0,0,3,0,0,0,0
"파워링크",FSMS 파워링크 PC,해썹 조합 키워드,꿀해썹,PC,2,0,0,0,2.5,0,0,0,0
"파워링크",FSMS 파워링크 PC,해썹 조합 키워드,농산물HACCP,PC,1,0,0,0,3,0,0,0,0
"파워링크",FSMS 파워링크 PC,해썹 조합 키워드,단체급식HACCP,PC,1,0,0,0,2,0,0,0,0
"파워링크",FSMS 파워링크 PC,해썹 조합 키워드,도시락HACCP,PC,5,0,0,0,3.4,0,0,0,0
"파워링크",FSMS 파워링크 PC,해썹 조합 키워드,도시락해썹,PC,1,0,0,0,2,0,0,0,0
"파워링크",FSMS 파워링크 PC,해썹 조합 키워드,도시락해썹인증,PC,1,0,0,0,2,0,0,0,0
"파워링크",FSMS 파워링크 PC,해썹 조합 키워드,두부HACCP,PC,1,0,0,0,2,0,0,0,0
"파워링크",FSMS 파워링크 PC,해썹 조합 키워드,디저트소규모해썹,PC,1,0,0,0,2,0,0,0,0
"파워링크",FSMS 파워링크 PC,해썹 조합 키워드,디저트해썹,PC,1,0,0,0,2,0,0,0,0
"파워링크",FSMS 파워링크 PC,해썹 조합 키워드,떡해썹,PC,4,0,0,0,2,0,0,0,0
"파워링크",FSMS 파워링크 PC,해썹 조합 키워드,떡해썹공장,PC,1,0,0,0,2,0,0,0,0
"파워링크",FSMS 파워링크 PC,해썹 조합 키워드,면류HACCP,PC,1,0,0,0,3,0,0,0,0
"파워링크",FSMS 파워링크 PC,해썹 조합 키워드,면류HACCP인증,PC,1,0,0,0,1,0,0,0,0
"파워링크",FSMS 파워링크 PC,해썹 조합 키워드,미국HACCP,PC,4,0,0,0,1,0,0,0,0
"파워링크",FSMS 파워링크 PC,해썹 조합 키워드,밀키트해썹,PC,4,0,0,0,1.8,0,0,0,0
"파워링크",FSMS 파워링크 PC,해썹 조합 키워드,빵류소규모해썹,PC,1,0,0,0,3,0,0,0,0
"파워링크",FSMS 파워링크 PC,해썹 조합 키워드,빵류해썹,PC,1,0,0,0,3,0,0,0,0
"파워링크",FSMS 파워링크 PC,해썹 조합 키워드,빵해썹공장임대,PC,1,0,0,0,1,0,0,0,0
"파워링크",FSMS 파워링크 PC,해썹 조합 키워드,빵해썹인증,PC,1,0,0,0,1,0,0,0,0
"파워링크",FSMS 파워링크 PC,해썹 조합 키워드,사료HACCP,PC,11,0,0,0,2.9,0,0,0,0
"파워링크",FSMS 파워링크 PC,해썹 조합 키워드,샌드위치해썹,PC,1,0,0,0,2,0,0,0,0
"파워링크",FSMS 파워링크 PC,해썹 조합 키워드,생지해썹,PC,1,0,0,0,1,0,0,0,0
"파워링크",FSMS 파워링크 PC,해썹 조합 키워드,소규모HACCP인증,PC,3,0,0,0,3.7,0,0,0,0
"파워링크",FSMS 파워링크 PC,해썹 조합 키워드,소분업HACCP,PC,5,0,0,0,2.2,0,0,0,0
"파워링크",FSMS 파워링크 PC,해썹 조합 키워드,소스류HACCP,PC,2,0,0,0,2,0,0,0,0
"파워링크",FSMS 파워링크 PC,해썹 조합 키워드,소스해썹,PC,2,0,0,0,3,0,0,0,0
"파워링크",FSMS 파워링크 PC,해썹 조합 키워드,소스해썹인증,PC,1,0,0,0,2,0,0,0,0
"파워링크",FSMS 파워링크 PC,해썹 조합 키워드,소시지해썹,PC,1,0,0,0,2,0,0,0,0
"파워링크",FSMS 파워링크 PC,해썹 조합 키워드,스마트해썹,PC,1,0,0,0,17,0,0,0,0
"파워링크",FSMS 파워링크 PC,해썹 조합 키워드,식약처HACCP,PC,1,0,0,0,2,0,0,0,0
"파워링크",FSMS 파워링크 PC,해썹 조합 키워드,식약청HACCP,PC,4,0,0,0,1.5,0,0,0,0
"파워링크",FSMS 파워링크 PC,해썹 조합 키워드,식육가공업해썹인증,PC,1,0,0,0,1,0,0,0,0
"파워링크",FSMS 파워링크 PC,해썹 조합 키워드,식육포장처리업HACCP,PC,16,0,0,0,7.4,0,0,0,0
"파워링크",FSMS 파워링크 PC,해썹 조합 키워드,식육포장처리업해썹,PC,5,0,0,0,2.8,0,0,0,0
"파워링크",FSMS 파워링크 PC,해썹 조합 키워드,식육포장처리업해썹비용,PC,1,0,0,0,3,0,0,0,0
"파워링크",FSMS 파워링크 PC,해썹 조합 키워드,식육포장처리업해썹인증,PC,1,0,0,0,3,0,0,0,0
"파워링크",FSMS 파워링크 PC,해썹 조합 키워드,식육포장처리업해썹컨설팅,PC,2,0,0,0,2.5,0,0,0,0
"파워링크",FSMS 파워링크 PC,해썹 조합 키워드,식육포장처리업해썹행정사,PC,1,0,0,0,2,0,0,0,0
"파워링크",FSMS 파워링크 PC,해썹 조합 키워드,식품해썹공장,PC,1,0,0,0,2,0,0,0,0
"파워링크",FSMS 파워링크 PC,해썹 조합 키워드,식품해썹인증,PC,2,0,0,0,3,0,0,0,0
"파워링크",FSMS 파워링크 PC,해썹 조합 키워드,양념육HACCP,PC,1,0,0,0,3,0,0,0,0
"파워링크",FSMS 파워링크 PC,해썹 조합 키워드,어묵HACCP,PC,1,0,0,0,3,0,0,0,0
"파워링크",FSMS 파워링크 PC,해썹 조합 키워드,우유HACCP,PC,2,0,0,0,3,0,0,0,0
"파워링크",FSMS 파워링크 PC,해썹 조합 키워드,우유해썹,PC,3,0,0,0,2,0,0,0,0
"파워링크",FSMS 파워링크 PC,해썹 조합 키워드,육가공HACCP,PC,1,0,0,0,9,0,0,0,0
"파워링크",FSMS 파워링크 PC,해썹 조합 키워드,육가공HACCP인증,PC,1,0,0,0,3,0,0,0,0
"파워링크",FSMS 파워링크 PC,해썹 조합 키워드,육가공소규모해썹,PC,1,0,0,0,2,0,0,0,0
"파워링크",FSMS 파워링크 PC,해썹 조합 키워드,육가공해썹인증,PC,3,0,0,0,1,0,0,0,0
"파워링크",FSMS 파워링크 PC,해썹 조합 키워드,음료해썹컨설팅,PC,1,0,0,0,2,0,0,0,0
"파워링크",FSMS 파워링크 PC,해썹 조합 키워드,조미김HACCP,PC,1,0,0,0,3,0,0,0,0
"파워링크",FSMS 파워링크 PC,해썹 조합 키워드,즉석섭취식품HACCP,PC,2,0,0,0,2.5,0,0,0,0
"파워링크",FSMS 파워링크 PC,해썹 조합 키워드,즉석섭취식품해썹,PC,6,0,0,0,2,0,0,0,0
"파워링크",FSMS 파워링크 PC,해썹 조합 키워드,즉석식품제조가공업,PC,32,0,0,0,3,0,0,0,0
"파워링크",FSMS 파워링크 PC,해썹 조합 키워드,즉석식품해썹인증,PC,1,0,0,0,2,0,0,0,0
"파워링크",FSMS 파워링크 PC,해썹 조합 키워드,축산HACCP,PC,2,0,0,0,9,0,0,0,0
"파워링크",FSMS 파워링크 PC,해썹 조합 키워드,축산물가공업해썹,PC,1,0,0,0,3,0,0,0,0
"파워링크",FSMS 파워링크 PC,해썹 조합 키워드,축산물소규모해썹,PC,2,0,0,0,2,0,0,0,0
"파워링크",FSMS 파워링크 PC,해썹 조합 키워드,축산물해썹,PC,17,0,0,0,7.2,0,0,0,0
"파워링크",FSMS 파워링크 PC,해썹 조합 키워드,커피HACCP,PC,3,0,0,0,4,0,0,0,0
"파워링크",FSMS 파워링크 PC,해썹 조합 키워드,커피해썹,PC,3,0,0,0,3,0,0,0,0
"파워링크",FSMS 파워링크 PC,해썹 조합 키워드,쿠키해썹,PC,1,0,0,0,1,0,0,0,0
"파워링크",FSMS 파워링크 PC,해썹 조합 키워드,쿠키해썹인증,PC,1,0,0,0,1,0,0,0,0
"파워링크",FSMS 파워링크 PC,해썹 조합 키워드,피자해썹,PC,1,0,0,0,3,0,0,0,0
"파워링크",FSMS 파워링크 PC,해썹 조합 키워드,학교HACCP,PC,2,0,0,0,1,0,0,0,0
"쇼핑검색",Fullavor_스마트스토어,Fullavor_스마트스토어 검색,-,PC,"7,468",33,218,"7,194",3.8,2.28,41.73,1,"17,000"
"쇼핑검색",Fullavor_스마트스토어,Fullavor_스마트스토어 검색,-,모바일,"165,427",561,511,"286,462",4.9,1.4,12.32,21,"377,000"
