﻿"파워링크보고서(2025.06.01.~2025.06.30.),nctape:naver"
"캠페인유형",캠페인,광고그룹,키워드,PC/모바일 매체,노출수,클릭수,"평균클릭비용(VAT포함,원)","총비용(VAT포함,원)",평균노출순위,방문당 평균페이지뷰,방문당 평균체류시간(초),전환수,전환매출액(원)
"파워링크",03.스마트스토어,01.방수테이프_MO,강력방수테이프,모바일,3,0,0,0,6,0,0,0,0
"파워링크",03.스마트스토어,01.방수테이프_MO,검정방수테이프,모바일,15,0,0,0,1.9,0,0,0,0
"파워링크",03.스마트스토어,01.방수테이프_MO,곰팡이방수테이프,모바일,13,0,0,0,4.2,0,0,0,0
"파워링크",03.스마트스토어,01.방수테이프_MO,곰팡이방지방수테이프,모바일,4,0,0,0,4.3,0,0,0,0
"파워링크",03.스마트스토어,01.방수테이프_MO,기밀방수테이프,모바일,17,0,0,0,4,0,0,0,0
"파워링크",03.스마트스토어,01.방수테이프_MO,누수방지테이프,모바일,37,1,330,330,4.4,1,0,0,0
"파워링크",03.스마트스토어,01.방수테이프_MO,누수보수테이프,모바일,8,0,0,0,3.1,0,0,0,0
"파워링크",03.스마트스토어,01.방수테이프_MO,누수테이프,모바일,126,0,0,0,3.7,1,0,0,0
"파워링크",03.스마트스토어,01.방수테이프_MO,다목적방수테이프,모바일,88,2,297,594,3.9,1,0,0,0
"파워링크",03.스마트스토어,01.방수테이프_MO,다용도방수테이프,모바일,2,0,0,0,9,0,0,0,0
"파워링크",03.스마트스토어,01.방수테이프_MO,다이소욕실방수테이프,모바일,59,0,0,0,3.1,0,0,0,0
"파워링크",03.스마트스토어,01.방수테이프_MO,단면방수테이프,모바일,6,0,0,0,2.7,0,0,0,0
"파워링크",03.스마트스토어,01.방수테이프_MO,덕트테이프,모바일,97,1,209,209,3.8,1,0,0,0
"파워링크",03.스마트스토어,01.방수테이프_MO,두꺼운알루미늄테이프,모바일,16,0,0,0,2.5,0,0,0,0
"파워링크",03.스마트스토어,01.방수테이프_MO,렉산방수테이프,모바일,33,0,0,0,2.8,0,0,0,0
"파워링크",03.스마트스토어,01.방수테이프_MO,만능방수테이프,모바일,4,0,0,0,5.5,0,0,0,0
"파워링크",03.스마트스토어,01.방수테이프_MO,바닥방수테이프,모바일,14,0,0,0,2.9,0,0,0,0
"파워링크",03.스마트스토어,01.방수테이프_MO,방수고무테이프,모바일,13,0,0,0,4,0,0,0,0
"파워링크",03.스마트스토어,01.방수테이프_MO,방수덕테이프,모바일,3,0,0,0,2.7,0,0,0,0
"파워링크",03.스마트스토어,01.방수테이프_MO,방수부틸테이프,모바일,3,0,0,0,4.7,0,0,0,0
"파워링크",03.스마트스토어,01.방수테이프_MO,방수양면테이프,모바일,100,4,281,"1,122",3.3,1.63,6.88,0,0
"파워링크",03.스마트스토어,01.방수테이프_MO,방수용테이프,모바일,4,0,0,0,4.8,0,0,0,0
"파워링크",03.스마트스토어,01.방수테이프_MO,방수접착테이프,모바일,4,0,0,0,5.3,0,0,0,0
"파워링크",03.스마트스토어,01.방수테이프_MO,방수테이프,모바일,166,6,528,"3,168",6.4,2,35.44,0,0
"파워링크",03.스마트스토어,01.방수테이프_MO,방수테이프검정,모바일,13,0,0,0,1.5,0,0,0,0
"파워링크",03.스마트스토어,01.방수테이프_MO,방수테이프다이소,모바일,996,38,113,"4,312",1.9,1.5,8.24,0,0
"파워링크",03.스마트스토어,01.방수테이프_MO,방수테이프사용법,모바일,19,2,176,352,4.3,1.33,13.33,0,0
"파워링크",03.스마트스토어,01.방수테이프_MO,방수테이프시공,모바일,3,0,0,0,3.7,0,0,0,0
"파워링크",03.스마트스토어,01.방수테이프_MO,방수테이프양면,모바일,3,0,0,0,4,0,0,0,0
"파워링크",03.스마트스토어,01.방수테이프_MO,방수테이프추천,모바일,29,2,275,550,3.6,1,0,0,0
"파워링크",03.스마트스토어,01.방수테이프_MO,방수테이프흰색,모바일,22,0,0,0,1.5,0,0,0,0
"파워링크",03.스마트스토어,01.방수테이프_MO,배관누수방수테이프,모바일,14,0,0,0,2.1,0,0,0,0
"파워링크",03.스마트스토어,01.방수테이프_MO,배관누수테이프,모바일,183,5,308,"1,540",3.7,1.54,7.15,0,0
"파워링크",03.스마트스토어,01.방수테이프_MO,배관방수,모바일,1,0,0,0,5,0,0,0,0
"파워링크",03.스마트스토어,01.방수테이프_MO,배관방수테이프,모바일,227,2,314,627,4,1.33,13.33,0,0
"파워링크",03.스마트스토어,01.방수테이프_MO,배관보수테이프,모바일,5,0,0,0,6.6,0,0,0,0
"파워링크",03.스마트스토어,01.방수테이프_MO,배관용방수테이프,모바일,14,0,0,0,2.4,0,0,0,0
"파워링크",03.스마트스토어,01.방수테이프_MO,배관테이프,모바일,124,1,319,319,4.1,1,0,0,0
"파워링크",03.스마트스토어,01.방수테이프_MO,변기방수테이프,모바일,5,0,0,0,5.6,0,0,0,0
"파워링크",03.스마트스토어,01.방수테이프_MO,부틸방수테이프,모바일,48,1,220,220,9.2,1.5,6.5,0,0
"파워링크",03.스마트스토어,01.방수테이프_MO,수도관테이프,모바일,127,0,0,0,1,0,0,0,0
"파워링크",03.스마트스토어,01.방수테이프_MO,수도누수테이프,모바일,19,0,0,0,2.6,0,0,0,0
"파워링크",03.스마트스토어,01.방수테이프_MO,수도방수테이프,모바일,44,0,0,0,2.9,1,0,0,0
"파워링크",03.스마트스토어,01.방수테이프_MO,스코라방수테이프,모바일,33,0,0,0,1.7,0,0,0,0
"파워링크",03.스마트스토어,01.방수테이프_MO,스코라부틸방수테이프,모바일,9,0,0,0,2.2,0,0,0,0
"파워링크",03.스마트스토어,01.방수테이프_MO,스판방수테이프,모바일,1,0,0,0,1,0,0,0,0
"파워링크",03.스마트스토어,01.방수테이프_MO,실리콘방수테이프,모바일,12,1,319,319,6,1.5,6.5,0,0
"파워링크",03.스마트스토어,01.방수테이프_MO,실외방수테이프,모바일,12,0,0,0,3.8,0,0,0,0
"파워링크",03.스마트스토어,01.방수테이프_MO,싱크대방수테이프,모바일,269,8,285,"2,277",3.1,1.38,3.63,0,0
"파워링크",03.스마트스토어,01.방수테이프_MO,씽크대방수테이프,모바일,1,0,0,0,6,0,0,0,0
"파워링크",03.스마트스토어,01.방수테이프_MO,알루미늄방수테이프,모바일,23,1,132,132,3.3,1,0,0,0
"파워링크",03.스마트스토어,01.방수테이프_MO,얇은방수테이프,모바일,23,1,110,110,1.5,2,43,0,0
"파워링크",03.스마트스토어,01.방수테이프_MO,양면방수테이프,모바일,18,0,0,0,2.9,0,0,0,0
"파워링크",03.스마트스토어,01.방수테이프_MO,어닝방수테이프,모바일,7,0,0,0,2,0,0,0,0
"파워링크",03.스마트스토어,01.방수테이프_MO,에이스크로스,모바일,34,2,275,550,2.4,2.8,52,0,0
"파워링크",03.스마트스토어,01.방수테이프_MO,옥상방수테이프,모바일,14,0,0,0,7.4,0,0,0,0
"파워링크",03.스마트스토어,01.방수테이프_MO,옥상부분방수,모바일,1,0,0,0,11,0,0,0,0
"파워링크",03.스마트스토어,01.방수테이프_MO,외부방수테이프,모바일,12,0,0,0,3.2,0,0,0,0
"파워링크",03.스마트스토어,01.방수테이프_MO,외부용방수테이프,모바일,28,1,88,88,2.9,1.5,28.5,0,0
"파워링크",03.스마트스토어,01.방수테이프_MO,욕실방수테이프,모바일,36,0,0,0,3.9,0,0,0,0
"파워링크",03.스마트스토어,01.방수테이프_MO,욕조방수테이프,모바일,8,1,330,330,4.8,1.5,8,0,0
"파워링크",03.스마트스토어,01.방수테이프_MO,우레탄방수테이프,모바일,14,1,176,176,3.4,1.5,22,0,0
"파워링크",03.스마트스토어,01.방수테이프_MO,은박방수테이프,모바일,13,1,154,154,1.5,1,0,0,0
"파워링크",03.스마트스토어,01.방수테이프_MO,인덕션방수테이프,모바일,49,1,121,121,2.6,1,0,0,0
"파워링크",03.스마트스토어,01.방수테이프_MO,주방방수테이프,모바일,4,1,231,231,4.8,1.33,3,0,0
"파워링크",03.스마트스토어,01.방수테이프_MO,줄눈방수테이프,모바일,93,3,220,660,2.2,1.25,13.5,0,0
"파워링크",03.스마트스토어,01.방수테이프_MO,지붕방수테이프,모바일,66,3,205,616,4.8,1.25,3,0,0
"파워링크",03.스마트스토어,01.방수테이프_MO,창틀방수테이프,모바일,13,2,143,286,3.8,1,0,0,0
"파워링크",03.스마트스토어,01.방수테이프_MO,천막방수테이프,모바일,75,1,165,165,4,1,0,0,0
"파워링크",03.스마트스토어,01.방수테이프_MO,천막보수테이프,모바일,357,33,208,"6,875",2.8,1.43,13.19,2,"32,000"
"파워링크",03.스마트스토어,01.방수테이프_MO,천장방수테이프,모바일,34,0,0,0,2.3,0,0,0,0
"파워링크",03.스마트스토어,01.방수테이프_MO,철통방수테이프,모바일,30,0,0,0,2.8,0,0,0,0
"파워링크",03.스마트스토어,01.방수테이프_MO,청소신다목적방수테이프,모바일,22,0,0,0,1.1,0,0,0,0
"파워링크",03.스마트스토어,01.방수테이프_MO,초강력방수테이프,모바일,16,0,0,0,9.4,0,0,0,0
"파워링크",03.스마트스토어,01.방수테이프_MO,초강력부틸방수테이프,모바일,54,3,169,506,3.1,1.2,2.2,0,0
"파워링크",03.스마트스토어,01.방수테이프_MO,캐노피방수테이프,모바일,1,0,0,0,1,0,0,0,0
"파워링크",03.스마트스토어,01.방수테이프_MO,캐노피보수테이프,모바일,5,0,0,0,2.2,0,0,0,0
"파워링크",03.스마트스토어,01.방수테이프_MO,크랙보수테이프,모바일,20,0,0,0,3.1,0,0,0,0
"파워링크",03.스마트스토어,01.방수테이프_MO,타일방수테이프,모바일,49,2,204,407,1.9,1.8,28.8,0,0
"파워링크",03.스마트스토어,01.방수테이프_MO,타포린방수테이프,모바일,13,0,0,0,1.6,0,0,0,0
"파워링크",03.스마트스토어,01.방수테이프_MO,타포린테이프,모바일,53,0,0,0,1.4,0,0,0,0
"파워링크",03.스마트스토어,01.방수테이프_MO,텐트보수테이프,모바일,268,1,220,220,2.4,1.5,14.5,0,0
"파워링크",03.스마트스토어,01.방수테이프_MO,투명방수테이프,모바일,5,0,0,0,6.2,0,0,0,0
"파워링크",03.스마트스토어,01.방수테이프_MO,투명실리콘방수테이프,모바일,4,0,0,0,4,0,0,0,0
"파워링크",03.스마트스토어,01.방수테이프_MO,틈새방수,모바일,21,0,0,0,5.2,0,0,0,0
"파워링크",03.스마트스토어,01.방수테이프_MO,틈새방수테이프,모바일,26,1,286,286,3.8,1.5,10.5,0,0
"파워링크",03.스마트스토어,01.방수테이프_MO,틈새실리콘테이프,모바일,30,0,0,0,2.6,0,0,0,0
"파워링크",03.스마트스토어,01.방수테이프_MO,틈새제로테이프,모바일,22,0,0,0,2.5,0,0,0,0
"파워링크",03.스마트스토어,01.방수테이프_MO,틈새테이프,모바일,87,1,308,308,3.9,1,0,0,0
"파워링크",03.스마트스토어,01.방수테이프_MO,파이프누수테이프,모바일,7,1,319,319,3.3,1.5,5,0,0
"파워링크",03.스마트스토어,01.방수테이프_MO,파이프방수테이프,모바일,44,3,319,957,2.3,1.6,7,1,"18,000"
"파워링크",03.스마트스토어,01.방수테이프_MO,파이프테이프,모바일,185,1,143,143,1.3,1.5,5.5,0,0
"파워링크",03.스마트스토어,01.방수테이프_MO,판넬방수테이프,모바일,9,0,0,0,4.1,0,0,0,0
"파워링크",03.스마트스토어,01.방수테이프_MO,판양면테이프,모바일,82,0,0,0,2.2,0,0,0,0
"파워링크",03.스마트스토어,01.방수테이프_MO,포스터양면테이프,모바일,7,0,0,0,1,0,0,0,0
"파워링크",03.스마트스토어,01.방수테이프_MO,플렉스방수테이프,모바일,25,0,0,0,2,0,0,0,0
"파워링크",03.스마트스토어,01.방수테이프_MO,하우스보수테이프,모바일,17,1,297,297,2.6,1,0,0,0
"파워링크",03.스마트스토어,01.방수테이프_MO,호수방수테이프,모바일,26,1,143,143,1,1,0,0,0
"파워링크",03.스마트스토어,01.방수테이프_MO,호일테이프,모바일,141,3,268,803,2.7,1.25,1.25,0,0
"파워링크",03.스마트스토어,01.방수테이프_MO,화장실방수테이프,모바일,7,0,0,0,6,0,0,0,0
"파워링크",03.스마트스토어,01.방수테이프_MO,화장실변기테이프,모바일,14,0,0,0,3.2,0,0,0,0
"파워링크",03.스마트스토어,01.방수테이프_MO,흔적없는테이프,모바일,232,1,220,220,2.3,1.5,3.5,0,0
"파워링크",03.스마트스토어,01.방수테이프_MO,흰색방수테이프,모바일,48,1,330,330,2,2,10,0,0
"파워링크",03.스마트스토어,01.방수테이프_MO,흰색테이프,모바일,24,0,0,0,3.2,0,0,0,0
"파워링크",03.스마트스토어,02.개퍼테이프_MO,PE테이프,모바일,36,1,165,165,4,1,0,0,0
"파워링크",03.스마트스토어,02.개퍼테이프_MO,개퍼테이프,모바일,783,12,127,"1,529",3.3,1.67,3.72,1,"4,000"
"파워링크",03.스마트스토어,02.개퍼테이프_MO,개퍼테이프흰색,모바일,1,0,0,0,2,0,0,0,0
"파워링크",03.스마트스토어,02.개퍼테이프_MO,게퍼테이프,모바일,265,5,99,495,2.9,1.44,4.33,0,0
"파워링크",03.스마트스토어,02.개퍼테이프_MO,공연장테이프,모바일,2,0,0,0,1,0,0,0,0
"파워링크",03.스마트스토어,02.개퍼테이프_MO,공연테이프,모바일,3,0,0,0,1,0,0,0,0
"파워링크",03.스마트스토어,02.개퍼테이프_MO,라벨링테이프,모바일,75,0,0,0,1.6,0,0,0,0
"파워링크",03.스마트스토어,02.개퍼테이프_MO,라벨테이프,모바일,27,0,0,0,4,0,0,0,0
"파워링크",03.스마트스토어,02.개퍼테이프_MO,라인정리테이프,모바일,8,0,0,0,1.8,0,0,0,0
"파워링크",03.스마트스토어,02.개퍼테이프_MO,라인테이프,모바일,2,0,0,0,10,0,0,0,0
"파워링크",03.스마트스토어,02.개퍼테이프_MO,마킹용테이프,모바일,4,0,0,0,2.3,0,0,0,0
"파워링크",03.스마트스토어,02.개퍼테이프_MO,마킹테이프,모바일,123,0,0,0,4.3,0,0,0,0
"파워링크",03.스마트스토어,02.개퍼테이프_MO,무대용테이프,모바일,3,0,0,0,2.3,0,0,0,0
"파워링크",03.스마트스토어,02.개퍼테이프_MO,무대테이프,모바일,31,3,264,792,1.5,1.5,4.25,0,0
"파워링크",03.스마트스토어,02.개퍼테이프_MO,바닥고정테이프,모바일,7,0,0,0,2.3,0,0,0,0
"파워링크",03.스마트스토어,02.개퍼테이프_MO,방송용테이프,모바일,9,0,0,0,2.2,0,0,0,0
"파워링크",03.스마트스토어,02.개퍼테이프_MO,방송테이프,모바일,10,0,0,0,2.4,0,0,0,0
"파워링크",03.스마트스토어,02.개퍼테이프_MO,잔사없는테이프,모바일,1,0,0,0,6,0,0,0,0
"파워링크",03.스마트스토어,02.개퍼테이프_MO,조명테이프,모바일,20,1,297,297,3.4,2,2,0,0
"파워링크",03.스마트스토어,02.개퍼테이프_MO,촬영용테이프,모바일,7,0,0,0,1.3,0,0,0,0
"파워링크",03.스마트스토어,02.개퍼테이프_MO,촬영테이프,모바일,7,0,0,0,1.7,0,0,0,0
"파워링크",03.스마트스토어,03.양면테이프_MO,양면방수테이프,모바일,2,0,0,0,2.5,0,0,0,0
"파워링크",03.스마트스토어,03.양면테이프_MO,양면테이프,모바일,39,0,0,0,15.4,0,0,0,0
"파워링크",03.스마트스토어,05.방수테이프_PC,SBX방수테이프,PC,4,1,286,286,1,3,57,0,0
"파워링크",03.스마트스토어,05.방수테이프_PC,강력방수테이프,PC,2,0,0,0,8.5,0,0,0,0
"파워링크",03.스마트스토어,05.방수테이프_PC,검정방수테이프,PC,7,0,0,0,1.9,0,0,0,0
"파워링크",03.스마트스토어,05.방수테이프_PC,곰팡이방수테이프,PC,3,0,0,0,5.3,0,0,0,0
"파워링크",03.스마트스토어,05.방수테이프_PC,곰팡이방지방수테이프,PC,20,0,0,0,6.2,0,0,0,0
"파워링크",03.스마트스토어,05.방수테이프_PC,기밀방수테이프,PC,40,0,0,0,4.4,0,0,0,0
"파워링크",03.스마트스토어,05.방수테이프_PC,누수방수테이프,PC,14,0,0,0,6.4,0,0,0,0
"파워링크",03.스마트스토어,05.방수테이프_PC,누수방지테이프,PC,62,1,330,330,6.7,1,0,0,0
"파워링크",03.스마트스토어,05.방수테이프_PC,누수보수테이프,PC,7,0,0,0,4.3,0,0,0,0
"파워링크",03.스마트스토어,05.방수테이프_PC,누수테이프,PC,44,0,0,0,6.5,1,0,0,0
"파워링크",03.스마트스토어,05.방수테이프_PC,다목적방수테이프,PC,23,0,0,0,4.7,0,0,0,0
"파워링크",03.스마트스토어,05.방수테이프_PC,다용도방수테이프,PC,7,0,0,0,8.1,0,0,0,0
"파워링크",03.스마트스토어,05.방수테이프_PC,다이소욕실방수테이프,PC,9,0,0,0,3.3,0,0,0,0
"파워링크",03.스마트스토어,05.방수테이프_PC,단면방수테이프,PC,7,0,0,0,2.4,0,0,0,0
"파워링크",03.스마트스토어,05.방수테이프_PC,덕트테이프,PC,843,2,325,649,3.3,1.25,47.5,0,0
"파워링크",03.스마트스토어,05.방수테이프_PC,두꺼운알루미늄테이프,PC,15,0,0,0,2.4,0,0,0,0
"파워링크",03.스마트스토어,05.방수테이프_PC,렉산방수테이프,PC,14,0,0,0,2.7,0,0,0,0
"파워링크",03.스마트스토어,05.방수테이프_PC,만능방수테이프,PC,7,0,0,0,4.3,0,0,0,0
"파워링크",03.스마트스토어,05.방수테이프_PC,바닥방수테이프,PC,5,1,297,297,5,1,0,0,0
"파워링크",03.스마트스토어,05.방수테이프_PC,방수고무테이프,PC,30,0,0,0,8,0,0,0,0
"파워링크",03.스마트스토어,05.방수테이프_PC,방수덕테이프,PC,6,0,0,0,3,0,0,0,0
"파워링크",03.스마트스토어,05.방수테이프_PC,방수부틸테이프,PC,38,0,0,0,7.3,0,0,0,0
"파워링크",03.스마트스토어,05.방수테이프_PC,방수양면테이프,PC,64,0,0,0,5.3,0,0,0,0
"파워링크",03.스마트스토어,05.방수테이프_PC,방수용테이프,PC,14,1,143,143,8.2,1.5,9.5,0,0
"파워링크",03.스마트스토어,05.방수테이프_PC,방수접착테이프,PC,10,0,0,0,7.8,0,0,0,0
"파워링크",03.스마트스토어,05.방수테이프_PC,방수테이프,PC,"2,902",29,791,"22,935",5.8,1.68,20.1,1,"28,500"
"파워링크",03.스마트스토어,05.방수테이프_PC,방수테이프검정,PC,3,0,0,0,1.7,0,0,0,0
"파워링크",03.스마트스토어,05.방수테이프_PC,방수테이프다이소,PC,198,6,116,693,1.4,2.4,45.2,0,0
"파워링크",03.스마트스토어,05.방수테이프_PC,방수테이프사용법,PC,11,0,0,0,5.5,0,0,0,0
"파워링크",03.스마트스토어,05.방수테이프_PC,방수테이프시공,PC,1,0,0,0,3,0,0,0,0
"파워링크",03.스마트스토어,05.방수테이프_PC,방수테이프추천,PC,12,0,0,0,5,0,0,0,0
"파워링크",03.스마트스토어,05.방수테이프_PC,방수테이프흰색,PC,4,0,0,0,2.3,0,0,0,0
"파워링크",03.스마트스토어,05.방수테이프_PC,배관누수방수테이프,PC,11,1,143,143,2.3,2,30,0,0
"파워링크",03.스마트스토어,05.방수테이프_PC,배관누수테이프,PC,90,0,0,0,5.4,0,0,0,0
"파워링크",03.스마트스토어,05.방수테이프_PC,배관방수,PC,2,0,0,0,9.5,0,0,0,0
"파워링크",03.스마트스토어,05.방수테이프_PC,배관방수테이프,PC,178,3,257,770,5.9,1,0,0,0
"파워링크",03.스마트스토어,05.방수테이프_PC,배관보수테이프,PC,39,0,0,0,7.6,0,0,0,0
"파워링크",03.스마트스토어,05.방수테이프_PC,배관용방수테이프,PC,3,0,0,0,4.7,0,0,0,0
"파워링크",03.스마트스토어,05.방수테이프_PC,배관테이프,PC,123,0,0,0,7.1,0,0,0,0
"파워링크",03.스마트스토어,05.방수테이프_PC,변기방수테이프,PC,33,0,0,0,6.7,0,0,0,0
"파워링크",03.스마트스토어,05.방수테이프_PC,보수테이프,PC,6,0,0,0,7.3,0,0,0,0
"파워링크",03.스마트스토어,05.방수테이프_PC,부틸방수테이프,PC,75,1,308,308,8.4,1,0,0,0
"파워링크",03.스마트스토어,05.방수테이프_PC,수도관테이프,PC,26,1,121,121,1.5,1,0,0,0
"파워링크",03.스마트스토어,05.방수테이프_PC,수도누수테이프,PC,2,0,0,0,3,0,0,0,0
"파워링크",03.스마트스토어,05.방수테이프_PC,수도방수테이프,PC,7,1,143,143,3.1,2,17,0,0
"파워링크",03.스마트스토어,05.방수테이프_PC,스코라방수테이프,PC,15,0,0,0,2.3,0,0,0,0
"파워링크",03.스마트스토어,05.방수테이프_PC,스코라부틸방수테이프,PC,6,0,0,0,1.5,0,0,0,0
"파워링크",03.스마트스토어,05.방수테이프_PC,실리콘방수테이프,PC,72,1,209,209,7.6,1,0,0,0
"파워링크",03.스마트스토어,05.방수테이프_PC,실외방수테이프,PC,3,0,0,0,4.7,0,0,0,0
"파워링크",03.스마트스토어,05.방수테이프_PC,싱크대방수테이프,PC,50,1,275,275,4,2,47,0,0
"파워링크",03.스마트스토어,05.방수테이프_PC,씽크대방수테이프,PC,8,0,0,0,6.4,0,0,0,0
"파워링크",03.스마트스토어,05.방수테이프_PC,알루미늄방수테이프,PC,16,0,0,0,3.9,0,0,0,0
"파워링크",03.스마트스토어,05.방수테이프_PC,얇은방수테이프,PC,7,0,0,0,1.9,0,0,0,0
"파워링크",03.스마트스토어,05.방수테이프_PC,양면방수테이프,PC,8,1,297,297,7.3,4,31,0,0
"파워링크",03.스마트스토어,05.방수테이프_PC,에이스크로스,PC,30,0,0,0,1.7,0,0,0,0
"파워링크",03.스마트스토어,05.방수테이프_PC,옥상방수테이프,PC,35,0,0,0,7.7,0,0,0,0
"파워링크",03.스마트스토어,05.방수테이프_PC,옥상부분방수,PC,13,0,0,0,8.8,0,0,0,0
"파워링크",03.스마트스토어,05.방수테이프_PC,외부방수테이프,PC,34,0,0,0,5,0,0,0,0
"파워링크",03.스마트스토어,05.방수테이프_PC,외부용방수테이프,PC,7,0,0,0,2.4,0,0,0,0
"파워링크",03.스마트스토어,05.방수테이프_PC,욕실방수테이프,PC,130,0,0,0,5.7,0,0,0,0
"파워링크",03.스마트스토어,05.방수테이프_PC,욕조방수테이프,PC,24,0,0,0,6.4,0,0,0,0
"파워링크",03.스마트스토어,05.방수테이프_PC,우레탄방수테이프,PC,17,0,0,0,4.8,0,0,0,0
"파워링크",03.스마트스토어,05.방수테이프_PC,은박방수테이프,PC,3,0,0,0,2.3,0,0,0,0
"파워링크",03.스마트스토어,05.방수테이프_PC,인덕션방수테이프,PC,6,0,0,0,2.3,0,0,0,0
"파워링크",03.스마트스토어,05.방수테이프_PC,주방방수테이프,PC,13,0,0,0,5.3,0,0,0,0
"파워링크",03.스마트스토어,05.방수테이프_PC,줄눈방수테이프,PC,12,0,0,0,2.4,0,0,0,0
"파워링크",03.스마트스토어,05.방수테이프_PC,지붕방수테이프,PC,170,1,308,308,5.8,1,0,0,0
"파워링크",03.스마트스토어,05.방수테이프_PC,창틀방수테이프,PC,29,0,0,0,6.6,0,0,0,0
"파워링크",03.스마트스토어,05.방수테이프_PC,천막방수테이프,PC,26,0,0,0,3.6,0,0,0,0
"파워링크",03.스마트스토어,05.방수테이프_PC,천막보수테이프,PC,155,3,257,770,2.4,2.5,52.5,0,0
"파워링크",03.스마트스토어,05.방수테이프_PC,천장방수테이프,PC,11,0,0,0,2.6,0,0,0,0
"파워링크",03.스마트스토어,05.방수테이프_PC,철통방수테이프,PC,8,0,0,0,2.5,0,0,0,0
"파워링크",03.스마트스토어,05.방수테이프_PC,청소신다목적방수테이프,PC,6,0,0,0,1.8,0,0,0,0
"파워링크",03.스마트스토어,05.방수테이프_PC,초강력방수테이프,PC,31,0,0,0,8.4,0,0,0,0
"파워링크",03.스마트스토어,05.방수테이프_PC,초강력부틸방수테이프,PC,36,1,330,330,5.3,1,0,0,0
"파워링크",03.스마트스토어,05.방수테이프_PC,크랙보수테이프,PC,4,0,0,0,7.8,0,0,0,0
"파워링크",03.스마트스토어,05.방수테이프_PC,타일방수테이프,PC,11,0,0,0,2.9,0,0,0,0
"파워링크",03.스마트스토어,05.방수테이프_PC,타포린방수테이프,PC,6,0,0,0,2.5,0,0,0,0
"파워링크",03.스마트스토어,05.방수테이프_PC,타포린테이프,PC,29,0,0,0,2.5,0,0,0,0
"파워링크",03.스마트스토어,05.방수테이프_PC,텐트보수테이프,PC,19,0,0,0,3.1,0,0,0,0
"파워링크",03.스마트스토어,05.방수테이프_PC,투명방수테이프,PC,99,0,0,0,7.6,0,0,0,0
"파워링크",03.스마트스토어,05.방수테이프_PC,투명실리콘방수테이프,PC,7,0,0,0,5.4,0,0,0,0
"파워링크",03.스마트스토어,05.방수테이프_PC,틈새방수,PC,58,0,0,0,4.6,0,0,0,0
"파워링크",03.스마트스토어,05.방수테이프_PC,틈새방수테이프,PC,13,0,0,0,6,0,0,0,0
"파워링크",03.스마트스토어,05.방수테이프_PC,틈새실리콘테이프,PC,3,0,0,0,1.7,0,0,0,0
"파워링크",03.스마트스토어,05.방수테이프_PC,틈새제로테이프,PC,6,0,0,0,2,0,0,0,0
"파워링크",03.스마트스토어,05.방수테이프_PC,틈새테이프,PC,68,1,297,297,3.8,1,0,0,0
"파워링크",03.스마트스토어,05.방수테이프_PC,파이프누수테이프,PC,3,0,0,0,5.3,0,0,0,0
"파워링크",03.스마트스토어,05.방수테이프_PC,파이프방수테이프,PC,14,0,0,0,3.3,0,0,0,0
"파워링크",03.스마트스토어,05.방수테이프_PC,파이프테이프,PC,31,1,308,308,3.7,2,563,0,0
"파워링크",03.스마트스토어,05.방수테이프_PC,판넬방수테이프,PC,53,3,279,836,4.2,3,70.75,1,"30,000"
"파워링크",03.스마트스토어,05.방수테이프_PC,판넬지붕방수,PC,10,1,330,330,9.2,1,0,0,0
"파워링크",03.스마트스토어,05.방수테이프_PC,판양면테이프,PC,94,2,253,506,6.1,1,0,0,0
"파워링크",03.스마트스토어,05.방수테이프_PC,포스터양면테이프,PC,4,0,0,0,3.3,0,0,0,0
"파워링크",03.스마트스토어,05.방수테이프_PC,플렉스방수테이프,PC,15,0,0,0,2.5,0,0,0,0
"파워링크",03.스마트스토어,05.방수테이프_PC,하우스보수테이프,PC,9,0,0,0,3.6,0,0,0,0
"파워링크",03.스마트스토어,05.방수테이프_PC,호수방수테이프,PC,3,1,110,110,1,1,0,0,0
"파워링크",03.스마트스토어,05.방수테이프_PC,호일테이프,PC,50,0,0,0,4.6,0,0,0,0
"파워링크",03.스마트스토어,05.방수테이프_PC,화장실방수테이프,PC,8,0,0,0,7.8,0,0,0,0
"파워링크",03.스마트스토어,05.방수테이프_PC,화장실변기테이프,PC,6,1,154,154,4.3,2,18,0,0
"파워링크",03.스마트스토어,05.방수테이프_PC,흔적없는테이프,PC,51,0,0,0,3.4,0,0,0,0
"파워링크",03.스마트스토어,05.방수테이프_PC,흰색방수테이프,PC,13,0,0,0,1.7,0,0,0,0
"파워링크",03.스마트스토어,05.방수테이프_PC,흰색테이프,PC,50,0,0,0,6.3,0,0,0,0
"파워링크",03.스마트스토어,06.개퍼테이프_PC,PE테이프,PC,85,1,286,286,5.1,9,105,0,0
"파워링크",03.스마트스토어,06.개퍼테이프_PC,개퍼테이프,PC,397,3,502,"1,507",3.4,1.25,2,1,"32,400"
"파워링크",03.스마트스토어,06.개퍼테이프_PC,개퍼테이프흰색,PC,1,0,0,0,2,0,0,0,0
"파워링크",03.스마트스토어,06.개퍼테이프_PC,게퍼테이프,PC,161,4,146,583,4.7,1.75,3.25,0,0
"파워링크",03.스마트스토어,06.개퍼테이프_PC,공연장테이프,PC,2,1,121,121,1,2,18,0,0
"파워링크",03.스마트스토어,06.개퍼테이프_PC,라벨링테이프,PC,29,0,0,0,2.7,0,0,0,0
"파워링크",03.스마트스토어,06.개퍼테이프_PC,라벨테이프,PC,10,0,0,0,8.1,0,0,0,0
"파워링크",03.스마트스토어,06.개퍼테이프_PC,라인정리테이프,PC,3,1,88,88,1,1.5,2.5,0,0
"파워링크",03.스마트스토어,06.개퍼테이프_PC,라인테이프,PC,16,1,308,308,9.4,1,0,0,0
"파워링크",03.스마트스토어,06.개퍼테이프_PC,마킹용테이프,PC,4,0,0,0,4.5,0,0,0,0
"파워링크",03.스마트스토어,06.개퍼테이프_PC,마킹테이프,PC,178,1,231,231,7.4,1,0,0,0
"파워링크",03.스마트스토어,06.개퍼테이프_PC,무대용테이프,PC,3,0,0,0,2.3,0,0,0,0
"파워링크",03.스마트스토어,06.개퍼테이프_PC,무대테이프,PC,15,0,0,0,1.6,0,0,0,0
"파워링크",03.스마트스토어,06.개퍼테이프_PC,바닥고정테이프,PC,5,0,0,0,1.4,0,0,0,0
"파워링크",03.스마트스토어,06.개퍼테이프_PC,방송용테이프,PC,3,0,0,0,2,0,0,0,0
"파워링크",03.스마트스토어,06.개퍼테이프_PC,방송테이프,PC,2,0,0,0,3,0,0,0,0
"파워링크",03.스마트스토어,06.개퍼테이프_PC,빛반사없는테이프,PC,1,0,0,0,3,0,0,0,0
"파워링크",03.스마트스토어,06.개퍼테이프_PC,잔사없는테이프,PC,3,0,0,0,7.3,0,0,0,0
"파워링크",03.스마트스토어,06.개퍼테이프_PC,조명테이프,PC,1,0,0,0,1,0,0,0,0
"파워링크",03.스마트스토어,06.개퍼테이프_PC,촬영용테이프,PC,5,0,0,0,1,0,0,0,0
"파워링크",03.스마트스토어,07.양면테이프_PC,양면테이프,PC,623,3,763,"2,288",5.9,2.5,12.5,0,0
"파워링크",01.[RD] 테이프_PC,00. 자사명KW,-,PC,152,1,77,77,6.6,14,30,0,0
"파워링크",01.[RD] 테이프_PC,00. 자사명KW,NC테이프,PC,5,0,0,0,3,0,0,0,0
"파워링크",01.[RD] 테이프_PC,00. 자사명KW,엔씨티테이프,PC,4,0,0,0,1.3,0,0,0,0
"파워링크",01.[RD] 테이프_PC,01. 방수테이프_KW,-,PC,178,0,0,0,6.4,0,0,0,0
"파워링크",01.[RD] 테이프_PC,01. 방수테이프_KW,SBX방수테이프,PC,4,0,0,0,3,0,0,0,0
"파워링크",01.[RD] 테이프_PC,01. 방수테이프_KW,곰팡이방지방수테이프,PC,1,0,0,0,10,0,0,0,0
"파워링크",01.[RD] 테이프_PC,01. 방수테이프_KW,누수방수테이프,PC,1,0,0,0,9,0,0,0,0
"파워링크",01.[RD] 테이프_PC,01. 방수테이프_KW,다목적방수테이프,PC,15,0,0,0,9.3,0,0,0,0
"파워링크",01.[RD] 테이프_PC,01. 방수테이프_KW,다이소욕실방수테이프,PC,9,0,0,0,6.2,0,0,0,0
"파워링크",01.[RD] 테이프_PC,01. 방수테이프_KW,렉산방수테이프,PC,1,0,0,0,8,0,0,0,0
"파워링크",01.[RD] 테이프_PC,01. 방수테이프_KW,만능방수테이프,PC,4,0,0,0,9.5,0,0,0,0
"파워링크",01.[RD] 테이프_PC,01. 방수테이프_KW,바닥방수테이프,PC,2,0,0,0,9,0,0,0,0
"파워링크",01.[RD] 테이프_PC,01. 방수테이프_KW,방수테이프,PC,3,1,77,77,51,2,7,0,0
"파워링크",01.[RD] 테이프_PC,01. 방수테이프_KW,방수테이프다이소,PC,186,1,77,77,4.7,4,121,0,0
"파워링크",01.[RD] 테이프_PC,01. 방수테이프_KW,방수테이프사용법,PC,10,0,0,0,6,0,0,0,0
"파워링크",01.[RD] 테이프_PC,01. 방수테이프_KW,배관누수방수테이프,PC,5,0,0,0,5.2,0,0,0,0
"파워링크",01.[RD] 테이프_PC,01. 방수테이프_KW,배관방수테이프,PC,5,0,0,0,8,0,0,0,0
"파워링크",01.[RD] 테이프_PC,01. 방수테이프_KW,부틸방수테이프,PC,2,0,0,0,23.5,0,0,0,0
"파워링크",01.[RD] 테이프_PC,01. 방수테이프_KW,수도방수테이프,PC,7,0,0,0,6.9,0,0,0,0
"파워링크",01.[RD] 테이프_PC,01. 방수테이프_KW,스코라방수테이프,PC,13,0,0,0,6.1,0,0,0,0
"파워링크",01.[RD] 테이프_PC,01. 방수테이프_KW,스코라부틸방수테이프,PC,1,0,0,0,3,0,0,0,0
"파워링크",01.[RD] 테이프_PC,01. 방수테이프_KW,실리콘방수테이프,PC,5,0,0,0,8,0,0,0,0
"파워링크",01.[RD] 테이프_PC,01. 방수테이프_KW,알루미늄방수테이프,PC,11,0,0,0,8.5,0,0,0,0
"파워링크",01.[RD] 테이프_PC,01. 방수테이프_KW,외부방수테이프,PC,20,1,77,77,9.3,2,0,0,0
"파워링크",01.[RD] 테이프_PC,01. 방수테이프_KW,외부용방수테이프,PC,3,0,0,0,3.3,0,0,0,0
"파워링크",01.[RD] 테이프_PC,01. 방수테이프_KW,욕실방수테이프,PC,2,1,77,77,9.5,4,50,0,0
"파워링크",01.[RD] 테이프_PC,01. 방수테이프_KW,욕조방수테이프,PC,10,0,0,0,9.5,0,0,0,0
"파워링크",01.[RD] 테이프_PC,01. 방수테이프_KW,우레탄방수테이프,PC,4,1,77,77,8.8,3,6,0,0
"파워링크",01.[RD] 테이프_PC,01. 방수테이프_KW,인덕션방수테이프,PC,5,0,0,0,6.2,0,0,0,0
"파워링크",01.[RD] 테이프_PC,01. 방수테이프_KW,줄눈방수테이프,PC,5,0,0,0,8.4,0,0,0,0
"파워링크",01.[RD] 테이프_PC,01. 방수테이프_KW,지붕방수테이프,PC,21,0,0,0,8.4,0,0,0,0
"파워링크",01.[RD] 테이프_PC,01. 방수테이프_KW,창틀방수테이프,PC,11,0,0,0,7.3,0,0,0,0
"파워링크",01.[RD] 테이프_PC,01. 방수테이프_KW,천막방수테이프,PC,22,2,77,154,7.6,2,0,0,0
"파워링크",01.[RD] 테이프_PC,01. 방수테이프_KW,철통방수테이프,PC,8,0,0,0,6.9,0,0,0,0
"파워링크",01.[RD] 테이프_PC,01. 방수테이프_KW,청소신다목적방수테이프,PC,5,0,0,0,6.4,0,0,0,0
"파워링크",01.[RD] 테이프_PC,01. 방수테이프_KW,초강력방수테이프,PC,1,0,0,0,22,0,0,0,0
"파워링크",01.[RD] 테이프_PC,01. 방수테이프_KW,초강력부틸방수테이프,PC,7,0,0,0,10,0,0,0,0
"파워링크",01.[RD] 테이프_PC,01. 방수테이프_KW,타일방수테이프,PC,9,0,0,0,7.7,0,0,0,0
"파워링크",01.[RD] 테이프_PC,01. 방수테이프_KW,투명실리콘방수테이프,PC,2,0,0,0,10,0,0,0,0
"파워링크",01.[RD] 테이프_PC,01. 방수테이프_KW,파이프방수테이프,PC,12,0,0,0,7.6,0,0,0,0
"파워링크",01.[RD] 테이프_PC,01. 방수테이프_KW,판넬방수테이프,PC,1,0,0,0,10,0,0,0,0
"파워링크",01.[RD] 테이프_PC,01. 방수테이프_KW,플렉스방수테이프,PC,2,0,0,0,5.5,0,0,0,0
"파워링크",01.[RD] 테이프_PC,01. 방수테이프_KW,흰색방수테이프,PC,11,0,0,0,5.9,0,0,0,0
"파워링크",01.[RD] 테이프_PC,02. OPP테이프KW,-,PC,5,0,0,0,4.8,0,0,0,0
"파워링크",01.[RD] 테이프_PC,02. OPP테이프KW,OPPTAPE,PC,3,0,0,0,9.3,0,0,0,0
"파워링크",01.[RD] 테이프_PC,02. OPP테이프KW,OPP테이프,PC,1,1,77,77,67,2,0,0,0
"파워링크",01.[RD] 테이프_PC,02. OPP테이프KW,칼라OPP테이프,PC,1,0,0,0,10,0,0,0,0
"파워링크",01.[RD] 테이프_PC,03. 일본산테이프KW,-,PC,39,1,77,77,2.5,2,0,0,0
"파워링크",01.[RD] 테이프_PC,03. 일본산테이프KW,강점착테이프,PC,2,0,0,0,2,0,0,0,0
"파워링크",01.[RD] 테이프_PC,03. 일본산테이프KW,건축보양테이프,PC,2,0,0,0,7.5,0,0,0,0
"파워링크",01.[RD] 테이프_PC,03. 일본산테이프KW,건축테이프,PC,1,0,0,0,5,0,0,0,0
"파워링크",01.[RD] 테이프_PC,03. 일본산테이프KW,고정테이프,PC,2,0,0,0,8.5,0,0,0,0
"파워링크",01.[RD] 테이프_PC,03. 일본산테이프KW,도장테이프,PC,3,0,0,0,6.3,0,0,0,0
"파워링크",01.[RD] 테이프_PC,03. 일본산테이프KW,무대테이프,PC,1,0,0,0,5,0,0,0,0
"파워링크",01.[RD] 테이프_PC,03. 일본산테이프KW,반투명테이프,PC,3,0,0,0,8.7,0,0,0,0
"파워링크",01.[RD] 테이프_PC,03. 일본산테이프KW,에이스크로스,PC,25,0,0,0,6.3,0,0,0,0
"파워링크",01.[RD] 테이프_PC,03. 일본산테이프KW,에이스크로스테이프,PC,10,0,0,0,6,0,0,0,0
"파워링크",01.[RD] 테이프_PC,03. 일본산테이프KW,엠보싱테이프,PC,6,0,0,0,3.2,0,0,0,0
"파워링크",01.[RD] 테이프_PC,03. 일본산테이프KW,창호테이프,PC,7,0,0,0,5.6,0,0,0,0
"파워링크",01.[RD] 테이프_PC,03. 일본산테이프KW,커트에이스,PC,28,0,0,0,6.9,0,0,0,0
"파워링크",01.[RD] 테이프_PC,03. 일본산테이프KW,커트에이스MW,PC,1,0,0,0,1,0,0,0,0
"파워링크",01.[RD] 테이프_PC,03. 일본산테이프KW,커트에이스테이프,PC,74,0,0,0,8.2,0,0,0,0
"파워링크",01.[RD] 테이프_PC,05. 청면테이프KW,-,PC,32,0,0,0,3.5,0,0,0,0
"파워링크",01.[RD] 테이프_PC,05. 청면테이프KW,PVC라인테이프,PC,3,0,0,0,9,0,0,0,0
"파워링크",01.[RD] 테이프_PC,05. 청면테이프KW,우벤플러스,PC,9,1,77,77,1.9,2,1,0,0
"파워링크",01.[RD] 테이프_PC,05. 청면테이프KW,청면테이프,PC,1,0,0,0,10,0,0,0,0
"파워링크",01.[RD] 테이프_PC,06. 커버링테이프KW,-,PC,67,0,0,0,7,0,0,0,0
"파워링크",01.[RD] 테이프_PC,06. 커버링테이프KW,3M마스킹,PC,8,0,0,0,9.5,0,0,0,0
"파워링크",01.[RD] 테이프_PC,06. 커버링테이프KW,3M커버링,PC,11,0,0,0,9.5,0,0,0,0
"파워링크",01.[RD] 테이프_PC,06. 커버링테이프KW,마스킹비닐테이프,PC,12,0,0,0,6.8,0,0,0,0
"파워링크",01.[RD] 테이프_PC,06. 커버링테이프KW,보양비닐테이프,PC,15,0,0,0,8.3,0,0,0,0
"파워링크",01.[RD] 테이프_PC,06. 커버링테이프KW,비닐보양작업,PC,1,0,0,0,2,0,0,0,0
"파워링크",01.[RD] 테이프_PC,06. 커버링테이프KW,비닐커버링,PC,1,0,0,0,6,0,0,0,0
"파워링크",01.[RD] 테이프_PC,06. 커버링테이프KW,차량용마스킹테이프,PC,2,0,0,0,8.5,0,0,0,0
"파워링크",01.[RD] 테이프_PC,06. 커버링테이프KW,커버링테이프,PC,2,0,0,0,19,0,0,0,0
"파워링크",01.[RD] 테이프_PC,06. 커버링테이프KW,페인트보양비닐,PC,28,0,0,0,9.1,0,0,0,0
"파워링크",01.[RD] 테이프_PC,06. 커버링테이프KW,페인트칠테이프,PC,5,0,0,0,4.6,0,0,0,0
"파워링크",01.[RD] 테이프_PC,06. 커버링테이프KW,페인트테이프,PC,8,0,0,0,9,0,0,0,0
"파워링크",01.[RD] 테이프_PC,04. 마스킹테이프KW,-,PC,99,0,0,0,6.2,0,0,0,0
"파워링크",01.[RD] 테이프_PC,04. 마스킹테이프KW,마스킹테이프,PC,1,0,0,0,70,0,0,0,0
"파워링크",01.[RD] 테이프_PC,04. 마스킹테이프KW,친환경마스킹테이프,PC,1,0,0,0,2,0,0,0,0
"파워링크",01.[RD] 테이프_PC,07. 반사테이프KW,-,PC,527,1,77,77,8.5,26,235,1,"30,800"
"파워링크",01.[RD] 테이프_PC,07. 반사테이프KW,검노반사테이프,PC,2,0,0,0,2,0,0,0,0
"파워링크",01.[RD] 테이프_PC,07. 반사테이프KW,고휘도반사테이프,PC,1,0,0,0,9,0,0,0,0
"파워링크",01.[RD] 테이프_PC,07. 반사테이프KW,반사용테이프,PC,2,0,0,0,1.5,0,0,0,0
"파워링크",01.[RD] 테이프_PC,07. 반사테이프KW,반사테이프,PC,1,0,0,0,41,0,0,0,0
"파워링크",01.[RD] 테이프_PC,07. 반사테이프KW,벌집반사테이프,PC,2,0,0,0,10,0,0,0,0
"파워링크",01.[RD] 테이프_PC,07. 반사테이프KW,빛반사테이프,PC,1,0,0,0,7,0,0,0,0
"파워링크",01.[RD] 테이프_PC,07. 반사테이프KW,안전반사테이프,PC,5,0,0,0,10.2,0,0,0,0
"파워링크",01.[RD] 테이프_PC,07. 반사테이프KW,안전표시반사테이프,PC,1,0,0,0,10,0,0,0,0
"파워링크",01.[RD] 테이프_PC,07. 반사테이프KW,안전표시테이프,PC,7,0,0,0,9,0,0,0,0
"파워링크",01.[RD] 테이프_PC,07. 반사테이프KW,차량반사테이프,PC,2,0,0,0,8,0,0,0,0
"파워링크",01.[RD] 테이프_PC,07. 반사테이프KW,차량용반사테이프,PC,4,0,0,0,6.3,0,0,0,0
"파워링크",01.[RD] 테이프_PC,07. 반사테이프KW,트럭반사테이프,PC,2,0,0,0,5.5,0,0,0,0
"파워링크",01.[RD] 테이프_PC,08. 실리콘테이프KW,-,PC,209,0,0,0,6.7,0,0,0,0
"파워링크",01.[RD] 테이프_PC,08. 실리콘테이프KW,반투명실리콘테이프,PC,1,0,0,0,3,0,0,0,0
"파워링크",01.[RD] 테이프_PC,08. 실리콘테이프KW,전기절연테이프,PC,5,0,0,0,22.4,0,0,0,0
"파워링크",01.[RD] 테이프_PC,08. 실리콘테이프KW,절연테이프,PC,3,0,0,0,33,0,0,0,0
"파워링크",01.[RD] 테이프_PC,08. 실리콘테이프KW,케이블테이프,PC,2,0,0,0,7,0,0,0,0
"파워링크",01.[RD] 테이프_PC,08. 실리콘테이프KW,투명실리콘테이프,PC,1,0,0,0,19,0,0,0,0
"파워링크",01.[RD] 테이프_PC,08. 실리콘테이프KW,튜브테이프,PC,5,0,0,0,5.6,0,0,0,0
"파워링크",01.[RD] 테이프_PC,08. 실리콘테이프KW,파이프테이프,PC,22,0,0,0,8.7,0,0,0,0
"파워링크",01.[RD] 테이프_PC,08. 실리콘테이프KW,회색실리콘테이프,PC,3,0,0,0,4.7,0,0,0,0
"파워링크",01.[RD] 테이프_PC,09. 보호테이프KW,-,PC,46,0,0,0,4,0,0,0,0
"파워링크",01.[RD] 테이프_PC,09. 보호테이프KW,파렛트랩핑,PC,1,0,0,0,21,0,0,0,0
"파워링크",01.[RD] 테이프_PC,10. 기타테이프KW,-,PC,56,0,0,0,5.8,0,0,0,0
"파워링크",01.[RD] 테이프_PC,10. 기타테이프KW,매너테이프,PC,1,0,0,0,4,0,0,0,0
"파워링크",01.[RD] 테이프_PC,10. 기타테이프KW,천막보수테이프,PC,127,0,0,0,7.5,0,0,0,0
"파워링크",01.[RD] 테이프_PC,10. 기타테이프KW,태풍테이프,PC,4,0,0,0,4.8,0,0,0,0
"파워링크",01.[RD] 테이프_PC,10. 기타테이프KW,하우스보수테이프,PC,2,0,0,0,9,0,0,0,0
"파워링크",02.[RD] 테이프_MO,00. 자사명KW,-,모바일,378,1,77,77,2.6,59,394,1,0
"파워링크",02.[RD] 테이프_MO,00. 자사명KW,NCT테이프,모바일,11,0,0,0,1.8,0,0,0,0
"파워링크",02.[RD] 테이프_MO,00. 자사명KW,NC테이프,모바일,38,0,0,0,2.1,0,0,0,0
"파워링크",02.[RD] 테이프_MO,00. 자사명KW,엔씨테이프,모바일,17,0,0,0,2.6,0,0,0,0
"파워링크",02.[RD] 테이프_MO,00. 자사명KW,엔씨티테이프,모바일,28,0,0,0,2.2,0,0,0,0
"파워링크",02.[RD] 테이프_MO,01. 방수테이프_KW,-,모바일,648,6,77,462,3,3.9,17.1,0,0
"파워링크",02.[RD] 테이프_MO,01. 방수테이프_KW,검정방수테이프,모바일,9,0,0,0,3.7,0,0,0,0
"파워링크",02.[RD] 테이프_MO,01. 방수테이프_KW,다이소욕실방수테이프,모바일,23,1,77,77,5.6,2,1,0,0
"파워링크",02.[RD] 테이프_MO,01. 방수테이프_KW,렉산방수테이프,모바일,2,1,77,77,5.5,4,56,0,0
"파워링크",02.[RD] 테이프_MO,01. 방수테이프_KW,바닥방수테이프,모바일,4,0,0,0,3.8,0,0,0,0
"파워링크",02.[RD] 테이프_MO,01. 방수테이프_KW,방수테이프,모바일,8,0,0,0,3,0,0,0,0
"파워링크",02.[RD] 테이프_MO,01. 방수테이프_KW,방수테이프검정,모바일,8,0,0,0,3.8,0,0,0,0
"파워링크",02.[RD] 테이프_MO,01. 방수테이프_KW,방수테이프다이소,모바일,11,0,0,0,6.5,0,0,0,0
"파워링크",02.[RD] 테이프_MO,01. 방수테이프_KW,방수테이프사용법,모바일,18,1,77,77,5.6,2,0,0,0
"파워링크",02.[RD] 테이프_MO,01. 방수테이프_KW,방수테이프흰색,모바일,17,0,0,0,3.6,0,0,0,0
"파워링크",02.[RD] 테이프_MO,01. 방수테이프_KW,배관누수방수테이프,모바일,7,0,0,0,3.1,0,0,0,0
"파워링크",02.[RD] 테이프_MO,01. 방수테이프_KW,배관방수테이프,모바일,1,0,0,0,19,0,0,0,0
"파워링크",02.[RD] 테이프_MO,01. 방수테이프_KW,부틸방수테이프,모바일,4,1,77,77,21,2,1,0,0
"파워링크",02.[RD] 테이프_MO,01. 방수테이프_KW,수도방수테이프,모바일,5,0,0,0,5,0,0,0,0
"파워링크",02.[RD] 테이프_MO,01. 방수테이프_KW,스코라방수테이프,모바일,19,0,0,0,3.7,0,0,0,0
"파워링크",02.[RD] 테이프_MO,01. 방수테이프_KW,스코라부틸방수테이프,모바일,4,0,0,0,3.8,0,0,0,0
"파워링크",02.[RD] 테이프_MO,01. 방수테이프_KW,스판방수테이프,모바일,1,0,0,0,2,0,0,0,0
"파워링크",02.[RD] 테이프_MO,01. 방수테이프_KW,알루미늄방수테이프,모바일,1,0,0,0,2,0,0,0,0
"파워링크",02.[RD] 테이프_MO,01. 방수테이프_KW,양면방수테이프,모바일,1,0,0,0,4,0,0,0,0
"파워링크",02.[RD] 테이프_MO,01. 방수테이프_KW,옥상방수테이프,모바일,2,0,0,0,13.5,0,0,0,0
"파워링크",02.[RD] 테이프_MO,01. 방수테이프_KW,외부용방수테이프,모바일,7,1,77,77,3.1,2,0,0,0
"파워링크",02.[RD] 테이프_MO,01. 방수테이프_KW,우레탄방수테이프,모바일,2,0,0,0,5.5,0,0,0,0
"파워링크",02.[RD] 테이프_MO,01. 방수테이프_KW,인덕션방수테이프,모바일,5,0,0,0,4,0,0,0,0
"파워링크",02.[RD] 테이프_MO,01. 방수테이프_KW,줄눈방수테이프,모바일,25,2,77,154,6,2,0,0,0
"파워링크",02.[RD] 테이프_MO,01. 방수테이프_KW,지붕방수테이프,모바일,8,0,0,0,13.9,0,0,0,0
"파워링크",02.[RD] 테이프_MO,01. 방수테이프_KW,창틀방수테이프,모바일,4,0,0,0,5.3,0,0,0,0
"파워링크",02.[RD] 테이프_MO,01. 방수테이프_KW,천막방수테이프,모바일,5,0,0,0,8.8,0,0,0,0
"파워링크",02.[RD] 테이프_MO,01. 방수테이프_KW,청소신다목적방수테이프,모바일,9,0,0,0,4.8,0,0,0,0
"파워링크",02.[RD] 테이프_MO,01. 방수테이프_KW,타일방수테이프,모바일,5,0,0,0,4.8,0,0,0,0
"파워링크",02.[RD] 테이프_MO,01. 방수테이프_KW,파이프방수테이프,모바일,8,0,0,0,4.6,0,0,0,0
"파워링크",02.[RD] 테이프_MO,01. 방수테이프_KW,플렉스방수테이프,모바일,10,0,0,0,4.3,0,0,0,0
"파워링크",02.[RD] 테이프_MO,01. 방수테이프_KW,흰색방수테이프,모바일,17,0,0,0,3.9,0,0,0,0
"파워링크",02.[RD] 테이프_MO,02. OPP테이프KW,-,모바일,16,0,0,0,2.7,0,0,0,0
"파워링크",02.[RD] 테이프_MO,02. OPP테이프KW,OPP테이프,모바일,2,0,0,0,31,0,0,0,0
"파워링크",02.[RD] 테이프_MO,03. 일본산테이프KW,-,모바일,122,1,77,77,2.8,10,31,0,0
"파워링크",02.[RD] 테이프_MO,03. 일본산테이프KW,강점착테이프,모바일,1,0,0,0,2,0,0,0,0
"파워링크",02.[RD] 테이프_MO,03. 일본산테이프KW,무광검정테이프,모바일,6,0,0,0,3.7,0,0,0,0
"파워링크",02.[RD] 테이프_MO,03. 일본산테이프KW,무대테이프,모바일,1,0,0,0,6,0,0,0,0
"파워링크",02.[RD] 테이프_MO,03. 일본산테이프KW,반투명테이프,모바일,2,0,0,0,5.5,0,0,0,0
"파워링크",02.[RD] 테이프_MO,03. 일본산테이프KW,보양테이프,모바일,2,0,0,0,1,0,0,0,0
"파워링크",02.[RD] 테이프_MO,03. 일본산테이프KW,에이스크로스테이프,모바일,9,1,55,55,3.1,2.5,1.5,0,0
"파워링크",02.[RD] 테이프_MO,03. 일본산테이프KW,엠보싱테이프,모바일,9,0,0,0,2.3,0,0,0,0
"파워링크",02.[RD] 테이프_MO,03. 일본산테이프KW,중점착테이프,모바일,1,0,0,0,1,0,0,0,0
"파워링크",02.[RD] 테이프_MO,03. 일본산테이프KW,창호테이프,모바일,11,0,0,0,3.2,0,0,0,0
"파워링크",02.[RD] 테이프_MO,03. 일본산테이프KW,촬영용테이프,모바일,7,0,0,0,3.9,0,0,0,0
"파워링크",02.[RD] 테이프_MO,03. 일본산테이프KW,커트에이스,모바일,6,0,0,0,8,0,0,0,0
"파워링크",02.[RD] 테이프_MO,03. 일본산테이프KW,커트에이스중점착,모바일,1,0,0,0,1,0,0,0,0
"파워링크",02.[RD] 테이프_MO,03. 일본산테이프KW,커트에이스테이프,모바일,5,0,0,0,3.4,0,0,0,0
"파워링크",02.[RD] 테이프_MO,03. 일본산테이프KW,행사테이프,모바일,1,0,0,0,3,0,0,0,0
"파워링크",02.[RD] 테이프_MO,04. 마스킹테이프KW,-,모바일,301,0,0,0,3.1,0,0,0,0
"파워링크",02.[RD] 테이프_MO,04. 마스킹테이프KW,마스킹테이프,모바일,4,0,0,0,34.5,0,0,0,0
"파워링크",02.[RD] 테이프_MO,04. 마스킹테이프KW,친환경마스킹테이프,모바일,1,0,0,0,4,0,0,0,0
"파워링크",02.[RD] 테이프_MO,05. 청면테이프KW,-,모바일,74,0,0,0,2.7,0,0,0,0
"파워링크",02.[RD] 테이프_MO,05. 청면테이프KW,우벤테이프,모바일,1,0,0,0,1,0,0,0,0
"파워링크",02.[RD] 테이프_MO,05. 청면테이프KW,우벤테이프흰색,모바일,1,0,0,0,3,0,0,0,0
"파워링크",02.[RD] 테이프_MO,05. 청면테이프KW,우벤플러스,모바일,15,0,0,0,1.5,0,0,0,0
"파워링크",02.[RD] 테이프_MO,06. 커버링테이프KW,-,모바일,310,0,0,0,2.8,0,0,0,0
"파워링크",02.[RD] 테이프_MO,06. 커버링테이프KW,커버링에이스,모바일,21,0,0,0,3.1,0,0,0,0
"파워링크",02.[RD] 테이프_MO,06. 커버링테이프KW,커버링테이프,모바일,26,0,0,0,2.9,0,0,0,0
"파워링크",02.[RD] 테이프_MO,07. 반사테이프KW,-,모바일,725,0,0,0,3.3,0,0,0,0
"파워링크",02.[RD] 테이프_MO,07. 반사테이프KW,검정반사테이프,모바일,2,0,0,0,3.5,0,0,0,0
"파워링크",02.[RD] 테이프_MO,07. 반사테이프KW,반사테이프,모바일,9,0,0,0,2.1,0,0,0,0
"파워링크",02.[RD] 테이프_MO,07. 반사테이프KW,빨강반사테이프,모바일,1,0,0,0,1,0,0,0,0
"파워링크",02.[RD] 테이프_MO,07. 반사테이프KW,안전테이프,모바일,3,0,0,0,2,0,0,0,0
"파워링크",02.[RD] 테이프_MO,07. 반사테이프KW,안전표시테이프,모바일,2,0,0,0,4,0,0,0,0
"파워링크",02.[RD] 테이프_MO,07. 반사테이프KW,트럭반사테이프,모바일,7,0,0,0,3.1,0,0,0,0
"파워링크",02.[RD] 테이프_MO,08. 실리콘테이프KW,-,모바일,657,1,77,77,2.9,7,140.25,1,"12,000"
"파워링크",02.[RD] 테이프_MO,08. 실리콘테이프KW,검정실리콘테이프,모바일,18,0,0,0,2.3,0,0,0,0
"파워링크",02.[RD] 테이프_MO,08. 실리콘테이프KW,반투명실리콘테이프,모바일,2,0,0,0,3,0,0,0,0
"파워링크",02.[RD] 테이프_MO,08. 실리콘테이프KW,실리콘테이프,모바일,18,0,0,0,3.2,0,0,0,0
"파워링크",02.[RD] 테이프_MO,08. 실리콘테이프KW,전기절연테이프,모바일,1,0,0,0,24,0,0,0,0
"파워링크",02.[RD] 테이프_MO,08. 실리콘테이프KW,전선연결테이프,모바일,6,0,0,0,2.8,0,0,0,0
"파워링크",02.[RD] 테이프_MO,08. 실리콘테이프KW,케이블테이프,모바일,7,0,0,0,2.6,0,0,0,0
"파워링크",02.[RD] 테이프_MO,08. 실리콘테이프KW,투명실리콘테이프,모바일,1,0,0,0,25,0,0,0,0
"파워링크",02.[RD] 테이프_MO,08. 실리콘테이프KW,튜브보수테이프,모바일,6,0,0,0,3.8,0,0,0,0
"파워링크",02.[RD] 테이프_MO,08. 실리콘테이프KW,튜브테이프,모바일,20,0,0,0,3.9,0,0,0,0
"파워링크",02.[RD] 테이프_MO,08. 실리콘테이프KW,파이프테이프,모바일,41,0,0,0,3.6,0,0,0,0
"파워링크",02.[RD] 테이프_MO,08. 실리콘테이프KW,회색실리콘테이프,모바일,1,0,0,0,3,0,0,0,0
"파워링크",02.[RD] 테이프_MO,09. 보호테이프KW,-,모바일,145,0,0,0,2.7,0,0,0,0
"파워링크",02.[RD] 테이프_MO,09. 보호테이프KW,랩핑용테이프,모바일,7,0,0,0,3,0,0,0,0
"파워링크",02.[RD] 테이프_MO,09. 보호테이프KW,보호테이프,모바일,1,0,0,0,49,0,0,0,0
"파워링크",02.[RD] 테이프_MO,09. 보호테이프KW,투명보호테이프,모바일,1,0,0,0,22,0,0,0,0
"파워링크",02.[RD] 테이프_MO,09. 보호테이프KW,파렛트랩핑,모바일,1,0,0,0,16,0,0,0,0
"파워링크",02.[RD] 테이프_MO,10. 기타테이프KW,-,모바일,152,0,0,0,2.3,0,0,0,0
"파워링크",02.[RD] 테이프_MO,10. 기타테이프KW,넙적테이프,모바일,1,0,0,0,1,0,0,0,0
"파워링크",02.[RD] 테이프_MO,10. 기타테이프KW,매너테이프,모바일,62,0,0,0,2.4,0,0,0,0
"파워링크",02.[RD] 테이프_MO,10. 기타테이프KW,천막보수테이프,모바일,1,0,0,0,6,0,0,0,0
"파워링크",02.[RD] 테이프_MO,10. 기타테이프KW,태풍테이프,모바일,20,0,0,0,3.2,0,0,0,0
"쇼핑검색",01.주력_MO,★개퍼테이프,-,모바일,"8,739",113,422,"47,652",1.3,1.21,20.24,15,"184,160"
"쇼핑검색",01.주력_MO,보양테이프,-,모바일,450,12,297,"3,564",4.2,1.15,3.65,1,"38,000"
"쇼핑검색",01.주력_MO,★방수테이프,-,모바일,"3,866",48,495,"23,749",5.9,1,0,3,"13,500"
"쇼핑검색",01.주력_MO,방풍/천막,-,모바일,"1,585",16,291,"4,653",7.5,1,0,0,0
"쇼핑검색",01.주력_MO,★양면테이프,-,모바일,680,9,361,"3,245",8.2,1,0,0,0
"쇼핑검색",04.벌크캠페인,01.네이버 매체,-,PC,"3,071",45,130,"5,863",5.6,1.58,22,5,"166,300"
"쇼핑검색",04.벌크캠페인,01.네이버 매체,-,모바일,"2,650",26,123,"3,190",2.8,1.03,0.14,1,"12,800"
"쇼핑검색",04.벌크캠페인,02.추천매체,-,PC,"1,727",8,204,"1,628",3.3,1.3,16.1,1,"76,000"
"쇼핑검색",04.벌크캠페인,02.추천매체,-,모바일,792,7,214,"1,496",3.4,1,0,0,0
"쇼핑검색",02.주력_PC,★개퍼테이프,-,모바일,"3,608",26,333,"8,646",2.4,1.39,3.82,2,"28,000"
"쇼핑검색",02.주력_PC,★방수테이프,-,모바일,"14,615",284,830,"235,840",5.8,1.1,6.72,14,"287,000"
"쇼핑검색",02.주력_PC,★양면테이프,-,모바일,"1,021",9,511,"4,598",6,1,0,0,0
"쇼핑검색",02.주력_PC,방풍/천막,-,모바일,932,32,461,"14,751",6,1,0,3,"40,000"
"쇼핑검색",02.주력_PC,보양테이프,-,모바일,"2,855",32,576,"18,436",3.8,1.07,1.5,1,"5,000"
"쇼핑검색",03.주력(추천매체),★방수테이프,-,PC,192,1,165,165,4.6,1,0,0,0
"쇼핑검색",03.주력(추천매체),★개퍼테이프,-,PC,85,0,0,0,4.2,0,0,0,0
"쇼핑검색",03.주력(추천매체),★양면테이프,-,PC,50,0,0,0,4.4,0,0,0,0
"쇼핑검색",03.주력(추천매체),방풍/천막,-,PC,130,1,682,682,3.1,1,0,0,0
"쇼핑검색",03.주력(추천매체),방풍/천막,-,모바일,"1,147",3,389,"1,166",4.2,1,0,0,0
"쇼핑검색",05. 개퍼테이프(test),02. 공연,-,모바일,3,0,0,0,1.3,0,0,0,0
