﻿"파워링크보고서(2025.06.01.~2025.06.30.),kjss2106:naver"
"캠페인유형",캠페인,광고그룹,키워드,PC/모바일 매체,노출수,클릭수,"평균클릭비용(VAT포함,원)","총비용(VAT포함,원)",평균노출순위,방문당 평균페이지뷰,방문당 평균체류시간(초),전환수,전환매출액(원)
"파워링크",인버터 파워링크,인버터 검색어,-,PC,76,0,0,0,3.4,0,0,0,0
"파워링크",인버터 파워링크,인버터 검색어,-,모바일,107,0,0,0,2.3,0,0,0,0
"파워링크",인버터 파워링크,인버터 검색어,INVERTER,PC,909,0,0,0,6.9,1,0,0,0
"파워링크",인버터 파워링크,인버터 검색어,INVERTER,모바일,430,0,0,0,2.7,0,0,0,0
"파워링크",인버터 파워링크,인버터 검색어,VVVF,PC,425,0,0,0,1.9,0,0,0,0
"파워링크",인버터 파워링크,인버터 검색어,VVVF,모바일,394,3,678,"2,035",1.2,7,60.5,0,0
"파워링크",인버터 파워링크,인버터 검색어,VVVF인버터,PC,50,0,0,0,2.4,0,0,0,0
"파워링크",인버터 파워링크,인버터 검색어,VVVF인버터,모바일,107,0,0,0,2.5,0,0,0,0
"파워링크",인버터 파워링크,인버터 검색어,범용인버터,모바일,1,0,0,0,1,0,0,0,0
"파워링크",인버터 파워링크,인버터 검색어,산업용인버터,PC,77,0,0,0,5.4,0,0,0,0
"파워링크",인버터 파워링크,인버터 검색어,산업용인버터,모바일,180,4,627,"2,508",3.1,1,0,0,0
"파워링크",인버터 파워링크,코드시스 통신,-,PC,2,0,0,0,2.5,0,0,0,0
"파워링크",인버터 파워링크,코드시스 통신,-,모바일,5,0,0,0,3,0,0,0,0
"파워링크",인버터 파워링크,코드시스 통신,CODESYS,PC,18,0,0,0,2,0,0,0,0
"파워링크",인버터 파워링크,코드시스 통신,CODESYS,모바일,47,2,138,275,2.5,3,22,1,10
"파워링크",인버터 파워링크,코드시스 통신,ETHERCAT통신,PC,18,0,0,0,1.3,0,0,0,0
"파워링크",인버터 파워링크,코드시스 통신,ETHERCAT통신,모바일,6,0,0,0,1.2,0,0,0,0
"파워링크",인버터 파워링크,코드시스 통신,이더캣통신,PC,4,0,0,0,1,0,0,0,0
"파워링크",인버터 파워링크,코드시스 통신,이더캣통신,모바일,6,0,0,0,1,0,0,0,0
"파워링크",인버터 파워링크,코드시스 통신,인버터통신,PC,27,0,0,0,1.3,0,0,0,0
"파워링크",인버터 파워링크,코드시스 통신,인버터통신,모바일,52,0,0,0,1.2,0,0,0,0
"파워링크","#01. 한국제이에스씨스텍",진제 서보모터,-,PC,113,2,220,440,2.4,1.67,46.33,0,0
"파워링크","#01. 한국제이에스씨스텍",진제 서보모터,-,모바일,105,0,0,0,2,0,0,0,0
"파워링크","#01. 한국제이에스씨스텍",진제 서보모터,AC서보,PC,9,0,0,0,1.8,0,0,0,0
"파워링크","#01. 한국제이에스씨스텍",진제 서보모터,AC서보,모바일,4,0,0,0,1.3,0,0,0,0
"파워링크","#01. 한국제이에스씨스텍",진제 서보모터,AC서보모터,PC,65,0,0,0,3.1,0,0,0,0
"파워링크","#01. 한국제이에스씨스텍",진제 서보모터,AC서보모터,모바일,29,0,0,0,1.5,0,0,0,0
"파워링크","#01. 한국제이에스씨스텍",진제 서보모터,DC서보,PC,9,0,0,0,4.8,0,0,0,0
"파워링크","#01. 한국제이에스씨스텍",진제 서보모터,DC서보,모바일,1,0,0,0,5,0,0,0,0
"파워링크","#01. 한국제이에스씨스텍",진제 서보모터,DC서보드라이브,PC,6,0,0,0,2.8,0,0,0,0
"파워링크","#01. 한국제이에스씨스텍",진제 서보모터,DC서보드라이브,모바일,1,0,0,0,3,0,0,0,0
"파워링크","#01. 한국제이에스씨스텍",진제 서보모터,DC서보모터,PC,45,3,583,"1,749",2.6,1,0,0,0
"파워링크","#01. 한국제이에스씨스텍",진제 서보모터,DC서보모터,모바일,28,0,0,0,1.9,0,0,0,0
"파워링크","#01. 한국제이에스씨스텍",진제 서보모터,ETHERCAT,PC,452,2,897,"1,793",2.7,3.5,19,0,0
"파워링크","#01. 한국제이에스씨스텍",진제 서보모터,ETHERCAT,모바일,155,0,0,0,2.2,0,0,0,0
"파워링크","#01. 한국제이에스씨스텍",진제 서보모터,ETHERCATSERVO,PC,1,0,0,0,3,0,0,0,0
"파워링크","#01. 한국제이에스씨스텍",진제 서보모터,MS5S,모바일,2,0,0,0,1,0,0,0,0
"파워링크","#01. 한국제이에스씨스텍",진제 서보모터,XINJE서보모터,PC,2,0,0,0,2,0,0,0,0
"파워링크","#01. 한국제이에스씨스텍",진제 서보모터,산업용서보모터,PC,4,0,0,0,2.3,0,0,0,0
"파워링크","#01. 한국제이에스씨스텍",진제 서보모터,산업용서보모터,모바일,3,0,0,0,2.3,0,0,0,0
"파워링크","#01. 한국제이에스씨스텍",진제 서보모터,서보,PC,"1,591",1,847,847,2.1,1,0,0,0
"파워링크","#01. 한국제이에스씨스텍",진제 서보모터,서보,모바일,"4,356",1,847,847,1.1,1,0,0,0
"파워링크","#01. 한국제이에스씨스텍",진제 서보모터,서보드라이버,PC,417,0,0,0,2.1,0,0,0,0
"파워링크","#01. 한국제이에스씨스텍",진제 서보모터,서보드라이버,모바일,74,0,0,0,3.7,0,0,0,0
"파워링크","#01. 한국제이에스씨스텍",진제 서보모터,서보드라이브,PC,232,1,"1,100","1,100",3.9,0,0,0,0
"파워링크","#01. 한국제이에스씨스텍",진제 서보모터,서보드라이브,모바일,20,0,0,0,4.8,0,0,0,0
"파워링크","#01. 한국제이에스씨스텍",진제 서보모터,서보모터,PC,2,0,0,0,70.5,0,0,0,0
"파워링크","#01. 한국제이에스씨스텍",진제 서보모터,서보이더켓,PC,2,0,0,0,1,0,0,0,0
"파워링크","#01. 한국제이에스씨스텍",진제 서보모터,서브모터,PC,188,2,512,"1,023",2.9,1,0,0,0
"파워링크","#01. 한국제이에스씨스텍",진제 서보모터,서브모터,모바일,295,11,423,"4,653",2,1,0,0,0
"파워링크","#01. 한국제이에스씨스텍",진제 서보모터,이더캣서보,PC,2,1,77,77,1,1,0,0,0
"파워링크","#01. 한국제이에스씨스텍",진제 서보모터,이더캣서보,모바일,1,0,0,0,2,0,0,0,0
"파워링크","#01. 한국제이에스씨스텍",진제 서보모터,저가형서보모터,PC,1,0,0,0,1,0,0,0,0
"파워링크","#01. 한국제이에스씨스텍",진제 서보모터,저가형서보모터,모바일,3,0,0,0,1,0,0,0,0
"파워링크","#01. 한국제이에스씨스텍",진제 서보모터,진제,PC,8,0,0,0,1,0,0,0,0
"파워링크","#01. 한국제이에스씨스텍",진제 서보모터,진제,모바일,9,0,0,0,1,0,0,0,0
"파워링크","#01. 한국제이에스씨스텍",캡핑기,-,PC,26,1,77,77,9.1,0,0,0,0
"파워링크","#01. 한국제이에스씨스텍",캡핑기,-,모바일,44,2,259,517,3.4,0,0,0,0
"파워링크","#01. 한국제이에스씨스텍",캡핑기,자동캡핑,모바일,98,1,77,77,2.4,0,0,0,0
"파워링크","#01. 한국제이에스씨스텍",캡핑기,자동캡핑기,PC,43,2,"1,601","3,201",7.5,0,0,0,0
"파워링크","#01. 한국제이에스씨스텍",캡핑기,자동캡핑기,모바일,58,2,"1,232","2,464",3.3,0,0,0,0
"파워링크","#01. 한국제이에스씨스텍",캡핑기,캡핑기,PC,73,3,"1,731","5,192",7.4,0,0,0,0
"파워링크","#01. 한국제이에스씨스텍",캡핑기,캡핑기,모바일,88,6,"2,151","12,903",3.8,0,0,0,0
"파워링크","#01. 한국제이에스씨스텍",대용량충진기,대용량충진기,PC,1,0,0,0,8,0,0,0,0
"파워링크","#01. 한국제이에스씨스텍",대용량충진기,드럼충진기,PC,2,0,0,0,2,0,0,0,0
"파워링크","#01. 한국제이에스씨스텍",대용량충진기,드럼충진기,모바일,"2,686",4,154,616,1.4,0,0,0,0
"파워링크","#01. 한국제이에스씨스텍",대용량충진기,말통충진,PC,1,0,0,0,7,0,0,0,0
"파워링크","#01. 한국제이에스씨스텍",대용량충진기,말통충진기,PC,7,1,605,605,5.9,0,0,0,0
"파워링크","#01. 한국제이에스씨스텍",대용량충진기,말통충진기,모바일,25,0,0,0,2.7,0,0,0,0
"파워링크","#01. 한국제이에스씨스텍",식품용충진기,-,PC,3,0,0,0,7,0,0,0,0
"파워링크","#01. 한국제이에스씨스텍",식품용충진기,-,모바일,2,0,0,0,1,0,0,0,0
"파워링크","#01. 한국제이에스씨스텍",식품용충진기,간장충진기,PC,2,0,0,0,3.5,0,0,0,0
"파워링크","#01. 한국제이에스씨스텍",식품용충진기,간장충진기,모바일,1,0,0,0,4,0,0,0,0
"파워링크","#01. 한국제이에스씨스텍",식품용충진기,기름충진기,PC,5,1,242,242,1.4,0,0,0,0
"파워링크","#01. 한국제이에스씨스텍",식품용충진기,기름충진기,모바일,2,0,0,0,2,0,0,0,0
"파워링크","#01. 한국제이에스씨스텍",식품용충진기,소스충진,PC,5,0,0,0,5.6,0,0,0,0
"파워링크","#01. 한국제이에스씨스텍",식품용충진기,소스충진,모바일,6,0,0,0,2.3,0,0,0,0
"파워링크","#01. 한국제이에스씨스텍",식품용충진기,소스충진기,PC,10,0,0,0,10.3,0,0,0,0
"파워링크","#01. 한국제이에스씨스텍",식품용충진기,소스충진기,모바일,19,3,"1,566","4,697",5.5,0,0,0,0
"파워링크","#01. 한국제이에스씨스텍",식품용충진기,식품자동화,PC,11,1,517,517,3.8,0,0,0,0
"파워링크","#01. 한국제이에스씨스텍",식품용충진기,식품자동화,모바일,1,0,0,0,3,0,0,0,0
"파워링크","#01. 한국제이에스씨스텍",식품용충진기,식품충진기,PC,3,0,0,0,5,0,0,0,0
"파워링크","#01. 한국제이에스씨스텍",식품용충진기,식품충진기,모바일,8,1,"2,420","2,420",3.3,0,0,0,0
"파워링크","#01. 한국제이에스씨스텍",식품용충진기,양념충진기,PC,4,1,737,737,4.5,0,0,0,0
"파워링크","#01. 한국제이에스씨스텍",식품용충진기,참기름충진,PC,1,0,0,0,1,0,0,0,0
"파워링크","#01. 한국제이에스씨스텍",식품용충진기,참기름충진기,PC,1,0,0,0,10,0,0,0,0
"파워링크","#01. 한국제이에스씨스텍",식품용충진기,초콜릿충진기,PC,1,1,77,77,1,0,0,0,0
"파워링크","#01. 한국제이에스씨스텍",식품용충진기,초콜릿충진기,모바일,2,0,0,0,1,0,0,0,0
"파워링크","#01. 한국제이에스씨스텍",소량충진기,-,PC,9,0,0,0,4.2,0,0,0,0
"파워링크","#01. 한국제이에스씨스텍",소량충진기,-,모바일,2,0,0,0,2.5,0,0,0,0
"파워링크","#01. 한국제이에스씨스텍",소량충진기,소량액상충진기,PC,1,1,77,77,2,0,0,0,0
"파워링크","#01. 한국제이에스씨스텍",소량충진기,소량액상충진기,모바일,4,0,0,0,3.8,0,0,0,0
"파워링크","#01. 한국제이에스씨스텍",소량충진기,소형충진,모바일,116,0,0,0,3.1,0,0,0,0
"파워링크","#01. 한국제이에스씨스텍",점도별충진기,-,PC,6,0,0,0,5.7,0,0,0,0
"파워링크","#01. 한국제이에스씨스텍",점도별충진기,-,모바일,13,2,105,209,1.9,0,0,0,0
"파워링크","#01. 한국제이에스씨스텍",점도별충진기,고점도충진기,PC,19,2,"2,448","4,895",12.6,0,0,0,0
"파워링크","#01. 한국제이에스씨스텍",점도별충진기,고점도충진기,모바일,21,2,"2,299","4,598",5.9,0,0,0,0
"파워링크","#01. 한국제이에스씨스텍",점도별충진기,세제충전기,모바일,358,0,0,0,2.3,0,0,0,0
"파워링크","#01. 한국제이에스씨스텍",점도별충진기,크림충진기,PC,5,0,0,0,9.2,0,0,0,0
"파워링크","#01. 한국제이에스씨스텍",점도별충진기,크림충진기,모바일,8,2,611,"1,221",3.6,0,0,0,0
"파워링크","#01. 한국제이에스씨스텍",에코리필스테이션,-,PC,2,0,0,0,1.5,0,0,0,0
"파워링크","#01. 한국제이에스씨스텍",에코리필스테이션,-,모바일,1,0,0,0,3,0,0,0,0
"파워링크","#01. 한국제이에스씨스텍",에코리필스테이션,리필용디스펜서,PC,4,0,0,0,1.8,0,0,0,0
"파워링크","#01. 한국제이에스씨스텍",에코리필스테이션,리필용디스펜서,모바일,7,0,0,0,2.3,0,0,0,0
"파워링크","#01. 한국제이에스씨스텍",에코리필스테이션,세제리필기계,PC,3,0,0,0,1,0,0,0,0
"파워링크","#01. 한국제이에스씨스텍",에코리필스테이션,세제리필기계,모바일,4,0,0,0,1,0,0,0,0
"파워링크","#01. 한국제이에스씨스텍",에코리필스테이션,에코리필,모바일,2,0,0,0,3,0,0,0,0
"파워링크","#01. 한국제이에스씨스텍",화면표시기,PLC데이터통신,모바일,5,0,0,0,1.6,0,0,0,0
"파워링크","#01. 한국제이에스씨스텍",화면표시기,생산현황,PC,45,0,0,0,3.4,0,0,0,0
"파워링크","#01. 한국제이에스씨스텍",화면표시기,생산현황,모바일,9,0,0,0,3.6,0,0,0,0
"파워링크","#01. 한국제이에스씨스텍",화면표시기,생산현황판,PC,20,0,0,0,8.6,0,0,0,0
"파워링크","#01. 한국제이에스씨스텍",화면표시기,생산현황판,모바일,2,0,0,0,3,0,0,0,0
"파워링크","#01. 한국제이에스씨스텍",화면표시기,원격제어솔루션,PC,3,0,0,0,11,0,0,0,0
"파워링크","#01. 한국제이에스씨스텍",화면표시기,원격제어솔루션,모바일,3,0,0,0,1,0,0,0,0
"파워링크","#01. 한국제이에스씨스텍",화면표시기,특수현황판,PC,1,1,66,66,1,0,0,0,0
"파워링크","#01. 한국제이에스씨스텍",충전식 충진기,-,PC,3,0,0,0,2.7,0,0,0,0
"파워링크","#01. 한국제이에스씨스텍",충전식 충진기,-,모바일,3,0,0,0,2.3,0,0,0,0
"파워링크","#01. 한국제이에스씨스텍",충전식 충진기,충전식밧데리충전기,모바일,3,0,0,0,1,0,0,0,0
"파워링크","#01. 한국제이에스씨스텍",충전식 충진기,충전식충전기,PC,1,0,0,0,2,0,0,0,0
"파워링크","#01. 한국제이에스씨스텍",충전식 충진기,충전식충전기,모바일,2,0,0,0,1,0,0,0,0
"파워링크","#01. 한국제이에스씨스텍",충전식 충진기,충전식충진기,모바일,57,0,0,0,3.2,0,0,0,0
"파워링크","#01. 한국제이에스씨스텍",충전식 충진기,컨베어캡핑기,모바일,10,0,0,0,2.5,0,0,0,0
"파워링크","#01. 한국제이에스씨스텍","생산라인자동화 ",-,PC,58,1,77,77,5.1,0,0,0,0
"파워링크","#01. 한국제이에스씨스텍","생산라인자동화 ",-,모바일,33,0,0,0,2.7,0,0,0,0
"파워링크","#01. 한국제이에스씨스텍","생산라인자동화 ",2025스마트공방,PC,2,0,0,0,2,0,0,0,0
"파워링크","#01. 한국제이에스씨스텍","생산라인자동화 ",2025스마트공방,모바일,3,0,0,0,3.7,0,0,0,0
"파워링크","#01. 한국제이에스씨스텍","생산라인자동화 ",2025스마트공방지원사업,PC,3,0,0,0,2.3,0,0,0,0
"파워링크","#01. 한국제이에스씨스텍","생산라인자동화 ",2025스마트공방지원사업,모바일,5,0,0,0,1,0,0,0,0
"파워링크","#01. 한국제이에스씨스텍","생산라인자동화 ",기술보급사업,PC,2,0,0,0,2.5,0,0,0,0
"파워링크","#01. 한국제이에스씨스텍","생산라인자동화 ",기술보급사업,모바일,2,0,0,0,1.5,0,0,0,0
"파워링크","#01. 한국제이에스씨스텍","생산라인자동화 ",라인자동화,PC,6,0,0,0,2.8,0,0,0,0
"파워링크","#01. 한국제이에스씨스텍","생산라인자동화 ",라인자동화,모바일,10,0,0,0,3,0,0,0,0
"파워링크","#01. 한국제이에스씨스텍","생산라인자동화 ",생산라인,PC,15,0,0,0,7.5,0,0,0,0
"파워링크","#01. 한국제이에스씨스텍","생산라인자동화 ",소공인지원사업,PC,2,0,0,0,1.5,0,0,0,0
"파워링크","#01. 한국제이에스씨스텍","생산라인자동화 ",소공인지원사업,모바일,7,0,0,0,1.6,0,0,0,0
"파워링크","#01. 한국제이에스씨스텍","생산라인자동화 ",소상공인스마트공방,PC,4,0,0,0,2.5,0,0,0,0
"파워링크","#01. 한국제이에스씨스텍","생산라인자동화 ",소상공인스마트공방,모바일,4,0,0,0,3,0,0,0,0
"파워링크","#01. 한국제이에스씨스텍","생산라인자동화 ",소상공인자동화,모바일,1,0,0,0,1,0,0,0,0
"파워링크","#01. 한국제이에스씨스텍","생산라인자동화 ",소상공인장비,모바일,3,0,0,0,2,0,0,0,0
"파워링크","#01. 한국제이에스씨스텍","생산라인자동화 ",스마트공방,PC,268,3,"1,687","5,060",4.2,0,0,0,0
"파워링크","#01. 한국제이에스씨스텍","생산라인자동화 ",스마트공방,모바일,97,1,"1,122","1,122",2.9,0,0,0,0
"파워링크","#01. 한국제이에스씨스텍","생산라인자동화 ",스마트공방기술보급,PC,4,0,0,0,2.3,0,0,0,0
"파워링크","#01. 한국제이에스씨스텍","생산라인자동화 ",스마트공방기술보급사업,PC,12,0,0,0,2.7,0,0,0,0
"파워링크","#01. 한국제이에스씨스텍","생산라인자동화 ",스마트공방기술보급사업,모바일,2,0,0,0,3,0,0,0,0
"파워링크","#01. 한국제이에스씨스텍","생산라인자동화 ",스마트공방지원사업,PC,161,1,561,561,3.2,0,0,0,0
"파워링크","#01. 한국제이에스씨스텍","생산라인자동화 ",스마트공방지원사업,모바일,136,3,539,"1,617",2.9,0,0,0,0
"파워링크","#01. 한국제이에스씨스텍","생산라인자동화 ",스마트제조지원사업,PC,11,0,0,0,3.3,0,0,0,0
"파워링크","#01. 한국제이에스씨스텍","생산라인자동화 ",스마트제조지원사업,모바일,4,0,0,0,3.3,0,0,0,0
"파워링크","#01. 한국제이에스씨스텍","생산라인자동화 ",자동생산,PC,18,1,77,77,1.2,0,0,0,0
"파워링크","#01. 한국제이에스씨스텍","생산라인자동화 ",자동생산,모바일,16,1,99,99,1.1,0,0,0,0
"파워링크","#01. 한국제이에스씨스텍","생산라인자동화 ",자동생산라인,PC,3,0,0,0,2,0,0,0,0
"파워링크","#01. 한국제이에스씨스텍","생산라인자동화 ",자동생산라인,모바일,1,0,0,0,1,0,0,0,0
"파워링크","#01. 한국제이에스씨스텍","생산라인자동화 ",자동화라인,PC,2,1,121,121,30,0,0,0,0
"파워링크","#01. 한국제이에스씨스텍","생산라인자동화 ",제조업지원사업,PC,4,0,0,0,10,0,0,0,0
"파워링크","#01. 한국제이에스씨스텍","생산라인자동화 ",제조업지원사업,모바일,6,0,0,0,8.5,0,0,0,0
"파워링크","#01. 한국제이에스씨스텍","생산라인자동화 ",충진라인,PC,3,0,0,0,8.7,0,0,0,0
"파워링크","#01. 한국제이에스씨스텍","생산라인자동화 ",컨베어라인,PC,8,0,0,0,7.5,0,0,0,0
"파워링크","#01. 한국제이에스씨스텍","생산라인자동화 ",컨베어라인,모바일,3,0,0,0,3.7,0,0,0,0
"파워링크","#01. 한국제이에스씨스텍",원격제어,-,PC,305,2,105,209,1.3,0,0,0,0
"파워링크","#01. 한국제이에스씨스텍",원격제어,-,모바일,162,2,77,154,1.8,0,0,0,0
"파워링크","#01. 한국제이에스씨스텍",원격제어,HMI원격제어,PC,2,0,0,0,1,0,0,0,0
"파워링크","#01. 한국제이에스씨스텍",원격제어,PLC원격제어,PC,11,0,0,0,4.3,0,0,0,0
"파워링크","#01. 한국제이에스씨스텍",원격제어,PLC원격제어,모바일,12,0,0,0,2.2,0,0,0,0
"파워링크","#01. 한국제이에스씨스텍",원격제어,원격제어,PC,7,0,0,0,22.9,0,0,0,0
"파워링크","#01. 한국제이에스씨스텍",원격제어,원격제어,모바일,3,0,0,0,22.7,0,0,0,0
"파워링크","#01. 한국제이에스씨스텍",원격제어,원격제어터치,PC,1,0,0,0,2,0,0,0,0
"파워링크","#01. 한국제이에스씨스텍",원격제어,원격제어판넬,모바일,1,0,0,0,2,0,0,0,0
"파워링크","#01. 한국제이에스씨스텍",원격제어,인버터원격제어,PC,1,0,0,0,1,0,0,0,0
"파워링크","#01. 한국제이에스씨스텍",원격제어,인버터원격제어,모바일,2,0,0,0,1,0,0,0,0
"파워링크","#01. 한국제이에스씨스텍",원격제어,터치원격제어,PC,1,0,0,0,3,0,0,0,0
"파워링크","#01. 한국제이에스씨스텍",원격제어,터치원격제어,모바일,1,0,0,0,1,0,0,0,0
"파워링크","#01. 한국제이에스씨스텍",GateWay,-,PC,42,4,316,"1,265",1.9,0,0,0,0
"파워링크","#01. 한국제이에스씨스텍",GateWay,-,모바일,24,1,352,352,1.5,0,0,0,0
"파워링크","#01. 한국제이에스씨스텍",GateWay,CMT-G01,PC,9,0,0,0,1.2,0,0,0,0
"파워링크","#01. 한국제이에스씨스텍",GateWay,CMT-G01,모바일,1,0,0,0,1,0,0,0,0
"파워링크","#01. 한국제이에스씨스텍",GateWay,CMT-G02,PC,1,0,0,0,2,0,0,0,0
"파워링크","#01. 한국제이에스씨스텍",GateWay,CMT-G02,모바일,1,0,0,0,2,0,0,0,0
"파워링크","#01. 한국제이에스씨스텍",GateWay,G04,PC,2,0,0,0,2.5,0,0,0,0
"파워링크","#01. 한국제이에스씨스텍",GateWay,G04,모바일,2,0,0,0,2,0,0,0,0
"파워링크","#01. 한국제이에스씨스텍",GateWay,GATEWAY,PC,87,0,0,0,8.6,0,0,0,0
"파워링크","#01. 한국제이에스씨스텍",GateWay,GATEWAY,모바일,71,0,0,0,5.9,0,0,0,0
"파워링크","#01. 한국제이에스씨스텍",GateWay,IOT판넬,PC,2,0,0,0,2,0,0,0,0
"파워링크","#01. 한국제이에스씨스텍",GateWay,IOT판넬,모바일,2,0,0,0,1,0,0,0,0
"파워링크","#01. 한국제이에스씨스텍",GateWay,OPCUA,PC,129,0,0,0,9.2,0,0,0,0
"파워링크","#01. 한국제이에스씨스텍",GateWay,OPCUA,모바일,31,0,0,0,4,0,0,0,0
"파워링크","#01. 한국제이에스씨스텍",GateWay,PLC통신,PC,115,0,0,0,2.4,0,0,0,0
"파워링크","#01. 한국제이에스씨스텍",GateWay,PLC통신,모바일,99,0,0,0,2,0,0,0,0
"파워링크","#01. 한국제이에스씨스텍",GateWay,게이트웨이,PC,914,0,0,0,6.8,0,0,0,0
"파워링크","#01. 한국제이에스씨스텍",GateWay,게이트웨이,모바일,166,0,0,0,2.3,0,0,0,0
"파워링크","#01. 한국제이에스씨스텍",충진기,-,PC,68,6,385,"2,310",7.9,0,0,0,0
"파워링크","#01. 한국제이에스씨스텍",충진기,-,모바일,44,4,297,"1,188",3,0,0,0,0
"파워링크","#01. 한국제이에스씨스텍",충진기,고점도액상충진기,PC,5,1,242,242,8.2,0,0,0,0
"파워링크","#01. 한국제이에스씨스텍",충진기,고점도액상충진기,모바일,5,2,237,473,5.2,0,0,0,0
"파워링크","#01. 한국제이에스씨스텍",충진기,글리세린충진,모바일,"1,755",1,77,77,3.8,0,0,0,0
"파워링크","#01. 한국제이에스씨스텍",충진기,병충진기,PC,2,0,0,0,2,0,0,0,0
"파워링크","#01. 한국제이에스씨스텍",충진기,병충진기,모바일,5,2,"1,117","2,233",3.2,0,0,0,0
"파워링크","#01. 한국제이에스씨스텍",충진기,샴푸충진기,모바일,1,0,0,0,1,0,0,0,0
"파워링크","#01. 한국제이에스씨스텍",충진기,소분기,PC,51,0,0,0,6,0,0,0,0
"파워링크","#01. 한국제이에스씨스텍",충진기,소분기,모바일,75,4,"1,144","4,576",3,0,0,0,0
"파워링크","#01. 한국제이에스씨스텍",충진기,액상비료충진기,PC,1,0,0,0,1,0,0,0,0
"파워링크","#01. 한국제이에스씨스텍",충진기,액상소분기,PC,12,0,0,0,7,0,0,0,0
"파워링크","#01. 한국제이에스씨스텍",충진기,액상소분기,모바일,2,0,0,0,4,0,0,0,0
"파워링크","#01. 한국제이에스씨스텍",충진기,액상자동충진기,PC,16,1,"1,265","1,265",4.8,0,0,0,0
"파워링크","#01. 한국제이에스씨스텍",충진기,액상자동충진기,모바일,4,0,0,0,2.5,0,0,0,0
"파워링크","#01. 한국제이에스씨스텍",충진기,액상정량충진기,PC,16,4,"1,716","6,864",5.6,0,0,0,0
"파워링크","#01. 한국제이에스씨스텍",충진기,액상정량충진기,모바일,8,1,"1,837","1,837",1.9,0,0,0,0
"파워링크","#01. 한국제이에스씨스텍",충진기,액상주입기,PC,29,1,726,726,4,0,0,0,0
"파워링크","#01. 한국제이에스씨스텍",충진기,액상주입기,모바일,24,1,"1,034","1,034",2.9,0,0,0,0
"파워링크","#01. 한국제이에스씨스텍",충진기,액상충전기,PC,4,1,"1,474","1,474",4.5,0,0,0,0
"파워링크","#01. 한국제이에스씨스텍",충진기,액상충전기,모바일,4,1,"1,452","1,452",3.8,0,0,0,0
"파워링크","#01. 한국제이에스씨스텍",충진기,액상충진,PC,10,2,528,"1,056",6.8,0,0,0,0
"파워링크","#01. 한국제이에스씨스텍",충진기,액상충진,모바일,1,0,0,0,4,0,0,0,0
"파워링크","#01. 한국제이에스씨스텍",충진기,액상충진기,PC,198,1,"3,949","3,949",4.5,0,0,0,0
"파워링크","#01. 한국제이에스씨스텍",충진기,액상충진기,모바일,125,6,"2,776","16,654",3.4,0,0,0,0
"파워링크","#01. 한국제이에스씨스텍",충진기,액체소분기,PC,9,1,121,121,6.9,0,0,0,0
"파워링크","#01. 한국제이에스씨스텍",충진기,액체소분기,모바일,7,0,0,0,6,0,0,0,0
"파워링크","#01. 한국제이에스씨스텍",충진기,액체충진,PC,5,0,0,0,7,0,0,0,0
"파워링크","#01. 한국제이에스씨스텍",충진기,액체충진,모바일,6,0,0,0,2,0,0,0,0
"파워링크","#01. 한국제이에스씨스텍",충진기,액체충진기,PC,10,0,0,0,5.8,0,0,0,0
"파워링크","#01. 한국제이에스씨스텍",충진기,액체충진기,모바일,4,0,0,0,4.3,0,0,0,0
"파워링크","#01. 한국제이에스씨스텍",충진기,음료충진기,PC,2,0,0,0,4,0,0,0,0
"파워링크","#01. 한국제이에스씨스텍",충진기,음료충진기,모바일,10,2,"1,799","3,597",1.7,0,0,0,0
"파워링크","#01. 한국제이에스씨스텍",충진기,자동정량토출기,PC,3,0,0,0,1.7,0,0,0,0
"파워링크","#01. 한국제이에스씨스텍",충진기,자동정량토출기,모바일,2,0,0,0,2,0,0,0,0
"파워링크","#01. 한국제이에스씨스텍",충진기,자동충진기,PC,11,2,"2,981","5,962",7.9,0,0,0,0
"파워링크","#01. 한국제이에스씨스텍",충진기,자동충진기,모바일,19,2,"2,327","4,653",3.2,0,0,0,0
"파워링크","#01. 한국제이에스씨스텍",충진기,자동화설비,PC,30,0,0,0,11.5,0,0,0,0
"파워링크","#01. 한국제이에스씨스텍",충진기,자동화설비,모바일,2,1,"4,400","4,400",14.5,0,0,0,0
"파워링크","#01. 한국제이에스씨스텍",충진기,정량소분기,PC,11,0,0,0,5.3,0,0,0,0
"파워링크","#01. 한국제이에스씨스텍",충진기,정량소분기,모바일,5,0,0,0,2.4,0,0,0,0
"파워링크","#01. 한국제이에스씨스텍",충진기,정량충전기,PC,1,0,0,0,1,0,0,0,0
"파워링크","#01. 한국제이에스씨스텍",충진기,정량충전기,모바일,3,0,0,0,1,0,0,0,0
"파워링크","#01. 한국제이에스씨스텍",충진기,정량충진기,PC,26,1,"3,729","3,729",4.2,0,0,0,0
"파워링크","#01. 한국제이에스씨스텍",충진기,정량충진기,모바일,34,4,"1,788","7,150",4.6,0,0,0,0
"파워링크","#01. 한국제이에스씨스텍",충진기,정량토출,PC,20,0,0,0,3.9,0,0,0,0
"파워링크","#01. 한국제이에스씨스텍",충진기,정량토출,모바일,4,0,0,0,3,0,0,0,0
"파워링크","#01. 한국제이에스씨스텍",충진기,정량토출기,PC,75,2,"3,443","6,886",8.3,0,0,0,0
"파워링크","#01. 한국제이에스씨스텍",충진기,정량토출기,모바일,11,0,0,0,4.6,0,0,0,0
"파워링크","#01. 한국제이에스씨스텍",충진기,정량토출장치,PC,1,0,0,0,6,0,0,0,0
"파워링크","#01. 한국제이에스씨스텍",충진기,정액주입기,PC,5,0,0,0,2.8,0,0,0,0
"파워링크","#01. 한국제이에스씨스텍",충진기,정액주입기,모바일,19,0,0,0,3.1,0,0,0,0
"파워링크","#01. 한국제이에스씨스텍",충진기,중고액상충진기,PC,10,2,308,616,1,0,0,0,0
"파워링크","#01. 한국제이에스씨스텍",충진기,중고액상충진기,모바일,9,1,396,396,1,0,0,0,0
"파워링크","#01. 한국제이에스씨스텍",충진기,중고충진기,PC,16,1,781,781,1.9,0,0,0,0
"파워링크","#01. 한국제이에스씨스텍",충진기,중고충진기,모바일,12,2,600,"1,199",1.4,0,0,0,0
"파워링크","#01. 한국제이에스씨스텍",충진기,중고캡핑기,PC,5,0,0,0,1,0,0,0,0
"파워링크","#01. 한국제이에스씨스텍",충진기,중고캡핑기,모바일,4,1,"1,034","1,034",1,0,0,0,0
"파워링크","#01. 한국제이에스씨스텍",충진기,충진기,PC,494,2,"5,539","11,077",3.5,0,0,0,0
"파워링크","#01. 한국제이에스씨스텍",충진기,충진기,모바일,240,7,"5,247","36,729",2.7,0,0,0,0
"파워링크","#01. 한국제이에스씨스텍",충진기,충진기중고,PC,8,0,0,0,1.5,0,0,0,0
"파워링크","#01. 한국제이에스씨스텍",충진기,충진기중고,모바일,7,0,0,0,1,0,0,0,0
"파워링크","#01. 한국제이에스씨스텍",충진기,탁상형충진기,PC,1,0,0,0,1,0,0,0,0
"파워링크","#01. 한국제이에스씨스텍",충진기,향수충진기,PC,5,0,0,0,1,0,0,0,0
"파워링크","#01. 한국제이에스씨스텍",충진기,향수충진기,모바일,7,0,0,0,1.4,0,0,0,0
"파워링크","#01. 한국제이에스씨스텍",충진기,화장품충진기,PC,5,0,0,0,3.4,0,0,0,0
"파워링크","#01. 한국제이에스씨스텍",충진기,화장품충진기,모바일,21,2,"1,216","2,431",3.2,0,0,0,0
"파워링크","#01. 한국제이에스씨스텍",이지뷰,-,PC,36,1,99,99,1.3,0,0,0,0
"파워링크","#01. 한국제이에스씨스텍",이지뷰,-,모바일,28,0,0,0,1.8,0,0,0,0
"파워링크","#01. 한국제이에스씨스텍",이지뷰,10인치터치,모바일,1,0,0,0,1,0,0,0,0
"파워링크","#01. 한국제이에스씨스텍",이지뷰,10인치터치판넬,PC,2,0,0,0,2,0,0,0,0
"파워링크","#01. 한국제이에스씨스텍",이지뷰,10인치터치판넬,모바일,1,0,0,0,2,0,0,0,0
"파워링크","#01. 한국제이에스씨스텍",이지뷰,15인치터치,PC,4,0,0,0,2.3,0,0,0,0
"파워링크","#01. 한국제이에스씨스텍",이지뷰,4.3인치터치판넬,PC,3,0,0,0,2.3,0,0,0,0
"파워링크","#01. 한국제이에스씨스텍",이지뷰,4.3인치터치판넬,모바일,1,0,0,0,3,0,0,0,0
"파워링크","#01. 한국제이에스씨스텍",이지뷰,7인치터치,PC,1,0,0,0,7,0,0,0,0
"파워링크","#01. 한국제이에스씨스텍",이지뷰,EASYACCESS,PC,4,0,0,0,1.8,0,0,0,0
"파워링크","#01. 한국제이에스씨스텍",이지뷰,EASYACCESS,모바일,3,0,0,0,1.7,0,0,0,0
"파워링크","#01. 한국제이에스씨스텍",이지뷰,EASYBUILDER,PC,4,0,0,0,2,0,0,0,0
"파워링크","#01. 한국제이에스씨스텍",이지뷰,EASYBUILDER,모바일,1,0,0,0,1,0,0,0,0
"파워링크","#01. 한국제이에스씨스텍",이지뷰,EASYVIEW,PC,135,2,737,"1,474",2.2,0,0,0,0
"파워링크","#01. 한국제이에스씨스텍",이지뷰,EASYVIEW,모바일,35,0,0,0,2.6,0,0,0,0
"파워링크","#01. 한국제이에스씨스텍",이지뷰,HMI,PC,331,0,0,0,7.6,0,0,0,0
"파워링크","#01. 한국제이에스씨스텍",이지뷰,HMI,모바일,104,1,"3,487","3,487",4.1,0,0,0,0
"파워링크","#01. 한국제이에스씨스텍",이지뷰,LCD패널,PC,6,1,132,132,20.8,0,0,0,0
"파워링크","#01. 한국제이에스씨스텍",이지뷰,LCD패널,모바일,1,0,0,0,20,0,0,0,0
"파워링크","#01. 한국제이에스씨스텍",이지뷰,MT506,PC,1,0,0,0,3,0,0,0,0
"파워링크","#01. 한국제이에스씨스텍",이지뷰,MT6070,PC,2,0,0,0,3,0,0,0,0
"파워링크","#01. 한국제이에스씨스텍",이지뷰,MT8050IE,PC,3,0,0,0,1.7,0,0,0,0
"파워링크","#01. 한국제이에스씨스텍",이지뷰,MT8050IE,모바일,4,0,0,0,2,0,0,0,0
"파워링크","#01. 한국제이에스씨스텍",이지뷰,MT8051IE,PC,7,0,0,0,1,0,0,0,0
"파워링크","#01. 한국제이에스씨스텍",이지뷰,MT8051IE,모바일,2,0,0,0,1,0,0,0,0
"파워링크","#01. 한국제이에스씨스텍",이지뷰,MT8071IE,PC,35,0,0,0,1.2,0,0,0,0
"파워링크","#01. 한국제이에스씨스텍",이지뷰,MT8071IE,모바일,23,0,0,0,1,0,0,0,0
"파워링크","#01. 한국제이에스씨스텍",이지뷰,MT8090XE,PC,1,0,0,0,1,0,0,0,0
"파워링크","#01. 한국제이에스씨스텍",이지뷰,MT8100IE,PC,12,1,143,143,1.5,0,0,0,0
"파워링크","#01. 한국제이에스씨스텍",이지뷰,MT8100IE,모바일,7,0,0,0,1.3,0,0,0,0
"파워링크","#01. 한국제이에스씨스텍",이지뷰,MT8101IE,PC,14,0,0,0,1.1,0,0,0,0
"파워링크","#01. 한국제이에스씨스텍",이지뷰,MT8101IE,모바일,1,0,0,0,1,0,0,0,0
"파워링크","#01. 한국제이에스씨스텍",이지뷰,MT8102IE,PC,26,0,0,0,1.2,0,0,0,0
"파워링크","#01. 한국제이에스씨스텍",이지뷰,MT8102IE,모바일,8,0,0,0,1.3,0,0,0,0
"파워링크","#01. 한국제이에스씨스텍",이지뷰,MT8150XE,모바일,1,0,0,0,1,0,0,0,0
"파워링크","#01. 한국제이에스씨스텍",이지뷰,OPC통신,PC,10,0,0,0,1.6,0,0,0,0
"파워링크","#01. 한국제이에스씨스텍",이지뷰,OPC통신,모바일,13,0,0,0,1.7,0,0,0,0
"파워링크","#01. 한국제이에스씨스텍",이지뷰,TOUCHPANEL,PC,8,0,0,0,1.1,0,0,0,0
"파워링크","#01. 한국제이에스씨스텍",이지뷰,TOUCHPANEL,모바일,7,0,0,0,2,0,0,0,0
"파워링크","#01. 한국제이에스씨스텍",이지뷰,WEINTEK,PC,227,8,389,"3,113",2,0,0,0,0
"파워링크","#01. 한국제이에스씨스텍",이지뷰,WEINTEK,모바일,110,1,176,176,3.3,0,0,0,0
"파워링크","#01. 한국제이에스씨스텍",이지뷰,WEINVIEW,PC,18,0,0,0,1.4,0,0,0,0
"파워링크","#01. 한국제이에스씨스텍",이지뷰,WEINVIEW,모바일,9,0,0,0,2,0,0,0,0
"파워링크","#01. 한국제이에스씨스텍",이지뷰,산업용판넬PC,PC,2,0,0,0,7.5,0,0,0,0
"파워링크","#01. 한국제이에스씨스텍",이지뷰,산업용판넬PC,모바일,1,0,0,0,2,0,0,0,0
"파워링크","#01. 한국제이에스씨스텍",이지뷰,웨인텍,PC,111,3,425,"1,276",2.6,0,0,0,0
"파워링크","#01. 한국제이에스씨스텍",이지뷰,웨인텍,모바일,33,0,0,0,2.8,0,0,0,0
"파워링크","#01. 한국제이에스씨스텍",이지뷰,이지뷰,PC,"1,473",26,734,"19,085",3.6,0,0,0,0
"파워링크","#01. 한국제이에스씨스텍",이지뷰,이지뷰,모바일,186,1,484,484,3.7,0,0,0,0
"파워링크","#01. 한국제이에스씨스텍",이지뷰,이지뷰대리점,PC,20,3,"1,786","5,357",1.1,0,0,0,0
"파워링크","#01. 한국제이에스씨스텍",이지뷰,이지뷰대리점,모바일,12,4,77,308,1,0,0,0,0
"파워링크","#01. 한국제이에스씨스텍",이지뷰,이지뷰터치,PC,54,1,726,726,1.1,0,0,0,0
"파워링크","#01. 한국제이에스씨스텍",이지뷰,이지뷰터치,모바일,33,2,171,341,2,0,0,0,0
"파워링크","#01. 한국제이에스씨스텍",이지뷰,이지뷰터치스크린,PC,14,2,121,242,2.6,0,0,0,0
"파워링크","#01. 한국제이에스씨스텍",이지뷰,이지뷰터치스크린,모바일,9,1,165,165,2.9,0,0,0,0
"파워링크","#01. 한국제이에스씨스텍",이지뷰,이지뷰터치판넬,PC,26,10,73,726,1,0,0,0,0
"파워링크","#01. 한국제이에스씨스텍",이지뷰,이지뷰터치판넬,모바일,8,0,0,0,1.4,0,0,0,0
"파워링크","#01. 한국제이에스씨스텍",이지뷰,이지뷰터치패널,PC,2,0,0,0,1.5,0,0,0,0
"파워링크","#01. 한국제이에스씨스텍",이지뷰,이지뷰터치패널,모바일,3,0,0,0,2.3,0,0,0,0
"파워링크","#01. 한국제이에스씨스텍",이지뷰,이지억세스,PC,575,0,0,0,1.3,0,0,0,0
"파워링크","#01. 한국제이에스씨스텍",이지뷰,이지억세스,모바일,464,0,0,0,2,0,0,0,0
"파워링크","#01. 한국제이에스씨스텍",이지뷰,이지엑세스,PC,594,0,0,0,2.1,0,0,0,0
"파워링크","#01. 한국제이에스씨스텍",이지뷰,이지엑세스,모바일,89,1,77,77,2,0,0,0,0
"파워링크","#01. 한국제이에스씨스텍",이지뷰,터치모니터,PC,4,0,0,0,57.3,0,0,0,0
"파워링크","#01. 한국제이에스씨스텍",이지뷰,터치판넬,PC,"6,756",1,"3,971","3,971",3.8,0,0,0,0
"파워링크","#01. 한국제이에스씨스텍",이지뷰,터치판넬,모바일,78,0,0,0,2.2,0,0,0,0
"파워링크","#01. 한국제이에스씨스텍",이지뷰,터치패널,PC,"2,708",3,"4,418","13,255",4.1,0,0,0,0
"파워링크","#01. 한국제이에스씨스텍",이지뷰,터치패널,모바일,64,2,"1,936","3,872",3.6,0,0,0,0
"파워링크","#01. 한국제이에스씨스텍",이지뷰,한국이지뷰,PC,26,3,117,352,1.8,0,0,0,0
"파워링크","#01. 한국제이에스씨스텍",이지뷰,한국이지뷰,모바일,15,0,0,0,2.3,0,0,0,0
"파워링크","#01. 한국제이에스씨스텍",진제 PLC,-,PC,39,3,139,418,2.6,1,0,0,0
"파워링크","#01. 한국제이에스씨스텍",진제 PLC,-,모바일,74,1,77,77,1.9,1.5,1.5,0,0
"파워링크","#01. 한국제이에스씨스텍",진제 PLC,LSPLC,PC,516,2,556,"1,111",5.5,3.5,5.5,0,0
"파워링크","#01. 한국제이에스씨스텍",진제 PLC,LSPLC,모바일,221,2,583,"1,166",3.2,1.33,3.67,0,0
"파워링크","#01. 한국제이에스씨스텍",진제 PLC,PLC,PC,753,1,"1,991","1,991",8.9,2,3,0,0
"파워링크","#01. 한국제이에스씨스텍",진제 PLC,PLC,모바일,40,1,"1,892","1,892",6.5,1.5,8,0,0
"파워링크","#01. 한국제이에스씨스텍",진제 PLC,PLC일체형,PC,1,0,0,0,2,0,0,0,0
"파워링크","#01. 한국제이에스씨스텍",진제 PLC,PLC일체형,모바일,1,0,0,0,1,0,0,0,0
"파워링크","#01. 한국제이에스씨스텍",진제 PLC,XC3-32,PC,1,0,0,0,2,0,0,0,0
"파워링크","#01. 한국제이에스씨스텍",진제 PLC,XINJE,PC,103,1,66,66,1.2,4,4,0,0
"파워링크","#01. 한국제이에스씨스텍",진제 PLC,XINJE,모바일,41,1,143,143,1.1,1,0,0,0
"파워링크","#01. 한국제이에스씨스텍",진제 PLC,XINJEPLC,PC,30,4,80,319,1.6,6,143.33,0,0
"파워링크","#01. 한국제이에스씨스텍",진제 PLC,XINJEPLC,모바일,15,1,77,77,1.7,0,0,0,0
"파워링크","#01. 한국제이에스씨스텍",진제 PLC,XINJE서보,PC,1,0,0,0,1,0,0,0,0
"파워링크","#01. 한국제이에스씨스텍",진제 PLC,가성비PLC,PC,2,0,0,0,1,0,0,0,0
"파워링크","#01. 한국제이에스씨스텍",진제 PLC,멜섹PLC,PC,54,0,0,0,1.9,0,0,0,0
"파워링크","#01. 한국제이에스씨스텍",진제 PLC,멜섹PLC,모바일,37,0,0,0,1.3,0,0,0,0
"파워링크","#01. 한국제이에스씨스텍",진제 PLC,미쓰비시PLC,PC,194,2,363,726,5.8,1,0,0,0
"파워링크","#01. 한국제이에스씨스텍",진제 PLC,미쓰비시PLC,모바일,28,1,363,363,3.5,1,0,0,0
"파워링크","#01. 한국제이에스씨스텍",진제 PLC,미쯔비시PLC,PC,185,1,275,275,7.9,1,0,0,0
"파워링크","#01. 한국제이에스씨스텍",진제 PLC,미쯔비시PLC,모바일,1,0,0,0,4,0,0,0,0
"파워링크","#01. 한국제이에스씨스텍",진제 PLC,산업용PLC,PC,9,0,0,0,7.2,0,0,0,0
"파워링크","#01. 한국제이에스씨스텍",진제 PLC,산업용PLC,모바일,1,0,0,0,4,0,0,0,0
"파워링크","#01. 한국제이에스씨스텍",진제 PLC,소형PLC,PC,16,0,0,0,2.7,0,0,0,0
"파워링크","#01. 한국제이에스씨스텍",진제 PLC,소형PLC,모바일,11,0,0,0,2.5,0,0,0,0
"파워링크","#01. 한국제이에스씨스텍",진제 PLC,옴론PLC,PC,90,1,220,220,4.2,0,0,0,0
"파워링크","#01. 한국제이에스씨스텍",진제 PLC,옴론PLC,모바일,54,0,0,0,3.2,0,0,0,0
"파워링크","#01. 한국제이에스씨스텍",진제 PLC,일체형PLC,PC,3,0,0,0,2,0,0,0,0
"파워링크","#01. 한국제이에스씨스텍",진제 PLC,저렴한PLC,PC,4,0,0,0,1,0,0,0,0
"파워링크","#01. 한국제이에스씨스텍",진제 PLC,중국PLC,PC,11,2,66,132,2,1,0,0,0
"파워링크","#01. 한국제이에스씨스텍",진제 PLC,중국PLC,모바일,7,0,0,0,1.6,0,0,0,0
"파워링크","#01. 한국제이에스씨스텍",진제 PLC,진제PLC,PC,11,5,59,297,1,8,106.2,0,0
"파워링크","#01. 한국제이에스씨스텍",진제 PLC,진제PLC,모바일,2,0,0,0,1.5,0,0,0,0
"파워링크","#01. 한국제이에스씨스텍",진제 PLC,진제코리아,PC,3,3,77,231,1,6.11,132.78,0,0
"파워링크","#01. 한국제이에스씨스텍",진제 터치,-,모바일,1,1,77,77,1,2,8,0,0
"파워링크","#01. 한국제이에스씨스텍",진제 터치,TG465,PC,1,0,0,0,1,0,0,0,0
"파워링크","#01. 한국제이에스씨스텍",진제 터치,TG465,모바일,1,0,0,0,1,0,0,0,0
"파워링크","#01. 한국제이에스씨스텍",진제 터치,TG765,모바일,4,0,0,0,3,0,0,0,0
"파워링크","#01. 한국제이에스씨스텍",진제 터치,TG765MT,모바일,1,0,0,0,2,0,0,0,0
"파워링크","#01. 한국제이에스씨스텍",진제 터치,TOUCHWIN,PC,68,1,77,77,1.6,5,292,0,0
"파워링크","#01. 한국제이에스씨스텍",진제 터치,TOUCHWIN,모바일,5,0,0,0,1,0,0,0,0
"파워링크","#01. 한국제이에스씨스텍",진제 터치,XINJE터치,PC,1,0,0,0,3,0,0,0,0
"파워링크","#01. 한국제이에스씨스텍","호퍼 및 기타 자재 ",-,PC,12,6,185,"1,111",1.3,0,0,0,0
"파워링크","#01. 한국제이에스씨스텍","호퍼 및 기타 자재 ",HOPPER,PC,1,0,0,0,8,0,0,0,0
"파워링크","#01. 한국제이에스씨스텍","호퍼 및 기타 자재 ",STAINLESS,PC,359,2,275,550,3.6,0,0,0,0
"파워링크","#01. 한국제이에스씨스텍","호퍼 및 기타 자재 ",STAINLESS,모바일,377,0,0,0,2.4,0,0,0,0
"파워링크","#01. 한국제이에스씨스텍","호퍼 및 기타 자재 ",스탠드호퍼,모바일,1,0,0,0,2,0,0,0,0
"파워링크","#01. 한국제이에스씨스텍","호퍼 및 기타 자재 ",스테인리스호퍼,PC,4,0,0,0,2,0,0,0,0
"파워링크","#01. 한국제이에스씨스텍","호퍼 및 기타 자재 ",스테인리스호퍼,모바일,1,0,0,0,2,0,0,0,0
"파워링크","#01. 한국제이에스씨스텍","호퍼 및 기타 자재 ",스텐호퍼,PC,29,6,431,"2,585",1,0,0,0,0
"파워링크","#01. 한국제이에스씨스텍","호퍼 및 기타 자재 ",스텐호퍼,모바일,28,2,209,418,1,0,0,0,0
"파워링크","#01. 한국제이에스씨스텍","호퍼 및 기타 자재 ",원형탱크,PC,9,0,0,0,6.4,0,0,0,0
"파워링크","#01. 한국제이에스씨스텍","호퍼 및 기타 자재 ",원형탱크,모바일,26,0,0,0,2.3,0,0,0,0
"파워링크","#01. 한국제이에스씨스텍","호퍼 및 기타 자재 ",원형호퍼,PC,2,0,0,0,2,0,0,0,0
"파워링크","#01. 한국제이에스씨스텍","호퍼 및 기타 자재 ",원형호퍼,모바일,3,0,0,0,1,0,0,0,0
"파워링크","#01. 한국제이에스씨스텍","호퍼 및 기타 자재 ",호퍼거치대,모바일,1,0,0,0,2,0,0,0,0
"파워링크","#01. 한국제이에스씨스텍","호퍼 및 기타 자재 ",호퍼스탠드,PC,2,0,0,0,2,0,0,0,0
"파워링크","#01. 한국제이에스씨스텍","거품제거용 노즐 ",-,PC,7,0,0,0,2.6,0,0,0,0
"파워링크","#01. 한국제이에스씨스텍","거품제거용 노즐 ",-,모바일,5,0,0,0,2,0,0,0,0
"파워링크","#01. 한국제이에스씨스텍","거품제거용 노즐 ",거품제거기,PC,28,1,473,473,1.3,0,0,0,0
"파워링크","#01. 한국제이에스씨스텍","거품제거용 노즐 ",거품제거기,모바일,170,2,154,308,2.9,0,0,0,0
"파워링크","#01. 한국제이에스씨스텍","거품제거용 노즐 ",거품제거장치,PC,3,0,0,0,1,0,0,0,0
"파워링크","#01. 한국제이에스씨스텍","거품제거용 노즐 ",거품제거장치,모바일,13,0,0,0,2.6,0,0,0,0
"파워링크","#01. 한국제이에스씨스텍",케미칼화장품,앰플충진,모바일,1,0,0,0,1,0,0,0,0
"파워링크","#01. 한국제이에스씨스텍",케미칼화장품,앰플충진기,PC,3,0,0,0,7,0,0,0,0
"파워링크","#01. 한국제이에스씨스텍",케미칼화장품,토너충진기,PC,1,0,0,0,2,0,0,0,0
"파워링크","#01. 한국제이에스씨스텍",케미칼화장품,화장품충진,PC,5,0,0,0,7.8,0,0,0,0
"파워링크","#01. 한국제이에스씨스텍",케미칼화장품,화장품충진,모바일,29,0,0,0,2.3,0,0,0,0
"파워링크","#01. 한국제이에스씨스텍",케미칼화장품,화장품충진기,PC,34,3,"1,261","3,784",7,0,0,0,0
"파워링크","#01. 한국제이에스씨스텍",케미칼화장품,화장품충진기,모바일,36,1,"1,573","1,573",3.1,0,0,0,0
"파워링크","#01. 한국제이에스씨스텍",이더켓PLC,-,PC,17,1,77,77,1.8,3.5,594.5,0,0
"파워링크","#01. 한국제이에스씨스텍",이더켓PLC,-,모바일,5,0,0,0,1.6,0,0,0,0
"파워링크","#01. 한국제이에스씨스텍",이더켓PLC,ETHERCAT,PC,8,0,0,0,2.6,0,0,0,0
"파워링크","#01. 한국제이에스씨스텍",이더켓PLC,ETHERCAT,모바일,81,0,0,0,1.8,0,0,0,0
"파워링크","#01. 한국제이에스씨스텍",이더켓PLC,이더캣,PC,105,0,0,0,2.6,0,0,0,0
"파워링크","#01. 한국제이에스씨스텍",이더켓PLC,이더캣,모바일,101,0,0,0,2.1,0,0,0,0
"파워링크","#01. 한국제이에스씨스텍",이더켓PLC,이더켓,PC,59,1,341,341,2.3,1.5,5,0,0
"파워링크","#01. 한국제이에스씨스텍",이더켓PLC,이더켓,모바일,12,0,0,0,2,0,0,0,0
"파워링크","#01. 한국제이에스씨스텍",코드시스PLC,-,PC,2,0,0,0,2.5,0,0,0,0
"파워링크","#01. 한국제이에스씨스텍",코드시스PLC,-,모바일,8,0,0,0,1.8,0,0,0,0
"파워링크","#01. 한국제이에스씨스텍",코드시스PLC,CODESYS,PC,274,1,363,363,2.1,3,13,0,0
"파워링크","#01. 한국제이에스씨스텍",코드시스PLC,CODESYS,모바일,56,2,198,396,2,2,14.33,0,0
"파워링크","#01. 한국제이에스씨스텍",코드시스PLC,코드시스,PC,23,0,0,0,2.4,0,0,0,0
"파워링크","#01. 한국제이에스씨스텍",코드시스PLC,코드시스,모바일,24,0,0,0,2.3,0,0,0,0
"파워링크","#01. 한국제이에스씨스텍",코드시스PLC,코드시스PLC,PC,2,0,0,0,1,0,0,0,0
"파워링크","#01. 한국제이에스씨스텍",코드시스PLC,코드시스PLC,모바일,1,0,0,0,1,0,0,0,0
"파워링크","#01. 한국제이에스씨스텍",이더넷PLC,-,PC,10,1,77,77,2.7,1,0,0,0
"파워링크","#01. 한국제이에스씨스텍",이더넷PLC,-,모바일,4,1,77,77,2.8,1,0,0,0
"파워링크","#01. 한국제이에스씨스텍",이더넷PLC,이더넷PLC,PC,4,0,0,0,4,0,0,0,0
"파워링크","#01. 한국제이에스씨스텍",이더넷PLC,이더넷PLC,모바일,13,0,0,0,2.7,0,0,0,0
"파워링크","#01. 한국제이에스씨스텍",WIFI 터치판넬,-,모바일,2,1,77,77,2,1,0,0,0
"파워링크","#01. 한국제이에스씨스텍",WIFI 터치판넬,무선터치판넬,PC,1,0,0,0,2,0,0,0,0
"파워링크","#01. 한국제이에스씨스텍",WIFI 터치판넬,와이파이HMI,모바일,1,0,0,0,3,0,0,0,0
"파워링크","#01. 한국제이에스씨스텍",WIFI 터치판넬,와이파이터치,PC,1,0,0,0,1,0,0,0,0
"파워링크","#01. 한국제이에스씨스텍",티칭팬던트,TEACHINGPENDANT,PC,1,0,0,0,3,0,0,0,0
"파워링크","#01. 한국제이에스씨스텍",티칭팬던트,티칭팬던트,PC,6,0,0,0,2,0,0,0,0
"파워링크","#01. 한국제이에스씨스텍",티칭팬던트,티칭팬던트,모바일,3,0,0,0,1,0,0,0,0
"파워링크","#01. 한국제이에스씨스텍",티칭팬던트,티칭펜던트,PC,2,0,0,0,2,0,0,0,0
"파워링크","#01. 한국제이에스씨스텍",티칭팬던트,티칭펜던트,모바일,2,0,0,0,1,0,0,0,0
"파워링크","#01. 한국제이에스씨스텍",PLC내장서보,-,PC,13,0,0,0,2.1,0,0,0,0
"파워링크","#01. 한국제이에스씨스텍",PLC내장서보,-,모바일,12,0,0,0,2,0,0,0,0
"파워링크","#01. 한국제이에스씨스텍",PLC내장서보,PLC내장,모바일,16,0,0,0,2.8,0,0,0,0
"파워링크","#01. 한국제이에스씨스텍",일체형터치판넬,-,PC,1,0,0,0,2,0,0,0,0
"파워링크","#01. 한국제이에스씨스텍",일체형터치판넬,-,모바일,3,0,0,0,1.7,0,0,0,0
"파워링크","#01. 한국제이에스씨스텍",일체형터치판넬,HMI일체형,모바일,1,0,0,0,3,0,0,0,0
"파워링크","#01. 한국제이에스씨스텍",일체형터치판넬,PLC터치,PC,12,1,110,110,3.5,1,0,0,0
"파워링크","#01. 한국제이에스씨스텍",일체형터치판넬,로직판넬,PC,3,0,0,0,1,0,0,0,0
"파워링크","#01. 한국제이에스씨스텍",일체형터치판넬,로직판넬,모바일,9,0,0,0,3.3,0,0,0,0
"파워링크","#01. 한국제이에스씨스텍",일체형터치판넬,로직패널,PC,1,1,77,77,3,1,0,0,0
"파워링크","#01. 한국제이에스씨스텍",일체형터치판넬,일체형HMI,PC,2,1,66,66,1,1,0,0,0
"파워링크","#01. 한국제이에스씨스텍",고추장충진기,-,PC,22,0,0,0,5.1,0,0,0,0
"파워링크","#01. 한국제이에스씨스텍",고추장충진기,-,모바일,13,1,66,66,2,0,0,0,0
"파워링크","#01. 한국제이에스씨스텍",고추장충진기,고추장충진기,PC,3,0,0,0,10.7,0,0,0,0
"파워링크","#01. 한국제이에스씨스텍",고추장충진기,고추장충진기,모바일,102,1,528,528,3.3,0,0,0,0
"파워링크","#01. 한국제이에스씨스텍",매생이충진기,매생이충진,모바일,8,0,0,0,2.3,0,0,0,0
"파워링크","#01. 한국제이에스씨스텍",매생이충진기,매생이충진기,모바일,3,0,0,0,1,0,0,0,0
"파워링크","#01. 한국제이에스씨스텍",된장충진기,-,PC,1,0,0,0,2,0,0,0,0
"파워링크","#01. 한국제이에스씨스텍",된장충진기,-,모바일,1,1,77,77,1,0,0,0,0
"파워링크","#01. 한국제이에스씨스텍",된장충진기,된장소분,PC,2,0,0,0,1.5,0,0,0,0
"파워링크","#01. 한국제이에스씨스텍",된장충진기,된장소분,모바일,29,0,0,0,2.1,0,0,0,0
"파워링크","#01. 한국제이에스씨스텍",된장충진기,된장소분기,PC,1,0,0,0,2,0,0,0,0
"파워링크","#01. 한국제이에스씨스텍",된장충진기,된장소분기,모바일,2,0,0,0,2.5,0,0,0,0
"파워링크","#01. 한국제이에스씨스텍",된장충진기,된장충진,모바일,103,0,0,0,3,0,0,0,0
"파워링크","#01. 한국제이에스씨스텍",된장충진기,된장충진기,PC,1,0,0,0,10,0,0,0,0
"파워링크","#01. 한국제이에스씨스텍",된장충진기,된장충진기,모바일,33,0,0,0,3,0,0,0,0
"파워링크","#01. 한국제이에스씨스텍",된장충진기,스크류펌프,PC,11,0,0,0,12.5,0,0,0,0
"파워링크","#01. 한국제이에스씨스텍",고춧가루충진기,-,PC,18,0,0,0,5.3,0,0,0,0
"파워링크","#01. 한국제이에스씨스텍",고춧가루충진기,-,모바일,6,1,77,77,3.2,0,0,0,0
"파워링크","#01. 한국제이에스씨스텍",고춧가루충진기,고추가루소분,모바일,2,0,0,0,3.5,0,0,0,0
"파워링크","#01. 한국제이에스씨스텍",고춧가루충진기,고춧가루소분,PC,1,0,0,0,2,0,0,0,0
"파워링크","#01. 한국제이에스씨스텍",고춧가루충진기,고춧가루소분,모바일,14,0,0,0,3.3,0,0,0,0
"파워링크","#01. 한국제이에스씨스텍",고춧가루충진기,분말소분,PC,8,2,468,935,6.5,0,0,0,0
"파워링크","#01. 한국제이에스씨스텍",고춧가루충진기,분말소분,모바일,9,1,363,363,2.2,0,0,0,0
"파워링크","#01. 한국제이에스씨스텍",고춧가루충진기,분말소분기,PC,15,2,391,781,8.5,0,0,0,0
"파워링크","#01. 한국제이에스씨스텍",고춧가루충진기,분말소분기,모바일,13,0,0,0,3.2,0,0,0,0
"파워링크","#01. 한국제이에스씨스텍",고춧가루충진기,분말충진,PC,3,0,0,0,6.3,0,0,0,0
"파워링크","#01. 한국제이에스씨스텍",고춧가루충진기,분말충진기,PC,10,1,"1,375","1,375",13.7,0,0,0,0
"파워링크","#01. 한국제이에스씨스텍",고춧가루충진기,분말충진기,모바일,18,1,"1,023","1,023",5.7,0,0,0,0
"파워링크","#01. 한국제이에스씨스텍",고춧가루충진기,콩가루소분,PC,4,0,0,0,1.5,0,0,0,0
"파워링크","#01. 한국제이에스씨스텍",고춧가루충진기,콩가루소분,모바일,5,0,0,0,3,0,0,0,0
"파워링크","#01. 한국제이에스씨스텍",고춧가루충진기,콩가루소분기,모바일,1,0,0,0,4,0,0,0,0
"파워링크","#01. 한국제이에스씨스텍",마늘충진기,-,PC,1,0,0,0,3,0,0,0,0
"파워링크","#01. 한국제이에스씨스텍",마늘충진기,-,모바일,5,2,66,132,2.4,0,0,0,0
"파워링크","#01. 한국제이에스씨스텍",마늘충진기,간마늘소분,PC,8,0,0,0,2.1,0,0,0,0
"파워링크","#01. 한국제이에스씨스텍",마늘충진기,간마늘소분,모바일,608,5,90,451,2.5,0,0,0,0
"파워링크","#01. 한국제이에스씨스텍",마늘충진기,간마늘소분기,모바일,1,0,0,0,2,0,0,0,0
"파워링크","#01. 한국제이에스씨스텍",마늘충진기,간마늘충진기,PC,1,0,0,0,3,0,0,0,0
"파워링크","#01. 한국제이에스씨스텍",마늘충진기,간마늘충진기,모바일,3,1,77,77,3.3,0,0,0,0
"파워링크","#01. 한국제이에스씨스텍",마늘충진기,다진마늘소분,PC,186,2,149,297,4.3,0,0,0,0
"파워링크","#01. 한국제이에스씨스텍",마늘충진기,다진마늘소분,모바일,"1,043",0,0,0,4,0,0,0,0
"파워링크","#01. 한국제이에스씨스텍",마늘충진기,다진마늘소분기,PC,1,0,0,0,1,0,0,0,0
"파워링크","#01. 한국제이에스씨스텍",마늘충진기,다진마늘충진,모바일,21,0,0,0,3,0,0,0,0
"파워링크","#01. 한국제이에스씨스텍",마늘충진기,다진마늘충진기,PC,10,3,77,231,2.7,0,0,0,0
"파워링크","#01. 한국제이에스씨스텍",마늘충진기,다진마늘충진기,모바일,29,1,77,77,3.3,0,0,0,0
"파워링크","#01. 한국제이에스씨스텍",로브펌프,로브펌프,PC,2,0,0,0,5,0,0,0,0
"파워링크","#01. 한국제이에스씨스텍",로브펌프,로브펌프,모바일,7,0,0,0,3,0,0,0,0
"파워링크","#01. 한국제이에스씨스텍",로브펌프,액상펌프,PC,8,4,366,"1,463",2.8,0,0,0,0
"파워링크","#01. 한국제이에스씨스텍",로브펌프,액상펌프,모바일,44,2,374,748,2.3,0,0,0,0
"파워링크","#01. 한국제이에스씨스텍",로브펌프,펌프,PC,"5,900",4,822,"3,289",2.5,0,0,0,0
"파워링크","#01. 한국제이에스씨스텍",로브펌프,펌프,모바일,"23,322",81,571,"46,255",1.3,0,0,0,0
"파워링크","#01. 한국제이에스씨스텍",양념소스다대기충진,-,모바일,4,0,0,0,1.8,0,0,0,0
"파워링크","#01. 한국제이에스씨스텍",양념소스다대기충진,다대기충진,모바일,1,0,0,0,2,0,0,0,0
"파워링크","#01. 한국제이에스씨스텍",양념소스다대기충진,다대기충진기,PC,4,0,0,0,7,0,0,0,0
"파워링크","#01. 한국제이에스씨스텍",양념소스다대기충진,다대기충진기,모바일,6,1,143,143,2.5,0,0,0,0
"파워링크","#01. 한국제이에스씨스텍",양념소스다대기충진,떡갈비소분,PC,1,0,0,0,1,0,0,0,0
"파워링크","#01. 한국제이에스씨스텍",양념소스다대기충진,떡갈비소분,모바일,7,0,0,0,1,0,0,0,0
"파워링크","#01. 한국제이에스씨스텍",양념소스다대기충진,떡갈비소분기,PC,1,0,0,0,1,0,0,0,0
"파워링크","#01. 한국제이에스씨스텍",양념소스다대기충진,떡갈비충진기,PC,3,0,0,0,3,0,0,0,0
"파워링크","#01. 한국제이에스씨스텍",양념소스다대기충진,떡갈비충진기,모바일,3,0,0,0,4,0,0,0,0
"파워링크","#01. 한국제이에스씨스텍",양념소스다대기충진,로브펌프충진기,PC,2,0,0,0,2,0,0,0,0
"파워링크","#01. 한국제이에스씨스텍",양념소스다대기충진,로브펌프충진기,모바일,4,1,77,77,2.3,0,0,0,0
"파워링크","#01. 한국제이에스씨스텍",요소수,-,모바일,1,0,0,0,3,0,0,0,0
"파워링크","#01. 한국제이에스씨스텍",요소수,요소수생산,PC,5,0,0,0,1.8,0,0,0,0
"파워링크","#01. 한국제이에스씨스텍",요소수,요소수생산,모바일,10,0,0,0,1.3,0,0,0,0
"파워링크","#01. 한국제이에스씨스텍",요소수,요소수설비,모바일,10,0,0,0,3.3,0,0,0,0
"파워링크","#01. 한국제이에스씨스텍",파우더충진,-,PC,3,0,0,0,4,0,0,0,0
"파워링크","#01. 한국제이에스씨스텍",파우더충진,-,모바일,1,0,0,0,4,0,0,0,0
"파워링크","#01. 한국제이에스씨스텍",파우더충진,파우더충진,PC,2,0,0,0,2,0,0,0,0
"파워링크","#01. 한국제이에스씨스텍",파우더충진,파우더충진,모바일,64,0,0,0,1.8,0,0,0,0
"파워링크","#01. 한국제이에스씨스텍",파우더충진,파우더충진기,PC,8,0,0,0,7.1,0,0,0,0
"파워링크","#01. 한국제이에스씨스텍",파우더충진,파우더충진기,모바일,1,0,0,0,1,0,0,0,0
"파워링크","#01. 한국제이에스씨스텍",비료충진,-,PC,1,0,0,0,1,0,0,0,0
"파워링크","#01. 한국제이에스씨스텍",비료충진,비료충진,모바일,528,0,0,0,2.1,0,0,0,0
"파워링크","#01. 한국제이에스씨스텍",비료충진,비료충진기,PC,1,0,0,0,3,0,0,0,0
"파워링크","#01. 한국제이에스씨스텍",드럼펌프,-,PC,5,0,0,0,2,0,0,0,0
"파워링크","#01. 한국제이에스씨스텍",드럼펌프,-,모바일,7,2,77,154,1.4,0,0,0,0
"파워링크","#01. 한국제이에스씨스텍",드럼펌프,드럼펌프,PC,54,1,"1,870","1,870",8.3,0,0,0,0
"파워링크","#01. 한국제이에스씨스텍",드럼펌프,드럼펌프,모바일,396,0,0,0,1.2,0,0,0,0
"파워링크","#01. 한국제이에스씨스텍",공압노즐,-,PC,3,0,0,0,2.3,0,0,0,0
"파워링크","#01. 한국제이에스씨스텍",공압노즐,-,모바일,6,0,0,0,2.8,0,0,0,0
"파워링크","#01. 한국제이에스씨스텍",공압노즐,공압노즐,PC,2,0,0,0,1,0,0,0,0
"파워링크","#01. 한국제이에스씨스텍",공압노즐,공압노즐,모바일,4,1,154,154,1,0,0,0,0
"파워링크","#01. 한국제이에스씨스텍",공압노즐,공압밸브,PC,96,0,0,0,7.2,0,0,0,0
"파워링크","#01. 한국제이에스씨스텍",공압노즐,공압밸브,모바일,210,0,0,0,2.8,0,0,0,0
"파워링크","#01. 한국제이에스씨스텍",공압노즐,노즐,PC,630,3,741,"2,222",5.6,0,0,0,0
"파워링크","#01. 한국제이에스씨스텍",공압노즐,노즐,모바일,340,3,708,"2,123",4,0,0,0,0
"파워링크","#01. 한국제이에스씨스텍",공압노즐,충진기노즐,PC,12,3,671,"2,013",2.2,0,0,0,0
"파워링크","#01. 한국제이에스씨스텍",공압노즐,충진기노즐,모바일,13,3,176,528,1.2,0,0,0,0
"파워링크","#01. 한국제이에스씨스텍",텍스트모니터,GP-A046,PC,1,0,0,0,3,0,0,0,0
"파워링크","#01. 한국제이에스씨스텍",텍스트모니터,GP-A104,모바일,4,0,0,0,2,0,0,0,0
"파워링크","#01. 한국제이에스씨스텍",텍스트모니터,LSXP,모바일,1,0,0,0,1,0,0,0,0
"파워링크","#01. 한국제이에스씨스텍",텍스트모니터,XP10,PC,6,0,0,0,2,0,0,0,0
"파워링크","#01. 한국제이에스씨스텍",텍스트모니터,XP10,모바일,10,0,0,0,1.5,0,0,0,0
"파워링크","#01. 한국제이에스씨스텍",텍스트모니터,XP30,PC,8,0,0,0,3.3,0,0,0,0
"파워링크","#01. 한국제이에스씨스텍",텍스트모니터,XP30,모바일,7,0,0,0,3.3,0,0,0,0
"파워링크","#01. 한국제이에스씨스텍",텍스트모니터,XP40,PC,1,0,0,0,7,0,0,0,0
"파워링크","#01. 한국제이에스씨스텍",텍스트모니터,XP80,PC,11,1,220,220,1,2,2,0,0
"파워링크","#01. 한국제이에스씨스텍",텍스트모니터,XP80,모바일,10,0,0,0,1.4,0,0,0,0
"파워링크","#01. 한국제이에스씨스텍",텍스트모니터,모노터치,PC,1,0,0,0,1,0,0,0,0
"파워링크","#01. 한국제이에스씨스텍",텍스트모니터,모노터치,모바일,2,0,0,0,1,0,0,0,0
"파워링크","#01. 한국제이에스씨스텍",텍스트모니터,오퍼레이터판넬,PC,5,0,0,0,1,0,0,0,0
"파워링크","#01. 한국제이에스씨스텍",텍스트모니터,텍스트모니터,PC,5,0,0,0,1,0,0,0,0
"파워링크","#01. 한국제이에스씨스텍",호퍼,-,PC,1,0,0,0,3,0,0,0,0
"파워링크","#01. 한국제이에스씨스텍",호퍼,-,모바일,2,0,0,0,2,0,0,0,0
"파워링크","#01. 한국제이에스씨스텍",호퍼,HOPPER,PC,781,4,"1,064","4,257",5.7,0,0,0,0
"파워링크","#01. 한국제이에스씨스텍",호퍼,HOPPER,모바일,136,0,0,0,3.6,0,0,0,0
"파워링크","#01. 한국제이에스씨스텍",호퍼,교반호퍼,PC,2,0,0,0,2.5,0,0,0,0
"파워링크","#01. 한국제이에스씨스텍",호퍼,호퍼,PC,727,4,"1,403","5,610",8.2,0,0,0,0
"파워링크","#01. 한국제이에스씨스텍",호퍼,호퍼,모바일,10,1,"1,320","1,320",10,0,0,0,0
"파워링크","#01. 한국제이에스씨스텍",진제 TS시리즈,-,PC,1,0,0,0,1,0,0,0,0
"파워링크","#01. 한국제이에스씨스텍",진제 TS시리즈,HMI,PC,146,0,0,0,8.9,0,0,0,0
"파워링크","#01. 한국제이에스씨스텍",진제 TS시리즈,HMI,모바일,13,0,0,0,5.3,0,0,0,0
"파워링크","#01. 한국제이에스씨스텍",진제 TS시리즈,LSHMI,PC,19,0,0,0,3.3,0,0,0,0
"파워링크","#01. 한국제이에스씨스텍",진제 TS시리즈,LSHMI,모바일,12,0,0,0,2.8,0,0,0,0
"파워링크","#01. 한국제이에스씨스텍",진제 TS시리즈,LS터치,PC,83,1,198,198,3.3,4,19,0,0
"파워링크","#01. 한국제이에스씨스텍",진제 TS시리즈,LS터치,모바일,73,0,0,0,1.7,0,0,0,0
"파워링크","#01. 한국제이에스씨스텍",진제 TS시리즈,LS터치판넬,PC,18,0,0,0,2.5,0,0,0,0
"파워링크","#01. 한국제이에스씨스텍",진제 TS시리즈,LS터치판넬,모바일,12,0,0,0,2.3,0,0,0,0
"파워링크","#01. 한국제이에스씨스텍",진제 TS시리즈,M2I,PC,212,1,165,165,6.1,0,0,0,0
"파워링크","#01. 한국제이에스씨스텍",진제 TS시리즈,M2I,모바일,10,0,0,0,4.4,0,0,0,0
"파워링크","#01. 한국제이에스씨스텍",진제 TS시리즈,M2IHMI,PC,6,0,0,0,2.7,0,0,0,0
"파워링크","#01. 한국제이에스씨스텍",진제 TS시리즈,M2IHMI,모바일,5,0,0,0,3,0,0,0,0
"파워링크","#01. 한국제이에스씨스텍",진제 TS시리즈,M2I터치,PC,54,0,0,0,5.2,0,0,0,0
"파워링크","#01. 한국제이에스씨스텍",진제 TS시리즈,M2I터치,모바일,15,1,264,264,1.9,1,0,0,0
"파워링크","#01. 한국제이에스씨스텍",진제 TS시리즈,M2I터치판넬,PC,1,0,0,0,2,0,0,0,0
"파워링크","#01. 한국제이에스씨스텍",진제 TS시리즈,TS2,PC,228,0,0,0,1.1,0,0,0,0
"파워링크","#01. 한국제이에스씨스텍",진제 TS시리즈,TS2,모바일,239,1,264,264,1.1,1,0,0,0
"파워링크","#01. 한국제이에스씨스텍",진제 TS시리즈,XINJE,PC,37,8,61,484,1,4,66.92,0,0
"파워링크","#01. 한국제이에스씨스텍",진제 TS시리즈,XINJE,모바일,9,1,66,66,1,5.5,115.5,0,0
"파워링크","#01. 한국제이에스씨스텍",진제 TS시리즈,그래픽판넬,PC,8,0,0,0,1.3,0,0,0,0
"파워링크","#01. 한국제이에스씨스텍",진제 TS시리즈,그래픽판넬,모바일,4,0,0,0,1,0,0,0,0
"파워링크","#01. 한국제이에스씨스텍",진제 TS시리즈,그래픽패널,PC,17,0,0,0,1.2,0,0,0,0
"파워링크","#01. 한국제이에스씨스텍",진제 TS시리즈,그래픽패널,모바일,4,0,0,0,1.5,0,0,0,0
"파워링크","#01. 한국제이에스씨스텍",진제 TS시리즈,산업용터치판넬,PC,10,1,737,737,3.3,1,0,0,0
"파워링크","#01. 한국제이에스씨스텍",진제 TS시리즈,산업용터치판넬,모바일,6,1,836,836,3.2,1,0,0,0
"파워링크","#01. 한국제이에스씨스텍",진제 TS시리즈,이지뷰HMI,PC,12,1,121,121,1.7,1,0,0,0
"파워링크","#01. 한국제이에스씨스텍",진제 TS시리즈,이지뷰HMI,모바일,4,0,0,0,2.8,0,0,0,0
"파워링크","#01. 한국제이에스씨스텍",진제 TS시리즈,터치스크린,PC,"2,968",1,"2,574","2,574",4.7,1,0,0,0
"파워링크","#01. 한국제이에스씨스텍",진제 TS시리즈,터치스크린,모바일,990,7,"2,492","17,446",1.6,1,0,0,0
"파워링크","#01. 한국제이에스씨스텍",진제 TS시리즈,터치판넬,PC,525,0,0,0,5.4,0,0,0,0
"파워링크","#01. 한국제이에스씨스텍",진제 TS시리즈,터치판넬,모바일,11,1,"2,607","2,607",4.5,1,0,0,0
"파워링크","#01. 한국제이에스씨스텍",진제 TS시리즈,터치패널,PC,1,0,0,0,55,0,0,0,0
"파워링크","#01. 한국제이에스씨스텍",진제 TS시리즈,프로페이스,PC,"1,405",4,776,"3,102",6.2,2.67,37.67,1,10
"파워링크","#01. 한국제이에스씨스텍",진제 TS시리즈,프로페이스,모바일,169,0,0,0,2.7,0,0,0,0
"파워링크","#01. 한국제이에스씨스텍",튜브충진기,-,PC,31,1,363,363,3.1,0,0,0,0
"파워링크","#01. 한국제이에스씨스텍",튜브충진기,-,모바일,32,0,0,0,1.7,0,0,0,0
"파워링크","#01. 한국제이에스씨스텍",튜브충진기,소량충진기,PC,1,0,0,0,7,0,0,0,0
"파워링크","#01. 한국제이에스씨스텍",튜브충진기,소형충진기,모바일,6,1,209,209,1,0,0,0,0
"파워링크","#01. 한국제이에스씨스텍",튜브충진기,연동펌프,PC,82,2,"2,068","4,136",6.6,0,0,0,0
"파워링크","#01. 한국제이에스씨스텍",튜브충진기,연동펌프,모바일,29,0,0,0,3.5,0,0,0,0
"파워링크","#01. 한국제이에스씨스텍",튜브충진기,튜브충진기,PC,46,1,"1,210","1,210",5.4,0,0,0,0
"파워링크","#01. 한국제이에스씨스텍",튜브충진기,튜브충진기,모바일,34,1,"1,221","1,221",1.9,0,0,0,0
"파워링크","#01. 한국제이에스씨스텍",튜브충진기,튜브펌프,PC,50,0,0,0,7.5,0,0,0,0
"파워링크","#01. 한국제이에스씨스텍",튜브충진기,튜브펌프,모바일,156,0,0,0,3.9,0,0,0,0
"파워링크","#01. 한국제이에스씨스텍",튜브충진기,튜빙펌프,PC,4,0,0,0,8,0,0,0,0
"파워링크","#01. 한국제이에스씨스텍",튜브충진기,호스펌프,PC,326,0,0,0,8.1,0,0,0,0
"파워링크","#01. 한국제이에스씨스텍",튜브충진기,호스펌프,모바일,2,0,0,0,15,0,0,0,0
"파워링크","#01. 한국제이에스씨스텍",기어펌프,-,PC,13,0,0,0,6.1,0,0,0,0
"파워링크","#01. 한국제이에스씨스텍",기어펌프,-,모바일,5,0,0,0,3.2,0,0,0,0
"파워링크","#01. 한국제이에스씨스텍",기어펌프,기어펌프,PC,219,3,"3,117","9,350",5.7,0,0,0,0
"파워링크","#01. 한국제이에스씨스텍",기어펌프,기어펌프,모바일,92,0,0,0,3.3,0,0,0,0
"파워링크","#01. 한국제이에스씨스텍",기어펌프,로브펌프,PC,132,9,"2,881","25,927",4.9,0,0,0,0
"파워링크","#01. 한국제이에스씨스텍",기어펌프,로브펌프,모바일,82,3,"1,800","5,401",3.6,0,0,0,0
"파워링크","#01. 한국제이에스씨스텍",기어펌프,로터리기어펌프,PC,93,5,"1,507","7,535",5.2,0,0,0,0
"파워링크","#01. 한국제이에스씨스텍",기어펌프,로터리기어펌프,모바일,38,2,946,"1,892",2.6,0,0,0,0
"파워링크","#01. 한국제이에스씨스텍",기어펌프,마그네틱펌프,PC,314,7,"2,203","15,422",3.3,0,0,0,0
"파워링크","#01. 한국제이에스씨스텍",기어펌프,마그네틱펌프,모바일,78,0,0,0,2.9,0,0,0,0
"파워링크","#01. 한국제이에스씨스텍",기어펌프,이송펌프,PC,119,1,"1,980","1,980",3.4,0,0,0,0
"파워링크","#01. 한국제이에스씨스텍",기어펌프,이송펌프,모바일,135,1,"1,903","1,903",2.2,0,0,0,0
"파워링크","#01. 한국제이에스씨스텍",기어펌프,자흡식펌프,PC,1,0,0,0,51,0,0,0,0
"파워링크","#01. 한국제이에스씨스텍",기어펌프,자흡펌프,PC,66,0,0,0,5.2,0,0,0,0
"파워링크","#01. 한국제이에스씨스텍",기어펌프,자흡펌프,모바일,21,0,0,0,3.5,0,0,0,0
"파워링크","#01. 한국제이에스씨스텍",제과제빵,-,PC,1,0,0,0,1,0,0,0,0
"파워링크","#01. 한국제이에스씨스텍",제과제빵,-,모바일,1,0,0,0,3,0,0,0,0
"파워링크","#01. 한국제이에스씨스텍",제과제빵,잼충진기,PC,27,1,374,374,5.3,0,0,0,0
"파워링크","#01. 한국제이에스씨스텍",제과제빵,잼충진기,모바일,151,0,0,0,1.7,0,0,0,0
"파워링크","#01. 한국제이에스씨스텍",제과제빵,쨈충진기,PC,6,0,0,0,8.7,0,0,0,0
"쇼핑검색",진제상품,진제상품_광고그룹#1,-,PC,"7,107",16,966,"15,455",2.5,2,30.05,0,0
"쇼핑검색",진제상품,진제상품_광고그룹#1,-,모바일,"15,347",25,"1,591","39,787",3,1.08,5.17,0,0
"쇼핑검색",진제상품,저렴한PLC,-,PC,233,1,55,55,1.9,1,0,0,0
"쇼핑검색",진제상품,저렴한PLC,-,모바일,263,0,0,0,1.7,0,0,0,0
"쇼핑검색",진제상품,TS2,-,PC,1,0,0,0,1,0,0,0,0
"쇼핑검색",진제상품,TS2,-,모바일,29,0,0,0,5.1,0,0,0,0
