﻿"파워링크보고서(2024.12.01.~2024.12.31.),handmax:naver"
"캠페인유형",캠페인,광고그룹,키워드,PC/모바일 매체,노출수,클릭수,"평균클릭비용(VAT포함,원)","총비용(VAT포함,원)",평균노출순위,방문당 평균페이지뷰,방문당 평균체류시간(초),전환수,전환매출액(원)
"파워링크",핸드맥스 쇼핑몰,내화학장갑,-,PC,90,2,253,506,1.6,7.25,215.75,0,0
"파워링크",핸드맥스 쇼핑몰,내화학장갑,-,모바일,35,0,0,0,1.5,0,0,0,0
"파워링크",핸드맥스 쇼핑몰,내화학장갑,KCS내화학장갑,PC,2,0,0,0,2,0,0,0,0
"파워링크",핸드맥스 쇼핑몰,내화학장갑,KCS인증장갑,PC,23,0,0,0,1.1,0,0,0,0
"파워링크",핸드맥스 쇼핑몰,내화학장갑,KCS인증장갑,모바일,6,0,0,0,2.5,0,0,0,0
"파워링크",핸드맥스 쇼핑몰,내화학장갑,KCS장갑,PC,5,0,0,0,3,0,0,0,0
"파워링크",핸드맥스 쇼핑몰,내화학장갑,KCS장갑,모바일,4,0,0,0,1,0,0,0,0
"파워링크",핸드맥스 쇼핑몰,내화학장갑,내산장갑,PC,92,0,0,0,5.7,0,0,0,0
"파워링크",핸드맥스 쇼핑몰,내화학장갑,내산장갑,모바일,111,1,891,891,3.3,1.5,4.5,0,0
"파워링크",핸드맥스 쇼핑몰,내화학장갑,내화학성장갑,PC,13,0,0,0,6.5,0,0,0,0
"파워링크",핸드맥스 쇼핑몰,내화학장갑,내화학성장갑,모바일,23,0,0,0,3,0,0,0,0
"파워링크",핸드맥스 쇼핑몰,내화학장갑,내화학장갑,PC,101,1,"1,067","1,067",5.6,1,0,0,0
"파워링크",핸드맥스 쇼핑몰,내화학장갑,내화학장갑,모바일,37,2,930,"1,859",3.8,6.5,140.5,0,0
"파워링크",핸드맥스 쇼핑몰,내화학장갑,신나장갑,PC,5,0,0,0,4,0,0,0,0
"파워링크",핸드맥스 쇼핑몰,내화학장갑,신나장갑,모바일,13,0,0,0,2.5,0,0,0,0
"파워링크",핸드맥스 쇼핑몰,내화학장갑,안셀,PC,15,0,0,0,7.5,0,0,0,0
"파워링크",핸드맥스 쇼핑몰,내화학장갑,안셀,모바일,4,0,0,0,4,0,0,0,0
"파워링크",핸드맥스 쇼핑몰,내화학장갑,안셀내화학장갑,PC,1,0,0,0,11,0,0,0,0
"파워링크",핸드맥스 쇼핑몰,내화학장갑,안셀내화학장갑,모바일,1,0,0,0,10,0,0,0,0
"파워링크",핸드맥스 쇼핑몰,내화학장갑,안셀장갑,PC,36,0,0,0,7.7,0,0,0,0
"파워링크",핸드맥스 쇼핑몰,내화학장갑,안셀장갑,모바일,61,5,759,"3,795",3,5.45,98.55,0,0
"파워링크",핸드맥스 쇼핑몰,내화학장갑,화학용장갑,PC,3,0,0,0,18.7,0,0,0,0
"파워링크",핸드맥스 쇼핑몰,내화학장갑,화학용장갑,모바일,1,0,0,0,14,0,0,0,0
"파워링크",핸드맥스 쇼핑몰,내화학장갑,화학장갑,PC,6,0,0,0,6.8,0,0,0,0
"파워링크",핸드맥스 쇼핑몰,내화학장갑,화학장갑,모바일,33,1,418,418,3.8,3.5,18.5,0,0
"파워링크",핸드맥스 쇼핑몰,내유장갑,-,PC,74,6,235,"1,408",1.5,12,305.83,0,0
"파워링크",핸드맥스 쇼핑몰,내유장갑,-,모바일,140,9,210,"1,892",1.3,2.33,52.6,0,0
"파워링크",핸드맥스 쇼핑몰,내유장갑,PVC장갑,PC,160,2,"1,029","2,057",4,2,15.5,0,0
"파워링크",핸드맥스 쇼핑몰,내유장갑,PVC장갑,모바일,259,11,808,"8,888",1.4,2.6,20.47,0,0
"파워링크",핸드맥스 쇼핑몰,내유장갑,공업용고무장갑,PC,392,9,"1,030","9,273",3.3,6.36,172.09,6,"38,000"
"파워링크",핸드맥스 쇼핑몰,내유장갑,공업용고무장갑,모바일,962,45,989,"44,517",1.4,2.26,22.61,3,"10,400"
"파워링크",핸드맥스 쇼핑몰,내유장갑,공업용장갑,PC,70,2,781,"1,562",5.9,1,0,0,0
"파워링크",핸드맥스 쇼핑몰,내유장갑,공업용장갑,모바일,464,17,"1,052","17,886",1,3.77,63.31,3,"20,700"
"파워링크",핸드맥스 쇼핑몰,내유장갑,기름작업장갑,PC,10,1,484,484,1.9,6,152,2,"6,900"
"파워링크",핸드맥스 쇼핑몰,내유장갑,기름작업장갑,모바일,18,0,0,0,1,0,0,0,0
"파워링크",핸드맥스 쇼핑몰,내유장갑,기름장갑,PC,49,2,495,990,1.9,2,266,0,0
"파워링크",핸드맥스 쇼핑몰,내유장갑,기름장갑,모바일,175,22,537,"11,803",1.2,2.85,43.26,2,"23,500"
"파워링크",핸드맥스 쇼핑몰,내유장갑,내유장갑,PC,47,1,836,836,2.9,1,0,0,0
"파워링크",핸드맥스 쇼핑몰,내유장갑,내유장갑,모바일,72,6,722,"4,334",1.1,2,22.62,0,0
"파워링크",핸드맥스 쇼핑몰,내유장갑,농업용고무장갑,PC,3,0,0,0,2,0,0,0,0
"파워링크",핸드맥스 쇼핑몰,내유장갑,농업용고무장갑,모바일,7,1,352,352,1,1.67,11.67,0,0
"파워링크",핸드맥스 쇼핑몰,내유장갑,농업용장갑,PC,8,0,0,0,2.6,0,0,0,0
"파워링크",핸드맥스 쇼핑몰,내유장갑,농업용장갑,모바일,13,0,0,0,1.8,0,0,0,0
"파워링크",핸드맥스 쇼핑몰,내유장갑,산업용고무장갑,PC,104,0,0,0,3.3,0,0,0,0
"파워링크",핸드맥스 쇼핑몰,내유장갑,산업용고무장갑,모바일,181,8,835,"6,677",1.5,2.69,21.62,0,0
"파워링크",핸드맥스 쇼핑몰,내유장갑,어업용고무장갑,PC,13,0,0,0,1.8,0,0,0,0
"파워링크",핸드맥스 쇼핑몰,내유장갑,어업용고무장갑,모바일,47,2,165,330,1,1.75,19.88,0,0
"파워링크",핸드맥스 쇼핑몰,내유장갑,어업용장갑,PC,24,0,0,0,2.8,0,0,0,0
"파워링크",핸드맥스 쇼핑몰,내유장갑,어업용장갑,모바일,61,1,660,660,1.1,1,0,0,0
"파워링크",핸드맥스 쇼핑몰,내유장갑,오일장갑,PC,22,0,0,0,1.7,0,0,0,0
"파워링크",핸드맥스 쇼핑몰,내유장갑,오일장갑,모바일,96,2,308,616,1,3.5,31.25,0,0
"파워링크",핸드맥스 쇼핑몰,내유장갑,정유장갑,모바일,2,0,0,0,1,0,0,0,0
"파워링크",핸드맥스 쇼핑몰,베임보호장갑,-,PC,162,10,234,"2,343",1.4,6.42,438.83,2,"164,730"
"파워링크",핸드맥스 쇼핑몰,베임보호장갑,-,모바일,161,14,222,"3,102",1.2,1.43,13.43,0,0
"파워링크",핸드맥스 쇼핑몰,베임보호장갑,니로플렉스,PC,29,0,0,0,5.8,0,0,0,0
"파워링크",핸드맥스 쇼핑몰,베임보호장갑,니로플렉스,모바일,10,1,154,154,3.1,1,0,0,0
"파워링크",핸드맥스 쇼핑몰,베임보호장갑,니로플렉스쇠그물장갑,PC,2,0,0,0,3.5,0,0,0,0
"파워링크",핸드맥스 쇼핑몰,베임보호장갑,니로플렉스장갑,PC,1,0,0,0,4,0,0,0,0
"파워링크",핸드맥스 쇼핑몰,베임보호장갑,니로플렉스장갑,모바일,5,0,0,0,2,0,0,0,0
"파워링크",핸드맥스 쇼핑몰,베임보호장갑,베임방지장갑,PC,128,3,931,"2,794",6,5.67,334.67,0,0
"파워링크",핸드맥스 쇼핑몰,베임보호장갑,베임방지장갑,모바일,874,24,927,"22,253",1.9,1.89,27.83,2,0
"파워링크",핸드맥스 쇼핑몰,베임보호장갑,베임보호장갑,PC,1,0,0,0,11,0,0,0,0
"파워링크",핸드맥스 쇼핑몰,베임보호장갑,베임장갑,PC,11,0,0,0,3.4,0,0,0,0
"파워링크",핸드맥스 쇼핑몰,베임보호장갑,베임장갑,모바일,2,0,0,0,4.5,0,0,0,0
"파워링크",핸드맥스 쇼핑몰,베임보호장갑,손베임방지장갑,PC,28,0,0,0,6.5,0,0,0,0
"파워링크",핸드맥스 쇼핑몰,베임보호장갑,손베임방지장갑,모바일,30,1,341,341,3.7,1,0,0,0
"파워링크",핸드맥스 쇼핑몰,베임보호장갑,손보호장갑,PC,15,2,726,"1,452",5.9,2,17,0,0
"파워링크",핸드맥스 쇼핑몰,베임보호장갑,손보호장갑,모바일,273,6,649,"3,894",3.3,1.29,4.57,0,0
"파워링크",핸드맥스 쇼핑몰,베임보호장갑,쇠그물장갑,PC,40,2,"1,161","2,321",5.7,2,22.75,0,0
"파워링크",핸드맥스 쇼핑몰,베임보호장갑,쇠그물장갑,모바일,48,7,"1,169","8,184",1.3,2.6,16.8,0,0
"파워링크",핸드맥스 쇼핑몰,베임보호장갑,쇠장갑,PC,20,0,0,0,5.9,0,0,0,0
"파워링크",핸드맥스 쇼핑몰,베임보호장갑,쇠장갑,모바일,101,2,374,748,3.7,1,0,0,0
"파워링크",핸드맥스 쇼핑몰,베임보호장갑,육가공장갑,PC,11,0,0,0,6.1,0,0,0,0
"파워링크",핸드맥스 쇼핑몰,베임보호장갑,육가공장갑,모바일,43,3,392,"1,177",3,2.4,15,0,0
"파워링크",핸드맥스 쇼핑몰,베임보호장갑,육절기장갑,PC,1,0,0,0,2,0,0,0,0
"파워링크",핸드맥스 쇼핑몰,베임보호장갑,육절기장갑,모바일,9,0,0,0,2,0,0,0,0
"파워링크",핸드맥스 쇼핑몰,베임보호장갑,절단방지장갑,PC,160,0,0,0,6,0,0,0,0
"파워링크",핸드맥스 쇼핑몰,베임보호장갑,절단방지장갑,모바일,451,26,"1,049","27,280",1.5,2.65,33.23,1,0
"파워링크",핸드맥스 쇼핑몰,베임보호장갑,절단장갑,PC,1,0,0,0,10,0,0,0,0
"파워링크",핸드맥스 쇼핑몰,베임보호장갑,정육점장갑,PC,1,0,0,0,13,0,0,0,0
"파워링크",핸드맥스 쇼핑몰,베임보호장갑,정육점장갑,모바일,1,0,0,0,13,0,0,0,0
"파워링크",핸드맥스 쇼핑몰,베임보호장갑,철그물장갑,모바일,1,0,0,0,3,0,0,0,0
"파워링크",핸드맥스 쇼핑몰,베임보호장갑,철장갑,PC,176,7,446,"3,124",3.8,5.5,100,0,0
"파워링크",핸드맥스 쇼핑몰,베임보호장갑,철장갑,모바일,458,52,439,"22,803",1.6,3.02,50.08,5,"175,494"
"파워링크",핸드맥스 쇼핑몰,베임보호장갑,칼날장갑,모바일,2,0,0,0,3,0,0,0,0
"파워링크",핸드맥스 쇼핑몰,베임보호장갑,칼장갑,PC,1,0,0,0,12,0,0,0,0
"파워링크",핸드맥스 쇼핑몰,베임보호장갑,칼장갑,모바일,1,0,0,0,14,0,0,0,0
"파워링크",핸드맥스 쇼핑몰,베임보호장갑,케블라장갑,PC,61,0,0,0,5.3,0,0,0,0
"파워링크",핸드맥스 쇼핑몰,베임보호장갑,케블라장갑,모바일,397,7,860,"6,017",2,2.09,17.91,2,"13,585"
"파워링크",핸드맥스 쇼핑몰,NBR장갑,-,PC,124,4,242,968,1.3,7.6,92.6,4,0
"파워링크",핸드맥스 쇼핑몰,NBR장갑,-,모바일,280,8,237,"1,892",1.5,2.3,40.6,3,"6,793"
"파워링크",핸드맥스 쇼핑몰,NBR장갑,NBR장갑,PC,469,3,"1,243","3,729",4.2,12.33,175.33,0,0
"파워링크",핸드맥스 쇼핑몰,NBR장갑,NBR장갑,모바일,905,28,"1,126","31,515",1.2,2.7,69.58,1,0
"파워링크",핸드맥스 쇼핑몰,NBR장갑,NBR코팅장갑,PC,116,2,847,"1,694",5,1,0,0,0
"파워링크",핸드맥스 쇼핑몰,NBR장갑,NBR코팅장갑,모바일,188,11,790,"8,690",1.8,2,76.92,0,0
"파워링크",핸드맥스 쇼핑몰,NBR장갑,NBR폼코팅장갑,PC,50,0,0,0,2.8,0,0,0,0
"파워링크",핸드맥스 쇼핑몰,NBR장갑,NBR폼코팅장갑,모바일,19,0,0,0,1,0,0,0,0
"파워링크",핸드맥스 쇼핑몰,NBR장갑,니트릴코팅장갑,PC,14,0,0,0,1.6,0,0,0,0
"파워링크",핸드맥스 쇼핑몰,NBR장갑,니트릴코팅장갑,모바일,15,1,506,506,1,1.5,6.5,0,0
"파워링크",핸드맥스 쇼핑몰,NBR장갑,니트릴폼장갑,PC,14,0,0,0,1,0,0,0,0
"파워링크",핸드맥스 쇼핑몰,NBR장갑,니트릴폼장갑,모바일,20,1,572,572,1,1,0,0,0
"파워링크",핸드맥스 쇼핑몰,NBR장갑,마트장갑,PC,4,0,0,0,1.3,0,0,0,0
"파워링크",핸드맥스 쇼핑몰,NBR장갑,마트장갑,모바일,38,0,0,0,1.2,0,0,0,0
"파워링크",핸드맥스 쇼핑몰,NBR장갑,물류장갑,PC,19,0,0,0,2.8,0,0,0,0
"파워링크",핸드맥스 쇼핑몰,NBR장갑,물류장갑,모바일,54,1,330,330,1.5,1,0,0,0
"파워링크",핸드맥스 쇼핑몰,NBR장갑,슈퍼그립,PC,245,0,0,0,6,0,0,0,0
"파워링크",핸드맥스 쇼핑몰,NBR장갑,슈퍼그립,모바일,301,0,0,0,3.8,0,0,0,0
"파워링크",핸드맥스 쇼핑몰,NBR장갑,스마트터치장갑,PC,133,0,0,0,5.1,0,0,0,0
"파워링크",핸드맥스 쇼핑몰,NBR장갑,스마트터치장갑,모바일,222,1,"1,045","1,045",4,1,0,0,0
"파워링크",핸드맥스 쇼핑몰,NBR장갑,스마트폰터치장갑,PC,568,1,"1,056","1,056",5.6,1,0,0,0
"파워링크",핸드맥스 쇼핑몰,NBR장갑,스마트폰터치장갑,모바일,"13,637",50,974,"48,675",4.4,1.55,21.97,1,0
"파워링크",핸드맥스 쇼핑몰,NBR장갑,여름택배장갑,모바일,1,0,0,0,1,0,0,0,0
"파워링크",핸드맥스 쇼핑몰,NBR장갑,정비장갑,PC,33,0,0,0,1.6,0,0,0,0
"파워링크",핸드맥스 쇼핑몰,NBR장갑,정비장갑,모바일,76,1,616,616,2.2,16,392,0,0
"파워링크",핸드맥스 쇼핑몰,NBR장갑,택배기사장갑,PC,9,0,0,0,1.8,0,0,0,0
"파워링크",핸드맥스 쇼핑몰,NBR장갑,택배기사장갑,모바일,63,0,0,0,1,0,0,0,0
"파워링크",핸드맥스 쇼핑몰,NBR장갑,택배장갑,PC,76,1,275,275,4.3,2,39,0,0
"파워링크",핸드맥스 쇼핑몰,NBR장갑,택배장갑,모바일,281,7,283,"1,980",3.3,1.78,7.11,0,0
"파워링크",핸드맥스 쇼핑몰,NBR장갑,터치장갑,PC,520,0,0,0,6.1,0,0,0,0
"파워링크",핸드맥스 쇼핑몰,NBR장갑,터치장갑,모바일,118,1,"1,045","1,045",3.8,1,0,0,0
"파워링크",핸드맥스 쇼핑몰,NBR장갑,파워그립,PC,73,1,561,561,2.9,16,"1,011",1,0
"파워링크",핸드맥스 쇼핑몰,NBR장갑,파워그립,모바일,275,2,281,561,1.9,1,0,0,0
"파워링크",핸드맥스 쇼핑몰,NBR장갑,환경미화원장갑,PC,2,0,0,0,1,0,0,0,0
"파워링크",핸드맥스 쇼핑몰,NBR장갑,환경미화원장갑,모바일,17,0,0,0,1,0,0,0,0
"파워링크",핸드맥스 쇼핑몰,내방열장갑,-,PC,38,1,198,198,1.7,10,305,0,0
"파워링크",핸드맥스 쇼핑몰,내방열장갑,-,모바일,38,0,0,0,1.6,0,0,0,0
"파워링크",핸드맥스 쇼핑몰,내방열장갑,가죽작업장갑,PC,16,0,0,0,1.8,0,0,0,0
"파워링크",핸드맥스 쇼핑몰,내방열장갑,가죽작업장갑,모바일,100,0,0,0,1,0,0,0,0
"파워링크",핸드맥스 쇼핑몰,내방열장갑,내방열장갑,PC,5,0,0,0,2,0,0,0,0
"파워링크",핸드맥스 쇼핑몰,내방열장갑,내방열장갑,모바일,4,0,0,0,1,0,0,0,0
"파워링크",핸드맥스 쇼핑몰,내방열장갑,내열장갑,PC,197,2,"1,271","2,541",5.7,6,141,0,0
"파워링크",핸드맥스 쇼핑몰,내방열장갑,내열장갑,모바일,358,7,"1,152","8,063",3.5,3.6,40.33,0,0
"파워링크",핸드맥스 쇼핑몰,내방열장갑,등천장갑,PC,45,0,0,0,5.2,0,0,0,0
"파워링크",핸드맥스 쇼핑몰,내방열장갑,등천장갑,모바일,29,0,0,0,2.6,0,0,0,0
"파워링크",핸드맥스 쇼핑몰,내방열장갑,바베큐장갑,PC,57,0,0,0,2.3,0,0,0,0
"파워링크",핸드맥스 쇼핑몰,내방열장갑,바베큐장갑,모바일,142,0,0,0,1.9,0,0,0,0
"파워링크",핸드맥스 쇼핑몰,내방열장갑,알곤용접장갑,PC,104,0,0,0,4.8,0,0,0,0
"파워링크",핸드맥스 쇼핑몰,내방열장갑,알곤용접장갑,모바일,"3,092",3,862,"2,585",2.7,1,0,0,0
"파워링크",핸드맥스 쇼핑몰,내방열장갑,알곤장갑,PC,289,2,"1,348","2,695",5.8,1.5,6,0,0
"파워링크",핸드맥스 쇼핑몰,내방열장갑,알곤장갑,모바일,506,5,"1,560","7,799",2.3,1.79,14.84,0,0
"파워링크",핸드맥스 쇼핑몰,내방열장갑,열장갑,PC,57,2,946,"1,892",1.6,1,0,0,0
"파워링크",핸드맥스 쇼핑몰,내방열장갑,열장갑,모바일,409,29,825,"23,936",1.6,2.82,32.76,0,0
"파워링크",핸드맥스 쇼핑몰,내방열장갑,용접장갑,PC,692,6,840,"5,038",5.2,5.63,294.63,4,"26,200"
"파워링크",핸드맥스 쇼핑몰,내방열장갑,용접장갑,모바일,"2,226",28,813,"22,770",3.2,2.37,15.39,5,"4,100"
"파워링크",핸드맥스 쇼핑몰,내방열장갑,캠핑용장갑,PC,49,0,0,0,4.2,0,0,0,0
"파워링크",핸드맥스 쇼핑몰,내방열장갑,캠핑용장갑,모바일,71,1,682,682,3.7,1,0,0,0
"파워링크",핸드맥스 쇼핑몰,내방열장갑,캠핑장갑,PC,329,3,594,"1,782",4,5.4,191.4,1,"12,000"
"파워링크",핸드맥스 쇼핑몰,내방열장갑,캠핑장갑,모바일,"1,049",23,639,"14,707",3.6,2.44,21.38,2,"59,000"
"파워링크",핸드맥스 쇼핑몰,내방열장갑,티그장갑,PC,50,0,0,0,5.2,0,0,0,0
"파워링크",핸드맥스 쇼핑몰,내방열장갑,티그장갑,모바일,229,4,941,"3,762",2.2,3.5,26.63,0,0
"파워링크",핸드맥스 쇼핑몰,다용도작업장갑,-,PC,3,0,0,0,1,0,0,0,0
"파워링크",핸드맥스 쇼핑몰,다용도작업장갑,-,모바일,8,0,0,0,1,0,0,0,0
"파워링크",핸드맥스 쇼핑몰,다용도작업장갑,가든장갑,모바일,2,0,0,0,1,0,0,0,0
"파워링크",핸드맥스 쇼핑몰,다용도작업장갑,다목적장갑,PC,1,0,0,0,5,0,0,0,0
"파워링크",핸드맥스 쇼핑몰,다용도작업장갑,다목적장갑,모바일,15,1,792,792,2.1,1,0,0,0
"파워링크",핸드맥스 쇼핑몰,다용도작업장갑,다용도장갑,PC,1,0,0,0,2,0,0,0,0
"파워링크",핸드맥스 쇼핑몰,다용도작업장갑,다용도장갑,모바일,16,0,0,0,1.9,0,0,0,0
"파워링크",핸드맥스 쇼핑몰,다용도작업장갑,어린이장갑,PC,649,2,660,"1,320",4.2,2.5,12.5,0,0
"파워링크",핸드맥스 쇼핑몰,다용도작업장갑,어린이장갑,모바일,"3,015",21,595,"12,485",3.4,1.4,6.03,1,0
"파워링크",핸드맥스 쇼핑몰,다용도작업장갑,원예장갑,PC,22,0,0,0,4.5,0,0,0,0
"파워링크",핸드맥스 쇼핑몰,다용도작업장갑,원예장갑,모바일,45,1,341,341,2,1,0,0,0
"파워링크",핸드맥스 쇼핑몰,다용도작업장갑,키즈장갑,PC,"1,075",1,440,440,5.9,4,"1,105",0,0
"파워링크",핸드맥스 쇼핑몰,다용도작업장갑,키즈장갑,모바일,"5,158",12,529,"6,347",2.9,1.22,3.7,0,0
"파워링크",핸드맥스 쇼핑몰,다용도작업장갑,화훼장갑,모바일,3,0,0,0,2,0,0,0,0
"파워링크",핸드맥스 쇼핑몰,토시,-,PC,51,2,314,627,1.3,2.67,29.33,0,0
"파워링크",핸드맥스 쇼핑몰,토시,-,모바일,45,1,132,132,1.2,1,0,0,0
"파워링크",핸드맥스 쇼핑몰,토시,베임방지토시,PC,46,2,836,"1,672",1.5,10.67,285,10,"194,100"
"파워링크",핸드맥스 쇼핑몰,토시,베임방지토시,모바일,34,0,0,0,1.1,0,0,0,0
"파워링크",핸드맥스 쇼핑몰,토시,보호슬리브,PC,5,0,0,0,1.6,0,0,0,0
"파워링크",핸드맥스 쇼핑몰,토시,보호슬리브,모바일,2,0,0,0,1,0,0,0,0
"파워링크",핸드맥스 쇼핑몰,토시,산업용토시,PC,5,0,0,0,1.8,0,0,0,0
"파워링크",핸드맥스 쇼핑몰,토시,산업용토시,모바일,10,0,0,0,1,0,0,0,0
"파워링크",핸드맥스 쇼핑몰,토시,안전토시,PC,20,0,0,0,3.9,0,0,0,0
"파워링크",핸드맥스 쇼핑몰,토시,안전토시,모바일,30,0,0,0,2.8,0,0,0,0
"파워링크",핸드맥스 쇼핑몰,토시,작업용토시,PC,107,2,"1,133","2,266",4.1,2.5,26.5,0,0
"파워링크",핸드맥스 쇼핑몰,토시,작업용토시,모바일,371,23,827,"19,019",1,3.81,38.11,0,0
"파워링크",핸드맥스 쇼핑몰,토시,절단방지토시,PC,11,0,0,0,2.3,0,0,0,0
"파워링크",핸드맥스 쇼핑몰,토시,절단방지토시,모바일,11,0,0,0,1.5,0,0,0,0
"파워링크",핸드맥스 쇼핑몰,PU장갑,-,PC,94,3,455,"1,364",1.3,4.67,64,0,0
"파워링크",핸드맥스 쇼핑몰,PU장갑,-,모바일,719,33,476,"15,708",1.1,1.45,10.3,0,0
"파워링크",핸드맥스 쇼핑몰,PU장갑,PU장갑,PC,100,0,0,0,5.4,0,0,0,0
"파워링크",핸드맥스 쇼핑몰,PU장갑,PU장갑,모바일,"1,517",7,965,"6,754",2.1,1,0,3,"9,010"
"파워링크",핸드맥스 쇼핑몰,PU장갑,PU코팅장갑,PC,40,0,0,0,4.7,0,0,0,0
"파워링크",핸드맥스 쇼핑몰,PU장갑,PU코팅장갑,모바일,135,2,902,"1,804",3.3,2,16,0,0
"파워링크",핸드맥스 쇼핑몰,PU장갑,기본장갑,PC,3,0,0,0,2.3,0,0,0,0
"파워링크",핸드맥스 쇼핑몰,PU장갑,기본장갑,모바일,12,0,0,0,1,0,0,0,0
"파워링크",핸드맥스 쇼핑몰,PU장갑,내피장갑,PC,130,1,550,550,3.5,3,79.67,0,0
"파워링크",핸드맥스 쇼핑몰,PU장갑,내피장갑,모바일,418,7,341,"2,387",1.9,5.11,132.11,0,0
"파워링크",핸드맥스 쇼핑몰,PU장갑,속장갑,PC,694,5,603,"3,014",3.9,1.67,15,0,0
"파워링크",핸드맥스 쇼핑몰,PU장갑,속장갑,모바일,"2,200",48,767,"36,795",2.8,1.63,20.19,3,"12,300"
"파워링크",핸드맥스 쇼핑몰,PU장갑,슬림장갑,PC,19,1,506,506,1,2,49,0,0
"파워링크",핸드맥스 쇼핑몰,PU장갑,슬림장갑,모바일,55,0,0,0,1,0,0,0,0
"파워링크",핸드맥스 쇼핑몰,PU장갑,얇은장갑,PC,218,3,609,"1,826",4.5,3.67,39,0,0
"파워링크",핸드맥스 쇼핑몰,PU장갑,얇은장갑,모바일,835,16,593,"9,493",3.4,1.25,14.46,0,0
"파워링크",핸드맥스 쇼핑몰,PU장갑,정밀장갑,모바일,5,0,0,0,1,0,0,0,0
"파워링크",핸드맥스 쇼핑몰,PU장갑,조립장갑,PC,7,1,319,319,1.3,4,59,0,0
"파워링크",핸드맥스 쇼핑몰,PU장갑,조립장갑,모바일,16,0,0,0,1.7,0,0,0,0
"파워링크",핸드맥스 쇼핑몰,PU장갑,코팅작업장갑,PC,34,1,561,561,3.3,4,68,0,0
"파워링크",핸드맥스 쇼핑몰,PU장갑,코팅작업장갑,모바일,70,3,598,"1,793",2.1,1.25,7,0,0
"파워링크",핸드맥스 쇼핑몰,핸드맥스공통,-,PC,17,2,297,594,1.6,3,22,1,"35,240"
"파워링크",핸드맥스 쇼핑몰,핸드맥스공통,-,모바일,29,2,149,297,1.5,3,82,0,0
"파워링크",핸드맥스 쇼핑몰,핸드맥스공통,NBR장갑,PC,6,0,0,0,2.3,0,0,0,0
"파워링크",핸드맥스 쇼핑몰,핸드맥스공통,NBR장갑,모바일,15,0,0,0,1.4,0,0,0,0
"파워링크",핸드맥스 쇼핑몰,핸드맥스공통,NBR코팅장갑,PC,57,0,0,0,1.6,0,0,0,0
"파워링크",핸드맥스 쇼핑몰,핸드맥스공통,NBR코팅장갑,모바일,42,1,682,682,1,1,0,0,0
"파워링크",핸드맥스 쇼핑몰,핸드맥스공통,NBR폼코팅장갑,PC,7,0,0,0,3,0,0,0,0
"파워링크",핸드맥스 쇼핑몰,핸드맥스공통,NBR폼코팅장갑,모바일,3,0,0,0,1,0,0,0,0
"파워링크",핸드맥스 쇼핑몰,핸드맥스공통,PU장갑,PC,4,0,0,0,4.3,0,0,0,0
"파워링크",핸드맥스 쇼핑몰,핸드맥스공통,PU장갑,모바일,7,0,0,0,2.3,0,0,0,0
"파워링크",핸드맥스 쇼핑몰,핸드맥스공통,PU코팅장갑,PC,28,0,0,0,3.7,0,0,0,0
"파워링크",핸드맥스 쇼핑몰,핸드맥스공통,PU코팅장갑,모바일,63,3,"1,151","3,454",1.4,2.73,48,3,"47,000"
"파워링크",핸드맥스 쇼핑몰,핸드맥스공통,고무장갑,PC,528,0,0,0,4.8,0,0,0,0
"파워링크",핸드맥스 쇼핑몰,핸드맥스공통,고무장갑,모바일,"3,154",24,"1,080","25,916",2.9,1.16,6.35,0,0
"파워링크",핸드맥스 쇼핑몰,핸드맥스공통,공업용장갑,PC,13,0,0,0,4.2,0,0,0,0
"파워링크",핸드맥스 쇼핑몰,핸드맥스공통,공업용장갑,모바일,6,0,0,0,1,0,0,0,0
"파워링크",핸드맥스 쇼핑몰,핸드맥스공통,나비엠,PC,180,0,0,0,3.5,0,0,0,0
"파워링크",핸드맥스 쇼핑몰,핸드맥스공통,나비엠,모바일,31,0,0,0,1.6,0,0,0,0
"파워링크",핸드맥스 쇼핑몰,핸드맥스공통,내산장갑,PC,57,0,0,0,5.4,0,0,0,0
"파워링크",핸드맥스 쇼핑몰,핸드맥스공통,내산장갑,모바일,31,1,"1,342","1,342",2.1,3.5,23,0,0
"파워링크",핸드맥스 쇼핑몰,핸드맥스공통,내열장갑,PC,27,0,0,0,4.6,0,0,0,0
"파워링크",핸드맥스 쇼핑몰,핸드맥스공통,내열장갑,모바일,42,0,0,0,2,0,0,0,0
"파워링크",핸드맥스 쇼핑몰,핸드맥스공통,도트장갑,PC,47,0,0,0,3.1,0,0,0,0
"파워링크",핸드맥스 쇼핑몰,핸드맥스공통,도트장갑,모바일,118,0,0,0,1.9,0,0,0,0
"파워링크",핸드맥스 쇼핑몰,핸드맥스공통,면장갑,PC,592,0,0,0,9.2,1,0,0,0
"파워링크",핸드맥스 쇼핑몰,핸드맥스공통,면장갑,모바일,307,0,0,0,3.8,0,0,0,0
"파워링크",핸드맥스 쇼핑몰,핸드맥스공통,미끄럼방지장갑,PC,81,1,924,924,1.9,1,0,0,0
"파워링크",핸드맥스 쇼핑몰,핸드맥스공통,미끄럼방지장갑,모바일,237,3,759,"2,277",2.3,1.25,9.5,0,0
"파워링크",핸드맥스 쇼핑몰,핸드맥스공통,반장갑,PC,332,2,"1,210","2,420",3.3,2.17,16.67,0,0
"파워링크",핸드맥스 쇼핑몰,핸드맥스공통,반장갑,모바일,545,0,0,0,3.5,0,0,0,0
"파워링크",핸드맥스 쇼핑몰,핸드맥스공통,반코팅장갑,PC,493,3,"1,503","4,510",8.8,4.6,158.6,0,0
"파워링크",핸드맥스 쇼핑몰,핸드맥스공통,반코팅장갑,모바일,664,2,"1,535","3,069",4,1,0,0,0
"파워링크",핸드맥스 쇼핑몰,핸드맥스공통,방열장갑,PC,95,0,0,0,3.7,0,0,0,0
"파워링크",핸드맥스 쇼핑몰,핸드맥스공통,방열장갑,모바일,27,0,0,0,4,0,0,0,0
"파워링크",핸드맥스 쇼핑몰,핸드맥스공통,베임방지장갑,PC,112,1,"1,045","1,045",3.9,1,0,0,0
"파워링크",핸드맥스 쇼핑몰,핸드맥스공통,베임방지장갑,모바일,94,3,"1,027","3,080",1,5,70.25,2,0
"파워링크",핸드맥스 쇼핑몰,핸드맥스공통,보호장갑,PC,18,0,0,0,4.7,0,0,0,0
"파워링크",핸드맥스 쇼핑몰,핸드맥스공통,보호장갑,모바일,51,0,0,0,2.6,0,0,0,0
"파워링크",핸드맥스 쇼핑몰,핸드맥스공통,산업용장갑,PC,14,0,0,0,3.1,0,0,0,0
"파워링크",핸드맥스 쇼핑몰,핸드맥스공통,산업용장갑,모바일,26,3,"1,085","3,256",2.4,6.86,130.29,0,0
"파워링크",핸드맥스 쇼핑몰,핸드맥스공통,손베임방지장갑,PC,65,0,0,0,2.1,0,0,0,0
"파워링크",핸드맥스 쇼핑몰,핸드맥스공통,손베임방지장갑,모바일,87,1,847,847,1.5,1,0,0,0
"파워링크",핸드맥스 쇼핑몰,핸드맥스공통,안전장갑,PC,99,0,0,0,5.3,0,0,0,0
"파워링크",핸드맥스 쇼핑몰,핸드맥스공통,안전장갑,모바일,414,25,"1,268","31,702",1.9,5.09,77.3,7,"57,100"
"파워링크",핸드맥스 쇼핑몰,핸드맥스공통,알곤용접장갑,PC,111,1,"1,122","1,122",2.5,1,0,0,0
"파워링크",핸드맥스 쇼핑몰,핸드맥스공통,알곤용접장갑,모바일,972,2,902,"1,804",1.9,1,0,0,0
"파워링크",핸드맥스 쇼핑몰,핸드맥스공통,알곤장갑,PC,17,0,0,0,5.9,0,0,0,0
"파워링크",핸드맥스 쇼핑몰,핸드맥스공통,알곤장갑,모바일,38,0,0,0,2.8,0,0,0,0
"파워링크",핸드맥스 쇼핑몰,핸드맥스공통,얇은장갑,PC,51,4,"1,075","4,301",1.9,1,0,0,0
"파워링크",핸드맥스 쇼핑몰,핸드맥스공통,얇은장갑,모바일,160,2,"1,210","2,420",1.8,1,0,0,0
"파워링크",핸드맥스 쇼핑몰,핸드맥스공통,예식장갑,PC,96,1,"1,089","1,089",3.8,1.5,6,0,0
"파워링크",핸드맥스 쇼핑몰,핸드맥스공통,예식장갑,모바일,110,0,0,0,2.3,0,0,0,0
"파워링크",핸드맥스 쇼핑몰,핸드맥스공통,온오프안전,PC,26,0,0,0,2.3,0,0,0,0
"파워링크",핸드맥스 쇼핑몰,핸드맥스공통,온오프안전,모바일,5,0,0,0,2,0,0,0,0
"파워링크",핸드맥스 쇼핑몰,핸드맥스공통,완전코팅장갑,PC,69,0,0,0,3.9,0,0,0,0
"파워링크",핸드맥스 쇼핑몰,핸드맥스공통,완전코팅장갑,모바일,190,6,997,"5,984",1.2,1.69,18.46,1,0
"파워링크",핸드맥스 쇼핑몰,핸드맥스공통,완코팅장갑,PC,57,0,0,0,1.5,0,0,0,0
"파워링크",핸드맥스 쇼핑몰,핸드맥스공통,완코팅장갑,모바일,62,3,"1,085","3,256",1.6,1.25,5.25,0,0
"파워링크",핸드맥스 쇼핑몰,핸드맥스공통,용접장갑,PC,347,2,"1,067","2,134",4.1,1,0,0,0
"파워링크",핸드맥스 쇼핑몰,핸드맥스공통,용접장갑,모바일,835,18,"1,055","18,986",1.3,4.03,67.64,3,0
"파워링크",핸드맥스 쇼핑몰,핸드맥스공통,이중코팅장갑,PC,5,0,0,0,7.6,0,0,0,0
"파워링크",핸드맥스 쇼핑몰,핸드맥스공통,이중코팅장갑,모바일,5,0,0,0,3,0,0,0,0
"파워링크",핸드맥스 쇼핑몰,핸드맥스공통,작업용가죽장갑,PC,29,1,"1,419","1,419",1.6,3,106,0,0
"파워링크",핸드맥스 쇼핑몰,핸드맥스공통,작업용가죽장갑,모바일,81,4,996,"3,982",1.2,4,58.5,0,0
"파워링크",핸드맥스 쇼핑몰,핸드맥스공통,작업용장갑,PC,163,0,0,0,10.1,0,0,0,0
"파워링크",핸드맥스 쇼핑몰,핸드맥스공통,작업용장갑,모바일,797,3,"1,181","3,542",2.8,1.4,16,0,0
"파워링크",핸드맥스 쇼핑몰,핸드맥스공통,작업용코팅장갑,모바일,5,0,0,0,4.2,0,0,0,0
"파워링크",핸드맥스 쇼핑몰,핸드맥스공통,작업장갑,PC,271,0,0,0,7.1,0,0,0,0
"파워링크",핸드맥스 쇼핑몰,핸드맥스공통,작업장갑,모바일,994,17,"1,664","28,281",1.8,1.41,19.18,1,"14,600"
"파워링크",핸드맥스 쇼핑몰,핸드맥스공통,작업장갑도매,모바일,2,0,0,0,1,0,0,0,0
"파워링크",핸드맥스 쇼핑몰,핸드맥스공통,장갑,PC,"32,704",6,"1,483","8,899",2.5,3.29,54.57,0,0
"파워링크",핸드맥스 쇼핑몰,핸드맥스공통,장갑,모바일,"12,167",41,"1,373","56,287",2.8,3.06,81.3,15,"78,806"
"파워링크",핸드맥스 쇼핑몰,핸드맥스공통,장갑도매,PC,1,0,0,0,7,0,0,0,0
"파워링크",핸드맥스 쇼핑몰,핸드맥스공통,장갑도매,모바일,2,0,0,0,6,0,0,0,0
"파워링크",핸드맥스 쇼핑몰,핸드맥스공통,장갑몰,PC,6,0,0,0,1,0,0,0,0
"파워링크",핸드맥스 쇼핑몰,핸드맥스공통,장갑몰,모바일,4,0,0,0,1,0,0,0,0
"파워링크",핸드맥스 쇼핑몰,핸드맥스공통,장갑전문,모바일,2,0,0,0,4.5,0,0,0,0
"파워링크",핸드맥스 쇼핑몰,핸드맥스공통,제전장갑,PC,155,1,"1,188","1,188",4.2,2,344,0,0
"파워링크",핸드맥스 쇼핑몰,핸드맥스공통,제전장갑,모바일,129,2,765,"1,529",3.2,2.67,13,0,0
"파워링크",핸드맥스 쇼핑몰,핸드맥스공통,진동방지장갑,PC,156,1,"1,287","1,287",2.9,3,80,0,0
"파워링크",핸드맥스 쇼핑몰,핸드맥스공통,진동방지장갑,모바일,139,3,686,"2,057",1.9,1,0,0,0
"파워링크",핸드맥스 쇼핑몰,핸드맥스공통,케블라장갑,PC,21,0,0,0,3.6,0,0,0,0
"파워링크",핸드맥스 쇼핑몰,핸드맥스공통,케블라장갑,모바일,43,0,0,0,1.3,0,0,0,0
"파워링크",핸드맥스 쇼핑몰,핸드맥스공통,코팅장갑,PC,491,1,957,957,9.3,2,37,0,0
"파워링크",핸드맥스 쇼핑몰,핸드맥스공통,코팅장갑,모바일,646,7,"1,331","9,317",4.3,3.71,30.33,0,0
"파워링크",핸드맥스 쇼핑몰,핸드맥스공통,터치장갑,PC,204,0,0,0,5.2,0,0,0,0
"파워링크",핸드맥스 쇼핑몰,핸드맥스공통,터치장갑,모바일,750,0,0,0,4.7,0,0,0,0
"파워링크",핸드맥스 쇼핑몰,핸드맥스공통,특수장갑,PC,3,0,0,0,1,11,734.5,3,"12,654"
"파워링크",핸드맥스 쇼핑몰,핸드맥스공통,특수장갑,모바일,29,2,"1,001","2,002",1.2,3.93,29.14,0,0
"파워링크",핸드맥스 쇼핑몰,절연장갑,-,PC,89,1,187,187,1.7,2,19,0,0
"파워링크",핸드맥스 쇼핑몰,절연장갑,-,모바일,86,1,297,297,1.4,1,0,0,0
"파워링크",핸드맥스 쇼핑몰,절연장갑,NOVAX,PC,33,0,0,0,2.5,0,0,0,0
"파워링크",핸드맥스 쇼핑몰,절연장갑,NOVAX,모바일,77,0,0,0,1.3,0,0,0,0
"파워링크",핸드맥스 쇼핑몰,절연장갑,NOVAX절연장갑,PC,17,0,0,0,2.7,0,0,0,0
"파워링크",핸드맥스 쇼핑몰,절연장갑,NOVAX절연장갑,모바일,5,0,0,0,1,0,0,0,0
"파워링크",핸드맥스 쇼핑몰,절연장갑,감전방지장갑,PC,12,0,0,0,2.6,0,0,0,0
"파워링크",핸드맥스 쇼핑몰,절연장갑,감전방지장갑,모바일,38,0,0,0,1,0,0,0,0
"파워링크",핸드맥스 쇼핑몰,절연장갑,고압절연장갑,PC,54,0,0,0,6,0,0,0,0
"파워링크",핸드맥스 쇼핑몰,절연장갑,고압절연장갑,모바일,28,0,0,0,3,0,0,0,0
"파워링크",핸드맥스 쇼핑몰,절연장갑,노벡스,PC,54,2,204,407,3.8,3,21.33,0,0
"파워링크",핸드맥스 쇼핑몰,절연장갑,노벡스,모바일,16,0,0,0,1,0,0,0,0
"파워링크",핸드맥스 쇼핑몰,절연장갑,노벡스장갑,PC,8,0,0,0,1.8,0,0,0,0
"파워링크",핸드맥스 쇼핑몰,절연장갑,노벡스장갑,모바일,5,0,0,0,1,0,0,0,0
"파워링크",핸드맥스 쇼핑몰,절연장갑,노벡스절연장갑,PC,89,0,0,0,5.6,0,0,0,0
"파워링크",핸드맥스 쇼핑몰,절연장갑,노벡스절연장갑,모바일,99,4,413,"1,650",2.7,2.5,50.83,0,0
"파워링크",핸드맥스 쇼핑몰,절연장갑,아크플래쉬,PC,34,1,242,242,5.1,1,0,0,0
"파워링크",핸드맥스 쇼핑몰,절연장갑,아크플래쉬,모바일,12,0,0,0,3.3,0,0,0,0
"파워링크",핸드맥스 쇼핑몰,절연장갑,전기보호장갑,PC,1,0,0,0,2,0,0,0,0
"파워링크",핸드맥스 쇼핑몰,절연장갑,전기보호장갑,모바일,1,0,0,0,2,0,0,0,0
"파워링크",핸드맥스 쇼핑몰,절연장갑,전기작업용장갑,PC,5,0,0,0,2.8,0,0,0,0
"파워링크",핸드맥스 쇼핑몰,절연장갑,전기작업용장갑,모바일,20,0,0,0,2.5,0,0,0,0
"파워링크",핸드맥스 쇼핑몰,절연장갑,전기작업장갑,PC,9,0,0,0,2.8,0,0,0,0
"파워링크",핸드맥스 쇼핑몰,절연장갑,전기작업장갑,모바일,100,0,0,0,2.4,0,0,0,0
"파워링크",핸드맥스 쇼핑몰,절연장갑,전기장갑,PC,82,0,0,0,5.9,0,0,0,0
"파워링크",핸드맥스 쇼핑몰,절연장갑,전기장갑,모바일,527,9,387,"3,487",3.6,2.06,22.5,0,0
"파워링크",핸드맥스 쇼핑몰,절연장갑,전기절연장갑,PC,67,0,0,0,5,0,0,0,0
"파워링크",핸드맥스 쇼핑몰,절연장갑,전기절연장갑,모바일,67,3,216,649,3.1,1.6,24.2,0,0
"파워링크",핸드맥스 쇼핑몰,절연장갑,전기차장갑,PC,2,0,0,0,1,0,0,0,0
"파워링크",핸드맥스 쇼핑몰,절연장갑,전기차장갑,모바일,7,0,0,0,1.3,0,0,0,0
"파워링크",핸드맥스 쇼핑몰,절연장갑,전기차절연장갑,PC,3,0,0,0,2.7,0,0,0,0
"파워링크",핸드맥스 쇼핑몰,절연장갑,전기차절연장갑,모바일,8,0,0,0,2.3,0,0,0,0
"파워링크",핸드맥스 쇼핑몰,절연장갑,전기차충전장갑,PC,2,0,0,0,2,0,0,0,0
"파워링크",핸드맥스 쇼핑몰,절연장갑,전기차충전장갑,모바일,9,0,0,0,2,0,0,0,0
"파워링크",핸드맥스 쇼핑몰,절연장갑,절연보호가죽장갑,PC,4,0,0,0,2,0,0,0,0
"파워링크",핸드맥스 쇼핑몰,절연장갑,절연외피장갑,PC,6,0,0,0,2.8,0,0,0,0
"파워링크",핸드맥스 쇼핑몰,절연장갑,절연외피장갑,모바일,5,0,0,0,1,0,0,0,0
"파워링크",핸드맥스 쇼핑몰,절연장갑,절연장갑,PC,223,2,"1,320","2,640",5.3,1,0,0,0
"파워링크",핸드맥스 쇼핑몰,절연장갑,절연장갑,모바일,"1,113",20,"1,296","25,916",2.7,2.32,38.84,0,0
"파워링크",핸드맥스 쇼핑몰,절연장갑,절연장갑외피,PC,1,0,0,0,3,0,0,0,0
"파워링크",핸드맥스 쇼핑몰,절연장갑,특고압장갑,PC,9,0,0,0,2.4,0,0,0,0
"파워링크",핸드맥스 쇼핑몰,절연장갑,특고압장갑,모바일,12,0,0,0,1.3,0,0,0,0
"파워링크",핸드맥스 쇼핑몰,절연장갑,특고압절연장갑,PC,23,0,0,0,6,0,0,0,0
"파워링크",핸드맥스 쇼핑몰,절연장갑,특고압절연장갑,모바일,17,0,0,0,3.4,0,0,0,0
"파워링크",핸드맥스 쇼핑몰,찔림방지장갑,-,PC,25,0,0,0,2,0,0,0,0
"파워링크",핸드맥스 쇼핑몰,찔림방지장갑,-,모바일,24,1,187,187,1.7,1,0,0,0
"파워링크",핸드맥스 쇼핑몰,찔림방지장갑,가시찔림방지,PC,2,0,0,0,3,0,0,0,0
"파워링크",핸드맥스 쇼핑몰,찔림방지장갑,가시찔림방지,모바일,1,0,0,0,3,0,0,0,0
"파워링크",핸드맥스 쇼핑몰,찔림방지장갑,가시찔림방지장갑,PC,5,1,110,110,3,3,9,0,0
"파워링크",핸드맥스 쇼핑몰,찔림방지장갑,가시찔림방지장갑,모바일,6,0,0,0,1,0,0,0,0
"파워링크",핸드맥스 쇼핑몰,찔림방지장갑,바늘찔림,PC,1,0,0,0,1,0,0,0,0
"파워링크",핸드맥스 쇼핑몰,찔림방지장갑,손찔림,PC,3,0,0,0,2,0,0,0,0
"파워링크",핸드맥스 쇼핑몰,찔림방지장갑,손찔림,모바일,10,0,0,0,1,0,0,0,0
"파워링크",핸드맥스 쇼핑몰,찔림방지장갑,찔림,PC,66,0,0,0,1,0,0,0,0
"파워링크",핸드맥스 쇼핑몰,찔림방지장갑,찔림,모바일,73,0,0,0,1.2,0,0,0,0
"파워링크",핸드맥스 쇼핑몰,찔림방지장갑,찔림방지,PC,13,0,0,0,2.8,0,0,0,0
"파워링크",핸드맥스 쇼핑몰,찔림방지장갑,찔림방지,모바일,2,0,0,0,2,0,0,0,0
"파워링크",핸드맥스 쇼핑몰,찔림방지장갑,찔림방지장갑,PC,49,5,691,"3,454",1.6,5,135.25,0,0
"파워링크",핸드맥스 쇼핑몰,찔림방지장갑,찔림방지장갑,모바일,71,8,733,"5,863",2.4,2.11,20.53,0,0
"파워링크",핸드맥스 쇼핑몰,항균장갑,-,PC,11,0,0,0,1.2,0,0,0,0
"파워링크",핸드맥스 쇼핑몰,항균장갑,-,모바일,21,2,77,154,1.2,1,0,0,0
"파워링크",핸드맥스 쇼핑몰,항균장갑,위생장갑,PC,215,0,0,0,12.1,0,0,0,0
"파워링크",핸드맥스 쇼핑몰,항균장갑,위생장갑,모바일,890,17,837,"14,223",4.1,1.32,5.72,0,0
"파워링크",핸드맥스 쇼핑몰,항균장갑,항균장갑,PC,7,0,0,0,1,0,0,0,0
"파워링크",핸드맥스 쇼핑몰,항균장갑,항균장갑,모바일,23,0,0,0,1,0,0,0,0
"파워링크",핸드맥스 쇼핑몰,항균장갑,향균장갑,PC,2,0,0,0,2,0,0,0,0
"파워링크",핸드맥스 쇼핑몰,항균장갑,향균장갑,모바일,15,0,0,0,1,0,0,0,0
"파워링크",핸드맥스 쇼핑몰,크린스킨 브랜드 사이트,-,PC,11,1,143,143,2,0,0,0,0
"파워링크",핸드맥스 쇼핑몰,크린스킨 브랜드 사이트,-,모바일,13,1,176,176,2.1,0,0,0,0
"파워링크",핸드맥스 쇼핑몰,크린스킨 브랜드 사이트,고무장갑,모바일,31,0,0,0,43.9,0,0,0,0
"파워링크",핸드맥스 쇼핑몰,크린스킨 브랜드 사이트,고무장갑라텍스,모바일,5,0,0,0,3,0,0,0,0
"파워링크",핸드맥스 쇼핑몰,크린스킨 브랜드 사이트,김장용고무장갑,모바일,8,0,0,0,13,0,0,0,0
"파워링크",핸드맥스 쇼핑몰,크린스킨 브랜드 사이트,김장장갑,PC,1,0,0,0,6,0,0,0,0
"파워링크",핸드맥스 쇼핑몰,크린스킨 브랜드 사이트,김장장갑,모바일,1,0,0,0,13,0,0,0,0
"파워링크",핸드맥스 쇼핑몰,크린스킨 브랜드 사이트,내화학용장갑,PC,1,0,0,0,23,0,0,0,0
"파워링크",핸드맥스 쇼핑몰,크린스킨 브랜드 사이트,니트릴고무장갑,PC,3,0,0,0,11.3,0,0,0,0
"파워링크",핸드맥스 쇼핑몰,크린스킨 브랜드 사이트,니트릴글러브,PC,1,0,0,0,26,0,0,0,0
"파워링크",핸드맥스 쇼핑몰,크린스킨 브랜드 사이트,니트릴글러브,모바일,1,0,0,0,21,0,0,0,0
"파워링크",핸드맥스 쇼핑몰,크린스킨 브랜드 사이트,니트릴장갑,PC,2,0,0,0,36.5,0,0,0,0
"파워링크",핸드맥스 쇼핑몰,크린스킨 브랜드 사이트,니트릴장갑,모바일,128,2,506,"1,012",31,0,0,0,0
"파워링크",핸드맥스 쇼핑몰,크린스킨 브랜드 사이트,니트릴장갑XS,모바일,2,0,0,0,10.5,0,0,0,0
"파워링크",핸드맥스 쇼핑몰,크린스킨 브랜드 사이트,니트릴장갑라텍스장갑,PC,1,0,0,0,13,0,0,0,0
"파워링크",핸드맥스 쇼핑몰,크린스킨 브랜드 사이트,니트릴장갑식품용,PC,1,0,0,0,11,0,0,0,0
"파워링크",핸드맥스 쇼핑몰,크린스킨 브랜드 사이트,니트릴장갑식품용,모바일,1,0,0,0,6,0,0,0,0
"파워링크",핸드맥스 쇼핑몰,크린스킨 브랜드 사이트,다이소니트릴장갑,PC,100,0,0,0,4.2,0,0,0,0
"파워링크",핸드맥스 쇼핑몰,크린스킨 브랜드 사이트,다이소니트릴장갑,모바일,208,0,0,0,2.5,0,0,0,0
"파워링크",핸드맥스 쇼핑몰,크린스킨 브랜드 사이트,두꺼운니트릴장갑,PC,1,0,0,0,18,0,0,0,0
"파워링크",핸드맥스 쇼핑몰,크린스킨 브랜드 사이트,두꺼운니트릴장갑,모바일,2,0,0,0,16.5,0,0,0,0
"파워링크",핸드맥스 쇼핑몰,크린스킨 브랜드 사이트,두꺼운라텍스장갑,PC,1,0,0,0,12,0,0,0,0
"파워링크",핸드맥스 쇼핑몰,크린스킨 브랜드 사이트,두꺼운라텍스장갑,모바일,3,0,0,0,11.7,0,0,0,0
"파워링크",핸드맥스 쇼핑몰,크린스킨 브랜드 사이트,라텍스장갑,PC,1,0,0,0,87,0,0,0,0
"파워링크",핸드맥스 쇼핑몰,크린스킨 브랜드 사이트,라텍스장갑,모바일,1,0,0,0,37,0,0,0,0
"파워링크",핸드맥스 쇼핑몰,크린스킨 브랜드 사이트,라텍스장갑M,PC,1,0,0,0,4,0,0,0,0
"파워링크",핸드맥스 쇼핑몰,크린스킨 브랜드 사이트,라텍스장갑M,모바일,1,0,0,0,9,0,0,0,0
"파워링크",핸드맥스 쇼핑몰,크린스킨 브랜드 사이트,라텍스주방장갑,PC,1,0,0,0,9,0,0,0,0
"파워링크",핸드맥스 쇼핑몰,크린스킨 브랜드 사이트,라텍스주방장갑,모바일,1,0,0,0,11,0,0,0,0
"파워링크",핸드맥스 쇼핑몰,크린스킨 브랜드 사이트,미용라텍스장갑,PC,1,0,0,0,12,0,0,0,0
"파워링크",핸드맥스 쇼핑몰,크린스킨 브랜드 사이트,미용라텍스장갑,모바일,1,0,0,0,11,0,0,0,0
"파워링크",핸드맥스 쇼핑몰,크린스킨 브랜드 사이트,블랙마스터,PC,35,0,0,0,4.8,0,0,0,0
"파워링크",핸드맥스 쇼핑몰,크린스킨 브랜드 사이트,블랙마스터,모바일,1,0,0,0,4,0,0,0,0
"파워링크",핸드맥스 쇼핑몰,크린스킨 브랜드 사이트,블랙마스터장갑,PC,1,0,0,0,3,0,0,0,0
"파워링크",핸드맥스 쇼핑몰,크린스킨 브랜드 사이트,블랙마스터장갑,모바일,1,0,0,0,3,0,0,0,0
"파워링크",핸드맥스 쇼핑몰,크린스킨 브랜드 사이트,생분해장갑,PC,1,0,0,0,6,0,0,0,0
"파워링크",핸드맥스 쇼핑몰,크린스킨 브랜드 사이트,생분해장갑,모바일,1,0,0,0,7,0,0,0,0
"파워링크",핸드맥스 쇼핑몰,크린스킨 브랜드 사이트,세차니트릴장갑,PC,2,0,0,0,5.5,0,0,0,0
"파워링크",핸드맥스 쇼핑몰,크린스킨 브랜드 사이트,세차용고무장갑,PC,2,0,0,0,7,0,0,0,0
"파워링크",핸드맥스 쇼핑몰,크린스킨 브랜드 사이트,세차용고무장갑,모바일,1,0,0,0,12,0,0,0,0
"파워링크",핸드맥스 쇼핑몰,크린스킨 브랜드 사이트,세차용니트릴장갑,PC,5,0,0,0,5.2,0,0,0,0
"파워링크",핸드맥스 쇼핑몰,크린스킨 브랜드 사이트,세차장갑,PC,1,0,0,0,20,0,0,0,0
"파워링크",핸드맥스 쇼핑몰,크린스킨 브랜드 사이트,세차장갑,모바일,1,1,143,143,19,0,0,0,0
"파워링크",핸드맥스 쇼핑몰,크린스킨 브랜드 사이트,수술장갑,PC,1,0,0,0,16,0,0,0,0
"파워링크",핸드맥스 쇼핑몰,크린스킨 브랜드 사이트,쉐프위생장갑,PC,3,0,0,0,15.7,0,0,0,0
"파워링크",핸드맥스 쇼핑몰,크린스킨 브랜드 사이트,쉐프장갑,PC,1,0,0,0,8,0,0,0,0
"파워링크",핸드맥스 쇼핑몰,크린스킨 브랜드 사이트,습진장갑,PC,3,0,0,0,2.7,0,0,0,0
"파워링크",핸드맥스 쇼핑몰,크린스킨 브랜드 사이트,습진장갑,모바일,2,0,0,0,6,0,0,0,0
"파워링크",핸드맥스 쇼핑몰,크린스킨 브랜드 사이트,식품용라텍스,PC,1,0,0,0,9,0,0,0,0
"파워링크",핸드맥스 쇼핑몰,크린스킨 브랜드 사이트,식품용라텍스,모바일,1,0,0,0,7,0,0,0,0
"파워링크",핸드맥스 쇼핑몰,크린스킨 브랜드 사이트,실험실니트릴장갑,PC,1,0,0,0,11,0,0,0,0
"파워링크",핸드맥스 쇼핑몰,크린스킨 브랜드 사이트,실험실니트릴장갑,모바일,1,0,0,0,9,0,0,0,0
"파워링크",핸드맥스 쇼핑몰,크린스킨 브랜드 사이트,실험실라텍스장갑,PC,1,0,0,0,8,0,0,0,0
"파워링크",핸드맥스 쇼핑몰,크린스킨 브랜드 사이트,실험실라텍스장갑,모바일,1,0,0,0,9,0,0,0,0
"파워링크",핸드맥스 쇼핑몰,크린스킨 브랜드 사이트,실험실용장갑,PC,1,0,0,0,12,0,0,0,0
"파워링크",핸드맥스 쇼핑몰,크린스킨 브랜드 사이트,실험실용장갑,모바일,1,0,0,0,12,0,0,0,0
"파워링크",핸드맥스 쇼핑몰,크린스킨 브랜드 사이트,실험용니트릴장갑,PC,1,0,0,0,10,0,0,0,0
"파워링크",핸드맥스 쇼핑몰,크린스킨 브랜드 사이트,실험용니트릴장갑,모바일,1,0,0,0,8,0,0,0,0
"파워링크",핸드맥스 쇼핑몰,크린스킨 브랜드 사이트,실험용라텍스,PC,1,0,0,0,5,0,0,0,0
"파워링크",핸드맥스 쇼핑몰,크린스킨 브랜드 사이트,실험용라텍스,모바일,1,0,0,0,6,0,0,0,0
"파워링크",핸드맥스 쇼핑몰,크린스킨 브랜드 사이트,실험용라텍스장갑,PC,1,0,0,0,10,0,0,0,0
"파워링크",핸드맥스 쇼핑몰,크린스킨 브랜드 사이트,실험용라텍스장갑,모바일,1,0,0,0,10,0,0,0,0
"파워링크",핸드맥스 쇼핑몰,크린스킨 브랜드 사이트,실험용장갑,PC,1,0,0,0,38,0,0,0,0
"파워링크",핸드맥스 쇼핑몰,크린스킨 브랜드 사이트,왁싱장갑,PC,1,0,0,0,7,0,0,0,0
"파워링크",핸드맥스 쇼핑몰,크린스킨 브랜드 사이트,왁싱장갑,모바일,2,0,0,0,9,0,0,0,0
"파워링크",핸드맥스 쇼핑몰,크린스킨 브랜드 사이트,위생고무장갑,모바일,1,0,0,0,12,0,0,0,0
"파워링크",핸드맥스 쇼핑몰,크린스킨 브랜드 사이트,일회용비닐장갑,PC,1,0,0,0,17,0,0,0,0
"파워링크",핸드맥스 쇼핑몰,크린스킨 브랜드 사이트,일회용비닐장갑,모바일,2,0,0,0,16,0,0,0,0
"파워링크",핸드맥스 쇼핑몰,크린스킨 브랜드 사이트,일회용장갑,모바일,1,0,0,0,32,0,0,0,0
"파워링크",핸드맥스 쇼핑몰,크린스킨 브랜드 사이트,작업용니트릴장갑,PC,1,0,0,0,5,0,0,0,0
"파워링크",핸드맥스 쇼핑몰,크린스킨 브랜드 사이트,작업용라텍스장갑,PC,1,0,0,0,5,0,0,0,0
"파워링크",핸드맥스 쇼핑몰,크린스킨 브랜드 사이트,작업용라텍스장갑,모바일,2,0,0,0,4,0,0,0,0
"파워링크",핸드맥스 쇼핑몰,크린스킨 브랜드 사이트,정비용장갑,PC,2,0,0,0,7,0,0,0,0
"파워링크",핸드맥스 쇼핑몰,크린스킨 브랜드 사이트,주방용니트릴장갑,PC,1,0,0,0,7,0,0,0,0
"파워링크",핸드맥스 쇼핑몰,크린스킨 브랜드 사이트,주방용니트릴장갑,모바일,1,0,0,0,8,0,0,0,0
"파워링크",핸드맥스 쇼핑몰,크린스킨 브랜드 사이트,주방용라텍스장갑,PC,1,0,0,0,8,0,0,0,0
"파워링크",핸드맥스 쇼핑몰,크린스킨 브랜드 사이트,주방용라텍스장갑,모바일,1,0,0,0,8,0,0,0,0
"파워링크",핸드맥스 쇼핑몰,크린스킨 브랜드 사이트,주방장갑,PC,1,0,0,0,22,0,0,0,0
"파워링크",핸드맥스 쇼핑몰,크린스킨 브랜드 사이트,주방장갑,모바일,2,0,0,0,23.5,0,0,0,0
"파워링크",핸드맥스 쇼핑몰,크린스킨 브랜드 사이트,진료용니트릴장갑,PC,1,0,0,0,3,0,0,0,0
"파워링크",핸드맥스 쇼핑몰,크린스킨 브랜드 사이트,진료용장갑,모바일,2,0,0,0,12,0,0,0,0
"파워링크",핸드맥스 쇼핑몰,크린스킨 브랜드 사이트,청소장갑,모바일,1,0,0,0,16,0,0,0,0
"파워링크",핸드맥스 쇼핑몰,크린스킨 브랜드 사이트,친환경위생장갑,모바일,1,0,0,0,6,0,0,0,0
"파워링크",핸드맥스 쇼핑몰,크린스킨 브랜드 사이트,크린룸라텍스장갑,PC,1,0,0,0,5,0,0,0,0
"파워링크",핸드맥스 쇼핑몰,크린스킨 브랜드 사이트,크린룸라텍스장갑,모바일,2,0,0,0,4,0,0,0,0
"파워링크",핸드맥스 쇼핑몰,크린스킨 브랜드 사이트,크린스킨,PC,61,5,495,"2,475",2.8,0,0,0,0
"파워링크",핸드맥스 쇼핑몰,크린스킨 브랜드 사이트,크린스킨니트릴장갑,PC,2,0,0,0,6,0,0,0,0
"파워링크",핸드맥스 쇼핑몰,위생,-,PC,31,1,110,110,2,3,83,5,"203,020"
"파워링크",핸드맥스 쇼핑몰,위생,-,모바일,16,0,0,0,2.3,0,0,0,0
"파워링크",핸드맥스 쇼핑몰,위생,방역용장갑,PC,3,0,0,0,2,0,0,0,0
"파워링크",핸드맥스 쇼핑몰,위생,방역장갑,PC,1,0,0,0,9,0,0,0,0
"파워링크",핸드맥스 쇼핑몰,위생,방역장갑,모바일,6,0,0,0,2.3,0,0,0,0
"파워링크",주식회사 코레카,장갑도매,-,PC,3,1,308,308,1,0,0,0,0
"파워링크",주식회사 코레카,장갑도매,-,모바일,13,2,77,154,1.6,0,0,0,0
"파워링크",주식회사 코레카,장갑도매,가죽장갑도매,PC,3,0,0,0,6,0,0,0,0
"파워링크",주식회사 코레카,장갑도매,가죽장갑도매,모바일,8,0,0,0,2.1,0,0,0,0
"파워링크",주식회사 코레카,장갑도매,대구장갑도매,PC,3,0,0,0,3,0,0,0,0
"파워링크",주식회사 코레카,장갑도매,대구장갑도매,모바일,167,0,0,0,3.1,0,0,0,0
"파워링크",주식회사 코레카,장갑도매,방한장갑도매,PC,3,1,"1,716","1,716",8,0,0,0,0
"파워링크",주식회사 코레카,장갑도매,방한장갑도매,모바일,1,0,0,0,2,0,0,0,0
"파워링크",주식회사 코레카,장갑도매,작업장갑도매,모바일,4,0,0,0,2.5,0,0,0,0
"파워링크",주식회사 코레카,장갑도매,장갑도매,PC,39,2,"1,210","2,420",4.2,0,0,0,0
"파워링크",주식회사 코레카,장갑도매,장갑도매,모바일,121,4,"1,342","5,368",1.6,0,0,0,0
"파워링크",주식회사 코레카,장갑도매,코팅장갑도매,PC,8,0,0,0,4.3,0,0,0,0
"파워링크",주식회사 코레카,장갑도매,코팅장갑도매,모바일,1,0,0,0,3,0,0,0,0
"파워링크",주식회사 코레카,일회용장갑도매,-,PC,7,1,275,275,1.7,0,0,0,0
"파워링크",주식회사 코레카,일회용장갑도매,-,모바일,8,0,0,0,1.9,0,0,0,0
"파워링크",주식회사 코레카,일회용장갑도매,니트릴장갑도매,PC,14,1,946,946,5.1,0,0,0,0
"파워링크",주식회사 코레카,일회용장갑도매,니트릴장갑도매,모바일,6,1,484,484,1.3,0,0,0,0
"파워링크",주식회사 코레카,일회용장갑도매,라텍스장갑도매,PC,4,1,539,539,5.3,0,0,0,0
"파워링크",주식회사 코레카,일회용장갑도매,라텍스장갑도매,모바일,5,1,429,429,1.2,0,0,0,0
"파워링크",주식회사 코레카,일회용장갑도매,식품용장갑도매,모바일,123,1,77,77,3.5,0,0,0,0
"파워링크",주식회사 코레카,일회용장갑도매,일회용장갑도매,모바일,1,0,0,0,1,0,0,0,0
"파워링크",주식회사 코레카,안전화도매,-,PC,1,1,77,77,1,0,0,0,0
"파워링크",주식회사 코레카,안전화도매,-,모바일,1,0,0,0,1,0,0,0,0
"파워링크",주식회사 코레카,안전화도매,안전화도매,PC,59,4,836,"3,344",5.5,0,0,0,0
"파워링크",주식회사 코레카,안전화도매,안전화도매,모바일,56,5,924,"4,620",2.8,0,0,0,0
"파워링크",주식회사 코레카,안전화도매,작업신발도매,모바일,12,0,0,0,3.1,0,0,0,0
"파워링크",주식회사 코레카,장갑전체,-,PC,102,4,184,737,1.2,0,0,0,0
"파워링크",주식회사 코레카,장갑전체,-,모바일,100,1,308,308,1.5,0,0,0,0
"파워링크",주식회사 코레카,장갑전체,GLOVE,PC,718,0,0,0,1.8,0,0,0,0
"파워링크",주식회사 코레카,장갑전체,GLOVE,모바일,"2,547",0,0,0,1.5,0,0,0,0
"파워링크",주식회사 코레카,장갑전체,GLOVES,PC,140,0,0,0,1.2,0,0,0,0
"파워링크",주식회사 코레카,장갑전체,GLOVES,모바일,781,2,341,682,1.7,0,0,0,0
"파워링크",주식회사 코레카,장갑전체,NBR장갑,PC,283,1,957,957,4.9,0,0,0,0
"파워링크",주식회사 코레카,장갑전체,NBR장갑,모바일,506,4,946,"3,784",2.9,0,0,0,0
"파워링크",주식회사 코레카,장갑전체,NBR코팅장갑,PC,88,0,0,0,2.4,0,0,0,0
"파워링크",주식회사 코레카,장갑전체,NBR코팅장갑,모바일,151,2,996,"1,991",1.1,0,0,0,0
"파워링크",주식회사 코레카,장갑전체,PU장갑,PC,215,1,"1,452","1,452",4.1,0,0,0,0
"파워링크",주식회사 코레카,장갑전체,PU장갑,모바일,563,1,"1,485","1,485",2.3,0,0,0,0
"파워링크",주식회사 코레카,장갑전체,PU코팅장갑,PC,122,0,0,0,4.3,0,0,0,0
"파워링크",주식회사 코레카,장갑전체,PU코팅장갑,모바일,148,1,"1,067","1,067",1.4,0,0,0,0
"파워링크",주식회사 코레카,장갑전체,PVC장갑,PC,105,0,0,0,4.5,0,0,0,0
"파워링크",주식회사 코레카,장갑전체,PVC장갑,모바일,175,3,601,"1,804",2.1,0,0,0,0
"파워링크",주식회사 코레카,장갑전체,건설장갑,PC,5,0,0,0,1.8,0,0,0,0
"파워링크",주식회사 코레카,장갑전체,건설장갑,모바일,21,1,297,297,1.2,0,0,0,0
"파워링크",주식회사 코레카,장갑전체,겨울방한장갑,PC,264,0,0,0,2.9,0,0,0,0
"파워링크",주식회사 코레카,장갑전체,겨울방한장갑,모바일,"1,063",13,"1,823","23,705",2.8,0,0,0,0
"파워링크",주식회사 코레카,장갑전체,겨울용작업장갑,PC,137,2,985,"1,969",2.3,0,0,0,0
"파워링크",주식회사 코레카,장갑전체,겨울용작업장갑,모바일,372,3,983,"2,948",3.3,0,0,0,0
"파워링크",주식회사 코레카,장갑전체,겨울용장갑,PC,156,0,0,0,2.5,0,0,0,0
"파워링크",주식회사 코레카,장갑전체,겨울용장갑,모바일,380,7,992,"6,941",1.9,0,0,0,0
"파워링크",주식회사 코레카,장갑전체,겨울작업장갑,PC,638,2,"1,018","2,035",2.9,0,0,0,0
"파워링크",주식회사 코레카,장갑전체,겨울작업장갑,모바일,"3,007",27,"1,047","28,281",1.9,0,0,0,0
"파워링크",주식회사 코레카,장갑전체,겨울장갑,PC,"3,135",3,"1,258","3,773",4.2,0,0,0,0
"파워링크",주식회사 코레카,장갑전체,겨울장갑,모바일,"15,043",27,"1,247","33,682",3.6,0,0,0,0
"파워링크",주식회사 코레카,장갑전체,고온장갑,PC,41,0,0,0,3.8,0,0,0,0
"파워링크",주식회사 코레카,장갑전체,고온장갑,모바일,28,0,0,0,1,0,0,0,0
"파워링크",주식회사 코레카,장갑전체,공업용고무장갑,PC,243,2,"1,315","2,629",3.2,0,0,0,0
"파워링크",주식회사 코레카,장갑전체,공업용고무장갑,모바일,606,10,"1,001","10,010",2.2,0,0,0,0
"파워링크",주식회사 코레카,장갑전체,공업용장갑,PC,152,0,0,0,3.6,0,0,0,0
"파워링크",주식회사 코레카,장갑전체,공업용장갑,모바일,491,4,"1,009","4,037",1.9,0,0,0,0
"파워링크",주식회사 코레카,장갑전체,국산반코팅장갑,PC,28,0,0,0,2.7,0,0,0,0
"파워링크",주식회사 코레카,장갑전체,국산반코팅장갑,모바일,"2,414",2,704,"1,408",1,0,0,0,0
"파워링크",주식회사 코레카,장갑전체,군용장갑,PC,142,0,0,0,2.2,0,0,0,0
"파워링크",주식회사 코레카,장갑전체,군용장갑,모바일,909,7,666,"4,664",2,0,0,0,0
"파워링크",주식회사 코레카,장갑전체,기름장갑,PC,35,0,0,0,2.7,0,0,0,0
"파워링크",주식회사 코레카,장갑전체,기름장갑,모바일,118,1,385,385,2.8,0,0,0,0
"파워링크",주식회사 코레카,장갑전체,기모작업장갑,PC,54,0,0,0,2.4,0,0,0,0
"파워링크",주식회사 코레카,장갑전체,기모작업장갑,모바일,485,1,550,550,2.4,0,0,0,0
"파워링크",주식회사 코레카,장갑전체,기모장갑,PC,725,1,979,979,3.4,0,0,0,0
"파워링크",주식회사 코레카,장갑전체,기모장갑,모바일,"3,144",3,719,"2,156",1.8,0,0,0,0
"파워링크",주식회사 코레카,장갑전체,기사장갑,PC,56,1,"1,144","1,144",1.2,0,0,0,0
"파워링크",주식회사 코레카,장갑전체,기사장갑,모바일,155,1,"1,133","1,133",1.2,0,0,0,0
"파워링크",주식회사 코레카,장갑전체,남성겨울장갑,PC,576,0,0,0,3.6,0,0,0,0
"파워링크",주식회사 코레카,장갑전체,남성겨울장갑,모바일,"2,178",3,"1,089","3,267",4.1,0,0,0,0
"파워링크",주식회사 코레카,장갑전체,남성장갑,PC,"3,058",0,0,0,4,0,0,0,0
"파워링크",주식회사 코레카,장갑전체,남성장갑,모바일,"11,980",7,"1,284","8,987",3,0,0,0,0
"파워링크",주식회사 코레카,장갑전체,남자겨울장갑,PC,458,0,0,0,4,0,0,0,0
"파워링크",주식회사 코레카,장갑전체,남자겨울장갑,모바일,"1,352",1,781,781,3.9,0,0,0,0
"파워링크",주식회사 코레카,장갑전체,내산장갑,PC,153,0,0,0,4.4,0,0,0,0
"파워링크",주식회사 코레카,장갑전체,내산장갑,모바일,116,0,0,0,2,0,0,0,0
"파워링크",주식회사 코레카,장갑전체,내열장갑,PC,74,0,0,0,5.7,0,0,0,0
"파워링크",주식회사 코레카,장갑전체,내열장갑,모바일,173,0,0,0,3.6,0,0,0,0
"파워링크",주식회사 코레카,장갑전체,내유장갑,PC,42,0,0,0,2.6,0,0,0,0
"파워링크",주식회사 코레카,장갑전체,내유장갑,모바일,101,0,0,0,1.3,0,0,0,0
"파워링크",주식회사 코레카,장갑전체,내화학장갑,PC,258,3,"1,236","3,707",5.3,0,0,0,0
"파워링크",주식회사 코레카,장갑전체,내화학장갑,모바일,98,1,"1,188","1,188",3.4,0,0,0,0
"파워링크",주식회사 코레카,장갑전체,네오프렌장갑,PC,78,1,"1,177","1,177",2.2,0,0,0,0
"파워링크",주식회사 코레카,장갑전체,네오프렌장갑,모바일,198,1,"1,254","1,254",1.4,0,0,0,0
"파워링크",주식회사 코레카,장갑전체,노가다장갑,PC,40,0,0,0,1.1,0,0,0,0
"파워링크",주식회사 코레카,장갑전체,노가다장갑,모바일,123,0,0,0,1,0,0,0,0
"파워링크",주식회사 코레카,장갑전체,노벡스절연장갑,PC,146,3,"1,001","3,003",4.4,0,0,0,0
"파워링크",주식회사 코레카,장갑전체,노벡스절연장갑,모바일,78,1,748,748,1,0,0,0,0
"파워링크",주식회사 코레카,장갑전체,논슬립장갑,PC,45,0,0,0,1.6,0,0,0,0
"파워링크",주식회사 코레카,장갑전체,논슬립장갑,모바일,186,2,682,"1,364",2.1,0,0,0,0
"파워링크",주식회사 코레카,장갑전체,등산장갑,PC,"1,775",1,"1,397","1,397",4.7,0,0,0,0
"파워링크",주식회사 코레카,장갑전체,등산장갑,모바일,"7,526",32,"1,033","33,066",3.1,0,0,0,0
"파워링크",주식회사 코레카,장갑전체,면장갑,PC,"1,627",2,"1,507","3,014",7.7,0,0,0,0
"파워링크",주식회사 코레카,장갑전체,면장갑,모바일,"3,263",3,"1,529","4,587",3.5,0,0,0,0
"파워링크",주식회사 코레카,장갑전체,물류장갑,PC,13,0,0,0,2.1,0,0,0,0
"파워링크",주식회사 코레카,장갑전체,물류장갑,모바일,37,0,0,0,1,0,0,0,0
"파워링크",주식회사 코레카,장갑전체,미끄럼방지장갑,PC,154,1,"1,199","1,199",1.9,0,0,0,0
"파워링크",주식회사 코레카,장갑전체,미끄럼방지장갑,모바일,654,3,"1,045","3,135",1.6,0,0,0,0
"파워링크",주식회사 코레카,장갑전체,미용장갑,PC,78,1,"1,408","1,408",2.7,0,0,0,0
"파워링크",주식회사 코레카,장갑전체,미용장갑,모바일,700,6,"1,245","7,469",1.6,0,0,0,0
"파워링크",주식회사 코레카,장갑전체,반코팅장갑,PC,"2,115",3,"1,837","5,511",7.7,0,0,0,0
"파워링크",주식회사 코레카,장갑전체,반코팅장갑,모바일,"3,631",25,"1,829","45,716",3,0,0,0,0
"파워링크",주식회사 코레카,장갑전체,방검장갑,PC,200,2,"1,062","2,123",1.2,0,0,0,0
"파워링크",주식회사 코레카,장갑전체,방검장갑,모바일,711,5,788,"3,938",1,0,0,0,0
"파워링크",주식회사 코레카,장갑전체,방수방한장갑,PC,309,1,"1,243","1,243",3.2,0,0,0,0
"파워링크",주식회사 코레카,장갑전체,방수방한장갑,모바일,949,11,826,"9,086",2.9,0,0,0,0
"파워링크",주식회사 코레카,장갑전체,방수장갑,PC,706,1,825,825,4.3,0,0,0,0
"파워링크",주식회사 코레카,장갑전체,방수장갑,모바일,"4,080",8,791,"6,325",3.1,0,0,0,0
"파워링크",주식회사 코레카,장갑전체,방염장갑,PC,169,0,0,0,4.1,0,0,0,0
"파워링크",주식회사 코레카,장갑전체,방염장갑,모바일,275,1,913,913,2.1,0,0,0,0
"파워링크",주식회사 코레카,장갑전체,방한방수장갑,PC,872,2,"1,172","2,343",3.2,0,0,0,0
"파워링크",주식회사 코레카,장갑전체,방한방수장갑,모바일,"4,813",19,966,"18,359",2,0,0,0,0
"파워링크",주식회사 코레카,장갑전체,방한작업장갑,PC,358,2,"1,232","2,464",2.3,0,0,0,0
"파워링크",주식회사 코레카,장갑전체,방한작업장갑,모바일,"1,427",12,"1,086","13,035",2.5,0,0,0,0
"파워링크",주식회사 코레카,장갑전체,방한장갑,PC,"6,892",6,"1,364","8,184",9.5,0,0,0,0
"파워링크",주식회사 코레카,장갑전체,방한장갑,모바일,"12,341",14,"1,328","18,590",4.1,0,0,0,0
"파워링크",주식회사 코레카,장갑전체,베임방지장갑,PC,410,1,"1,452","1,452",3.3,0,0,0,0
"파워링크",주식회사 코레카,장갑전체,베임방지장갑,모바일,819,4,"1,185","4,741",1,0,0,0,0
"파워링크",주식회사 코레카,장갑전체,베임장갑,PC,33,0,0,0,1.1,0,0,0,0
"파워링크",주식회사 코레카,장갑전체,베임장갑,모바일,36,0,0,0,1,0,0,0,0
"파워링크",주식회사 코레카,장갑전체,보온장갑,PC,373,1,"1,221","1,221",4.2,0,0,0,0
"파워링크",주식회사 코레카,장갑전체,보온장갑,모바일,"1,133",16,"1,284","20,548",2.3,0,0,0,0
"파워링크",주식회사 코레카,장갑전체,보호장갑,PC,110,0,0,0,3.4,0,0,0,0
"파워링크",주식회사 코레카,장갑전체,보호장갑,모바일,154,1,"1,177","1,177",2.4,0,0,0,0
"파워링크",주식회사 코레카,장갑전체,산업안전장갑,PC,4,0,0,0,3,0,0,0,0
"파워링크",주식회사 코레카,장갑전체,산업안전장갑,모바일,10,0,0,0,1,0,0,0,0
"파워링크",주식회사 코레카,장갑전체,산업용고무장갑,PC,69,1,"1,034","1,034",2.4,0,0,0,0
"파워링크",주식회사 코레카,장갑전체,산업용고무장갑,모바일,129,5,"1,032","5,159",1.4,0,0,0,0
"파워링크",주식회사 코레카,장갑전체,산업용장갑,PC,69,0,0,0,4.8,0,0,0,0
"파워링크",주식회사 코레카,장갑전체,산업용장갑,모바일,115,2,"1,524","3,047",1.5,0,0,0,0
"파워링크",주식회사 코레카,장갑전체,산업장갑,PC,7,0,0,0,1,0,0,0,0
"파워링크",주식회사 코레카,장갑전체,산업장갑,모바일,6,0,0,0,1,0,0,0,0
"파워링크",주식회사 코레카,장갑전체,속장갑,PC,431,1,"1,177","1,177",3.2,0,0,0,0
"파워링크",주식회사 코레카,장갑전체,속장갑,모바일,"1,407",5,"1,115","5,577",2,0,0,0,0
"파워링크",주식회사 코레카,장갑전체,손베임방지장갑,PC,155,2,946,"1,892",3.6,0,0,0,0
"파워링크",주식회사 코레카,장갑전체,손베임방지장갑,모바일,255,6,842,"5,049",1.2,0,0,0,0
"파워링크",주식회사 코레카,장갑전체,손보호장갑,PC,38,0,0,0,1.4,0,0,0,0
"파워링크",주식회사 코레카,장갑전체,손보호장갑,모바일,182,0,0,0,1.5,0,0,0,0
"파워링크",주식회사 코레카,장갑전체,쇠그물장갑,PC,11,0,0,0,6.5,0,0,0,0
"파워링크",주식회사 코레카,장갑전체,쇠그물장갑,모바일,34,0,0,0,2.3,0,0,0,0
"파워링크",주식회사 코레카,장갑전체,스마트폰터치장갑,PC,"3,648",0,0,0,4.5,0,0,0,0
"파워링크",주식회사 코레카,장갑전체,스마트폰터치장갑,모바일,"40,750",7,"1,535","10,747",4.4,0,0,0,0
"파워링크",주식회사 코레카,장갑전체,안셀장갑,PC,63,1,"1,518","1,518",3.6,0,0,0,0
"파워링크",주식회사 코레카,장갑전체,안셀장갑,모바일,61,0,0,0,2.2,0,0,0,0
"파워링크",주식회사 코레카,장갑전체,안전용품,PC,439,6,"1,437","8,624",10.4,0,0,0,0
"파워링크",주식회사 코레카,장갑전체,안전용품,모바일,525,2,"1,447","2,893",4.7,0,0,0,0
"파워링크",주식회사 코레카,장갑전체,안전장갑,PC,796,5,"2,605","13,024",4.9,0,0,0,0
"파워링크",주식회사 코레카,장갑전체,안전장갑,모바일,"1,556",25,"1,829","45,727",1.6,0,0,0,0
"파워링크",주식회사 코레카,장갑전체,알곤용접장갑,PC,358,1,"1,133","1,133",2.5,0,0,0,0
"파워링크",주식회사 코레카,장갑전체,알곤용접장갑,모바일,"3,437",3,"1,063","3,190",1.8,0,0,0,0
"파워링크",주식회사 코레카,장갑전체,알곤장갑,PC,274,1,"2,057","2,057",3.8,0,0,0,0
"파워링크",주식회사 코레카,장갑전체,알곤장갑,모바일,523,9,"1,679","15,114",1.7,0,0,0,0
"파워링크",주식회사 코레카,장갑전체,얇은면장갑,PC,64,0,0,0,3,0,0,0,0
"파워링크",주식회사 코레카,장갑전체,얇은면장갑,모바일,691,1,649,649,2,0,0,0,0
"파워링크",주식회사 코레카,장갑전체,얇은장갑,PC,164,0,0,0,1.9,0,0,0,0
"파워링크",주식회사 코레카,장갑전체,얇은장갑,모바일,625,4,"1,075","4,301",1.3,0,0,0,0
"파워링크",주식회사 코레카,장갑전체,어린이고무장갑,PC,49,0,0,0,2.6,0,0,0,0
"파워링크",주식회사 코레카,장갑전체,어린이고무장갑,모바일,250,0,0,0,1.9,0,0,0,0
"파워링크",주식회사 코레카,장갑전체,어업용장갑,PC,7,0,0,0,2.9,0,0,0,0
"파워링크",주식회사 코레카,장갑전체,어업용장갑,모바일,50,0,0,0,1.7,0,0,0,0
"파워링크",주식회사 코레카,장갑전체,여름작업장갑,PC,3,0,0,0,3.7,0,0,0,0
"파워링크",주식회사 코레카,장갑전체,여름작업장갑,모바일,12,1,418,418,1.3,0,0,0,0
"파워링크",주식회사 코레카,장갑전체,열장갑,PC,62,2,"1,161","2,321",1.3,0,0,0,0
"파워링크",주식회사 코레카,장갑전체,열장갑,모바일,370,18,"1,066","19,184",1.3,0,0,0,0
"파워링크",주식회사 코레카,장갑전체,예식장갑,PC,238,1,"1,342","1,342",3.7,0,0,0,0
"파워링크",주식회사 코레카,장갑전체,예식장갑,모바일,449,2,"1,078","2,156",2.4,0,0,0,0
"파워링크",주식회사 코레카,장갑전체,완전코팅장갑,PC,212,1,902,902,3.5,0,0,0,0
"파워링크",주식회사 코레카,장갑전체,완전코팅장갑,모바일,466,8,807,"6,457",1.1,0,0,0,0
"파워링크",주식회사 코레카,장갑전체,완코팅장갑,PC,128,0,0,0,2.9,0,0,0,0
"파워링크",주식회사 코레카,장갑전체,완코팅장갑,모바일,124,1,979,979,2.5,0,0,0,0
"파워링크",주식회사 코레카,장갑전체,용접용장갑,PC,39,1,"1,144","1,144",3.7,0,0,0,0
"파워링크",주식회사 코레카,장갑전체,용접용장갑,모바일,41,3,898,"2,695",2.3,0,0,0,0
"파워링크",주식회사 코레카,장갑전체,용접장갑,PC,"1,037",2,"1,584","3,168",3.3,0,0,0,0
"파워링크",주식회사 코레카,장갑전체,용접장갑,모바일,"2,851",28,"1,019","28,534",1.3,0,0,0,0
"파워링크",주식회사 코레카,장갑전체,원예장갑,PC,40,0,0,0,1.3,0,0,0,0
"파워링크",주식회사 코레카,장갑전체,원예장갑,모바일,66,0,0,0,1.3,0,0,0,0
"파워링크",주식회사 코레카,장갑전체,이중코팅장갑,PC,222,0,0,0,4.1,0,0,0,0
"파워링크",주식회사 코레카,장갑전체,이중코팅장갑,모바일,768,9,"1,376","12,386",1.5,0,0,0,0
"파워링크",주식회사 코레카,장갑전체,작업방한장갑,PC,20,0,0,0,2.2,0,0,0,0
"파워링크",주식회사 코레카,장갑전체,작업방한장갑,모바일,28,0,0,0,1.9,0,0,0,0
"파워링크",주식회사 코레카,장갑전체,작업용가죽장갑,PC,63,3,"1,111","3,333",1.1,0,0,0,0
"파워링크",주식회사 코레카,장갑전체,작업용가죽장갑,모바일,210,7,823,"5,764",1.1,0,0,0,0
"파워링크",주식회사 코레카,장갑전체,작업용고무장갑,PC,34,0,0,0,2,0,0,0,0
"파워링크",주식회사 코레카,장갑전체,작업용고무장갑,모바일,126,15,935,"14,025",1.2,0,0,0,0
"파워링크",주식회사 코레카,장갑전체,작업용방한장갑,PC,226,1,"1,474","1,474",4.1,0,0,0,0
"파워링크",주식회사 코레카,장갑전체,작업용방한장갑,모바일,707,16,"1,020","16,313",2.1,0,0,0,0
"파워링크",주식회사 코레카,장갑전체,작업용장갑,PC,558,1,"1,210","1,210",8.5,0,0,0,0
"파워링크",주식회사 코레카,장갑전체,작업용장갑,모바일,"2,057",2,"1,238","2,475",2.6,0,0,0,0
"파워링크",주식회사 코레카,장갑전체,작업용코팅장갑,PC,32,0,0,0,2.7,0,0,0,0
"파워링크",주식회사 코레카,장갑전체,작업용코팅장갑,모바일,82,3,"1,111","3,333",1.3,0,0,0,0
"파워링크",주식회사 코레카,장갑전체,작업장갑,PC,"1,371",2,"1,958","3,916",8.1,0,0,0,0
"파워링크",주식회사 코레카,장갑전체,작업장갑,모바일,"4,003",23,"1,867","42,944",3.5,0,0,0,0
"파워링크",주식회사 코레카,장갑전체,장갑,PC,"14,551",8,"2,558","20,460",4.8,0,0,0,0
"파워링크",주식회사 코레카,장갑전체,장갑,모바일,"85,252",62,"1,732","107,404",3.3,0,0,0,0
"파워링크",주식회사 코레카,장갑전체,장갑공장,PC,81,5,807,"4,037",2.9,0,0,0,0
"파워링크",주식회사 코레카,장갑전체,장갑공장,모바일,185,10,700,"6,996",1,0,0,0,0
"파워링크",주식회사 코레카,장갑전체,장갑몰,PC,15,1,341,341,2.1,0,0,0,0
"파워링크",주식회사 코레카,장갑전체,장갑몰,모바일,15,0,0,0,1.9,0,0,0,0
"파워링크",주식회사 코레카,장갑전체,장갑브랜드,PC,674,1,"1,342","1,342",4.7,0,0,0,0
"파워링크",주식회사 코레카,장갑전체,장갑브랜드,모바일,"4,396",11,"1,026","11,286",3,0,0,0,0
"파워링크",주식회사 코레카,장갑전체,장갑사이트,PC,2,0,0,0,5.5,0,0,0,0
"파워링크",주식회사 코레카,장갑전체,장갑사이트,모바일,5,0,0,0,1.2,0,0,0,0
"파워링크",주식회사 코레카,장갑전체,장갑소매,PC,1,0,0,0,3,0,0,0,0
"파워링크",주식회사 코레카,장갑전체,장갑소매,모바일,2,0,0,0,1,0,0,0,0
"파워링크",주식회사 코레카,장갑전체,장갑쇼핑몰,PC,16,1,"1,298","1,298",2.1,0,0,0,0
"파워링크",주식회사 코레카,장갑전체,장갑쇼핑몰,모바일,15,0,0,0,1,0,0,0,0
"파워링크",주식회사 코레카,장갑전체,장갑업체,PC,12,0,0,0,3.1,0,0,0,0
"파워링크",주식회사 코레카,장갑전체,장갑업체,모바일,3,0,0,0,1.7,0,0,0,0
"파워링크",주식회사 코레카,장갑전체,장갑유통,PC,1,0,0,0,1,0,0,0,0
"파워링크",주식회사 코레카,장갑전체,장갑인쇄,PC,26,0,0,0,4.2,0,0,0,0
"파워링크",주식회사 코레카,장갑전체,장갑인쇄,모바일,43,0,0,0,1.1,0,0,0,0
"파워링크",주식회사 코레카,장갑전체,장갑전문,PC,2,0,0,0,2.5,0,0,0,0
"파워링크",주식회사 코레카,장갑전체,장갑전문,모바일,2,0,0,0,1.5,0,0,0,0
"파워링크",주식회사 코레카,장갑전체,장갑제작,PC,70,2,"1,672","3,344",3.5,0,0,0,0
"파워링크",주식회사 코레카,장갑전체,장갑제작,모바일,190,5,"1,547","7,733",1.3,0,0,0,0
"파워링크",주식회사 코레카,장갑전체,장갑종류,PC,101,2,660,"1,320",2,0,0,0,0
"파워링크",주식회사 코레카,장갑전체,장갑종류,모바일,408,7,393,"2,750",1.6,0,0,0,0
"파워링크",주식회사 코레카,장갑전체,장갑창업,PC,1,0,0,0,1,0,0,0,0
"파워링크",주식회사 코레카,장갑전체,장갑회사,PC,5,0,0,0,1.6,0,0,0,0
"파워링크",주식회사 코레카,장갑전체,장갑회사,모바일,4,0,0,0,1,0,0,0,0
"파워링크",주식회사 코레카,장갑전체,전기장갑,PC,200,1,"1,364","1,364",2,0,0,0,0
"파워링크",주식회사 코레카,장갑전체,전기장갑,모바일,728,16,939,"15,026",1.7,0,0,0,0
"파워링크",주식회사 코레카,장갑전체,전술장갑,PC,220,1,484,484,1,0,0,0,0
"파워링크",주식회사 코레카,장갑전체,전술장갑,모바일,"1,003",8,345,"2,761",2,0,0,0,0
"파워링크",주식회사 코레카,장갑전체,절단방지장갑,PC,109,0,0,0,5.8,0,0,0,0
"파워링크",주식회사 코레카,장갑전체,절단방지장갑,모바일,245,5,"1,181","5,907",2.1,0,0,0,0
"파워링크",주식회사 코레카,장갑전체,절연장갑,PC,270,0,0,0,5.6,0,0,0,0
"파워링크",주식회사 코레카,장갑전체,절연장갑,모바일,608,3,"1,137","3,410",3,0,0,0,0
"파워링크",주식회사 코레카,장갑전체,점박이장갑,PC,35,0,0,0,2.2,0,0,0,0
"파워링크",주식회사 코레카,장갑전체,점박이장갑,모바일,94,1,528,528,1,0,0,0,0
"파워링크",주식회사 코레카,장갑전체,정전기방지장갑,PC,423,2,677,"1,353",5.3,0,0,0,0
"파워링크",주식회사 코레카,장갑전체,정전기방지장갑,모바일,"1,171",15,642,"9,625",2.9,0,0,0,0
"파워링크",주식회사 코레카,장갑전체,제전장갑,PC,330,3,"1,723","5,170",3.5,0,0,0,0
"파워링크",주식회사 코레카,장갑전체,제전장갑,모바일,400,5,"1,478","7,392",2.5,0,0,0,0
"파워링크",주식회사 코레카,장갑전체,조립장갑,PC,2,0,0,0,1,0,0,0,0
"파워링크",주식회사 코레카,장갑전체,조립장갑,모바일,11,0,0,0,1,0,0,0,0
"파워링크",주식회사 코레카,장갑전체,진동방지장갑,PC,214,1,"1,276","1,276",3.6,0,0,0,0
"파워링크",주식회사 코레카,장갑전체,진동방지장갑,모바일,249,0,0,0,2.3,0,0,0,0
"파워링크",주식회사 코레카,장갑전체,찔림방지장갑,PC,33,1,"1,144","1,144",3.5,0,0,0,0
"파워링크",주식회사 코레카,장갑전체,찔림방지장갑,모바일,43,1,814,814,2.6,0,0,0,0
"파워링크",주식회사 코레카,장갑전체,철장갑,PC,122,1,924,924,4.9,0,0,0,0
"파워링크",주식회사 코레카,장갑전체,철장갑,모바일,276,3,"1,060","3,179",2.8,0,0,0,0
"파워링크",주식회사 코레카,장갑전체,충격방지장갑,PC,93,1,682,682,3.1,0,0,0,0
"파워링크",주식회사 코레카,장갑전체,충격방지장갑,모바일,99,2,704,"1,408",2.2,0,0,0,0
"파워링크",주식회사 코레카,장갑전체,캠핑용장갑,PC,39,1,759,759,2,0,0,0,0
"파워링크",주식회사 코레카,장갑전체,캠핑용장갑,모바일,85,0,0,0,1.5,0,0,0,0
"파워링크",주식회사 코레카,장갑전체,케블라장갑,PC,142,1,"1,386","1,386",3.6,0,0,0,0
"파워링크",주식회사 코레카,장갑전체,케블라장갑,모바일,326,2,"1,260","2,519",1.3,0,0,0,0
"파워링크",주식회사 코레카,장갑전체,코레카,PC,"1,267",239,332,"79,343",2,0,0,0,0
"파워링크",주식회사 코레카,장갑전체,코레카,모바일,767,50,361,"18,051",3.2,0,0,0,0
"파워링크",주식회사 코레카,장갑전체,코레카산업,PC,32,0,0,0,1.6,0,0,0,0
"파워링크",주식회사 코레카,장갑전체,코레카산업,모바일,11,0,0,0,2.6,0,0,0,0
"파워링크",주식회사 코레카,장갑전체,코팅작업장갑,PC,24,0,0,0,1,0,0,0,0
"파워링크",주식회사 코레카,장갑전체,코팅작업장갑,모바일,42,2,743,"1,485",1,0,0,0,0
"파워링크",주식회사 코레카,장갑전체,코팅장갑,PC,"2,236",7,"2,065","14,454",7.4,0,0,0,0
"파워링크",주식회사 코레카,장갑전체,코팅장갑,모바일,"3,827",29,"1,902","55,165",3.3,0,0,0,0
"파워링크",주식회사 코레카,장갑전체,타격방지장갑,PC,61,3,"1,221","3,663",1.3,0,0,0,0
"파워링크",주식회사 코레카,장갑전체,타격방지장갑,모바일,73,2,759,"1,518",1,0,0,0,0
"파워링크",주식회사 코레카,장갑전체,터치장갑,PC,475,0,0,0,5,0,0,0,0
"파워링크",주식회사 코레카,장갑전체,터치장갑,모바일,"1,320",2,"1,573","3,146",2.8,0,0,0,0
"파워링크",주식회사 코레카,장갑전체,특수장갑,PC,40,0,0,0,4.5,0,0,0,0
"파워링크",주식회사 코레카,장갑전체,특수장갑,모바일,101,5,768,"3,839",1.5,0,0,0,0
"파워링크",주식회사 코레카,장갑전체,티그장갑,PC,60,0,0,0,4.8,0,0,0,0
"파워링크",주식회사 코레카,장갑전체,티그장갑,모바일,192,5,975,"4,873",1.6,0,0,0,0
"파워링크",주식회사 코레카,장갑전체,혹한기장갑,PC,91,0,0,0,3.3,0,0,0,0
"파워링크",주식회사 코레카,장갑전체,혹한기장갑,모바일,90,3,704,"2,112",2.4,0,0,0,0
"쇼핑검색",주력 쇼핑광고,03. 장갑,-,PC,"36,018",508,942,"478,423",4.7,1.44,35.1,34,"1,695,900"
"쇼핑검색",주력 쇼핑광고,03. 장갑,-,모바일,"78,341","1,342",857,"1,150,710",5.7,1.28,8.83,71,"2,200,750"
"쇼핑검색",주력 쇼핑광고,방한장갑,-,PC,"8,879",138,925,"127,611",4.9,1.48,28.76,8,"208,400"
"쇼핑검색",주력 쇼핑광고,방한장갑,-,모바일,"18,167",397,910,"361,207",5.7,1.27,9.52,16,"297,000"
"파워컨텐츠",파워컨텐츠#1,크린스킨 니트릴,-,모바일,50,0,0,0,1,0,0,0,0
"파워컨텐츠",파워컨텐츠#1,크린스킨 니트릴,니트릴고무장갑,PC,123,0,0,0,1,0,0,0,0
"파워컨텐츠",파워컨텐츠#1,크린스킨 니트릴,니트릴고무장갑,모바일,"1,019",0,0,0,1,0,0,0,0
"파워컨텐츠",파워컨텐츠#1,크린스킨 니트릴,니트릴장갑,PC,"1,533",2,77,154,1,0,0,0,0
"파워컨텐츠",파워컨텐츠#1,크린스킨 니트릴,니트릴장갑,모바일,"7,677",8,77,616,1,0,0,0,0
"파워컨텐츠",파워컨텐츠#1,크린스킨 니트릴,라텍스장갑,PC,"1,107",2,77,154,1,0,0,0,0
"파워컨텐츠",파워컨텐츠#1,크린스킨 니트릴,라텍스장갑,모바일,"4,386",2,77,154,1,0,0,0,0
"파워컨텐츠",파워컨텐츠#1,크린스킨 니트릴,요리장갑,PC,78,0,0,0,1,0,0,0,0
"파워컨텐츠",파워컨텐츠#1,크린스킨 니트릴,요리장갑,모바일,459,5,77,385,1,0,0,0,0
"파워컨텐츠",파워컨텐츠#1,크린스킨 니트릴,위생장갑,PC,284,1,77,77,1,0,0,0,0
"파워컨텐츠",파워컨텐츠#1,크린스킨 니트릴,위생장갑,모바일,927,2,77,154,1,0,0,0,0
"플레이스",플레이스#1,플레이스#1_광고그룹#1,-,PC,249,8,595,"4,763",1,0,0,0,0
"플레이스",플레이스#1,플레이스#1_광고그룹#1,-,모바일,413,12,652,"7,821",1.3,0,0,0,0
